address	size	name	signature	thunk	external	noreturn
180001010	122	_tlgEnableCallback	undefined __fastcall _tlgEnableCallback(undefined8 param_1, int param_2, byte param_3, undefined8 param_4, undefined8 param_5, undefined8 param_6, int * param_7)	false	false	false
180001090	179	_tlgWriteTransfer_EventWriteTransfer	undefined __fastcall _tlgWriteTransfer_EventWriteTransfer(longlong param_1, byte * param_2, LPCGUID param_3, LPCGUID param_4, ULONG param_5, PEVENT_DATA_DESCRIPTOR param_6)	false	false	false
18000114c	683	_tlgWriteTemplate<long___cdecl(struct__tlgProvider_t_const*___ptr64,void_const*___ptr64,struct__GUID_const*___ptr64,struct__GUID_const*___ptr64,unsigned_int,struct__EVENT_DATA_DESCRIPTOR*___ptr64),&long___cdecl__tlgWriteTransfer_EventWriteTransfer(struct__tlgProvider_t_const*___ptr64,void_const*___ptr64,struct__GUID_const*___ptr64,struct__GUID_const*___ptr64,unsigned_int,struct__EVENT_DATA_DESCRIPTOR*___ptr64),struct__GUID_const*___ptr64,struct__GUID_const*___ptr64>::Write<struct__tlgWrapperByVal<8>,struct__tlgWrapperByVal<8>,struct__tlgWrapperByVal<4>,struct__tlgWrapSz<char>,struct__tlgWrapperByVal<4>,struct__tlgWrapSz<char>,struct__tlgWrapperByVal<4>,struct__tlgWrapSz<wchar_t>,struct__tlgWrapperByVal<4>,struct__tlgWrapSz<char>,struct__tlgWrapperByVal<4>,struct__tlgWrapSz<char>,struct__tlgWrapSz<wchar_t>,struct__tlgWrapperByVal<4>,struct__tlgWrapSz<char>,struct__tlgWrapSz<wchar_t>_>	long __cdecl Write<struct__tlgWrapperByVal<8>,struct__tlgWrapperByVal<8>,struct__tlgWrapperByVal<4>,struct__tlgWrapSz<char>,struct__tlgWrapperByVal<4>,struct__tlgWrapSz<char>,struct__tlgWrapperByVal<4>,struct__tlgWrapSz<wchar_t>,struct__tlgWrapperByVal<4>,struct__tlgWrapSz<char>,struct__tlgWrapperByVal<4>,struct__tlgWrapSz<char>,struct__tlgWrapSz<wchar_t>,struct__tlgWrapperByVal<4>,struct__tlgWrapSz<char>,struct__tlgWrapSz<wchar_t>_>(_tlgProvider_t * param_1, void * param_2, _GUID * param_3, _GUID * param_4, _tlgWrapperByVal<8> * param_5, _tlgWrapperByVal<8> * param_6, _tlgWrapperByVal<4> * param_7, _tlgWrapSz<char> * param_8, _tlgWrapperByVal<4> * param_9, _tlgWrapSz<char> * param_10, _tlgWrapperByVal<4> * param_11, _tlgWrapSz<wchar_t> * param_12, _tlgWrapperByVal<4> * param_13, _tlgWrapSz<char> * param_14, _tlgWrapperByVal<4> * param_15, _tlgWrapSz<char> * param_16, _tlgWrapSz<wchar_t> * param_17, _tlgWrapperByVal<4> * param_18, _tlgWrapSz<char> * param_19, _tlgWrapSz<wchar_t> * param_20)	false	false	false
180001400	752	_tlgWriteTemplate<long___cdecl(struct__tlgProvider_t_const*___ptr64,void_const*___ptr64,struct__GUID_const*___ptr64,struct__GUID_const*___ptr64,unsigned_int,struct__EVENT_DATA_DESCRIPTOR*___ptr64),&long___cdecl__tlgWriteTransfer_EventWriteTransfer(struct__tlgProvider_t_const*___ptr64,void_const*___ptr64,struct__GUID_const*___ptr64,struct__GUID_const*___ptr64,unsigned_int,struct__EVENT_DATA_DESCRIPTOR*___ptr64),struct__GUID_const*___ptr64,struct__GUID_const*___ptr64>::Write<struct__tlgWrapperByVal<8>,struct__tlgWrapperByVal<4>,struct__tlgWrapSz<char>,struct__tlgWrapperByVal<4>,struct__tlgWrapSz<char>,struct__tlgWrapperByVal<4>,struct__tlgWrapSz<wchar_t>,struct__tlgWrapperByVal<4>,struct__tlgWrapSz<char>,struct__tlgWrapperByVal<4>,struct__tlgWrapSz<char>,struct__tlgWrapSz<wchar_t>,struct__tlgWrapperByVal<4>,struct__tlgWrapSz<char>,struct__tlgWrapSz<wchar_t>,struct__tlgWrapperByVal<4>,struct__tlgWrapperByVal<4>,struct__tlgWrapSz<char>_>	long __cdecl Write<struct__tlgWrapperByVal<8>,struct__tlgWrapperByVal<4>,struct__tlgWrapSz<char>,struct__tlgWrapperByVal<4>,struct__tlgWrapSz<char>,struct__tlgWrapperByVal<4>,struct__tlgWrapSz<wchar_t>,struct__tlgWrapperByVal<4>,struct__tlgWrapSz<char>,struct__tlgWrapperByVal<4>,struct__tlgWrapSz<char>,struct__tlgWrapSz<wchar_t>,struct__tlgWrapperByVal<4>,struct__tlgWrapSz<char>,struct__tlgWrapSz<wchar_t>,struct__tlgWrapperByVal<4>,struct__tlgWrapperByVal<4>,struct__tlgWrapSz<char>_>(_tlgProvider_t * param_1, void * param_2, _GUID * param_3, _GUID * param_4, _tlgWrapperByVal<8> * param_5, _tlgWrapperByVal<4> * param_6, _tlgWrapSz<char> * param_7, _tlgWrapperByVal<4> * param_8, _tlgWrapSz<char> * param_9, _tlgWrapperByVal<4> * param_10, _tlgWrapSz<wchar_t> * param_11, _tlgWrapperByVal<4> * param_12, _tlgWrapSz<char> * param_13, _tlgWrapperByVal<4> * param_14, _tlgWrapSz<char> * param_15, _tlgWrapSz<wchar_t> * param_16, _tlgWrapperByVal<4> * param_17, _tlgWrapSz<char> * param_18, _tlgWrapSz<wchar_t> * param_19, _tlgWrapperByVal<4> * param_20, _tlgWrapperByVal<4> * param_21, _tlgWrapSz<char> * param_22)	false	false	false
1800016f8	779	_tlgWriteTemplate<long___cdecl(struct__tlgProvider_t_const*___ptr64,void_const*___ptr64,struct__GUID_const*___ptr64,struct__GUID_const*___ptr64,unsigned_int,struct__EVENT_DATA_DESCRIPTOR*___ptr64),&long___cdecl__tlgWriteTransfer_EventWriteTransfer(struct__tlgProvider_t_const*___ptr64,void_const*___ptr64,struct__GUID_const*___ptr64,struct__GUID_const*___ptr64,unsigned_int,struct__EVENT_DATA_DESCRIPTOR*___ptr64),struct__GUID_const*___ptr64,struct__GUID_const*___ptr64>::Write<struct__tlgWrapperByVal<8>,struct__tlgWrapperByVal<8>,struct__tlgWrapperByVal<4>,struct__tlgWrapSz<char>,struct__tlgWrapperByVal<4>,struct__tlgWrapSz<char>,struct__tlgWrapperByVal<4>,struct__tlgWrapSz<wchar_t>,struct__tlgWrapperByVal<4>,struct__tlgWrapSz<char>,struct__tlgWrapperByVal<4>,struct__tlgWrapSz<char>,struct__tlgWrapSz<wchar_t>,struct__tlgWrapperByVal<4>,struct__tlgWrapSz<char>,struct__tlgWrapSz<wchar_t>,struct__tlgWrapperByVal<4>,struct__tlgWrapperByVal<4>,struct__tlgWrapSz<char>_>	long __cdecl Write<struct__tlgWrapperByVal<8>,struct__tlgWrapperByVal<8>,struct__tlgWrapperByVal<4>,struct__tlgWrapSz<char>,struct__tlgWrapperByVal<4>,struct__tlgWrapSz<char>,struct__tlgWrapperByVal<4>,struct__tlgWrapSz<wchar_t>,struct__tlgWrapperByVal<4>,struct__tlgWrapSz<char>,struct__tlgWrapperByVal<4>,struct__tlgWrapSz<char>,struct__tlgWrapSz<wchar_t>,struct__tlgWrapperByVal<4>,struct__tlgWrapSz<char>,struct__tlgWrapSz<wchar_t>,struct__tlgWrapperByVal<4>,struct__tlgWrapperByVal<4>,struct__tlgWrapSz<char>_>(_tlgProvider_t * param_1, void * param_2, _GUID * param_3, _GUID * param_4, _tlgWrapperByVal<8> * param_5, _tlgWrapperByVal<8> * param_6, _tlgWrapperByVal<4> * param_7, _tlgWrapSz<char> * param_8, _tlgWrapperByVal<4> * param_9, _tlgWrapSz<char> * param_10, _tlgWrapperByVal<4> * param_11, _tlgWrapSz<wchar_t> * param_12, _tlgWrapperByVal<4> * param_13, _tlgWrapSz<char> * param_14, _tlgWrapperByVal<4> * param_15, _tlgWrapSz<char> * param_16, _tlgWrapSz<wchar_t> * param_17, _tlgWrapperByVal<4> * param_18, _tlgWrapSz<char> * param_19, _tlgWrapSz<wchar_t> * param_20, _tlgWrapperByVal<4> * param_21, _tlgWrapperByVal<4> * param_22, _tlgWrapSz<char> * param_23)	false	false	false
180001a0c	133	_tlgWriteTemplate<long___cdecl(struct__tlgProvider_t_const*___ptr64,void_const*___ptr64,struct__GUID_const*___ptr64,struct__GUID_const*___ptr64,unsigned_int,struct__EVENT_DATA_DESCRIPTOR*___ptr64),&long___cdecl__tlgWriteTransfer_EventWriteTransfer(struct__tlgProvider_t_const*___ptr64,void_const*___ptr64,struct__GUID_const*___ptr64,struct__GUID_const*___ptr64,unsigned_int,struct__EVENT_DATA_DESCRIPTOR*___ptr64),struct__GUID_const*___ptr64,struct__GUID_const*___ptr64>::Write<struct__tlgWrapperByVal<8>,struct__tlgWrapperByVal<4>,struct__tlgWrapperByVal<4>_>	long __cdecl Write<struct__tlgWrapperByVal<8>,struct__tlgWrapperByVal<4>,struct__tlgWrapperByVal<4>_>(_tlgProvider_t * param_1, void * param_2, _GUID * param_3, _GUID * param_4, _tlgWrapperByVal<8> * param_5, _tlgWrapperByVal<4> * param_6, _tlgWrapperByVal<4> * param_7)	false	false	false
180001a98	142	_tlgWriteTemplate<long___cdecl(struct__tlgProvider_t_const*___ptr64,void_const*___ptr64,struct__GUID_const*___ptr64,struct__GUID_const*___ptr64,unsigned_int,struct__EVENT_DATA_DESCRIPTOR*___ptr64),&long___cdecl__tlgWriteTransfer_EventWriteTransfer(struct__tlgProvider_t_const*___ptr64,void_const*___ptr64,struct__GUID_const*___ptr64,struct__GUID_const*___ptr64,unsigned_int,struct__EVENT_DATA_DESCRIPTOR*___ptr64),struct__GUID_const*___ptr64,struct__GUID_const*___ptr64>::Write<struct__tlgWrapperByVal<8>,struct__tlgWrapperByVal<4>,struct__tlgWrapperByRef<16>_>	long __cdecl Write<struct__tlgWrapperByVal<8>,struct__tlgWrapperByVal<4>,struct__tlgWrapperByRef<16>_>(_tlgProvider_t * param_1, void * param_2, _GUID * param_3, _GUID * param_4, _tlgWrapperByVal<8> * param_5, _tlgWrapperByVal<4> * param_6, _tlgWrapperByRef<16> * param_7)	false	false	false
180001b2c	802	_tlgWriteTemplate<long___cdecl(struct__tlgProvider_t_const*___ptr64,void_const*___ptr64,struct__GUID_const*___ptr64,struct__GUID_const*___ptr64,unsigned_int,struct__EVENT_DATA_DESCRIPTOR*___ptr64),&long___cdecl__tlgWriteTransfer_EventWriteTransfer(struct__tlgProvider_t_const*___ptr64,void_const*___ptr64,struct__GUID_const*___ptr64,struct__GUID_const*___ptr64,unsigned_int,struct__EVENT_DATA_DESCRIPTOR*___ptr64),struct__GUID_const*___ptr64,struct__GUID_const*___ptr64>::Write<struct__tlgWrapperByVal<8>,struct__tlgWrapperByVal<8>,struct__tlgWrapperByVal<4>,struct__tlgWrapSz<char>,struct__tlgWrapperByVal<4>,struct__tlgWrapSz<char>,struct__tlgWrapperByVal<4>,struct__tlgWrapSz<wchar_t>,struct__tlgWrapperByVal<4>,struct__tlgWrapSz<char>,struct__tlgWrapperByVal<4>,struct__tlgWrapSz<char>,struct__tlgWrapSz<wchar_t>,struct__tlgWrapperByVal<4>,struct__tlgWrapSz<char>,struct__tlgWrapSz<wchar_t>,struct__tlgWrapperByVal<4>,struct__tlgWrapperByVal<4>,struct__tlgWrapSz<char>,struct__tlgWrapperByVal<4>_>	long __cdecl Write<struct__tlgWrapperByVal<8>,struct__tlgWrapperByVal<8>,struct__tlgWrapperByVal<4>,struct__tlgWrapSz<char>,struct__tlgWrapperByVal<4>,struct__tlgWrapSz<char>,struct__tlgWrapperByVal<4>,struct__tlgWrapSz<wchar_t>,struct__tlgWrapperByVal<4>,struct__tlgWrapSz<char>,struct__tlgWrapperByVal<4>,struct__tlgWrapSz<char>,struct__tlgWrapSz<wchar_t>,struct__tlgWrapperByVal<4>,struct__tlgWrapSz<char>,struct__tlgWrapSz<wchar_t>,struct__tlgWrapperByVal<4>,struct__tlgWrapperByVal<4>,struct__tlgWrapSz<char>,struct__tlgWrapperByVal<4>_>(_tlgProvider_t * param_1, void * param_2, _GUID * param_3, _GUID * param_4, _tlgWrapperByVal<8> * param_5, _tlgWrapperByVal<8> * param_6, _tlgWrapperByVal<4> * param_7, _tlgWrapSz<char> * param_8, _tlgWrapperByVal<4> * param_9, _tlgWrapSz<char> * param_10, _tlgWrapperByVal<4> * param_11, _tlgWrapSz<wchar_t> * param_12, _tlgWrapperByVal<4> * param_13, _tlgWrapSz<char> * param_14, _tlgWrapperByVal<4> * param_15, _tlgWrapSz<char> * param_16, _tlgWrapSz<wchar_t> * param_17, _tlgWrapperByVal<4> * param_18, _tlgWrapSz<char> * param_19, _tlgWrapSz<wchar_t> * param_20, _tlgWrapperByVal<4> * param_21, _tlgWrapperByVal<4> * param_22, _tlgWrapSz<char> * param_23, _tlgWrapperByVal<4> * param_24)	false	false	false
180001e54	805	_tlgWriteTemplate<long___cdecl(struct__tlgProvider_t_const*___ptr64,void_const*___ptr64,struct__GUID_const*___ptr64,struct__GUID_const*___ptr64,unsigned_int,struct__EVENT_DATA_DESCRIPTOR*___ptr64),&long___cdecl__tlgWriteTransfer_EventWriteTransfer(struct__tlgProvider_t_const*___ptr64,void_const*___ptr64,struct__GUID_const*___ptr64,struct__GUID_const*___ptr64,unsigned_int,struct__EVENT_DATA_DESCRIPTOR*___ptr64),struct__GUID_const*___ptr64,struct__GUID_const*___ptr64>::Write<struct__tlgWrapperByVal<8>,struct__tlgWrapperByVal<8>,struct__tlgWrapperByVal<4>,struct__tlgWrapSz<char>,struct__tlgWrapperByVal<4>,struct__tlgWrapSz<char>,struct__tlgWrapperByVal<4>,struct__tlgWrapSz<wchar_t>,struct__tlgWrapperByVal<4>,struct__tlgWrapSz<char>,struct__tlgWrapperByVal<4>,struct__tlgWrapSz<char>,struct__tlgWrapSz<wchar_t>,struct__tlgWrapperByVal<4>,struct__tlgWrapSz<char>,struct__tlgWrapSz<wchar_t>,struct__tlgWrapperByVal<4>,struct__tlgWrapperByVal<4>,struct__tlgWrapSz<char>,struct__tlgWrapperByRef<16>_>	long __cdecl Write<struct__tlgWrapperByVal<8>,struct__tlgWrapperByVal<8>,struct__tlgWrapperByVal<4>,struct__tlgWrapSz<char>,struct__tlgWrapperByVal<4>,struct__tlgWrapSz<char>,struct__tlgWrapperByVal<4>,struct__tlgWrapSz<wchar_t>,struct__tlgWrapperByVal<4>,struct__tlgWrapSz<char>,struct__tlgWrapperByVal<4>,struct__tlgWrapSz<char>,struct__tlgWrapSz<wchar_t>,struct__tlgWrapperByVal<4>,struct__tlgWrapSz<char>,struct__tlgWrapSz<wchar_t>,struct__tlgWrapperByVal<4>,struct__tlgWrapperByVal<4>,struct__tlgWrapSz<char>,struct__tlgWrapperByRef<16>_>(_tlgProvider_t * param_1, void * param_2, _GUID * param_3, _GUID * param_4, _tlgWrapperByVal<8> * param_5, _tlgWrapperByVal<8> * param_6, _tlgWrapperByVal<4> * param_7, _tlgWrapSz<char> * param_8, _tlgWrapperByVal<4> * param_9, _tlgWrapSz<char> * param_10, _tlgWrapperByVal<4> * param_11, _tlgWrapSz<wchar_t> * param_12, _tlgWrapperByVal<4> * param_13, _tlgWrapSz<char> * param_14, _tlgWrapperByVal<4> * param_15, _tlgWrapSz<char> * param_16, _tlgWrapSz<wchar_t> * param_17, _tlgWrapperByVal<4> * param_18, _tlgWrapSz<char> * param_19, _tlgWrapSz<wchar_t> * param_20, _tlgWrapperByVal<4> * param_21, _tlgWrapperByVal<4> * param_22, _tlgWrapSz<char> * param_23, _tlgWrapperByRef<16> * param_24)	false	false	false
180002180	147	_tlgWriteTemplate<long___cdecl(struct__tlgProvider_t_const*___ptr64,void_const*___ptr64,struct__GUID_const*___ptr64,struct__GUID_const*___ptr64,unsigned_int,struct__EVENT_DATA_DESCRIPTOR*___ptr64),&long___cdecl__tlgWriteTransfer_EventWriteTransfer(struct__tlgProvider_t_const*___ptr64,void_const*___ptr64,struct__GUID_const*___ptr64,struct__GUID_const*___ptr64,unsigned_int,struct__EVENT_DATA_DESCRIPTOR*___ptr64),struct__GUID_const*___ptr64,struct__GUID_const*___ptr64>::Write<struct__tlgWrapperByVal<8>,struct__tlgWrapperByVal<4>,struct__tlgWrapperByVal<4>,struct__tlgWrapperByRef<16>_>	long __cdecl Write<struct__tlgWrapperByVal<8>,struct__tlgWrapperByVal<4>,struct__tlgWrapperByVal<4>,struct__tlgWrapperByRef<16>_>(_tlgProvider_t * param_1, void * param_2, _GUID * param_3, _GUID * param_4, _tlgWrapperByVal<8> * param_5, _tlgWrapperByVal<4> * param_6, _tlgWrapperByVal<4> * param_7, _tlgWrapperByRef<16> * param_8)	false	false	false
18000221c	144	_tlgWriteTemplate<long___cdecl(struct__tlgProvider_t_const*___ptr64,void_const*___ptr64,struct__GUID_const*___ptr64,struct__GUID_const*___ptr64,unsigned_int,struct__EVENT_DATA_DESCRIPTOR*___ptr64),&long___cdecl__tlgWriteTransfer_EventWriteTransfer(struct__tlgProvider_t_const*___ptr64,void_const*___ptr64,struct__GUID_const*___ptr64,struct__GUID_const*___ptr64,unsigned_int,struct__EVENT_DATA_DESCRIPTOR*___ptr64),struct__GUID_const*___ptr64,struct__GUID_const*___ptr64>::Write<struct__tlgWrapperByVal<8>,struct__tlgWrapperByVal<4>,struct__tlgWrapperByRef<16>,struct__tlgWrapperByVal<4>_>	long __cdecl Write<struct__tlgWrapperByVal<8>,struct__tlgWrapperByVal<4>,struct__tlgWrapperByRef<16>,struct__tlgWrapperByVal<4>_>(_tlgProvider_t * param_1, void * param_2, _GUID * param_3, _GUID * param_4, _tlgWrapperByVal<8> * param_5, _tlgWrapperByVal<4> * param_6, _tlgWrapperByRef<16> * param_7, _tlgWrapperByVal<4> * param_8)	false	false	false
1800022b4	168	_tlgWriteTemplate<long___cdecl(struct__tlgProvider_t_const*___ptr64,void_const*___ptr64,struct__GUID_const*___ptr64,struct__GUID_const*___ptr64,unsigned_int,struct__EVENT_DATA_DESCRIPTOR*___ptr64),&long___cdecl__tlgWriteTransfer_EventWriteTransfer(struct__tlgProvider_t_const*___ptr64,void_const*___ptr64,struct__GUID_const*___ptr64,struct__GUID_const*___ptr64,unsigned_int,struct__EVENT_DATA_DESCRIPTOR*___ptr64),struct__GUID_const*___ptr64,struct__GUID_const*___ptr64>::Write<struct__tlgWrapperByVal<8>,struct__tlgWrapperByVal<4>,struct__tlgWrapperByVal<4>,struct__tlgWrapperArray<4>_>	long __cdecl Write<struct__tlgWrapperByVal<8>,struct__tlgWrapperByVal<4>,struct__tlgWrapperByVal<4>,struct__tlgWrapperArray<4>_>(_tlgProvider_t * param_1, void * param_2, _GUID * param_3, _GUID * param_4, _tlgWrapperByVal<8> * param_5, _tlgWrapperByVal<4> * param_6, _tlgWrapperByVal<4> * param_7, _tlgWrapperArray<4> * param_8)	false	false	false
180002364	800	_tlgWriteTemplate<long___cdecl(struct__tlgProvider_t_const*___ptr64,void_const*___ptr64,struct__GUID_const*___ptr64,struct__GUID_const*___ptr64,unsigned_int,struct__EVENT_DATA_DESCRIPTOR*___ptr64),&long___cdecl__tlgWriteTransfer_EventWriteTransfer(struct__tlgProvider_t_const*___ptr64,void_const*___ptr64,struct__GUID_const*___ptr64,struct__GUID_const*___ptr64,unsigned_int,struct__EVENT_DATA_DESCRIPTOR*___ptr64),struct__GUID_const*___ptr64,struct__GUID_const*___ptr64>::Write<struct__tlgWrapperByVal<8>,struct__tlgWrapperByVal<8>,struct__tlgWrapperByVal<4>,struct__tlgWrapSz<char>,struct__tlgWrapperByVal<4>,struct__tlgWrapSz<char>,struct__tlgWrapperByVal<4>,struct__tlgWrapSz<wchar_t>,struct__tlgWrapperByVal<4>,struct__tlgWrapSz<char>,struct__tlgWrapperByVal<4>,struct__tlgWrapSz<char>,struct__tlgWrapSz<wchar_t>,struct__tlgWrapperByVal<4>,struct__tlgWrapSz<char>,struct__tlgWrapSz<wchar_t>,struct__tlgWrapperByVal<4>,struct__tlgWrapperByVal<4>,struct__tlgWrapSz<char>,struct__tlgWrapperByVal<1>_>	long __cdecl Write<struct__tlgWrapperByVal<8>,struct__tlgWrapperByVal<8>,struct__tlgWrapperByVal<4>,struct__tlgWrapSz<char>,struct__tlgWrapperByVal<4>,struct__tlgWrapSz<char>,struct__tlgWrapperByVal<4>,struct__tlgWrapSz<wchar_t>,struct__tlgWrapperByVal<4>,struct__tlgWrapSz<char>,struct__tlgWrapperByVal<4>,struct__tlgWrapSz<char>,struct__tlgWrapSz<wchar_t>,struct__tlgWrapperByVal<4>,struct__tlgWrapSz<char>,struct__tlgWrapSz<wchar_t>,struct__tlgWrapperByVal<4>,struct__tlgWrapperByVal<4>,struct__tlgWrapSz<char>,struct__tlgWrapperByVal<1>_>(_tlgProvider_t * param_1, void * param_2, _GUID * param_3, _GUID * param_4, _tlgWrapperByVal<8> * param_5, _tlgWrapperByVal<8> * param_6, _tlgWrapperByVal<4> * param_7, _tlgWrapSz<char> * param_8, _tlgWrapperByVal<4> * param_9, _tlgWrapSz<char> * param_10, _tlgWrapperByVal<4> * param_11, _tlgWrapSz<wchar_t> * param_12, _tlgWrapperByVal<4> * param_13, _tlgWrapSz<char> * param_14, _tlgWrapperByVal<4> * param_15, _tlgWrapSz<char> * param_16, _tlgWrapSz<wchar_t> * param_17, _tlgWrapperByVal<4> * param_18, _tlgWrapSz<char> * param_19, _tlgWrapSz<wchar_t> * param_20, _tlgWrapperByVal<4> * param_21, _tlgWrapperByVal<4> * param_22, _tlgWrapSz<char> * param_23, _tlgWrapperByVal<1> * param_24)	false	false	false
18000268c	802	_tlgWriteTemplate<long___cdecl(struct__tlgProvider_t_const*___ptr64,void_const*___ptr64,struct__GUID_const*___ptr64,struct__GUID_const*___ptr64,unsigned_int,struct__EVENT_DATA_DESCRIPTOR*___ptr64),&long___cdecl__tlgWriteTransfer_EventWriteTransfer(struct__tlgProvider_t_const*___ptr64,void_const*___ptr64,struct__GUID_const*___ptr64,struct__GUID_const*___ptr64,unsigned_int,struct__EVENT_DATA_DESCRIPTOR*___ptr64),struct__GUID_const*___ptr64,struct__GUID_const*___ptr64>::Write<struct__tlgWrapperByVal<8>,struct__tlgWrapperByVal<8>,struct__tlgWrapperByVal<4>,struct__tlgWrapSz<char>,struct__tlgWrapperByVal<4>,struct__tlgWrapSz<char>,struct__tlgWrapperByVal<4>,struct__tlgWrapSz<wchar_t>,struct__tlgWrapperByVal<4>,struct__tlgWrapSz<char>,struct__tlgWrapperByVal<4>,struct__tlgWrapSz<char>,struct__tlgWrapSz<wchar_t>,struct__tlgWrapperByVal<4>,struct__tlgWrapSz<char>,struct__tlgWrapSz<wchar_t>,struct__tlgWrapperByVal<4>,struct__tlgWrapperByVal<4>,struct__tlgWrapSz<char>,struct__tlgWrapperByVal<8>_>	long __cdecl Write<struct__tlgWrapperByVal<8>,struct__tlgWrapperByVal<8>,struct__tlgWrapperByVal<4>,struct__tlgWrapSz<char>,struct__tlgWrapperByVal<4>,struct__tlgWrapSz<char>,struct__tlgWrapperByVal<4>,struct__tlgWrapSz<wchar_t>,struct__tlgWrapperByVal<4>,struct__tlgWrapSz<char>,struct__tlgWrapperByVal<4>,struct__tlgWrapSz<char>,struct__tlgWrapSz<wchar_t>,struct__tlgWrapperByVal<4>,struct__tlgWrapSz<char>,struct__tlgWrapSz<wchar_t>,struct__tlgWrapperByVal<4>,struct__tlgWrapperByVal<4>,struct__tlgWrapSz<char>,struct__tlgWrapperByVal<8>_>(_tlgProvider_t * param_1, void * param_2, _GUID * param_3, _GUID * param_4, _tlgWrapperByVal<8> * param_5, _tlgWrapperByVal<8> * param_6, _tlgWrapperByVal<4> * param_7, _tlgWrapSz<char> * param_8, _tlgWrapperByVal<4> * param_9, _tlgWrapSz<char> * param_10, _tlgWrapperByVal<4> * param_11, _tlgWrapSz<wchar_t> * param_12, _tlgWrapperByVal<4> * param_13, _tlgWrapSz<char> * param_14, _tlgWrapperByVal<4> * param_15, _tlgWrapSz<char> * param_16, _tlgWrapSz<wchar_t> * param_17, _tlgWrapperByVal<4> * param_18, _tlgWrapSz<char> * param_19, _tlgWrapSz<wchar_t> * param_20, _tlgWrapperByVal<4> * param_21, _tlgWrapperByVal<4> * param_22, _tlgWrapSz<char> * param_23, _tlgWrapperByVal<8> * param_24)	false	false	false
1800029b4	138	_tlgWriteTemplate<long___cdecl(struct__tlgProvider_t_const*___ptr64,void_const*___ptr64,struct__GUID_const*___ptr64,struct__GUID_const*___ptr64,unsigned_int,struct__EVENT_DATA_DESCRIPTOR*___ptr64),&long___cdecl__tlgWriteTransfer_EventWriteTransfer(struct__tlgProvider_t_const*___ptr64,void_const*___ptr64,struct__GUID_const*___ptr64,struct__GUID_const*___ptr64,unsigned_int,struct__EVENT_DATA_DESCRIPTOR*___ptr64),struct__GUID_const*___ptr64,struct__GUID_const*___ptr64>::Write<struct__tlgWrapperByVal<8>,struct__tlgWrapperByVal<4>,struct__tlgWrapperByVal<4>,struct__tlgWrapperByVal<8>_>	long __cdecl Write<struct__tlgWrapperByVal<8>,struct__tlgWrapperByVal<4>,struct__tlgWrapperByVal<4>,struct__tlgWrapperByVal<8>_>(_tlgProvider_t * param_1, void * param_2, _GUID * param_3, _GUID * param_4, _tlgWrapperByVal<8> * param_5, _tlgWrapperByVal<4> * param_6, _tlgWrapperByVal<4> * param_7, _tlgWrapperByVal<8> * param_8)	false	false	false
180002a44	169	_tlgWriteTemplate<long___cdecl(struct__tlgProvider_t_const*___ptr64,void_const*___ptr64,struct__GUID_const*___ptr64,struct__GUID_const*___ptr64,unsigned_int,struct__EVENT_DATA_DESCRIPTOR*___ptr64),&long___cdecl__tlgWriteTransfer_EventWriteTransfer(struct__tlgProvider_t_const*___ptr64,void_const*___ptr64,struct__GUID_const*___ptr64,struct__GUID_const*___ptr64,unsigned_int,struct__EVENT_DATA_DESCRIPTOR*___ptr64),struct__GUID_const*___ptr64,struct__GUID_const*___ptr64>::Write<struct__tlgWrapperByVal<8>,struct__tlgWrapperByVal<4>,struct__tlgWrapperByRef<16>,struct__tlgWrapperBinary>	long __cdecl Write<struct__tlgWrapperByVal<8>,struct__tlgWrapperByVal<4>,struct__tlgWrapperByRef<16>,struct__tlgWrapperBinary>(_tlgProvider_t * param_1, void * param_2, _GUID * param_3, _GUID * param_4, _tlgWrapperByVal<8> * param_5, _tlgWrapperByVal<4> * param_6, _tlgWrapperByRef<16> * param_7, _tlgWrapperBinary * param_8)	false	false	false
180002b00	195	espclient_rs::port_message::FltMgrPortHandleBorrow::send_update_rules	undefined8 __fastcall send_update_rules(undefined8 param_1, undefined8 param_2, longlong param_3, undefined4 param_4)	false	false	false
180002bd0	227	espclient_rs::port_message::FltMgrPortHandleBorrow::send_create_collection	undefined __fastcall send_create_collection(undefined8 * param_1, undefined8 param_2, undefined4 * param_3, undefined8 param_4)	false	false	false
180002cc0	201	espclient_rs::port_message::FltMgrPortHandleBorrow::send_update_collection	undefined8 __fastcall send_update_collection(undefined8 param_1, undefined8 * param_2, undefined4 * param_3, undefined1 param_4)	false	false	false
180002d90	237	espclient_rs::port_message::FltMgrPortHandleBorrow::send_create_event_queue	undefined __fastcall send_create_event_queue(undefined4 * param_1, undefined8 param_2, undefined4 * param_3)	false	false	false
180002e90	1102	espclient_rs::rule::config_graph::walk_config_graph<espclient_rs::rule::eventobject::RegistryKeyConfig,espclient_rs::rule::RuleMessageState>	undefined __fastcall walk_config_graph<espclient_rs::rule::eventobject::RegistryKeyConfig,espclient_rs::rule::RuleMessageState>(undefined4 * param_1, longlong param_2, ulonglong * param_3, ulonglong * param_4)	false	false	false
1800032f0	942	espclient_rs::rule::config_graph::walk_config_graph<espclient_rs::rule::filesystem::AccessStateConfig,espclient_rs::rule::binding_keys::BindingKeyVisitor>	undefined __fastcall walk_config_graph<espclient_rs::rule::filesystem::AccessStateConfig,espclient_rs::rule::binding_keys::BindingKeyVisitor>(int * param_1, longlong param_2, undefined8 param_3, longlong * param_4)	false	false	false
1800036b0	881	espclient_rs::rule::config_graph::walk_config_graph<espclient_rs::rule::filesystem::IoOperationConfig,espclient_rs::rule::binding_keys::BindingKeyVisitor>	undefined __fastcall walk_config_graph<espclient_rs::rule::filesystem::IoOperationConfig,espclient_rs::rule::binding_keys::BindingKeyVisitor>(int * param_1, longlong param_2, longlong * param_3)	false	false	false
180003a30	586	espclient_rs::rule::config_graph::walk_config_graph<espclient_rs::rule::basic::BinaryConfig,espclient_rs::rule::RuleMessageState>	undefined __fastcall walk_config_graph<espclient_rs::rule::basic::BinaryConfig,espclient_rs::rule::RuleMessageState>(int * param_1, longlong * param_2, longlong * param_3, longlong param_4)	false	false	false
180003c80	678	espclient_rs::rule::config_graph::walk_config_graph<espclient_rs::rule::registry::RegValueQueryConfig,espclient_rs::rule::RuleMessageState>	undefined __fastcall walk_config_graph<espclient_rs::rule::registry::RegValueQueryConfig,espclient_rs::rule::RuleMessageState>(int * param_1, longlong * param_2, undefined8 * param_3, longlong param_4)	false	false	false
180003f30	1023	espclient_rs::rule::config_graph::walk_config_graph<espclient_rs::rule::eventobject::FileObjectConfig,espclient_rs::rule::binding_keys::BindingKeyVisitor>	undefined __fastcall walk_config_graph<espclient_rs::rule::eventobject::FileObjectConfig,espclient_rs::rule::binding_keys::BindingKeyVisitor>(int * param_1, longlong param_2, undefined8 * param_3, longlong * param_4)	false	false	false
180004e00	812	espclient_rs::rule::config_graph::walk_config_graph<espclient_rs::rule::eventobject::RegistryKeyConfig,espclient_rs::rule::binding_keys::BindingKeyVisitor>	undefined __fastcall walk_config_graph<espclient_rs::rule::eventobject::RegistryKeyConfig,espclient_rs::rule::binding_keys::BindingKeyVisitor>(int * param_1, longlong param_2, ulonglong param_3, longlong * param_4, longlong * param_5)	false	false	false
180005260	275	espclient_rs::rule::config_graph::walk_config_graph<espclient_rs::rule::basic::ByteRangeConfig,espclient_rs::rule::RuleMessageState>	undefined __fastcall walk_config_graph<espclient_rs::rule::basic::ByteRangeConfig,espclient_rs::rule::RuleMessageState>(int * param_1, longlong * param_2, undefined8 * param_3, longlong param_4)	false	false	false
180005380	393	espclient_rs::rule::config_graph::walk_config_graph<espclient_rs::rule::registry::RegValueQueryConfig,espclient_rs::rule::binding_keys::BindingKeyVisitor>	undefined __fastcall walk_config_graph<espclient_rs::rule::registry::RegValueQueryConfig,espclient_rs::rule::binding_keys::BindingKeyVisitor>(int * param_1, longlong param_2, undefined8 * param_3, longlong * param_4)	false	false	false
180005650	505	espclient_rs::rule::config_graph::walk_config_graph<espclient_rs::rule::filesystem::RemoteClientConfig,espclient_rs::rule::binding_keys::BindingKeyVisitor>	undefined __fastcall walk_config_graph<espclient_rs::rule::filesystem::RemoteClientConfig,espclient_rs::rule::binding_keys::BindingKeyVisitor>(int * param_1, longlong param_2, undefined8 param_3, longlong * param_4)	false	false	false
180005850	681	espclient_rs::rule::config_graph::walk_config_graph<espclient_rs::rule::filesystem::IoOperationConfig,espclient_rs::rule::RuleMessageState>	undefined __fastcall walk_config_graph<espclient_rs::rule::filesystem::IoOperationConfig,espclient_rs::rule::RuleMessageState>(int * param_1, longlong param_2, ulonglong * param_3)	false	false	false
180005b00	1165	espclient_rs::rule::config_graph::walk_config_graph<espclient_rs::rule::eventobject::RegistryKeyObjectConfig,espclient_rs::rule::binding_keys::BindingKeyVisitor>	undefined __fastcall walk_config_graph<espclient_rs::rule::eventobject::RegistryKeyObjectConfig,espclient_rs::rule::binding_keys::BindingKeyVisitor>(longlong * param_1, longlong param_2, undefined8 * param_3, longlong * param_4)	false	false	false
180005fa0	202	espclient_rs::rule::config_graph::walk_config_graph<espclient_rs::rule::basic::NumericalConfig,espclient_rs::rule::binding_keys::BindingKeyVisitor>	undefined __fastcall walk_config_graph<espclient_rs::rule::basic::NumericalConfig,espclient_rs::rule::binding_keys::BindingKeyVisitor>(undefined8 * param_1, ulonglong param_2, undefined8 * param_3, longlong * param_4)	false	false	false
180006070	1075	espclient_rs::rule::config_graph::walk_config_graph<espclient_rs::rule::eventobject::DesktopConfig,espclient_rs::rule::RuleMessageState>	undefined __fastcall walk_config_graph<espclient_rs::rule::eventobject::DesktopConfig,espclient_rs::rule::RuleMessageState>(undefined4 * param_1, longlong param_2, ulonglong * param_3, ulonglong * param_4)	false	false	false
1800064b0	3258	espclient_rs::rule::config_graph::walk_config_graph<espclient_rs::rule::eventobject::FileStreamConfig,espclient_rs::rule::binding_keys::BindingKeyVisitor>	undefined __fastcall walk_config_graph<espclient_rs::rule::eventobject::FileStreamConfig,espclient_rs::rule::binding_keys::BindingKeyVisitor>(int * param_1, longlong param_2, ulonglong * param_3, longlong * param_4)	false	false	false
180007650	637	espclient_rs::rule::config_graph::walk_config_graph<espclient_rs::rule::filesystem::AccessStateConfig,espclient_rs::rule::RuleMessageState>	undefined __fastcall walk_config_graph<espclient_rs::rule::filesystem::AccessStateConfig,espclient_rs::rule::RuleMessageState>(int * param_1, longlong param_2, undefined8 param_3, ulonglong * param_4)	false	false	false
1800078e0	549	espclient_rs::rule::config_graph::walk_config_graph<espclient_rs::rule::basic::EcpListConfig,espclient_rs::rule::RuleMessageState>	undefined __fastcall walk_config_graph<espclient_rs::rule::basic::EcpListConfig,espclient_rs::rule::RuleMessageState>(int * param_1, longlong param_2, longlong * param_3, longlong param_4)	false	false	false
180007b10	1910	espclient_rs::rule::config_graph::walk_config_graph<espclient_rs::rule::eventobject::ProcessConfig,espclient_rs::rule::RuleMessageState>	undefined __fastcall walk_config_graph<espclient_rs::rule::eventobject::ProcessConfig,espclient_rs::rule::RuleMessageState>(ulonglong * param_1, LPVOID param_2, ulonglong * param_3, ulonglong * param_4)	false	false	false
180008290	202	espclient_rs::rule::config_graph::walk_config_graph<espclient_rs::rule::basic::BinaryConfig,espclient_rs::rule::binding_keys::BindingKeyVisitor>	undefined __fastcall walk_config_graph<espclient_rs::rule::basic::BinaryConfig,espclient_rs::rule::binding_keys::BindingKeyVisitor>(undefined8 * param_1, ulonglong param_2, undefined8 * param_3, longlong * param_4)	false	false	false
180008360	2502	espclient_rs::rule::config_graph::walk_config_graph<espclient_rs::rule::eventobject::ThreadConfig,espclient_rs::rule::RuleMessageState>	undefined __fastcall walk_config_graph<espclient_rs::rule::eventobject::ThreadConfig,espclient_rs::rule::RuleMessageState>(ulonglong * param_1, longlong param_2, int * param_3, ulonglong * param_4)	false	false	false
180008d30	1102	espclient_rs::rule::config_graph::walk_config_graph<espclient_rs::rule::eventobject::MailslotConfig,espclient_rs::rule::RuleMessageState>	undefined __fastcall walk_config_graph<espclient_rs::rule::eventobject::MailslotConfig,espclient_rs::rule::RuleMessageState>(undefined4 * param_1, longlong param_2, ulonglong * param_3, ulonglong * param_4)	false	false	false
180009190	1926	espclient_rs::rule::config_graph::walk_config_graph<espclient_rs::rule::eventobject::RegistryKeyObjectConfig,espclient_rs::rule::RuleMessageState>	undefined __fastcall walk_config_graph<espclient_rs::rule::eventobject::RegistryKeyObjectConfig,espclient_rs::rule::RuleMessageState>(uint * param_1, longlong param_2, ulonglong * param_3, ulonglong * param_4)	false	false	false
180009920	951	espclient_rs::rule::config_graph::walk_config_graph<espclient_rs::rule::eventobject::MailslotConfig,espclient_rs::rule::binding_keys::BindingKeyVisitor>	undefined __fastcall walk_config_graph<espclient_rs::rule::eventobject::MailslotConfig,espclient_rs::rule::binding_keys::BindingKeyVisitor>(int * param_1, longlong param_2, ulonglong param_3, longlong * param_4, longlong * param_5)	false	false	false
180009ce0	1102	espclient_rs::rule::config_graph::walk_config_graph<espclient_rs::rule::eventobject::PipeConfig,espclient_rs::rule::RuleMessageState>	undefined __fastcall walk_config_graph<espclient_rs::rule::eventobject::PipeConfig,espclient_rs::rule::RuleMessageState>(undefined4 * param_1, longlong param_2, ulonglong * param_3, ulonglong * param_4)	false	false	false
18000a140	1064	espclient_rs::rule::config_graph::walk_config_graph<espclient_rs::rule::eventobject::ThreadConfig,espclient_rs::rule::binding_keys::BindingKeyVisitor>	undefined __fastcall walk_config_graph<espclient_rs::rule::eventobject::ThreadConfig,espclient_rs::rule::binding_keys::BindingKeyVisitor>(ulonglong * param_1, longlong param_2, int * param_3, longlong * param_4)	false	false	false
18000a8e0	190	espclient_rs::rule::config_graph::walk_config_graph<espclient_rs::rule::basic::BoolConfig,espclient_rs::rule::binding_keys::BindingKeyVisitor>	undefined __fastcall walk_config_graph<espclient_rs::rule::basic::BoolConfig,espclient_rs::rule::binding_keys::BindingKeyVisitor>(undefined8 * param_1, ulonglong param_2, undefined8 * param_3, longlong * param_4)	false	false	false
18000a9b0	951	espclient_rs::rule::config_graph::walk_config_graph<espclient_rs::rule::eventobject::PipeConfig,espclient_rs::rule::binding_keys::BindingKeyVisitor>	undefined __fastcall walk_config_graph<espclient_rs::rule::eventobject::PipeConfig,espclient_rs::rule::binding_keys::BindingKeyVisitor>(int * param_1, longlong param_2, ulonglong param_3, longlong * param_4, longlong * param_5)	false	false	false
18000ad70	3535	espclient_rs::rule::config_graph::walk_config_graph<espclient_rs::rule::eventobject::VolumeConfig,espclient_rs::rule::binding_keys::BindingKeyVisitor>	undefined __fastcall walk_config_graph<espclient_rs::rule::eventobject::VolumeConfig,espclient_rs::rule::binding_keys::BindingKeyVisitor>(int * param_1, longlong param_2, ulonglong * param_3, longlong * param_4)	false	false	false
18000c470	2482	espclient_rs::rule::config_graph::walk_config_graph<espclient_rs::rule::eventobject::FileStreamConfig,espclient_rs::rule::RuleMessageState>	undefined __fastcall walk_config_graph<espclient_rs::rule::eventobject::FileStreamConfig,espclient_rs::rule::RuleMessageState>(uint * param_1, longlong param_2, int * param_3, ulonglong * param_4)	false	false	false
18000ce30	1720	espclient_rs::rule::config_graph::walk_config_graph<espclient_rs::rule::eventobject::ProcessConfig,espclient_rs::rule::binding_keys::BindingKeyVisitor>	undefined __fastcall walk_config_graph<espclient_rs::rule::eventobject::ProcessConfig,espclient_rs::rule::binding_keys::BindingKeyVisitor>(ulonglong * param_1, longlong param_2, ulonglong * param_3, longlong * param_4)	false	false	false
18000dbf0	1417	espclient_rs::rule::config_graph::walk_config_graph<espclient_rs::rule::filesystem::RemoteClientConfig,espclient_rs::rule::RuleMessageState>	undefined __fastcall walk_config_graph<espclient_rs::rule::filesystem::RemoteClientConfig,espclient_rs::rule::RuleMessageState>(int * param_1, longlong * param_2, undefined8 param_3, longlong param_4)	false	false	false
18000e180	2086	espclient_rs::rule::config_graph::walk_config_graph<espclient_rs::rule::eventobject::VolumeConfig,espclient_rs::rule::RuleMessageState>	undefined __fastcall walk_config_graph<espclient_rs::rule::eventobject::VolumeConfig,espclient_rs::rule::RuleMessageState>(undefined4 * param_1, longlong param_2, ulonglong * param_3, ulonglong * param_4)	false	false	false
18000e9b0	1107	espclient_rs::rule::config_graph::walk_config_graph<espclient_rs::rule::eventobject::KtmTransactionConfig,espclient_rs::rule::RuleMessageState>	undefined __fastcall walk_config_graph<espclient_rs::rule::eventobject::KtmTransactionConfig,espclient_rs::rule::RuleMessageState>(undefined4 * param_1, longlong param_2, ulonglong * param_3, ulonglong * param_4)	false	false	false
18000ee10	1117	espclient_rs::rule::config_graph::walk_config_graph<espclient_rs::rule::eventobject::TokenConfig,espclient_rs::rule::RuleMessageState>	undefined __fastcall walk_config_graph<espclient_rs::rule::eventobject::TokenConfig,espclient_rs::rule::RuleMessageState>(undefined4 * param_1, longlong param_2, ulonglong * param_3, ulonglong * param_4)	false	false	false
18000f280	553	espclient_rs::rule::config_graph::walk_config_graph<espclient_rs::rule::basic::PathConfig,espclient_rs::rule::RuleMessageState>	undefined __fastcall walk_config_graph<espclient_rs::rule::basic::PathConfig,espclient_rs::rule::RuleMessageState>(int * param_1, longlong * param_2, longlong * param_3, longlong param_4)	false	false	false
18000f4b0	812	espclient_rs::rule::config_graph::walk_config_graph<espclient_rs::rule::eventobject::KtmTransactionConfig,espclient_rs::rule::binding_keys::BindingKeyVisitor>	undefined __fastcall walk_config_graph<espclient_rs::rule::eventobject::KtmTransactionConfig,espclient_rs::rule::binding_keys::BindingKeyVisitor>(int * param_1, longlong param_2, ulonglong param_3, longlong * param_4, longlong * param_5)	false	false	false
18000f8f0	1401	espclient_rs::rule::config_graph::walk_config_graph<espclient_rs::rule::eventobject::TokenConfig,espclient_rs::rule::binding_keys::BindingKeyVisitor>	undefined __fastcall walk_config_graph<espclient_rs::rule::eventobject::TokenConfig,espclient_rs::rule::binding_keys::BindingKeyVisitor>(int * param_1, longlong param_2, ulonglong param_3, ulonglong * param_4, longlong * param_5)	false	false	false
180010160	1798	espclient_rs::rule::config_graph::walk_config_graph<espclient_rs::rule::eventobject::FileObjectConfig,espclient_rs::rule::RuleMessageState>	undefined __fastcall walk_config_graph<espclient_rs::rule::eventobject::FileObjectConfig,espclient_rs::rule::RuleMessageState>(ulonglong * param_1, longlong param_2, ulonglong * param_3, ulonglong * param_4)	false	false	false
1800110a0	864	espclient_rs::rule::config_graph::walk_config_graph<espclient_rs::rule::eventobject::DesktopConfig,espclient_rs::rule::binding_keys::BindingKeyVisitor>	undefined __fastcall walk_config_graph<espclient_rs::rule::eventobject::DesktopConfig,espclient_rs::rule::binding_keys::BindingKeyVisitor>(int * param_1, longlong param_2, ulonglong param_3, undefined8 * param_4, longlong * param_5)	false	false	false
180011420	123	espclient_rs::rule::basic::BoolConfig::try_as_ffi	undefined __fastcall try_as_ffi(int * param_1, longlong param_2, undefined8 param_3)	false	false	false
1800114b0	176	espclient_rs::rule::basic::BoolConfig::new	undefined __fastcall new(int * param_1, ulonglong * param_2, undefined8 param_3)	false	false	false
180011570	211	espclient_rs::rule::basic::PathConfig::new	undefined __fastcall new(undefined8 * param_1, ulonglong * param_2, undefined8 param_3, undefined4 param_4)	false	false	false
180011650	143	espclient_rs::rule::basic::BinaryConfig::try_as_ffi	undefined __fastcall try_as_ffi(undefined8 * param_1, longlong * param_2)	false	false	false
1800116f0	205	espclient_rs::rule::basic::BinaryConfig::new	undefined __fastcall new(undefined8 * param_1, ulonglong * param_2, undefined8 param_3, undefined4 param_4)	false	false	false
1800117d0	205	espclient_rs::rule::basic::StringConfig::new	undefined __fastcall new(undefined8 * param_1, ulonglong * param_2, undefined8 param_3, undefined4 param_4)	false	false	false
1800118b0	143	espclient_rs::rule::basic::EcpListConfig::try_as_ffi	undefined __fastcall try_as_ffi(undefined8 * param_1, longlong param_2)	false	false	false
180011950	927	espclient_rs::rule::basic::EcpListConfig::new	undefined __fastcall new(ulonglong * param_1, undefined8 * param_2, ulonglong * param_3, ulonglong param_4)	false	false	false
180011d00	151	espclient_rs::rule::basic::RegDataConfig::try_as_ffi	undefined __fastcall try_as_ffi(undefined8 * param_1, longlong * param_2)	false	false	false
180011da0	209	espclient_rs::rule::basic::ByteRangeConfig::new	undefined __fastcall new(undefined8 * param_1, ulonglong * param_2, undefined8 param_3, undefined4 param_4)	false	false	false
180011e80	176	espclient_rs::rule::basic::NumericalConfig::new	undefined __fastcall new(int * param_1, ulonglong * param_2, undefined8 param_3)	false	false	false
180011f40	204	espclient_rs::rule::basic::SecurityDescriptorConfig::new	undefined __fastcall new(undefined8 * param_1, ulonglong * param_2, undefined8 param_3, undefined4 param_4)	false	false	false
180012020	517	enum2$<espclient_rs::filter::desktop::DesktopFilterDescriptor>::try_from_bytes	undefined __fastcall try_from_bytes(ulonglong * param_1, int param_2, undefined4 param_3, uint * param_4, ulonglong param_5)	false	false	false
180012230	51	wesp_api_types::FFIPointer<wesp_api_types::external::_ESP_FS_QUERY_DIRECTORY_INFORMATION_CONFIG>::try_as_ref<wesp_api_types::external::_ESP_FS_QUERY_DIRECTORY_INFORMATION_CONFIG>	undefined __fastcall try_as_ref<wesp_api_types::external::_ESP_FS_QUERY_DIRECTORY_INFORMATION_CONFIG>(undefined8 * param_1, ulonglong param_2)	false	false	false
180012270	51	wesp_api_types::FFIPointer<wesp_api_types::external::_ESP_REG_SAVE_KEY_CONFIG>::try_as_ref<wesp_api_types::external::_ESP_REG_SAVE_KEY_CONFIG>	undefined __fastcall try_as_ref<wesp_api_types::external::_ESP_REG_SAVE_KEY_CONFIG>(undefined8 * param_1, ulonglong param_2)	false	false	false
1800122b0	51	wesp_api_types::FFIPointer<wesp_api_types::external::_ESP_VOLUME_MOUNT_CONFIG>::try_as_ref<wesp_api_types::external::_ESP_VOLUME_MOUNT_CONFIG>	undefined __fastcall try_as_ref<wesp_api_types::external::_ESP_VOLUME_MOUNT_CONFIG>(undefined8 * param_1, ulonglong param_2)	false	false	false
1800122f0	51	wesp_api_types::FFIPointer<wesp_api_types::external::_ESP_VOLUME_FSCTL_CONFIG>::try_as_ref<wesp_api_types::external::_ESP_VOLUME_FSCTL_CONFIG>	undefined __fastcall try_as_ref<wesp_api_types::external::_ESP_VOLUME_FSCTL_CONFIG>(undefined8 * param_1, ulonglong param_2)	false	false	false
180012330	51	wesp_api_types::FFIPointer<wesp_api_types::external::_ESP_FO_WRITE_CONFIG>::try_as_ref<wesp_api_types::external::_ESP_FO_WRITE_CONFIG>	undefined __fastcall try_as_ref<wesp_api_types::external::_ESP_FO_WRITE_CONFIG>(undefined8 * param_1, ulonglong param_2)	false	false	false
180012370	51	wesp_api_types::FFIPointer<wesp_api_types::external::_ESP_FS_QUERY_FILE_INFORMATION_CONFIG>::try_as_ref<wesp_api_types::external::_ESP_FS_QUERY_FILE_INFORMATION_CONFIG>	undefined __fastcall try_as_ref<wesp_api_types::external::_ESP_FS_QUERY_FILE_INFORMATION_CONFIG>(undefined8 * param_1, ulonglong param_2)	false	false	false
1800123b0	51	wesp_api_types::FFIPointer<wesp_api_types::external::_ESP_FS_UNLOCK_FILE_CONFIG>::try_as_ref<wesp_api_types::external::_ESP_FS_UNLOCK_FILE_CONFIG>	undefined __fastcall try_as_ref<wesp_api_types::external::_ESP_FS_UNLOCK_FILE_CONFIG>(undefined8 * param_1, ulonglong param_2)	false	false	false
1800123f0	51	wesp_api_types::FFIPointer<wesp_api_types::external::_ESP_FO_READ_CONFIG>::try_as_ref<wesp_api_types::external::_ESP_FO_READ_CONFIG>	undefined __fastcall try_as_ref<wesp_api_types::external::_ESP_FO_READ_CONFIG>(undefined8 * param_1, ulonglong param_2)	false	false	false
180012430	51	wesp_api_types::FFIPointer<wesp_api_types::external::_ESP_MAILSLOT_CREATE_CONFIG>::try_as_ref<wesp_api_types::external::_ESP_MAILSLOT_CREATE_CONFIG>	undefined __fastcall try_as_ref<wesp_api_types::external::_ESP_MAILSLOT_CREATE_CONFIG>(undefined8 * param_1, ulonglong param_2)	false	false	false
180012470	51	wesp_api_types::FFIPointer<wesp_api_types::external::_ESP_FO_OPEN_CONFIG>::try_as_ref<wesp_api_types::external::_ESP_FO_OPEN_CONFIG>	undefined __fastcall try_as_ref<wesp_api_types::external::_ESP_FO_OPEN_CONFIG>(undefined8 * param_1, ulonglong param_2)	false	false	false
1800124b0	60	wesp_api_types::FFIPointer<wesp_api_types::external::_ESP_REG_REPLACE_KEY_CONFIG>::try_as_ref<wesp_api_types::external::_ESP_REG_REPLACE_KEY_CONFIG>	undefined __fastcall try_as_ref<wesp_api_types::external::_ESP_REG_REPLACE_KEY_CONFIG>(undefined8 * param_1, ulonglong param_2)	false	false	false
180012500	51	wesp_api_types::FFIPointer<wesp_api_types::external::_ESP_PROCESS_CREATE_CONFIG>::try_as_ref<wesp_api_types::external::_ESP_PROCESS_CREATE_CONFIG>	undefined __fastcall try_as_ref<wesp_api_types::external::_ESP_PROCESS_CREATE_CONFIG>(undefined8 * param_1, ulonglong param_2)	false	false	false
180012540	60	wesp_api_types::FFIPointer<wesp_api_types::external::_ESP_FS_SET_FILE_INFORMATION_CONFIG>::try_as_ref<wesp_api_types::external::_ESP_FS_SET_FILE_INFORMATION_CONFIG>	undefined __fastcall try_as_ref<wesp_api_types::external::_ESP_FS_SET_FILE_INFORMATION_CONFIG>(undefined8 * param_1, ulonglong param_2)	false	false	false
180012590	51	wesp_api_types::FFIPointer<wesp_api_types::external::_ESP_FS_CREATE_FILE_SECTION_CONFIG>::try_as_ref<wesp_api_types::external::_ESP_FS_CREATE_FILE_SECTION_CONFIG>	undefined __fastcall try_as_ref<wesp_api_types::external::_ESP_FS_CREATE_FILE_SECTION_CONFIG>(undefined8 * param_1, ulonglong param_2)	false	false	false
1800125d0	51	wesp_api_types::FFIPointer<wesp_api_types::external::_ESP_PIPE_CREATE_CONFIG>::try_as_ref<wesp_api_types::external::_ESP_PIPE_CREATE_CONFIG>	undefined __fastcall try_as_ref<wesp_api_types::external::_ESP_PIPE_CREATE_CONFIG>(undefined8 * param_1, ulonglong param_2)	false	false	false
180012610	60	wesp_api_types::FFIPointer<wesp_api_types::external::_ESP_REG_SET_VALUE_KEY_CONFIG>::try_as_ref<wesp_api_types::external::_ESP_REG_SET_VALUE_KEY_CONFIG>	undefined __fastcall try_as_ref<wesp_api_types::external::_ESP_REG_SET_VALUE_KEY_CONFIG>(undefined8 * param_1, ulonglong param_2)	false	false	false
180012660	51	wesp_api_types::FFIPointer<wesp_api_types::external::_ESP_FO_CREATE_CONFIG>::try_as_ref<wesp_api_types::external::_ESP_FO_CREATE_CONFIG>	undefined __fastcall try_as_ref<wesp_api_types::external::_ESP_FO_CREATE_CONFIG>(undefined8 * param_1, ulonglong param_2)	false	false	false
1800126a0	51	wesp_api_types::FFIPointer<wesp_api_types::external::_ESP_FS_LOCK_FILE_CONFIG>::try_as_ref<wesp_api_types::external::_ESP_FS_LOCK_FILE_CONFIG>	undefined __fastcall try_as_ref<wesp_api_types::external::_ESP_FS_LOCK_FILE_CONFIG>(undefined8 * param_1, ulonglong param_2)	false	false	false
1800126e0	51	wesp_api_types::FFIPointer<wesp_api_types::external::_ESP_FS_QUERY_OPEN_FILE_CONFIG>::try_as_ref<wesp_api_types::external::_ESP_FS_QUERY_OPEN_FILE_CONFIG>	undefined __fastcall try_as_ref<wesp_api_types::external::_ESP_FS_QUERY_OPEN_FILE_CONFIG>(undefined8 * param_1, ulonglong param_2)	false	false	false
180012720	54	wesp_api_types::FFIPointer<wesp_api_types::external::_ESP_BOOT_LOAD_DRIVER_CONFIG>::try_as_ref<wesp_api_types::external::_ESP_BOOT_LOAD_DRIVER_CONFIG>	undefined __fastcall try_as_ref<wesp_api_types::external::_ESP_BOOT_LOAD_DRIVER_CONFIG>(undefined8 * param_1, ulonglong param_2)	false	false	false
180012760	51	wesp_api_types::FFIPointer<wesp_api_types::external::_ESP_FO_CLEANUP_CONFIG>::try_as_ref<wesp_api_types::external::_ESP_FO_CLEANUP_CONFIG>	undefined __fastcall try_as_ref<wesp_api_types::external::_ESP_FO_CLEANUP_CONFIG>(undefined8 * param_1, ulonglong param_2)	false	false	false
1800127a0	60	wesp_api_types::FFIPointer<wesp_api_types::external::_ESP_PROCESS_LOAD_IMAGE_CONFIG>::try_as_ref<wesp_api_types::external::_ESP_PROCESS_LOAD_IMAGE_CONFIG>	undefined __fastcall try_as_ref<wesp_api_types::external::_ESP_PROCESS_LOAD_IMAGE_CONFIG>(undefined8 * param_1, ulonglong param_2)	false	false	false
1800127f0	51	wesp_api_types::FFIPointer<wesp_api_types::external::_ESP_FS_FSCTL_FILE_CONFIG>::try_as_ref<wesp_api_types::external::_ESP_FS_FSCTL_FILE_CONFIG>	undefined __fastcall try_as_ref<wesp_api_types::external::_ESP_FS_FSCTL_FILE_CONFIG>(undefined8 * param_1, ulonglong param_2)	false	false	false
180012830	61	wesp_api_types::FFIPointer<u16>::try_as_array_slice<u16>	undefined __fastcall try_as_array_slice<u16>(undefined8 * param_1, ulonglong param_2, longlong param_3)	false	false	false
180012880	35	wesp_api_types::FFIPointer<u8>::try_as_array_slice<u8>	undefined __fastcall try_as_array_slice<u8>(undefined8 * param_1, longlong param_2, undefined8 param_3)	false	false	false
1800128b0	62	wesp_api_types::FFIPointer<i32>::try_as_array_slice<i32>	undefined __fastcall try_as_array_slice<i32>(undefined8 * param_1, ulonglong param_2, longlong param_3)	false	false	false
180012900	475	core::ptr::drop_in_place<espclient_rs::rule::notification::NotificationAccumulator>	undefined __fastcall drop_in_place<espclient_rs::rule::notification::NotificationAccumulator>(longlong * param_1)	false	false	false
180012af0	23	espclient_rs::rule::Rule::message_modify	undefined __fastcall message_modify(undefined8 param_1, longlong param_2)	false	false	false
180012bb0	289	core::ptr::drop_in_place<espclient_rs::rule::eventobject::ThreadConfig>	undefined __fastcall drop_in_place<espclient_rs::rule::eventobject::ThreadConfig>(longlong param_1)	false	false	false
180012ce0	242	core::ptr::drop_in_place<espclient_rs::rule::client::ClientConfig>	ulonglong __fastcall drop_in_place<espclient_rs::rule::client::ClientConfig>(longlong param_1)	false	false	false
180012de0	522	core::ptr::drop_in_place<espclient_rs::rule::event::EventConfig>	undefined __fastcall drop_in_place<espclient_rs::rule::event::EventConfig>(ulonglong * param_1)	false	false	false
1800142d0	334	core::ptr::drop_in_place<espclient_rs::rule::eventobject::ProcessConfig>	undefined __fastcall drop_in_place<espclient_rs::rule::eventobject::ProcessConfig>(longlong param_1)	false	false	false
180014430	858	espclient_rs::rule::RuleActionMatchSubrules::new	undefined __fastcall new(ulonglong * param_1, uint param_2, longlong * param_3)	false	false	false
1800147a0	512	core::ptr::drop_in_place<espclient_rs::rule::eventobject::FileStreamConfig>	undefined __fastcall drop_in_place<espclient_rs::rule::eventobject::FileStreamConfig>(longlong param_1)	false	false	false
1800149b0	490	core::ptr::drop_in_place<espclient_rs::rule::eventobject::VolumeConfig>	undefined __fastcall drop_in_place<espclient_rs::rule::eventobject::VolumeConfig>(longlong param_1)	false	false	false
180014bb0	260	core::ptr::drop_in_place<espclient_rs::rule::filesystem::IoOperationConfig>	undefined __fastcall drop_in_place<espclient_rs::rule::filesystem::IoOperationConfig>(longlong param_1)	false	false	false
180014cc0	234	core::ptr::drop_in_place<espclient_rs::rule::filesystem::AccessStateConfig>	undefined __fastcall drop_in_place<espclient_rs::rule::filesystem::AccessStateConfig>(longlong param_1)	false	false	false
180014db0	428	core::ptr::drop_in_place<espclient_rs::rule::eventobject::FileObjectConfig>	undefined __fastcall drop_in_place<espclient_rs::rule::eventobject::FileObjectConfig>(longlong param_1)	false	false	false
180014f70	289	core::ptr::drop_in_place<espclient_rs::rule::eventobject::RegistryKeyObjectConfig>	undefined __fastcall drop_in_place<espclient_rs::rule::eventobject::RegistryKeyObjectConfig>(longlong param_1)	false	false	false
1800150a0	340	core::ptr::drop_in_place<enum2$<espclient_rs::rule::ob::ObTargetObjectConfig>_>	ulonglong __fastcall drop_in_place<enum2$<espclient_rs::rule::ob::ObTargetObjectConfig>_>(ulonglong * param_1)	false	false	false
180015200	683	espclient_rs::filter::comparison::SidComparison::to_predicate	undefined __fastcall to_predicate(undefined8 * param_1, longlong * param_2, undefined8 * param_3, longlong * param_4)	false	false	false
1800154c0	92	espclient_rs::filter::comparison::SidComparison::try_from_raw	undefined __fastcall try_from_raw(undefined8 * param_1, int * param_2)	false	false	false
180015610	328	espclient_rs::filter::comparison::copy_sid	undefined __fastcall copy_sid(undefined8 * param_1, PSID param_2)	false	false	false
180015760	508	espclient_rs::filter::comparison::BoolComparison::to_predicate	undefined __fastcall to_predicate(undefined8 * param_1, char * param_2, undefined8 * param_3, longlong * param_4)	false	false	false
180015a20	210	espclient_rs::filter::comparison::BoolComparison::try_from_bytes	undefined __fastcall try_from_bytes(undefined8 * param_1, uint * param_2, ulonglong param_3)	false	false	false
180015b00	127	enum2$<espclient_rs::filter::comparison::PortComparison>::try_from_bytes	undefined __fastcall try_from_bytes(undefined2 * param_1, undefined4 * param_2, ulonglong param_3)	false	false	false
180015c50	249	espclient_rs::filter::comparison::BinaryComparison::serialize_rhs	undefined __fastcall serialize_rhs(undefined8 * param_1, longlong * param_2, longlong * param_3)	false	false	false
180015ef0	652	espclient_rs::filter::comparison::BinaryComparison::try_from_raw	undefined __fastcall try_from_raw(ulonglong * param_1, int * param_2)	false	false	false
180016190	150	espclient_rs::filter::comparison::BinaryComparison::as_ffi	undefined __fastcall as_ffi(undefined4 * param_1, ulonglong * param_2, undefined4 param_3)	false	false	false
180016230	394	espclient_rs::filter::comparison::EaListComparison::to_predicate	undefined __fastcall to_predicate(undefined8 * param_1, int * param_2, undefined8 * param_3)	false	false	false
180016740	737	espclient_rs::filter::comparison::EaListComparison::try_from_bytes	undefined __fastcall try_from_bytes(ulonglong * param_1, uint * param_2, ulonglong param_3)	false	false	false
180016a30	38	espclient_rs::filter::comparison::EaListComparison::as_ffi	undefined __fastcall as_ffi(undefined8 param_1, longlong * param_2)	false	false	false
180016b90	48	espclient_rs::filter::comparison::StringComparison::to_predicate	undefined __fastcall to_predicate(undefined8 param_1, longlong param_2)	false	false	false
180016eb0	608	espclient_rs::filter::comparison::StringComparison::try_from_raw	undefined __fastcall try_from_raw(ulonglong * param_1, int * param_2)	false	false	false
180017120	51	espclient_rs::filter::comparison::StringComparison::to_path_predicate	undefined __fastcall to_path_predicate(undefined8 param_1, longlong param_2)	false	false	false
180017460	141	espclient_rs::filter::comparison::StringComparison::as_ffi	undefined __fastcall as_ffi(undefined4 * param_1, ulonglong * param_2, undefined8 param_3, ulonglong param_4)	false	false	false
180017500	162	espclient_rs::filter::comparison::ContextComparison::try_from_bytes	undefined __fastcall try_from_bytes(longlong * param_1, undefined4 param_2, uint * param_3, ulonglong param_4)	false	false	false
180017700	582	enum2$<espclient_rs::filter::comparison::DataComparison>::try_from_raw	undefined __fastcall try_from_raw(undefined8 * param_1, uint * param_2, uint * param_3)	false	false	false
180017950	594	espclient_rs::filter::comparison::NumericComparison::try_from_raw	undefined __fastcall try_from_raw(undefined8 * param_1, int * param_2)	false	false	false
180017bb0	354	espclient_rs::filter::comparison::impl$3::try_from_raw::get_transform_list	undefined __fastcall get_transform_list(undefined4 * param_1, undefined8 param_2, uint param_3, uint * param_4)	false	false	false
180017ee0	1470	espclient_rs::filter::comparison::ContextComparison::serialize_predicate	undefined __fastcall serialize_predicate(longlong * param_1, ulonglong * param_2, undefined8 * param_3)	false	false	false
180018650	54	espclient_rs::filter::comparison::NumericComparison::to_predicate	undefined __fastcall to_predicate(undefined8 param_1, longlong param_2)	false	false	false
180018af0	335	espclient_rs::filter::comparison::ContextComparison::as_ffi	undefined __fastcall as_ffi(undefined4 * param_1, ulonglong * param_2)	false	false	false
180018c50	437	enum2$<espclient_rs::filter::comparison::DataComparison>::as_ffi_raw	undefined __fastcall as_ffi_raw(ulonglong * param_1, ulonglong * param_2)	false	false	false
180018e10	132	enum2$<espclient_rs::filter::comparison::IpAddressComparison>::try_from_bytes	undefined __fastcall try_from_bytes(undefined4 * param_1, uint * param_2, ulonglong param_3)	false	false	false
1800190f0	305	enum2$<espclient_rs::filter::comparison::IpAddressComparison>::as_ffi	undefined __fastcall as_ffi(undefined4 * param_1, int * param_2, undefined8 param_3)	false	false	false
180019230	773	espclient_rs::filter::comparison::TokenGroupsComparison::try_from_bytes	undefined __fastcall try_from_bytes(longlong * param_1, uint * param_2, ulonglong param_3)	false	false	false
180019540	834	espclient_rs::filter::comparison::TokenPrivilegesComparison::try_from_bytes	undefined __fastcall try_from_bytes(ulonglong * param_1, uint * param_2, ulonglong param_3)	false	false	false
180019890	31	espclient_rs::filter::comparison::TokenPrivilegesComparison::as_ffi	undefined __fastcall as_ffi(undefined8 param_1, longlong * param_2)	false	false	false
1800199c0	58	enum2$<espclient_rs::filter::comparison::ComparisonFilterDescriptor>::try_from_bytes	undefined __fastcall try_from_bytes(undefined8 param_1, uint param_2)	false	false	false
18001a970	4508	espclient_rs::filter::comparison::MemoryAddressBasicComparison::try_from_bytes	undefined __fastcall try_from_bytes(undefined8 * param_1, uint * param_2, ulonglong param_3)	false	false	false
18001bb20	876	espclient_rs::filter::comparison::SecurityDescriptorComparison::try_from_bytes	undefined __fastcall try_from_bytes(ulonglong * param_1, uint * param_2, ulonglong param_3)	false	false	false
18001bea0	165	core::ptr::drop_in_place<enum2$<core::option::Option<espclient_rs::filter::comparison::NumericComparison>_>_>	undefined __fastcall drop_in_place<enum2$<core::option::Option<espclient_rs::filter::comparison::NumericComparison>_>_>(longlong * param_1)	false	false	false
18001bf60	806	espclient_rs::filter::comparison::MemoryAddressBasicComparison::to_predicate	undefined __fastcall to_predicate(undefined8 * param_1, longlong * param_2, undefined8 * param_3, undefined8 param_4)	false	false	false
18001c2a0	1665	espclient_rs::filter::comparison::SecurityDescriptorComparison::to_predicate	undefined __fastcall to_predicate(undefined8 * param_1, int * param_2, undefined8 * param_3, longlong * param_4)	false	false	false
18001cab0	121	espclient_rs::filter::comparison::impl$23::to_predicate::closure$0	undefined __fastcall closure$0(undefined4 * param_1, undefined8 param_2, undefined8 param_3, longlong * param_4)	false	false	false
18001cf50	38	espclient_rs::filter::comparison::MemoryAddressBasicComparison::as_ffi	undefined __fastcall as_ffi(undefined8 param_1, longlong * param_2)	false	false	false
18001d420	302	espclient_rs::filter::comparison::SecurityDescriptorComparison::as_ffi	undefined __fastcall as_ffi(undefined8 param_1, longlong * param_2)	false	false	false
18001d620	1400	espclient_rs::rule::filesystem::FoOpenConfig::try_as_ffi	undefined __fastcall try_as_ffi(int * param_1, longlong param_2)	false	false	false
18001dba0	1174	espclient_rs::rule::filesystem::IoOperationConfig::try_as_ffi	undefined __fastcall try_as_ffi(longlong * param_1, longlong param_2)	false	false	false
18001e040	479	espclient_rs::rule::filesystem::RemoteClientConfig::try_as_ffi	undefined __fastcall try_as_ffi(undefined8 * param_1, longlong * param_2)	false	false	false
18001e230	831	espclient_rs::rule::filesystem::AccessStateConfig::try_as_ffi	undefined __fastcall try_as_ffi(undefined8 * param_1, longlong param_2)	false	false	false
18001e580	1840	espclient_rs::rule::filesystem::FoOpenConfig::new	undefined __fastcall new(undefined8 * param_1, undefined8 * param_2, undefined8 param_3, undefined1 * param_4)	false	false	false
18001ecc0	1450	espclient_rs::rule::filesystem::IoOperationConfig::new	undefined __fastcall new(undefined8 * param_1, undefined8 * param_2, undefined8 param_3, undefined1 * param_4)	false	false	false
18001f270	260	core::ptr::drop_in_place<espclient_rs::rule::filesystem::IoOperationConfig>	undefined __fastcall drop_in_place<espclient_rs::rule::filesystem::IoOperationConfig>(longlong param_1)	false	false	false
18001f380	814	espclient_rs::rule::filesystem::RemoteClientConfig::new	undefined __fastcall new(ulonglong * param_1, undefined8 * param_2, undefined8 param_3, undefined4 param_4)	false	false	false
18001f6c0	156	core::ptr::drop_in_place<espclient_rs::rule::basic::EcpListConfig>	undefined __fastcall drop_in_place<espclient_rs::rule::basic::EcpListConfig>(longlong * param_1)	false	false	false
18001f770	955	espclient_rs::rule::filesystem::AccessStateConfig::new	undefined __fastcall new(ulonglong * param_1, undefined8 * param_2, undefined8 param_3, undefined4 param_4)	false	false	false
18001fb40	212	core::ptr::drop_in_place<espclient_rs::rule::filesystem::RemoteClientConfig>	undefined __fastcall drop_in_place<espclient_rs::rule::filesystem::RemoteClientConfig>(longlong * param_1)	false	false	false
18001fc20	642	core::ptr::drop_in_place<espclient_rs::rule::eventobject::FileObjectConfig>	undefined __fastcall drop_in_place<espclient_rs::rule::eventobject::FileObjectConfig>(longlong param_1)	false	false	false
18001feb0	338	espclient_rs::rule::filesystem::FoReadConfig::try_as_ffi	undefined __fastcall try_as_ffi(undefined8 * param_1, longlong param_2)	false	false	false
180020010	419	espclient_rs::rule::filesystem::FoReadConfig::new	undefined __fastcall new(undefined8 * param_1, undefined8 * param_2, undefined8 param_3, undefined1 * param_4)	false	false	false
1800201c0	649	espclient_rs::rule::filesystem::FoWriteConfig::try_as_ffi	undefined __fastcall try_as_ffi(ulonglong * param_1, longlong param_2)	false	false	false
180020450	719	espclient_rs::rule::filesystem::FoWriteConfig::new	undefined __fastcall new(undefined8 * param_1, undefined8 * param_2, undefined8 param_3, undefined1 * param_4)	false	false	false
180020730	367	espclient_rs::rule::filesystem::FsSetEaConfig::try_as_ffi	undefined __fastcall try_as_ffi(int * param_1, longlong param_2)	false	false	false
1800208b0	441	espclient_rs::rule::filesystem::FsSetEaConfig::new	undefined __fastcall new(undefined8 * param_1, undefined8 * param_2, undefined8 param_3, undefined1 * param_4)	false	false	false
180020a70	1538	espclient_rs::rule::filesystem::FoCreateConfig::try_as_ffi	undefined __fastcall try_as_ffi(int * param_1, longlong param_2)	false	false	false
180021080	2414	espclient_rs::rule::filesystem::FoCreateConfig::new	undefined __fastcall new(undefined8 * param_1, undefined8 * param_2, undefined8 param_3, undefined1 * param_4)	false	false	false
180021a00	195	espclient_rs::rule::filesystem::FoCleanupConfig::try_as_ffi	undefined __fastcall try_as_ffi(longlong * param_1, longlong param_2)	false	false	false
180021ad0	867	espclient_rs::rule::filesystem::FsFileLockConfig::try_as_ffi	undefined __fastcall try_as_ffi(longlong * param_1, longlong param_2)	false	false	false
180021e40	1070	espclient_rs::rule::filesystem::FsFileLockConfig::new	undefined __fastcall new(undefined8 * param_1, undefined8 * param_2, undefined8 param_3, undefined1 * param_4)	false	false	false
180022280	1341	espclient_rs::rule::filesystem::PipeCreateConfig::try_as_ffi	undefined __fastcall try_as_ffi(uint * param_1, longlong param_2)	false	false	false
1800227d0	1599	espclient_rs::rule::filesystem::PipeCreateConfig::new	undefined __fastcall new(undefined8 * param_1, undefined8 * param_2, undefined8 param_3, undefined1 * param_4)	false	false	false
180022e20	655	espclient_rs::rule::filesystem::FsFileFsctlConfig::try_as_ffi	undefined __fastcall try_as_ffi(int * param_1, longlong param_2)	false	false	false
1800230c0	724	espclient_rs::rule::filesystem::FsFileFsctlConfig::new	undefined __fastcall new(undefined8 * param_1, undefined8 * param_2, undefined8 param_3, undefined1 * param_4)	false	false	false
1800233a0	931	espclient_rs::rule::filesystem::VolumeFsctlConfig::try_as_ffi	undefined __fastcall try_as_ffi(int * param_1, longlong param_2)	false	false	false
180023750	933	espclient_rs::rule::filesystem::VolumeFsctlConfig::new	undefined __fastcall new(undefined8 * param_1, undefined8 * param_2, undefined8 param_3, undefined1 * param_4)	false	false	false
180023b00	644	espclient_rs::rule::filesystem::VolumeMountConfig::try_as_ffi	undefined __fastcall try_as_ffi(longlong * param_1, longlong param_2)	false	false	false
180023d90	599	espclient_rs::rule::filesystem::VolumeMountConfig::new	undefined __fastcall new(undefined8 * param_1, undefined8 * param_2, undefined8 param_3, undefined1 * param_4)	false	false	false
180023ff0	774	espclient_rs::rule::filesystem::FsFileUnlockConfig::try_as_ffi	undefined __fastcall try_as_ffi(longlong * param_1, longlong param_2)	false	false	false
180024300	863	espclient_rs::rule::filesystem::FsFileUnlockConfig::new	undefined __fastcall new(undefined8 * param_1, undefined8 * param_2, undefined8 param_3, undefined1 * param_4)	false	false	false
180024670	1144	espclient_rs::rule::filesystem::MailslotCreateConfig::try_as_ffi	undefined __fastcall try_as_ffi(int * param_1, longlong param_2)	false	false	false
180024af0	1223	espclient_rs::rule::filesystem::MailslotCreateConfig::new	undefined __fastcall new(undefined8 * param_1, undefined8 * param_2, undefined8 param_3, undefined1 * param_4)	false	false	false
180024fc0	487	espclient_rs::rule::filesystem::FsFileQueryOpenConfig::try_as_ffi	undefined __fastcall try_as_ffi(int * param_1, longlong param_2)	false	false	false
1800251b0	497	espclient_rs::rule::filesystem::FsFileQueryOpenConfig::new	undefined __fastcall new(undefined8 * param_1, undefined8 * param_2, undefined8 param_3, undefined1 * param_4)	false	false	false
1800253b0	521	espclient_rs::rule::filesystem::FsSetFileSecurityConfig::try_as_ffi	undefined __fastcall try_as_ffi(int * param_1, longlong param_2)	false	false	false
1800255c0	566	espclient_rs::rule::filesystem::FsSetFileSecurityConfig::new	undefined __fastcall new(undefined8 * param_1, undefined8 * param_2, undefined8 param_3, undefined1 * param_4)	false	false	false
180025800	617	espclient_rs::rule::filesystem::FsFileCreateSectionConfig::try_as_ffi	undefined __fastcall try_as_ffi(int * param_1, longlong param_2)	false	false	false
180025a70	659	espclient_rs::rule::filesystem::FsFileCreateSectionConfig::new	undefined __fastcall new(undefined8 * param_1, undefined8 * param_2, undefined8 param_3, undefined1 * param_4)	false	false	false
180025d10	1250	espclient_rs::rule::filesystem::FsSetFileInformationConfig::try_as_ffi	undefined __fastcall try_as_ffi(longlong * param_1, longlong param_2)	false	false	false
180026200	1266	espclient_rs::rule::filesystem::FsSetFileInformationConfig::new	undefined __fastcall new(undefined8 * param_1, undefined8 * param_2, undefined8 param_3, undefined1 * param_4)	false	false	false
180026700	290	espclient_rs::rule::filesystem::KtmTransactionCommitConfig::try_as_ffi	undefined __fastcall try_as_ffi(undefined8 * param_1, longlong param_2)	false	false	false
180026830	365	espclient_rs::rule::filesystem::FsQueryFileInformationConfig::try_as_ffi	undefined __fastcall try_as_ffi(int * param_1, longlong param_2)	false	false	false
1800269b0	350	espclient_rs::rule::filesystem::FsQueryFileInformationConfig::new	undefined __fastcall new(undefined8 * param_1, undefined8 * param_2, undefined8 param_3, undefined1 * param_4)	false	false	false
180026b20	500	espclient_rs::rule::filesystem::FsQueryDirectoryInformationConfig::try_as_ffi	undefined __fastcall try_as_ffi(int * param_1, longlong param_2)	false	false	false
180026d20	500	espclient_rs::rule::filesystem::FsQueryDirectoryInformationConfig::new	undefined __fastcall new(undefined8 * param_1, undefined8 * param_2, undefined8 param_3, undefined1 * param_4)	false	false	false
180026f20	346	EspRsCreateCompositeFilter	undefined8 __fastcall EspRsCreateCompositeFilter(int param_1, longlong param_2, longlong param_3, undefined8 * param_4)	false	false	false
1800270d0	162	EspRsCreateFilter	undefined8 __fastcall EspRsCreateFilter(uint * param_1, undefined8 * param_2)	false	false	false
1800271d0	765	EspRsCreateNotFilter	undefined8 __fastcall EspRsCreateNotFilter(int * param_1, undefined8 * param_2, int param_3)	false	false	false
180027520	2325	EspRsCreateRule	undefined8 __fastcall EspRsCreateRule(ulonglong * param_1, undefined8 * param_2, undefined8 * param_3)	false	false	false
180028510	68	EspRsDestroyFilter	undefined __fastcall EspRsDestroyFilter(longlong param_1)	false	false	false
180028560	58	EspRsDestroyRule	undefined __fastcall EspRsDestroyRule(longlong param_1)	false	false	false
1800285a0	220	EspRsGetNotificationPayload	int __fastcall EspRsGetNotificationPayload(undefined8 param_1, undefined8 param_2, longlong param_3, uint param_4, uint * param_5)	false	false	false
180028690	209	EspRsGetRuleDescriptor	undefined8 __fastcall EspRsGetRuleDescriptor(longlong param_1, longlong * param_2)	false	false	false
18002b080	597	EspRsInitNotification	undefined4 __fastcall EspRsInitNotification(ulonglong param_1, ulonglong param_2, longlong param_3, ulonglong param_4, ulonglong param_5)	false	false	false
18002b2e0	19	espclient_rs::hresult::impl$0::from	undefined __fastcall from(uint * param_1)	false	false	false
18002b340	73	EspRsIsPropertyTypeSupported	undefined8 __fastcall EspRsIsPropertyTypeSupported(ulonglong param_1, undefined8 param_2, longlong param_3)	false	false	false
18002b410	190	EspRsSendClearEventQueue	int __fastcall EspRsSendClearEventQueue(longlong param_1, undefined8 * param_2)	false	false	false
18002b4e0	180	EspRsSendCloseCollection	int __fastcall EspRsSendCloseCollection(longlong param_1, undefined8 param_2)	false	false	false
18002b5a0	180	EspRsSendCloseEventObjectReference	int __fastcall EspRsSendCloseEventObjectReference(longlong param_1, undefined8 param_2)	false	false	false
18002b660	180	EspRsSendCloseEventQueue	int __fastcall EspRsSendCloseEventQueue(longlong param_1, undefined8 param_2)	false	false	false
18002b720	180	EspRsSendCompleteAsyncNotification	int __fastcall EspRsSendCompleteAsyncNotification(longlong param_1, undefined8 param_2)	false	false	false
18002b7e0	135	EspRsSendCreateCollection	undefined8 __fastcall EspRsSendCreateCollection(longlong param_1, ulonglong param_2, longlong param_3)	false	false	false
18002b920	149	EspRsSendCreateEventQueue	undefined4 __fastcall EspRsSendCreateEventQueue(longlong param_1, undefined8 * param_2, undefined8 * param_3)	false	false	false
18002ba30	291	EspRsSendEnumerateAllClientContextKeys	uint __fastcall EspRsSendEnumerateAllClientContextKeys(longlong param_1, longlong param_2, uint param_3, uint * param_4)	false	false	false
18002bb60	293	EspRsSendEnumerateAllEventObjectContextKeys	uint __fastcall EspRsSendEnumerateAllEventObjectContextKeys(longlong param_1, undefined8 param_2, longlong param_3, uint param_4, uint * param_5)	false	false	false
18002bc90	357	EspRsSendEnumerateClientRules	uint __fastcall EspRsSendEnumerateClientRules(longlong param_1, undefined4 * param_2, longlong param_3, uint param_4, uint * param_5)	false	false	false
18002be40	313	EspRsSendEnumerateCollectionEntries	uint __fastcall EspRsSendEnumerateCollectionEntries(longlong param_1, undefined8 * param_2, longlong param_3, uint param_4, uint * param_5)	false	false	false
18002bf80	137	EspRsSendEnumerateCollectionIds	uint __fastcall EspRsSendEnumerateCollectionIds(longlong param_1, undefined4 param_2, longlong param_3, uint param_4, uint * param_5)	false	false	false
18002c0f0	291	EspRsSendEnumerateConnectedClients	uint __fastcall EspRsSendEnumerateConnectedClients(longlong param_1, longlong param_2, uint param_3, uint * param_4)	false	false	false
18002c220	137	EspRsSendEnumerateEventQueueIds	uint __fastcall EspRsSendEnumerateEventQueueIds(longlong param_1, undefined4 param_2, longlong param_3, uint param_4, uint * param_5)	false	false	false
18002c390	291	EspRsSendEnumerateRegisteredClients	uint __fastcall EspRsSendEnumerateRegisteredClients(longlong param_1, longlong param_2, uint param_3, uint * param_4)	false	false	false
18002c4c0	411	EspRsSendGetEventCapabilities	ulonglong __fastcall EspRsSendGetEventCapabilities(longlong param_1, uint param_2, undefined4 * param_3)	false	false	false
18002c670	210	EspRsSendOpenCollection	int __fastcall EspRsSendOpenCollection(longlong param_1, undefined8 * param_2, longlong param_3)	false	false	false
18002c750	243	EspRsSendOpenEventQueue	int __fastcall EspRsSendOpenEventQueue(longlong param_1, undefined8 * param_2, undefined8 * param_3)	false	false	false
18002c850	313	EspRsSendQueryClientDescriptor	uint __fastcall EspRsSendQueryClientDescriptor(longlong param_1, undefined8 * param_2, longlong param_3, uint param_4, uint * param_5)	false	false	false
18002c990	215	EspRsSendQueryObjectProperties	undefined8 __fastcall EspRsSendQueryObjectProperties(longlong param_1, undefined8 param_2, uint param_3, int param_4, longlong param_5, longlong param_6, int param_7, longlong param_8)	false	false	false
18002cf10	122	EspRsSendReferenceEventObject	undefined8 __fastcall EspRsSendReferenceEventObject(longlong param_1, uint param_2, int param_3, longlong param_4, longlong param_5)	false	false	false
18002d5a0	184	EspRsSendRemoveAllClientRules	int __fastcall EspRsSendRemoveAllClientRules(longlong param_1)	false	false	false
18002d660	79	EspRsSendRemoveClientRules	undefined8 __fastcall EspRsSendRemoveClientRules(longlong param_1, ulonglong param_2)	false	false	false
18002d750	223	EspRsSendSetClientContextKey	undefined8 __fastcall EspRsSendSetClientContextKey(longlong param_1, int * param_2)	false	false	false
18002dae0	233	EspRsSendSetEventObjectContext	undefined8 __fastcall EspRsSendSetEventObjectContext(longlong param_1, undefined8 param_2, int * param_3)	false	false	false
18002de80	162	EspRsSendUpdateCollection	undefined8 __fastcall EspRsSendUpdateCollection(longlong param_1, longlong param_2, uint param_3, undefined8 param_4, int param_5, longlong param_6)	false	false	false
18002e210	67	core::ptr::drop_in_place<enum2$<espclient_rs::collection::StableCollectionUpdates>_>	undefined __fastcall drop_in_place<enum2$<espclient_rs::collection::StableCollectionUpdates>_>(longlong param_1)	false	false	false
18002e260	682	EspRsSendUpdateRules	ulonglong __fastcall EspRsSendUpdateRules(longlong param_1, uint * param_2, ulonglong param_3, undefined4 param_4)	false	false	false
1800321f0	3141	EspRsStringMatchesPattern	undefined EspRsStringMatchesPattern(void)	false	false	false
180032e70	58	enum2$<espclient_rs::filter::disk::DiskFilterDescriptor>::try_from_bytes	undefined __fastcall try_from_bytes(undefined8 param_1, ulonglong param_2, undefined8 param_3, undefined8 param_4, undefined8 param_5)	false	false	false
180033710	183	alloc::raw_vec::RawVecInner<alloc::alloc::Global>::try_reserve<alloc::alloc::Global>	ulonglong __fastcall try_reserve<alloc::alloc::Global>(ulonglong * param_1, ulonglong param_2, ulonglong param_3, LPVOID param_4, ulonglong param_5)	false	false	false
1800337d0	53	alloc::raw_vec::impl$3::drop<enum2$<wesp_api_types::message::rule::RuleUpdate>,alloc::alloc::Global>	undefined __fastcall drop<enum2$<wesp_api_types::message::rule::RuleUpdate>,alloc::alloc::Global>(longlong param_1, LPVOID param_2)	false	false	false
180033810	250	hashbrown::raw::impl$17::drop<tuple$<bdd::apply::UniqueTableKey<espclient_rs::bdd::ArcPredicate>,bdd::NodeIndex>,hashbrown::raw::alloc::inner::Global>	undefined __fastcall drop<tuple$<bdd::apply::UniqueTableKey<espclient_rs::bdd::ArcPredicate>,bdd::NodeIndex>,hashbrown::raw::alloc::inner::Global>(undefined8 * param_1)	false	false	false
180033920	428	core::ptr::swap_nonoverlapping_bytes	undefined __fastcall swap_nonoverlapping_bytes(undefined8 * param_1, undefined8 * param_2, ulonglong param_3)	false	false	false
180033ae0	79	hashbrown::raw::RawTableInner::find_insert_index	ulonglong __fastcall find_insert_index(undefined1[16] * param_1, ulonglong param_2, ulonglong param_3)	false	false	false
180033b40	80	espclient_rs::rule::event::impl$0::walk_children<espclient_rs::rule::RuleMessageState>	undefined __fastcall walk_children<espclient_rs::rule::RuleMessageState>(undefined8 param_1, ulonglong * param_2)	false	false	false
180036de0	79	espclient_rs::rule::event::impl$0::walk_children<espclient_rs::rule::binding_keys::BindingKeyVisitor>	undefined __fastcall walk_children<espclient_rs::rule::binding_keys::BindingKeyVisitor>(undefined8 param_1, ulonglong * param_2)	false	false	false
18003b850	16171	espclient_rs::rule::event::EventConfig::new	undefined new(void)	false	false	false
1800491c0	662	enum2$<espclient_rs::filter::pipe::PipeFilterDescriptor>::try_from_bytes	undefined __fastcall try_from_bytes(ulonglong * param_1, int param_2, undefined4 param_3, uint * param_4, ulonglong param_5)	false	false	false
180049460	284	espclient_rs::rule::registry::impl$29::walk_children<espclient_rs::rule::RuleMessageState>	undefined __fastcall walk_children<espclient_rs::rule::RuleMessageState>(uint * param_1, longlong param_2, ulonglong * param_3)	false	false	false
180049590	501	espclient_rs::rule::registry::impl$29::walk_children<espclient_rs::rule::binding_keys::BindingKeyVisitor>	undefined __fastcall walk_children<espclient_rs::rule::binding_keys::BindingKeyVisitor>(int * param_1, longlong param_2, longlong * param_3)	false	false	false
180049790	432	espclient_rs::rule::registry::impl$25::walk_children<espclient_rs::rule::binding_keys::BindingKeyVisitor>	undefined __fastcall walk_children<espclient_rs::rule::binding_keys::BindingKeyVisitor>(int * param_1, longlong param_2, longlong * param_3)	false	false	false
180049950	317	espclient_rs::rule::registry::impl$25::walk_children<espclient_rs::rule::RuleMessageState>	undefined __fastcall walk_children<espclient_rs::rule::RuleMessageState>(uint * param_1, longlong param_2, ulonglong * param_3)	false	false	false
180049aa0	101	enum2$<espclient_rs::collection::StableCollectionUpdates>::push_binary	undefined __fastcall push_binary(longlong * param_1, undefined8 * param_2)	false	false	false
180049b10	100	enum2$<espclient_rs::collection::StableCollectionUpdates>::push_string	undefined __fastcall push_string(int * param_1, undefined8 * param_2)	false	false	false
180049b80	105	enum2$<espclient_rs::collection::StableCollectionUpdates>::push_integer	undefined __fastcall push_integer(int * param_1, undefined8 param_2, undefined8 param_3)	false	false	false
180049bf0	751	enum2$<espclient_rs::rule::modify::EventModify>::from_ffi	undefined __fastcall from_ffi(undefined1 * param_1, int param_2, int * param_3)	false	false	false
180049ef0	349	espclient_rs::rule::modify::AccessMaskModificationList::from_ffi	undefined __fastcall from_ffi(undefined8 * param_1, uint param_2, ulonglong param_3)	false	false	false
18004a060	783	espclient_rs::rule::context::ContextKeyConfig::try_as_ffi	undefined __fastcall try_as_ffi(undefined4 * param_1, longlong param_2)	false	false	false
18004a6c0	484	espclient_rs::rule::context::ContextKeyConfig::to_rule_messages	undefined __fastcall to_rule_messages(undefined8 * param_1, longlong param_2)	false	false	false
18004c1a0	808	espclient_rs::rule::context::ContextKeyConfig::new	undefined __fastcall new(ulonglong * param_1, ulonglong param_2, int * param_3)	false	false	false
18004c4d0	412	espclient_rs::rule::registry::RegEnumKeyConfig::try_as_ffi	undefined __fastcall try_as_ffi(undefined8 * param_1, longlong param_2)	false	false	false
18004c680	491	espclient_rs::rule::registry::RegEnumKeyConfig::new	undefined __fastcall new(undefined8 * param_1, int * param_2)	false	false	false
18004c880	724	espclient_rs::rule::registry::RegLoadKeyConfig::try_as_ffi	undefined __fastcall try_as_ffi(ulonglong * param_1, longlong param_2)	false	false	false
18004cb60	946	espclient_rs::rule::registry::RegLoadKeyConfig::new	undefined __fastcall new(undefined8 * param_1, int * param_2, undefined8 param_3, undefined4 param_4)	false	false	false
18004cf20	988	espclient_rs::rule::registry::RegOpenKeyConfig::try_as_ffi	undefined __fastcall try_as_ffi(undefined8 * param_1, longlong param_2)	false	false	false
18004d310	1318	espclient_rs::rule::registry::RegOpenKeyConfig::new	undefined __fastcall new(undefined8 * param_1, int * param_2)	false	false	false
18004d840	705	espclient_rs::rule::registry::RegSaveKeyConfig::try_as_ffi	undefined __fastcall try_as_ffi(longlong * param_1, longlong param_2)	false	false	false
18004db10	1698	espclient_rs::rule::registry::RegSaveKeyConfig::new	undefined __fastcall new(undefined8 * param_1, int * param_2)	false	false	false
18004e1c0	293	espclient_rs::rule::registry::RegQueryKeyConfig::try_as_ffi	undefined __fastcall try_as_ffi(undefined8 * param_1, longlong param_2)	false	false	false
18004e2f0	344	espclient_rs::rule::registry::RegQueryKeyConfig::new	undefined __fastcall new(undefined8 * param_1, int * param_2)	false	false	false
18004e450	1129	espclient_rs::rule::registry::RegCreateKeyConfig::try_as_ffi	undefined __fastcall try_as_ffi(undefined8 * param_1, longlong param_2)	false	false	false
18004e8c0	1633	espclient_rs::rule::registry::RegCreateKeyConfig::new	undefined __fastcall new(undefined8 * param_1, int * param_2, undefined8 param_3, undefined4 param_4)	false	false	false
18004ef30	294	espclient_rs::rule::registry::RegRenameKeyConfig::try_as_ffi	undefined __fastcall try_as_ffi(undefined8 * param_1, longlong param_2)	false	false	false
18004f060	413	espclient_rs::rule::registry::RegRenameKeyConfig::new	undefined __fastcall new(undefined8 * param_1, int * param_2, undefined8 param_3, undefined4 param_4)	false	false	false
18004f210	431	espclient_rs::rule::registry::RegReplaceKeyConfig::try_as_ffi	undefined __fastcall try_as_ffi(ulonglong * param_1, longlong param_2)	false	false	false
18004f3d0	516	espclient_rs::rule::registry::RegReplaceKeyConfig::new	undefined __fastcall new(undefined8 * param_1, int * param_2, undefined8 param_3, undefined4 param_4)	false	false	false
18004f5e0	1195	espclient_rs::rule::registry::RegSetValueKeyConfig::try_as_ffi	undefined __fastcall try_as_ffi(ulonglong * param_1, longlong param_2)	false	false	false
18004faa0	963	espclient_rs::rule::registry::RegSetValueKeyConfig::new	undefined __fastcall new(undefined8 * param_1, int * param_2, undefined8 param_3, undefined4 param_4)	false	false	false
18004fe70	493	espclient_rs::rule::registry::RegValueQueryConfig::new	undefined __fastcall new(ulonglong * param_1, undefined8 * param_2)	false	false	false
180050070	422	espclient_rs::rule::registry::RegQueryValueKeyConfig::try_as_ffi	undefined __fastcall try_as_ffi(undefined8 * param_1, longlong param_2)	false	false	false
180050220	494	espclient_rs::rule::registry::RegQueryValueKeyConfig::new	undefined __fastcall new(undefined8 * param_1, int * param_2, undefined8 param_3, undefined4 param_4)	false	false	false
180050420	768	espclient_rs::rule::registry::RegDeleteValueKeyConfig::try_as_ffi	undefined __fastcall try_as_ffi(longlong * param_1, longlong param_2)	false	false	false
180050730	642	espclient_rs::rule::registry::RegDeleteValueKeyConfig::new	undefined __fastcall new(undefined8 * param_1, int * param_2, undefined8 param_3, undefined4 param_4)	false	false	false
1800509c0	446	espclient_rs::rule::registry::RegSetKeySecurityConfig::try_as_ffi	undefined __fastcall try_as_ffi(undefined8 * param_1, longlong param_2)	false	false	false
180050b90	560	espclient_rs::rule::registry::RegSetKeySecurityConfig::new	undefined __fastcall new(undefined8 * param_1, int * param_2, undefined8 param_3, undefined4 param_4)	false	false	false
180050dd0	59	enum2$<espclient_rs::filter::token::TokenFilterDescriptor>::try_from_bytes	undefined __fastcall try_from_bytes(undefined8 param_1, ulonglong param_2, undefined8 param_3, undefined8 param_4, undefined8 param_5)	false	false	false
180051630	601	espclient_rs::rule::eventobject::FileConfig::link_notification_entry	undefined __fastcall link_notification_entry(char * param_1, longlong param_2, longlong param_3)	false	false	false
180051890	1547	espclient_rs::rule::eventobject::ProcessConfig::build_notification_entries_into	undefined __fastcall build_notification_entries_into(ulonglong * param_1, longlong param_2, undefined2 * param_3, ulonglong * param_4)	false	false	false
180051ee0	1396	espclient_rs::rule::eventobject::PipeConfig::new	undefined __fastcall new(ulonglong * param_1, int * param_2)	false	false	false
180052460	289	espclient_rs::rule::eventobject::TokenConfig::try_as_ffi	undefined __fastcall try_as_ffi(undefined8 * param_1, longlong param_2)	false	false	false
180052590	1356	espclient_rs::rule::eventobject::TokenConfig::new	ulonglong * __fastcall new(ulonglong * param_1, uint * param_2)	false	false	false
180052af0	868	espclient_rs::rule::eventobject::ThreadConfig::try_as_ffi	undefined __fastcall try_as_ffi(undefined8 * param_1, longlong param_2)	false	false	false
180052e60	1127	espclient_rs::rule::eventobject::ProcessConfig::try_as_ffi	undefined __fastcall try_as_ffi(undefined8 * param_1, longlong param_2)	false	false	false
1800532d0	846	espclient_rs::rule::eventobject::FileStreamConfig::try_as_ffi	undefined __fastcall try_as_ffi(undefined8 * param_1, longlong param_2)	false	false	false
180053630	573	espclient_rs::rule::eventobject::VolumeConfig::try_as_ffi	undefined __fastcall try_as_ffi(undefined8 * param_1, longlong param_2)	false	false	false
180053880	2121	espclient_rs::rule::eventobject::ThreadConfig::new	undefined __fastcall new(undefined8 * param_1, uint * param_2, undefined8 param_3, undefined1 * param_4)	false	false	false
1800540d0	2280	espclient_rs::rule::eventobject::ProcessConfig::new	ulonglong * __fastcall new(undefined8 * param_1, uint * param_2, undefined8 param_3, undefined1 * param_4)	false	false	false
1800549c0	334	core::ptr::drop_in_place<espclient_rs::rule::eventobject::ProcessConfig>	undefined __fastcall drop_in_place<espclient_rs::rule::eventobject::ProcessConfig>(longlong param_1)	false	false	false
180054b20	205	core::ptr::drop_in_place<espclient_rs::rule::eventobject::EventObjectConfig<espclient_rs::filter::FileFilter>_>	ulonglong __fastcall drop_in_place<espclient_rs::rule::eventobject::EventObjectConfig<espclient_rs::filter::FileFilter>_>(longlong * param_1)	false	false	false
180054c00	277	core::ptr::drop_in_place<espclient_rs::rule::eventobject::FileStreamConfig>	undefined __fastcall drop_in_place<espclient_rs::rule::eventobject::FileStreamConfig>(longlong param_1)	false	false	false
180054d20	277	core::ptr::drop_in_place<espclient_rs::rule::eventobject::FileConfig>	undefined __fastcall drop_in_place<espclient_rs::rule::eventobject::FileConfig>(longlong param_1)	false	false	false
180054e40	277	core::ptr::drop_in_place<espclient_rs::rule::eventobject::VolumeConfig>	undefined __fastcall drop_in_place<espclient_rs::rule::eventobject::VolumeConfig>(longlong param_1)	false	false	false
180054f60	242	core::ptr::drop_in_place<espclient_rs::rule::eventobject::DiskConfig>	ulonglong __fastcall drop_in_place<espclient_rs::rule::eventobject::DiskConfig>(longlong param_1)	false	false	false
180055060	3677	espclient_rs::rule::eventobject::FileStreamConfig::new	ulonglong * __fastcall new(undefined8 * param_1, uint * param_2, undefined8 param_3, undefined1 * param_4)	false	false	false
180055ed0	58	core::ptr::drop_in_place<enum2$<core::option::Option<alloc::boxed::Box<espclient_rs::rule::eventobject::ProcessConfig,alloc::alloc::Global>_>_>_>	undefined __fastcall drop_in_place<enum2$<core::option::Option<alloc::boxed::Box<espclient_rs::rule::eventobject::ProcessConfig,alloc::alloc::Global>_>_>_>(LPVOID param_1)	false	false	false
180055f20	3189	espclient_rs::rule::eventobject::VolumeConfig::new	ulonglong * __fastcall new(undefined8 * param_1, int * param_2)	false	false	false
180056ba0	1396	espclient_rs::rule::eventobject::DesktopConfig::new	undefined __fastcall new(ulonglong * param_1, int * param_2)	false	false	false
180057120	1396	espclient_rs::rule::eventobject::MailslotConfig::new	undefined __fastcall new(ulonglong * param_1, int * param_2)	false	false	false
1800576a0	1975	espclient_rs::rule::eventobject::FileObjectConfig::try_as_ffi	undefined __fastcall try_as_ffi(undefined8 * param_1, longlong param_2)	false	false	false
180058200	1077	espclient_rs::rule::eventobject::FileObjectConfig::new	ulonglong * __fastcall new(undefined8 * param_1, longlong param_2)	false	false	false
180058f70	1356	espclient_rs::rule::eventobject::KtmTransactionConfig::new	ulonglong * __fastcall new(ulonglong * param_1, uint * param_2)	false	false	false
1800594d0	357	core::ptr::drop_in_place<enum2$<core::option::Option<enum2$<espclient_rs::rule::eventobject::FoTargetObjectConfig>_>_>_>	ulonglong __fastcall drop_in_place<enum2$<core::option::Option<enum2$<espclient_rs::rule::eventobject::FoTargetObjectConfig>_>_>_>(ulonglong * param_1)	false	false	false
180059640	1396	espclient_rs::rule::eventobject::RegistryKeyConfig::new	undefined __fastcall new(ulonglong * param_1, int * param_2)	false	false	false
180059bc0	841	espclient_rs::rule::eventobject::RegistryKeyObjectConfig::try_as_ffi	undefined __fastcall try_as_ffi(undefined8 * param_1, longlong param_2)	false	false	false
180059f10	2206	espclient_rs::rule::eventobject::RegistryKeyObjectConfig::new	undefined __fastcall new(undefined8 * param_1, int * param_2)	false	false	false
18005a7c0	117	espclient_rs::filter::FileObjectFilter::new	undefined __fastcall new(undefined4 * param_1, longlong param_2)	false	false	false
18005a840	21	espclient_rs::filter::impl$5::from	undefined __fastcall from(uint * param_1)	false	false	false
18005a880	136	espclient_rs::filter::Filter::try_as_ffi	undefined __fastcall try_as_ffi(undefined4 * param_1, longlong param_2)	false	false	false
18005c500	306	espclient_rs::filter::Filter::new_composite	undefined __fastcall new_composite(undefined4 * param_1, int param_2, longlong param_3, longlong param_4)	false	false	false
18005c640	55	espclient_rs::filter::Filter::new	undefined __fastcall new(undefined8 param_1, uint * param_2)	false	false	false
18005d8f0	274	enum2$<espclient_rs::filter::client::ClientFilterDescriptor>::try_from_bytes	undefined __fastcall try_from_bytes(longlong * param_1, int param_2, undefined4 param_3, uint * param_4, ulonglong param_5)	false	false	false
18005da10	58	enum2$<espclient_rs::filter::process::ProcessFilterDescriptor>::try_from_bytes	undefined __fastcall try_from_bytes(undefined8 param_1, ulonglong param_2, undefined8 param_3, undefined8 param_4, undefined8 param_5)	false	false	false
18005e8f0	58	enum2$<espclient_rs::filter::network::NetworkConnectionFilterDescriptor>::try_from_bytes	undefined __fastcall try_from_bytes(undefined8 param_1, ulonglong param_2, undefined8 param_3, undefined8 param_4, undefined8 param_5)	false	false	false
18005ef30	7239	espclient_rs::filter::Filter::to_bdd	undefined __fastcall to_bdd(longlong * param_1, undefined8 param_2, undefined8 param_3, undefined * param_4)	false	false	false
1800748d0	5	core::ops::function::FnOnce::call_once<espclient_rs::filter::to_bdd::impl$1::to_bdd::closure_env$0,tuple$<bool,bool>_>	byte __fastcall call_once<espclient_rs::filter::to_bdd::impl$1::to_bdd::closure_env$0,tuple$<bool,bool>_>(byte param_1, byte param_2)	false	false	false
1800748e0	5	core::ops::function::FnOnce::call_once<espclient_rs::filter::to_bdd::impl$1::to_bdd::closure_env$1,tuple$<bool,bool>_>	byte __fastcall call_once<espclient_rs::filter::to_bdd::impl$1::to_bdd::closure_env$1,tuple$<bool,bool>_>(byte param_1, byte param_2)	false	false	false
1800748f0	5	core::ops::function::FnOnce::call_once<espclient_rs::filter::to_bdd::impl$1::to_bdd::closure_env$2,tuple$<bool,bool>_>	byte __fastcall call_once<espclient_rs::filter::to_bdd::impl$1::to_bdd::closure_env$2,tuple$<bool,bool>_>(byte param_1, byte param_2)	false	false	false
180074900	117	espclient_rs::filter::impl$87::try_from	undefined __fastcall try_from(undefined4 * param_1, longlong param_2)	false	false	false
180074980	117	espclient_rs::filter::impl$75::try_from	undefined __fastcall try_from(undefined4 * param_1, longlong param_2)	false	false	false
180074a00	117	espclient_rs::filter::impl$105::try_from	undefined __fastcall try_from(undefined4 * param_1, longlong param_2)	false	false	false
180074a80	117	espclient_rs::filter::impl$63::try_from	undefined __fastcall try_from(undefined4 * param_1, longlong param_2)	false	false	false
180074b00	117	espclient_rs::filter::impl$111::try_from	undefined __fastcall try_from(undefined4 * param_1, longlong param_2)	false	false	false
180074b80	117	espclient_rs::filter::impl$66::try_from	undefined __fastcall try_from(undefined4 * param_1, longlong param_2)	false	false	false
180074c00	117	espclient_rs::filter::impl$69::try_from	undefined __fastcall try_from(undefined4 * param_1, longlong param_2)	false	false	false
180074c80	117	espclient_rs::filter::impl$84::try_from	undefined __fastcall try_from(undefined4 * param_1, longlong param_2)	false	false	false
180074d00	117	espclient_rs::filter::impl$99::try_from	undefined __fastcall try_from(undefined4 * param_1, longlong param_2)	false	false	false
180074d80	117	espclient_rs::filter::impl$72::try_from	undefined __fastcall try_from(undefined4 * param_1, longlong param_2)	false	false	false
180074e00	117	espclient_rs::filter::impl$108::try_from	undefined __fastcall try_from(undefined4 * param_1, longlong param_2)	false	false	false
180074e80	117	espclient_rs::filter::impl$81::try_from	undefined __fastcall try_from(undefined4 * param_1, longlong param_2)	false	false	false
180074f00	117	espclient_rs::filter::impl$90::try_from	undefined __fastcall try_from(undefined4 * param_1, longlong param_2)	false	false	false
180074f80	124	espclient_rs::filter::impl$54::try_from	undefined __fastcall try_from(undefined4 * param_1, longlong param_2)	false	false	false
180075010	124	espclient_rs::filter::impl$24::try_from	undefined __fastcall try_from(undefined4 * param_1, longlong param_2)	false	false	false
1800750a0	117	espclient_rs::filter::impl$102::try_from	undefined __fastcall try_from(undefined4 * param_1, longlong param_2)	false	false	false
180075120	124	espclient_rs::filter::impl$39::try_from	undefined __fastcall try_from(undefined4 * param_1, longlong param_2)	false	false	false
1800751b0	124	espclient_rs::filter::impl$45::try_from	undefined __fastcall try_from(undefined4 * param_1, longlong param_2)	false	false	false
180075240	124	espclient_rs::filter::impl$30::try_from	undefined __fastcall try_from(undefined4 * param_1, longlong param_2)	false	false	false
1800752d0	124	espclient_rs::filter::impl$51::try_from	undefined __fastcall try_from(undefined4 * param_1, longlong param_2)	false	false	false
180075360	124	espclient_rs::filter::impl$27::try_from	undefined __fastcall try_from(undefined4 * param_1, longlong param_2)	false	false	false
1800753f0	124	espclient_rs::filter::impl$48::try_from	undefined __fastcall try_from(undefined4 * param_1, longlong param_2)	false	false	false
180075480	124	espclient_rs::filter::impl$21::try_from	undefined __fastcall try_from(undefined4 * param_1, longlong param_2)	false	false	false
180075510	124	espclient_rs::filter::impl$33::try_from	undefined __fastcall try_from(undefined4 * param_1, longlong param_2)	false	false	false
1800755a0	117	espclient_rs::filter::impl$93::try_from	undefined __fastcall try_from(undefined4 * param_1, longlong param_2)	false	false	false
180075620	124	espclient_rs::filter::impl$57::try_from	undefined __fastcall try_from(undefined4 * param_1, longlong param_2)	false	false	false
1800756b0	124	espclient_rs::filter::impl$42::try_from	undefined __fastcall try_from(undefined4 * param_1, longlong param_2)	false	false	false
180075740	124	espclient_rs::filter::impl$36::try_from	undefined __fastcall try_from(undefined4 * param_1, longlong param_2)	false	false	false
1800757d0	124	espclient_rs::filter::impl$60::try_from	undefined __fastcall try_from(undefined4 * param_1, longlong param_2)	false	false	false
180075860	236	alloc::vec::into_iter::impl$16::drop<espclient_rs::bdd::RuleBddBucket,alloc::alloc::Global>	undefined __fastcall drop<espclient_rs::bdd::RuleBddBucket,alloc::alloc::Global>(undefined8 * param_1)	false	false	false
180075970	250	alloc::vec::into_iter::impl$16::drop<bdd::Bdd<espclient_rs::bdd::ArcPredicate>,alloc::alloc::Global>	undefined __fastcall drop<bdd::Bdd<espclient_rs::bdd::ArcPredicate>,alloc::alloc::Global>(undefined8 * param_1)	false	false	false
180075a90	63	core::iter::adapters::map::impl$2::try_fold<zerocopy::pointer::inner::_def::PtrInner<wesp_api_types::external::_ESP_COLLECTION_UPDATE_ENTRY>,core::ops::range::Range<usize>,zerocopy::pointer::inner::impl$3::iter::closure_env$0<wesp_api_types::external::_ESP_COLLECTION_UPDATE_ENTRY>,tuple$<>,core::iter::adapters::map::map_try_fold::closure_env$0<zerocopy::pointer::inner::_def::PtrInner<wesp_api_types::external::_ESP_COLLECTION_UPDATE_ENTRY>,zerocopy::pointer::ptr::def::Ptr<wesp_api_types::external::_ESP_COLLECTION_UPDATE_ENTRY,tuple$<enum2$<zerocopy::pointer::invariant::Shared>,enum2$<zerocopy::pointer::invariant::Unaligned>,enum2$<zerocopy::pointer::invariant::Initialized>_>_>,tuple$<>,enum2$<core::ops::control_flow::ControlFlow<tuple$<>,tuple$<>_>_>,zerocopy::pointer::ptr::_project::impl$0::iter::closure_env$0<wesp_api_types::external::_ESP_COLLECTION_UPDATE_ENTRY,tuple$<enum2$<zerocopy::pointer::invariant::Shared>,enum2$<zerocopy::pointer::invariant::Unaligned>,enum2$<zerocopy::pointer::invariant::Initialized>_>_>,core::iter::traits::iterator::Iterator::all::check::closure_env$0<zerocopy::pointer::ptr::def::Ptr<wesp_api_types::external::_ESP_COLLECTION_UPDATE_ENTRY,tuple$<enum2$<zerocopy::pointer::invariant::Shared>,enum2$<zerocopy::pointer::invariant::Unaligned>,enum2$<zerocopy::pointer::invariant::Initialized>_>_>,bool_(*)(zerocopy::pointer::ptr::def::Ptr<wesp_api_types::external::_ESP_COLLECTION_UPDATE_ENTRY,tuple$<enum2$<zerocopy::pointer::invariant::Shared>,enum2$<zerocopy::pointer::invariant::Unaligned>,enum2$<zerocopy::pointer::invariant::Initialized>_>_>)>_>,enum2$<core::ops::control_flow::ControlFlow<tuple$<>,tuple$<>_>_>_>	undefined8 __fastcall try_fold<zerocopy::pointer::inner::_def::PtrInner<wesp_api_types::external::_ESP_COLLECTION_UPDATE_ENTRY>,core::ops::range::Range<usize>,zerocopy::pointer::inner::impl$3::iter::closure_env$0<wesp_api_types::external::_ESP_COLLECTION_UPDATE_ENTRY>,tuple$<>,core::iter::adapters::map::map_try_fold::closure_env$0<zerocopy::pointer::inner::_def::PtrInner<wesp_api_types::external::_ESP_COLLECTION_UPDATE_ENTRY>,zerocopy::pointer::ptr::def::Ptr<wesp_api_types::external::_ESP_COLLECTION_UPDATE_ENTRY,tuple$<enum2$<zerocopy::pointer::invariant::Shared>,enum2$<zerocopy::pointer::invariant::Unaligned>,enum2$<zerocopy::pointer::invariant::Initialized>_>_>,tuple$<>,enum2$<core::ops::control_flow::ControlFlow<tuple$<>,tuple$<>_>_>,zerocopy::pointer::ptr::_project::impl$0::iter::closure_env$0<wesp_api_types::external::_ESP_COLLECTION_UPDATE_ENTRY,tuple$<enum2$<zerocopy::pointer::invariant::Shared>,enum2$<zerocopy::pointer::invariant::Unaligned>,enum2$<zerocopy::pointer::invariant::Initialized>_>_>,core::iter::traits::iterator::Iterator::all::check::closure_env$0<zerocopy::pointer::ptr::def::Ptr<wesp_api_types::external::_ESP_COLLECTION_UPDATE_ENTRY,tuple$<enum2$<zerocopy::pointer::invariant::Shared>,enum2$<zerocopy::pointer::invariant::Unaligned>,enum2$<zerocopy::pointer::invariant::Initialized>_>_>,bool_(*)(zerocopy::pointer::ptr::def::Ptr<wesp_api_types::external::_ESP_COLLECTION_UPDATE_ENTRY,tuple$<enum2$<zerocopy::pointer::invariant::Shared>,enum2$<zerocopy::pointer::invariant::Unaligned>,enum2$<zerocopy::pointer::invariant::Initialized>_>_>)>_>,enum2$<core::ops::control_flow::ControlFlow<tuple$<>,tuple$<>_>_>_>(ulonglong * param_1)	false	false	false
180075ae0	683	espclient_rs::bdd::RuleBddBuilder::add_filter	ulonglong __fastcall add_filter(undefined8 * param_1, ulonglong * param_2, undefined8 param_3, char * param_4, undefined * param_5)	false	false	false
180075da0	555	espclient_rs::bdd::RuleBddBuilder::new_predicate	undefined __fastcall new_predicate(undefined1 * param_1, longlong param_2, void * param_3)	false	false	false
180075fe0	7187	espclient_rs::bdd::RuleBddBuilder::serialize_bucket	undefined __fastcall serialize_bucket(ulonglong * * * * * * * param_1, longlong * param_2, undefined8 * param_3)	false	false	false
180077c50	435	hashbrown::map::HashMap<bdd::apply::ComputedTableKey,bdd::NodeIndex,fnv_hash::FnvHasher,hashbrown::raw::alloc::inner::Global>::get<bdd::apply::ComputedTableKey,bdd::NodeIndex,fnv_hash::FnvHasher,hashbrown::raw::alloc::inner::Global,bdd::apply::ComputedTableKey>	longlong __fastcall get<bdd::apply::ComputedTableKey,bdd::NodeIndex,fnv_hash::FnvHasher,hashbrown::raw::alloc::inner::Global,bdd::apply::ComputedTableKey>(longlong * param_1, ulonglong param_2, ulonglong param_3)	false	false	false
180077e10	401	bdd::apply::ApplyContext<espclient_rs::bdd::ArcPredicate,espclient_rs::bdd::impl$7::serialize_bucket::closure_env$0>::recurse<espclient_rs::bdd::ArcPredicate,espclient_rs::bdd::impl$7::serialize_bucket::closure_env$0>	ulonglong __fastcall recurse<espclient_rs::bdd::ArcPredicate,espclient_rs::bdd::impl$7::serialize_bucket::closure_env$0>(ulonglong * param_1, longlong * param_2)	false	false	false
180077fb0	393	hashbrown::map::make_hash<bdd::apply::UniqueTableKey<espclient_rs::bdd::ArcPredicate>,fnv_hash::FnvHasher>	longlong __fastcall make_hash<bdd::apply::UniqueTableKey<espclient_rs::bdd::ArcPredicate>,fnv_hash::FnvHasher>(longlong * param_1)	false	false	false
180078140	517	hashbrown::map::HashMap<bdd::apply::UniqueTableKey<espclient_rs::bdd::ArcPredicate>,bdd::NodeIndex,fnv_hash::FnvHasher,hashbrown::raw::alloc::inner::Global>::insert<bdd::apply::UniqueTableKey<espclient_rs::bdd::ArcPredicate>,bdd::NodeIndex,fnv_hash::FnvHasher,hashbrown::raw::alloc::inner::Global>	undefined8 __fastcall insert<bdd::apply::UniqueTableKey<espclient_rs::bdd::ArcPredicate>,bdd::NodeIndex,fnv_hash::FnvHasher,hashbrown::raw::alloc::inner::Global>(longlong * param_1, longlong * param_2, undefined8 param_3, ulonglong param_4)	false	false	false
180078350	747	espclient_rs::rule::binding_keys::BindingMap::insert	undefined __fastcall insert(undefined4 * param_1, longlong * param_2, ulonglong param_3, void * param_4)	false	false	false
180078650	330	espclient_rs::rule::binding_keys::BindingMap::get	longlong __fastcall get(longlong * param_1, ulonglong param_2)	false	false	false
1800787a0	278	espclient_rs::rule::binding_keys::property_bindings_from_ffi	undefined __fastcall property_bindings_from_ffi(undefined8 * param_1, undefined1 * param_2, ulonglong param_3)	false	false	false
1800788c0	187	bdd::Bdd<espclient_rs::bdd::ArcPredicate>::invert_in_place<espclient_rs::bdd::ArcPredicate>	undefined __fastcall invert_in_place<espclient_rs::bdd::ArcPredicate>(longlong param_1)	false	false	false
180078990	16	wesp_api_types::external::impl$388::is_bit_valid<enum2$<zerocopy::pointer::invariant::Shared>_>	bool __fastcall is_bit_valid<enum2$<zerocopy::pointer::invariant::Shared>_>(uint * param_1)	false	false	false
1800789b0	34	wesp_api_types::external::impl$576::is_bit_valid<enum2$<zerocopy::pointer::invariant::Shared>_>	bool __fastcall is_bit_valid<enum2$<zerocopy::pointer::invariant::Shared>_>(uint * param_1)	false	false	false
1800789e0	311	espclient_rs::stable_ptr::StableItems::stash<wesp_api_types::message::notification::FileStreamNotificationEntry>	undefined8 __fastcall stash<wesp_api_types::message::notification::FileStreamNotificationEntry>(ulonglong * param_1, undefined8 * param_2)	false	false	false
180078b20	1	core::ops::function::FnOnce::call_once<espclient_rs::stable_ptr::erased_stable::impl$0::from::closure_env$0<wesp_api_types::message::notification::FileNotificationEntry>,tuple$<ptr_mut$<u8>_>_>	undefined __fastcall call_once<espclient_rs::stable_ptr::erased_stable::impl$0::from::closure_env$0<wesp_api_types::message::notification::FileNotificationEntry>,tuple$<ptr_mut$<u8>_>_>(void)	false	false	false
180078b30	310	espclient_rs::stable_ptr::StableItems::stash<wesp_api_types::message::notification::KtmTransactionNotificationEntry>	undefined8 __fastcall stash<wesp_api_types::message::notification::KtmTransactionNotificationEntry>(ulonglong * param_1, undefined8 * param_2)	false	false	false
180078c70	369	espclient_rs::stable_ptr::StableItems::stash<wesp_api_types::message::comparison::SidComparisonRhs>	undefined8 __fastcall stash<wesp_api_types::message::comparison::SidComparisonRhs>(ulonglong * param_1, undefined8 * param_2)	false	false	false
180078df0	312	espclient_rs::stable_ptr::StableItems::stash<wesp_api_types::message::comparison::BinaryComparisonRhs>	undefined8 __fastcall stash<wesp_api_types::message::comparison::BinaryComparisonRhs>(ulonglong * param_1, void * param_2)	false	false	false
180078f30	312	espclient_rs::stable_ptr::StableItems::stash<wesp_api_types::message::comparison::NumericComparisonRhs>	undefined8 __fastcall stash<wesp_api_types::message::comparison::NumericComparisonRhs>(ulonglong * param_1, void * param_2)	false	false	false
180079070	1218	espclient_rs::rule::boot::BootDriverLoadConfig::try_as_ffi	undefined __fastcall try_as_ffi(ulonglong * param_1, longlong * param_2)	false	false	false
180079540	1754	espclient_rs::rule::boot::BootDriverLoadConfig::new	undefined __fastcall new(longlong * param_1, undefined8 * param_2, undefined8 param_3, undefined4 param_4)	false	false	false
180079c20	293	espclient_rs::rule::thread::ThreadCreateConfig::try_as_ffi	undefined __fastcall try_as_ffi(undefined8 * param_1, longlong param_2)	false	false	false
180079d50	344	espclient_rs::rule::thread::ThreadCreateConfig::new	undefined __fastcall new(undefined8 * param_1, uint * param_2, undefined8 param_3, undefined1 * param_4)	false	false	false
180079eb0	1127	espclient_rs::rule::process::ImageLoadConfig::try_as_ffi	undefined __fastcall try_as_ffi(ulonglong * param_1, longlong param_2)	false	false	false
18007a320	1337	espclient_rs::rule::process::ImageLoadConfig::new	undefined __fastcall new(undefined8 * param_1, uint * param_2, undefined8 param_3, undefined1 * param_4)	false	false	false
18007a860	838	espclient_rs::rule::process::ProcessCreateConfig::try_as_ffi	undefined __fastcall try_as_ffi(int * param_1, longlong param_2)	false	false	false
18007abb0	819	espclient_rs::rule::process::ProcessCreateConfig::new	undefined __fastcall new(undefined8 * param_1, uint * param_2, undefined8 param_3, undefined1 * param_4)	false	false	false
18007aef0	52	enum2$<espclient_rs::filter::ktmtransaction::KtmTransactionFilterDescriptor>::try_from_bytes	undefined __fastcall try_from_bytes(undefined8 param_1, uint param_2)	false	false	false
18007b2b0	59	enum2$<espclient_rs::filter::thread::ThreadFilterDescriptor>::try_from_bytes	undefined __fastcall try_from_bytes(undefined8 param_1, ulonglong param_2, undefined8 param_3, undefined8 param_4, undefined8 param_5)	false	false	false
18007ba00	56	core::ptr::drop_in_place<enum2$<core::result::Result<ref$<espclient_rs::filter::FilterFFI>,tuple$<ref$<espclient_rs::filter::FilterFFI>,espclient_rs::filter::FilterFFI>_>_>_>	undefined __fastcall drop_in_place<enum2$<core::result::Result<ref$<espclient_rs::filter::FilterFFI>,tuple$<ref$<espclient_rs::filter::FilterFFI>,espclient_rs::filter::FilterFFI>_>_>_>(ulonglong param_1, LPVOID param_2)	false	false	false
18007ba40	75	core::cell::once::OnceCell<tuple$<wesp_api_types::internal::_ESP_RULE_DESCRIPTOR_INTERNAL,alloc::boxed::Box<wesp_api_types::external::_ESP_RULE_CONFIG,alloc::alloc::Global>_>_>::get_or_try_init<tuple$<wesp_api_types::internal::_ESP_RULE_DESCRIPTOR_INTERNAL,alloc::boxed::Box<wesp_api_types::external::_ESP_RULE_CONFIG,alloc::alloc::Global>_>,core::cell::once::impl$0::get_or_init::closure_env$0<tuple$<wesp_api_types::internal::_ESP_RULE_DESCRIPTOR_INTERNAL,alloc::boxed::Box<wesp_api_types::external::_ESP_RULE_CONFIG,alloc::alloc::Global>_>,espclient_rs::rule::impl$14::try_as_ffi::closure_env$2>,never$>	undefined8 * __fastcall get_or_try_init<tuple$<wesp_api_types::internal::_ESP_RULE_DESCRIPTOR_INTERNAL,alloc::boxed::Box<wesp_api_types::external::_ESP_RULE_CONFIG,alloc::alloc::Global>_>,core::cell::once::impl$0::get_or_init::closure_env$0<tuple$<wesp_api_types::internal::_ESP_RULE_DESCRIPTOR_INTERNAL,alloc::boxed::Box<wesp_api_types::external::_ESP_RULE_CONFIG,alloc::alloc::Global>_>,espclient_rs::rule::impl$14::try_as_ffi::closure_env$2>,never$>(undefined8 * param_1, undefined8 * param_2, LPVOID param_3)	false	false	false
18007baa0	48	core::ptr::drop_in_place<enum2$<core::result::Result<ref$<tuple$<wesp_api_types::internal::_ESP_RULE_DESCRIPTOR_INTERNAL,alloc::boxed::Box<wesp_api_types::external::_ESP_RULE_CONFIG,alloc::alloc::Global>_>_>,tuple$<ref$<tuple$<wesp_api_types::internal::_ESP_RULE_DESCRIPTOR_INTERNAL,alloc::boxed::Box<wesp_api_types::external::_ESP_RULE_CONFIG,alloc::alloc::Global>_>_>,tuple$<wesp_api_types::internal::_ESP_RULE_DESCRIPTOR_INTERNAL,alloc::boxed::Box<wesp_api_types::external::_ESP_RULE_CONFIG,alloc::alloc::Global>_>_>_>_>_>	undefined __fastcall drop_in_place<enum2$<core::result::Result<ref$<tuple$<wesp_api_types::internal::_ESP_RULE_DESCRIPTOR_INTERNAL,alloc::boxed::Box<wesp_api_types::external::_ESP_RULE_CONFIG,alloc::alloc::Global>_>_>,tuple$<ref$<tuple$<wesp_api_types::internal::_ESP_RULE_DESCRIPTOR_INTERNAL,alloc::boxed::Box<wesp_api_types::external::_ESP_RULE_CONFIG,alloc::alloc::Global>_>_>,tuple$<wesp_api_types::internal::_ESP_RULE_DESCRIPTOR_INTERNAL,alloc::boxed::Box<wesp_api_types::external::_ESP_RULE_CONFIG,alloc::alloc::Global>_>_>_>_>_>(LPVOID param_1)	false	false	false
18007bae0	48	core::ptr::drop_in_place<enum2$<core::result::Result<ref$<enum2$<espclient_rs::rule::event::EventTypeConfigFFI>_>,tuple$<ref$<enum2$<espclient_rs::rule::event::EventTypeConfigFFI>_>,enum2$<espclient_rs::rule::event::EventTypeConfigFFI>_>_>_>_>	undefined __fastcall drop_in_place<enum2$<core::result::Result<ref$<enum2$<espclient_rs::rule::event::EventTypeConfigFFI>_>,tuple$<ref$<enum2$<espclient_rs::rule::event::EventTypeConfigFFI>_>,enum2$<espclient_rs::rule::event::EventTypeConfigFFI>_>_>_>_>(undefined8 param_1, LPVOID param_2)	false	false	false
18007bb20	64	falloc::FallibleBox::try_new<alloc::boxed::Box<wesp_api_types::external::_ESP_VOLUME_FSCTL_CONFIG,alloc::alloc::Global>,wesp_api_types::external::_ESP_VOLUME_FSCTL_CONFIG>	void * __fastcall try_new<alloc::boxed::Box<wesp_api_types::external::_ESP_VOLUME_FSCTL_CONFIG,alloc::alloc::Global>,wesp_api_types::external::_ESP_VOLUME_FSCTL_CONFIG>(void * param_1)	false	false	false
18007bb70	64	falloc::FallibleBox::try_new<alloc::boxed::Box<wesp_api_types::external::_ESP_REG_SAVE_KEY_CONFIG,alloc::alloc::Global>,wesp_api_types::external::_ESP_REG_SAVE_KEY_CONFIG>	void * __fastcall try_new<alloc::boxed::Box<wesp_api_types::external::_ESP_REG_SAVE_KEY_CONFIG,alloc::alloc::Global>,wesp_api_types::external::_ESP_REG_SAVE_KEY_CONFIG>(void * param_1)	false	false	false
18007bbc0	64	falloc::FallibleBox::try_new<alloc::boxed::Box<wesp_api_types::external::_ESP_BOOT_LOAD_DRIVER_CONFIG,alloc::alloc::Global>,wesp_api_types::external::_ESP_BOOT_LOAD_DRIVER_CONFIG>	void * __fastcall try_new<alloc::boxed::Box<wesp_api_types::external::_ESP_BOOT_LOAD_DRIVER_CONFIG,alloc::alloc::Global>,wesp_api_types::external::_ESP_BOOT_LOAD_DRIVER_CONFIG>(void * param_1)	false	false	false
18007bc10	64	falloc::FallibleBox::try_new<alloc::boxed::Box<wesp_api_types::external::_ESP_REG_DELETE_KEY_CONFIG,alloc::alloc::Global>,wesp_api_types::external::_ESP_REG_DELETE_KEY_CONFIG>	void * __fastcall try_new<alloc::boxed::Box<wesp_api_types::external::_ESP_REG_DELETE_KEY_CONFIG,alloc::alloc::Global>,wesp_api_types::external::_ESP_REG_DELETE_KEY_CONFIG>(void * param_1)	false	false	false
18007bc60	78	falloc::FallibleBox::try_new<alloc::boxed::Box<wesp_api_types::external::_ESP_KTM_TRANSACTION_COMMIT_CONFIG,alloc::alloc::Global>,wesp_api_types::external::_ESP_KTM_TRANSACTION_COMMIT_CONFIG>	undefined8 * __fastcall try_new<alloc::boxed::Box<wesp_api_types::external::_ESP_KTM_TRANSACTION_COMMIT_CONFIG,alloc::alloc::Global>,wesp_api_types::external::_ESP_KTM_TRANSACTION_COMMIT_CONFIG>(undefined8 * param_1)	false	false	false
18007bcc0	64	falloc::FallibleBox::try_new<alloc::boxed::Box<wesp_api_types::external::_ESP_FO_CREATE_CONFIG,alloc::alloc::Global>,wesp_api_types::external::_ESP_FO_CREATE_CONFIG>	void * __fastcall try_new<alloc::boxed::Box<wesp_api_types::external::_ESP_FO_CREATE_CONFIG,alloc::alloc::Global>,wesp_api_types::external::_ESP_FO_CREATE_CONFIG>(void * param_1)	false	false	false
18007bd10	64	falloc::FallibleBox::try_new<alloc::boxed::Box<wesp_api_types::external::_ESP_PROCESS_CREATE_CONFIG,alloc::alloc::Global>,wesp_api_types::external::_ESP_PROCESS_CREATE_CONFIG>	void * __fastcall try_new<alloc::boxed::Box<wesp_api_types::external::_ESP_PROCESS_CREATE_CONFIG,alloc::alloc::Global>,wesp_api_types::external::_ESP_PROCESS_CREATE_CONFIG>(void * param_1)	false	false	false
18007bd60	64	falloc::FallibleBox::try_new<alloc::boxed::Box<wesp_api_types::external::_ESP_REG_SET_VALUE_KEY_CONFIG,alloc::alloc::Global>,wesp_api_types::external::_ESP_REG_SET_VALUE_KEY_CONFIG>	void * __fastcall try_new<alloc::boxed::Box<wesp_api_types::external::_ESP_REG_SET_VALUE_KEY_CONFIG,alloc::alloc::Global>,wesp_api_types::external::_ESP_REG_SET_VALUE_KEY_CONFIG>(void * param_1)	false	false	false
18007bdb0	64	falloc::FallibleBox::try_new<alloc::boxed::Box<wesp_api_types::external::_ESP_REG_QUERY_VALUE_KEY_CONFIG,alloc::alloc::Global>,wesp_api_types::external::_ESP_REG_QUERY_VALUE_KEY_CONFIG>	void * __fastcall try_new<alloc::boxed::Box<wesp_api_types::external::_ESP_REG_QUERY_VALUE_KEY_CONFIG,alloc::alloc::Global>,wesp_api_types::external::_ESP_REG_QUERY_VALUE_KEY_CONFIG>(void * param_1)	false	false	false
18007be00	64	falloc::FallibleBox::try_new<alloc::boxed::Box<wesp_api_types::external::_ESP_THREAD_TERMINATE_CONFIG,alloc::alloc::Global>,wesp_api_types::external::_ESP_THREAD_TERMINATE_CONFIG>	void * __fastcall try_new<alloc::boxed::Box<wesp_api_types::external::_ESP_THREAD_TERMINATE_CONFIG,alloc::alloc::Global>,wesp_api_types::external::_ESP_THREAD_TERMINATE_CONFIG>(void * param_1)	false	false	false
18007be50	64	falloc::FallibleBox::try_new<alloc::boxed::Box<wesp_api_types::external::_ESP_FS_SET_FILE_SECURITY_CONFIG,alloc::alloc::Global>,wesp_api_types::external::_ESP_FS_SET_FILE_SECURITY_CONFIG>	void * __fastcall try_new<alloc::boxed::Box<wesp_api_types::external::_ESP_FS_SET_FILE_SECURITY_CONFIG,alloc::alloc::Global>,wesp_api_types::external::_ESP_FS_SET_FILE_SECURITY_CONFIG>(void * param_1)	false	false	false
18007bea0	64	falloc::FallibleBox::try_new<alloc::boxed::Box<wesp_api_types::external::_ESP_VOLUME_MOUNT_CONFIG,alloc::alloc::Global>,wesp_api_types::external::_ESP_VOLUME_MOUNT_CONFIG>	void * __fastcall try_new<alloc::boxed::Box<wesp_api_types::external::_ESP_VOLUME_MOUNT_CONFIG,alloc::alloc::Global>,wesp_api_types::external::_ESP_VOLUME_MOUNT_CONFIG>(void * param_1)	false	false	false
18007bef0	110	falloc::FallibleBox::try_new<alloc::boxed::Box<wesp_api_types::external::_ESP_VOLUME_DISMOUNT_CONFIG,alloc::alloc::Global>,wesp_api_types::external::_ESP_VOLUME_DISMOUNT_CONFIG>	undefined8 * __fastcall try_new<alloc::boxed::Box<wesp_api_types::external::_ESP_VOLUME_DISMOUNT_CONFIG,alloc::alloc::Global>,wesp_api_types::external::_ESP_VOLUME_DISMOUNT_CONFIG>(undefined8 * param_1)	false	false	false
18007bf70	64	falloc::FallibleBox::try_new<alloc::boxed::Box<wesp_api_types::external::_ESP_REG_REPLACE_KEY_CONFIG,alloc::alloc::Global>,wesp_api_types::external::_ESP_REG_REPLACE_KEY_CONFIG>	void * __fastcall try_new<alloc::boxed::Box<wesp_api_types::external::_ESP_REG_REPLACE_KEY_CONFIG,alloc::alloc::Global>,wesp_api_types::external::_ESP_REG_REPLACE_KEY_CONFIG>(void * param_1)	false	false	false
18007bfc0	64	falloc::FallibleBox::try_new<alloc::boxed::Box<wesp_api_types::external::_ESP_PROCESS_TERMINATE_CONFIG,alloc::alloc::Global>,wesp_api_types::external::_ESP_PROCESS_TERMINATE_CONFIG>	void * __fastcall try_new<alloc::boxed::Box<wesp_api_types::external::_ESP_PROCESS_TERMINATE_CONFIG,alloc::alloc::Global>,wesp_api_types::external::_ESP_PROCESS_TERMINATE_CONFIG>(void * param_1)	false	false	false
18007c010	64	falloc::FallibleBox::try_new<alloc::boxed::Box<wesp_api_types::external::_ESP_OB_CREATE_HANDLE_CONFIG,alloc::alloc::Global>,wesp_api_types::external::_ESP_OB_CREATE_HANDLE_CONFIG>	void * __fastcall try_new<alloc::boxed::Box<wesp_api_types::external::_ESP_OB_CREATE_HANDLE_CONFIG,alloc::alloc::Global>,wesp_api_types::external::_ESP_OB_CREATE_HANDLE_CONFIG>(void * param_1)	false	false	false
18007c060	64	falloc::FallibleBox::try_new<alloc::boxed::Box<wesp_api_types::external::_ESP_REG_OPEN_KEY_CONFIG,alloc::alloc::Global>,wesp_api_types::external::_ESP_REG_OPEN_KEY_CONFIG>	void * __fastcall try_new<alloc::boxed::Box<wesp_api_types::external::_ESP_REG_OPEN_KEY_CONFIG,alloc::alloc::Global>,wesp_api_types::external::_ESP_REG_OPEN_KEY_CONFIG>(void * param_1)	false	false	false
18007c0b0	64	falloc::FallibleBox::try_new<alloc::boxed::Box<wesp_api_types::external::_ESP_REG_LOAD_KEY_CONFIG,alloc::alloc::Global>,wesp_api_types::external::_ESP_REG_LOAD_KEY_CONFIG>	void * __fastcall try_new<alloc::boxed::Box<wesp_api_types::external::_ESP_REG_LOAD_KEY_CONFIG,alloc::alloc::Global>,wesp_api_types::external::_ESP_REG_LOAD_KEY_CONFIG>(void * param_1)	false	false	false
18007c100	64	falloc::FallibleBox::try_new<alloc::boxed::Box<wesp_api_types::external::_ESP_PIPE_CREATE_CONFIG,alloc::alloc::Global>,wesp_api_types::external::_ESP_PIPE_CREATE_CONFIG>	void * __fastcall try_new<alloc::boxed::Box<wesp_api_types::external::_ESP_PIPE_CREATE_CONFIG,alloc::alloc::Global>,wesp_api_types::external::_ESP_PIPE_CREATE_CONFIG>(void * param_1)	false	false	false
18007c150	1112	falloc::FallibleBox::try_new<alloc::boxed::Box<espclient_rs::ArcData<espclient_rs::rule::Rule>,alloc::alloc::Global>,espclient_rs::ArcData<espclient_rs::rule::Rule>_>	void * __fastcall try_new<alloc::boxed::Box<espclient_rs::ArcData<espclient_rs::rule::Rule>,alloc::alloc::Global>,espclient_rs::ArcData<espclient_rs::rule::Rule>_>(void * param_1)	false	false	false
18007d820	64	falloc::FallibleBox::try_new<alloc::boxed::Box<wesp_api_types::external::_ESP_THREAD_CREATE_CONFIG,alloc::alloc::Global>,wesp_api_types::external::_ESP_THREAD_CREATE_CONFIG>	void * __fastcall try_new<alloc::boxed::Box<wesp_api_types::external::_ESP_THREAD_CREATE_CONFIG,alloc::alloc::Global>,wesp_api_types::external::_ESP_THREAD_CREATE_CONFIG>(void * param_1)	false	false	false
18007d870	64	falloc::FallibleBox::try_new<alloc::boxed::Box<wesp_api_types::external::_ESP_FS_FSCTL_FILE_CONFIG,alloc::alloc::Global>,wesp_api_types::external::_ESP_FS_FSCTL_FILE_CONFIG>	void * __fastcall try_new<alloc::boxed::Box<wesp_api_types::external::_ESP_FS_FSCTL_FILE_CONFIG,alloc::alloc::Global>,wesp_api_types::external::_ESP_FS_FSCTL_FILE_CONFIG>(void * param_1)	false	false	false
18007d8c0	64	falloc::FallibleBox::try_new<alloc::boxed::Box<wesp_api_types::external::_ESP_FS_CREATE_FILE_SECTION_CONFIG,alloc::alloc::Global>,wesp_api_types::external::_ESP_FS_CREATE_FILE_SECTION_CONFIG>	void * __fastcall try_new<alloc::boxed::Box<wesp_api_types::external::_ESP_FS_CREATE_FILE_SECTION_CONFIG,alloc::alloc::Global>,wesp_api_types::external::_ESP_FS_CREATE_FILE_SECTION_CONFIG>(void * param_1)	false	false	false
18007d910	72	falloc::FallibleBox::try_new<alloc::boxed::Box<espclient_rs::rule::eventobject::ProcessConfig,alloc::alloc::Global>,espclient_rs::rule::eventobject::ProcessConfig>	void * __fastcall try_new<alloc::boxed::Box<espclient_rs::rule::eventobject::ProcessConfig,alloc::alloc::Global>,espclient_rs::rule::eventobject::ProcessConfig>(void * param_1)	false	false	false
18007d960	64	falloc::FallibleBox::try_new<alloc::boxed::Box<wesp_api_types::external::_ESP_FS_QUERY_FILE_INFORMATION_CONFIG,alloc::alloc::Global>,wesp_api_types::external::_ESP_FS_QUERY_FILE_INFORMATION_CONFIG>	void * __fastcall try_new<alloc::boxed::Box<wesp_api_types::external::_ESP_FS_QUERY_FILE_INFORMATION_CONFIG,alloc::alloc::Global>,wesp_api_types::external::_ESP_FS_QUERY_FILE_INFORMATION_CONFIG>(void * param_1)	false	false	false
18007d9b0	64	falloc::FallibleBox::try_new<alloc::boxed::Box<wesp_api_types::external::_ESP_REG_RENAME_KEY_CONFIG,alloc::alloc::Global>,wesp_api_types::external::_ESP_REG_RENAME_KEY_CONFIG>	void * __fastcall try_new<alloc::boxed::Box<wesp_api_types::external::_ESP_REG_RENAME_KEY_CONFIG,alloc::alloc::Global>,wesp_api_types::external::_ESP_REG_RENAME_KEY_CONFIG>(void * param_1)	false	false	false
18007da00	64	falloc::FallibleBox::try_new<alloc::boxed::Box<wesp_api_types::external::_ESP_REG_QUERY_KEY_CONFIG,alloc::alloc::Global>,wesp_api_types::external::_ESP_REG_QUERY_KEY_CONFIG>	void * __fastcall try_new<alloc::boxed::Box<wesp_api_types::external::_ESP_REG_QUERY_KEY_CONFIG,alloc::alloc::Global>,wesp_api_types::external::_ESP_REG_QUERY_KEY_CONFIG>(void * param_1)	false	false	false
18007da50	64	falloc::FallibleBox::try_new<alloc::boxed::Box<wesp_api_types::external::_ESP_FO_WRITE_CONFIG,alloc::alloc::Global>,wesp_api_types::external::_ESP_FO_WRITE_CONFIG>	void * __fastcall try_new<alloc::boxed::Box<wesp_api_types::external::_ESP_FO_WRITE_CONFIG,alloc::alloc::Global>,wesp_api_types::external::_ESP_FO_WRITE_CONFIG>(void * param_1)	false	false	false
18007daa0	64	falloc::FallibleBox::try_new<alloc::boxed::Box<wesp_api_types::external::_ESP_FS_QUERY_OPEN_FILE_CONFIG,alloc::alloc::Global>,wesp_api_types::external::_ESP_FS_QUERY_OPEN_FILE_CONFIG>	void * __fastcall try_new<alloc::boxed::Box<wesp_api_types::external::_ESP_FS_QUERY_OPEN_FILE_CONFIG,alloc::alloc::Global>,wesp_api_types::external::_ESP_FS_QUERY_OPEN_FILE_CONFIG>(void * param_1)	false	false	false
18007daf0	64	falloc::FallibleBox::try_new<alloc::boxed::Box<wesp_api_types::external::_ESP_FS_SET_FILE_INFORMATION_CONFIG,alloc::alloc::Global>,wesp_api_types::external::_ESP_FS_SET_FILE_INFORMATION_CONFIG>	void * __fastcall try_new<alloc::boxed::Box<wesp_api_types::external::_ESP_FS_SET_FILE_INFORMATION_CONFIG,alloc::alloc::Global>,wesp_api_types::external::_ESP_FS_SET_FILE_INFORMATION_CONFIG>(void * param_1)	false	false	false
18007db40	123	falloc::FallibleBox::try_new<alloc::boxed::Box<espclient_rs::ArcData<espclient_rs::filter::Filter>,alloc::alloc::Global>,espclient_rs::ArcData<espclient_rs::filter::Filter>_>	void * __fastcall try_new<alloc::boxed::Box<espclient_rs::ArcData<espclient_rs::filter::Filter>,alloc::alloc::Global>,espclient_rs::ArcData<espclient_rs::filter::Filter>_>(undefined8 * param_1)	false	false	false
18007dbd0	190	core::ptr::drop_in_place<enum2$<espclient_rs::filter::FilterDescriptor>_>	undefined * __fastcall drop_in_place<enum2$<espclient_rs::filter::FilterDescriptor>_>(undefined8 * param_1)	false	false	false
18007e380	249	core::ptr::drop_in_place<enum2$<espclient_rs::filter::comparison::DataComparison>_>	undefined __fastcall drop_in_place<enum2$<espclient_rs::filter::comparison::DataComparison>_>(ulonglong * param_1)	false	false	false
18007e490	161	core::ptr::drop_in_place<espclient_rs::filter::comparison::SecurityDescriptorComparison>	undefined __fastcall drop_in_place<espclient_rs::filter::comparison::SecurityDescriptorComparison>(longlong * param_1)	false	false	false
18007e540	1170	core::ptr::drop_in_place<espclient_rs::filter::comparison::MemoryAddressBasicComparison>	undefined __fastcall drop_in_place<espclient_rs::filter::comparison::MemoryAddressBasicComparison>(longlong * param_1)	false	false	false
18007ea30	64	falloc::FallibleBox::try_new<alloc::boxed::Box<wesp_api_types::external::_ESP_FS_LOCK_FILE_CONFIG,alloc::alloc::Global>,wesp_api_types::external::_ESP_FS_LOCK_FILE_CONFIG>	void * __fastcall try_new<alloc::boxed::Box<wesp_api_types::external::_ESP_FS_LOCK_FILE_CONFIG,alloc::alloc::Global>,wesp_api_types::external::_ESP_FS_LOCK_FILE_CONFIG>(void * param_1)	false	false	false
18007ea80	64	falloc::FallibleBox::try_new<alloc::boxed::Box<wesp_api_types::external::_ESP_FO_CLEANUP_CONFIG,alloc::alloc::Global>,wesp_api_types::external::_ESP_FO_CLEANUP_CONFIG>	void * __fastcall try_new<alloc::boxed::Box<wesp_api_types::external::_ESP_FO_CLEANUP_CONFIG,alloc::alloc::Global>,wesp_api_types::external::_ESP_FO_CLEANUP_CONFIG>(void * param_1)	false	false	false
18007ead0	64	falloc::FallibleBox::try_new<alloc::boxed::Box<wesp_api_types::external::_ESP_PROCESS_LOAD_IMAGE_CONFIG,alloc::alloc::Global>,wesp_api_types::external::_ESP_PROCESS_LOAD_IMAGE_CONFIG>	void * __fastcall try_new<alloc::boxed::Box<wesp_api_types::external::_ESP_PROCESS_LOAD_IMAGE_CONFIG,alloc::alloc::Global>,wesp_api_types::external::_ESP_PROCESS_LOAD_IMAGE_CONFIG>(void * param_1)	false	false	false
18007eb20	64	falloc::FallibleBox::try_new<alloc::boxed::Box<wesp_api_types::external::_ESP_OB_DUPLICATE_HANDLE_CONFIG,alloc::alloc::Global>,wesp_api_types::external::_ESP_OB_DUPLICATE_HANDLE_CONFIG>	void * __fastcall try_new<alloc::boxed::Box<wesp_api_types::external::_ESP_OB_DUPLICATE_HANDLE_CONFIG,alloc::alloc::Global>,wesp_api_types::external::_ESP_OB_DUPLICATE_HANDLE_CONFIG>(void * param_1)	false	false	false
18007eb70	64	falloc::FallibleBox::try_new<alloc::boxed::Box<wesp_api_types::external::_ESP_FO_READ_CONFIG,alloc::alloc::Global>,wesp_api_types::external::_ESP_FO_READ_CONFIG>	void * __fastcall try_new<alloc::boxed::Box<wesp_api_types::external::_ESP_FO_READ_CONFIG,alloc::alloc::Global>,wesp_api_types::external::_ESP_FO_READ_CONFIG>(void * param_1)	false	false	false
18007ebc0	64	falloc::FallibleBox::try_new<alloc::boxed::Box<wesp_api_types::external::_ESP_FO_OPEN_CONFIG,alloc::alloc::Global>,wesp_api_types::external::_ESP_FO_OPEN_CONFIG>	void * __fastcall try_new<alloc::boxed::Box<wesp_api_types::external::_ESP_FO_OPEN_CONFIG,alloc::alloc::Global>,wesp_api_types::external::_ESP_FO_OPEN_CONFIG>(void * param_1)	false	false	false
18007ec10	64	falloc::FallibleBox::try_new<alloc::boxed::Box<wesp_api_types::external::_ESP_MAILSLOT_CREATE_CONFIG,alloc::alloc::Global>,wesp_api_types::external::_ESP_MAILSLOT_CREATE_CONFIG>	void * __fastcall try_new<alloc::boxed::Box<wesp_api_types::external::_ESP_MAILSLOT_CREATE_CONFIG,alloc::alloc::Global>,wesp_api_types::external::_ESP_MAILSLOT_CREATE_CONFIG>(void * param_1)	false	false	false
18007ec60	64	falloc::FallibleBox::try_new<alloc::boxed::Box<wesp_api_types::external::_ESP_REG_DELETE_VALUE_KEY_CONFIG,alloc::alloc::Global>,wesp_api_types::external::_ESP_REG_DELETE_VALUE_KEY_CONFIG>	void * __fastcall try_new<alloc::boxed::Box<wesp_api_types::external::_ESP_REG_DELETE_VALUE_KEY_CONFIG,alloc::alloc::Global>,wesp_api_types::external::_ESP_REG_DELETE_VALUE_KEY_CONFIG>(void * param_1)	false	false	false
18007ecb0	64	falloc::FallibleBox::try_new<alloc::boxed::Box<wesp_api_types::external::_ESP_FS_UNLOCK_FILE_CONFIG,alloc::alloc::Global>,wesp_api_types::external::_ESP_FS_UNLOCK_FILE_CONFIG>	void * __fastcall try_new<alloc::boxed::Box<wesp_api_types::external::_ESP_FS_UNLOCK_FILE_CONFIG,alloc::alloc::Global>,wesp_api_types::external::_ESP_FS_UNLOCK_FILE_CONFIG>(void * param_1)	false	false	false
18007ed00	64	falloc::FallibleBox::try_new<alloc::boxed::Box<wesp_api_types::external::_ESP_REG_CREATE_KEY_CONFIG,alloc::alloc::Global>,wesp_api_types::external::_ESP_REG_CREATE_KEY_CONFIG>	void * __fastcall try_new<alloc::boxed::Box<wesp_api_types::external::_ESP_REG_CREATE_KEY_CONFIG,alloc::alloc::Global>,wesp_api_types::external::_ESP_REG_CREATE_KEY_CONFIG>(void * param_1)	false	false	false
18007ed50	264	espclient_rs::rule::notification::NotificationAccumulator::push_field_object	ulonglong __fastcall push_field_object(longlong param_1, undefined8 * param_2)	false	false	false
18007ee60	366	espclient_rs::rule::notification::NotificationAccumulator::stash_process_chain	undefined __fastcall stash_process_chain(undefined8 * param_1, longlong param_2, longlong * param_3)	false	false	false
18007efe0	59	enum2$<espclient_rs::filter::file::FileFilterDescriptor>::try_from_bytes	undefined __fastcall try_from_bytes(undefined8 param_1, ulonglong param_2, undefined8 param_3, undefined8 param_4, undefined8 param_5)	false	false	false
18007fcb0	58	enum2$<espclient_rs::filter::file::FileObjectFilterDescriptor>::try_from_bytes	undefined __fastcall try_from_bytes(undefined8 param_1, ulonglong param_2, undefined8 param_3, undefined8 param_4, undefined8 param_5)	false	false	false
180080900	55	enum2$<espclient_rs::filter::file::FileStreamFilterDescriptor>::try_from_bytes	undefined __fastcall try_from_bytes(undefined8 param_1, ulonglong param_2)	false	false	false
180080cc0	58	enum2$<espclient_rs::filter::volume::VolumeFilterDescriptor>::try_from_bytes	undefined __fastcall try_from_bytes(undefined8 param_1, ulonglong param_2, undefined8 param_3, undefined8 param_4, undefined8 param_5)	false	false	false
1800816b0	55	enum2$<espclient_rs::filter::registry::RegistryKeyFilterDescriptor>::try_from_bytes	undefined __fastcall try_from_bytes(undefined8 param_1, ulonglong param_2)	false	false	false
1800819e0	610	enum2$<espclient_rs::filter::registry::RegistryKeyObjectFilterDescriptor>::try_from_bytes	undefined __fastcall try_from_bytes(longlong * param_1, int param_2, undefined4 param_3, uint * param_4, ulonglong param_5)	false	false	false
180081c50	203	enum2$<espclient_rs::context::ContextKeyUpdateValue>::resolve	undefined __fastcall resolve(undefined8 * param_1, int * param_2, longlong * param_3)	false	false	false
180082070	102	espclient_rs::context::ContextKeyUpdate::new	undefined __fastcall new(undefined8 * param_1, int * param_2)	false	false	false
1800823d0	79	espclient_rs::context::ContextKeyUpdate::parse_context_key_value_data	undefined __fastcall parse_context_key_value_data(undefined8 param_1, ulonglong param_2)	false	false	false
180082920	126	core::ptr::drop_in_place<alloc::vec::Vec<alloc::vec::Vec<u8,alloc::alloc::Global>,alloc::alloc::Global>_>	undefined __fastcall drop_in_place<alloc::vec::Vec<alloc::vec::Vec<u8,alloc::alloc::Global>,alloc::alloc::Global>_>(longlong * param_1)	false	false	false
1800829c0	153	alloc::vec::Vec<u8,alloc::alloc::Global>::resize<u8,alloc::alloc::Global>	undefined __fastcall resize<u8,alloc::alloc::Global>(ulonglong * param_1, ulonglong param_2)	false	false	false
180082a60	108	alloc::vec::Vec<u8,alloc::alloc::Global>::append_elements<u8,alloc::alloc::Global>	undefined __fastcall append_elements<u8,alloc::alloc::Global>(ulonglong * param_1, void * param_2, ulonglong param_3)	false	false	false
180082ae0	85	alloc::vec::impl$26::drop<string_match::StringPattern,alloc::alloc::Global>	undefined __fastcall drop<string_match::StringPattern,alloc::alloc::Global>(longlong param_1, longlong param_2)	false	false	false
180082b50	184	alloc::vec::impl$26::drop<espclient_rs::context::ContextKeyUpdate,alloc::alloc::Global>	undefined __fastcall drop<espclient_rs::context::ContextKeyUpdate,alloc::alloc::Global>(longlong param_1, longlong param_2)	false	false	false
180082c30	191	alloc::vec::impl$26::drop<bdd::Bdd<espclient_rs::bdd::ArcPredicate>,alloc::alloc::Global>	undefined __fastcall drop<bdd::Bdd<espclient_rs::bdd::ArcPredicate>,alloc::alloc::Global>(longlong param_1, longlong param_2)	false	false	false
180082d20	191	alloc::vec::impl$26::drop<espclient_rs::bdd::RuleBddBucket,alloc::alloc::Global>	undefined __fastcall drop<espclient_rs::bdd::RuleBddBucket,alloc::alloc::Global>(longlong param_1, longlong param_2)	false	false	false
180082e10	89	alloc::vec::impl$26::drop<enum2$<bdd::BddNode<espclient_rs::bdd::ArcPredicate>_>,alloc::alloc::Global>	undefined __fastcall drop<enum2$<bdd::BddNode<espclient_rs::bdd::ArcPredicate>_>,alloc::alloc::Global>(undefined8 * param_1, longlong param_2)	false	false	false
180082e80	1072	alloc::vec::impl$26::drop<espclient_rs::rule::RuleMessageParts,alloc::alloc::Global>	undefined __fastcall drop<espclient_rs::rule::RuleMessageParts,alloc::alloc::Global>(longlong param_1, longlong param_2)	false	false	false
180083310	118	alloc::vec::impl$26::drop<string_match::nfa::NfaState,alloc::alloc::Global>	undefined __fastcall drop<string_match::nfa::NfaState,alloc::alloc::Global>(longlong param_1, longlong param_2)	false	false	false
1800833a0	121	alloc::vec::impl$26::drop<espclient_rs::bdd::SerializedRuleBdd,alloc::alloc::Global>	undefined __fastcall drop<espclient_rs::bdd::SerializedRuleBdd,alloc::alloc::Global>(longlong param_1, longlong param_2)	false	false	false
180083430	186	alloc::vec::spec_extend::impl$1::spec_extend<enum2$<bdd::apply::ApplyWorkItem<espclient_rs::bdd::ArcPredicate>_>,core::array::iter::IntoIter<enum2$<bdd::apply::ApplyWorkItem<espclient_rs::bdd::ArcPredicate>_>,3>,alloc::alloc::Global>	undefined __fastcall spec_extend<enum2$<bdd::apply::ApplyWorkItem<espclient_rs::bdd::ArcPredicate>_>,core::array::iter::IntoIter<enum2$<bdd::apply::ApplyWorkItem<espclient_rs::bdd::ArcPredicate>_>,3>,alloc::alloc::Global>(ulonglong * param_1, longlong * param_2)	false	false	false
1800834f0	19	espclient_rs::panic	undefined __fastcall panic(void)	false	false	false
180083510	36	espclient_rs::rule::impl$0::from	undefined __fastcall from(undefined8 param_1, uint * param_2)	false	false	false
180083580	93	espclient_rs::filter::impl$0::from	undefined __fastcall from(int * param_1, uint param_2, int param_3)	false	false	false
180083630	174	espclient_rs::rule::ob::ObCreateHandleConfig::try_as_ffi	undefined __fastcall try_as_ffi(undefined8 param_1, ulonglong * param_2)	false	false	false
180084590	145	espclient_rs::rule::ob::ObCreateHandleConfig::new	undefined __fastcall new(undefined8 * param_1, undefined4 * param_2)	false	false	false
180084b90	264	core::ptr::drop_in_place<alloc::boxed::Box<espclient_rs::ArcData<espclient_rs::filter::Filter>,alloc::alloc::Global>_>	undefined __fastcall drop_in_place<alloc::boxed::Box<espclient_rs::ArcData<espclient_rs::filter::Filter>,alloc::alloc::Global>_>(undefined8 * param_1)	false	false	false
1800852f0	175	espclient_rs::rule::ob::ObDuplicateHandleConfig::try_as_ffi	undefined __fastcall try_as_ffi(undefined8 param_1, longlong param_2)	false	false	false
180086310	151	espclient_rs::rule::ob::ObDuplicateHandleConfig::new	undefined __fastcall new(undefined8 * param_1, undefined4 * param_2)	false	false	false
180086b40	55	enum2$<espclient_rs::filter::event::EventFilterDescriptor>::try_from_bytes	undefined __fastcall try_from_bytes(undefined8 param_1, ulonglong param_2)	false	false	false
180086e80	689	espclient_rs::property::query::ProcessPropertyQuery::new	undefined __fastcall new(undefined8 * param_1, longlong param_2, ulonglong param_3)	false	false	false
180087570	690	espclient_rs::property::query::ThreadPropertyQuery::new	undefined __fastcall new(undefined8 * param_1, longlong param_2, ulonglong param_3)	false	false	false
180087a90	545	espclient_rs::property::query::RegistryKeyPropertyQuery::new	undefined __fastcall new(undefined8 * param_1, longlong param_2, ulonglong param_3)	false	false	false
180087de0	629	espclient_rs::property::query::RegistryKeyObjectPropertyQuery::new	undefined __fastcall new(undefined8 * param_1, longlong param_2, ulonglong param_3)	false	false	false
180088060	433	espclient_rs::property::query::FileObjectPropertyQuery::new	undefined __fastcall new(undefined8 * param_1, longlong param_2, ulonglong param_3)	false	false	false
1800885d0	545	espclient_rs::property::query::FileStreamPropertyQuery::new	undefined __fastcall new(undefined8 * param_1, longlong param_2, ulonglong param_3)	false	false	false
180088920	689	espclient_rs::property::query::FilePropertyQuery::new	undefined __fastcall new(undefined8 * param_1, longlong param_2, ulonglong param_3)	false	false	false
180088f30	689	espclient_rs::property::query::VolumePropertyQuery::new	undefined __fastcall new(undefined8 * param_1, longlong param_2, ulonglong param_3)	false	false	false
180089420	691	espclient_rs::property::query::DiskPropertyQuery::new	undefined __fastcall new(undefined8 * param_1, longlong param_2, ulonglong param_3)	false	false	false
1800899b0	637	espclient_rs::property::query::PipePropertyQuery::new	undefined __fastcall new(undefined8 * param_1, longlong param_2, ulonglong param_3)	false	false	false
180089c40	637	espclient_rs::property::query::MailslotPropertyQuery::new	undefined __fastcall new(undefined8 * param_1, longlong param_2, ulonglong param_3)	false	false	false
180089ed0	482	espclient_rs::property::query::ClientPropertyQuery::new	undefined __fastcall new(undefined8 * param_1, uint * param_2, ulonglong param_3)	false	false	false
18008a0c0	690	espclient_rs::property::query::TokenPropertyQuery::new	undefined __fastcall new(undefined8 * param_1, longlong param_2, ulonglong param_3)	false	false	false
18008a5e0	482	espclient_rs::property::query::DesktopPropertyQuery::new	undefined __fastcall new(undefined8 * param_1, uint * param_2, ulonglong param_3)	false	false	false
18008a7d0	531	espclient_rs::property::query::KtmTransactionPropertyQuery::new	undefined __fastcall new(undefined8 * param_1, longlong param_2, ulonglong param_3)	false	false	false
18008aac0	302	core::slice::sort::shared::smallsort::insertion_sort_shift_left<usize,core::slice::impl$0::sort_unstable_by_key::closure_env$0<usize,ref$<espclient_rs::bdd::ArcPredicate>,bdd::impl$0::to_sorted::closure_env$1<espclient_rs::bdd::ArcPredicate>_>_>	undefined __fastcall insertion_sort_shift_left<usize,core::slice::impl$0::sort_unstable_by_key::closure_env$0<usize,ref$<espclient_rs::bdd::ArcPredicate>,bdd::impl$0::to_sorted::closure_env$1<espclient_rs::bdd::ArcPredicate>_>_>(ulonglong * param_1, ulonglong param_2, ulonglong param_3, longlong * param_4)	false	false	false
18008ac00	612	core::slice::sort::unstable::ipnsort<usize,core::slice::impl$0::sort_unstable_by_key::closure_env$0<usize,ref$<espclient_rs::bdd::ArcPredicate>,bdd::impl$0::to_sorted::closure_env$1<espclient_rs::bdd::ArcPredicate>_>_>	undefined __fastcall ipnsort<usize,core::slice::impl$0::sort_unstable_by_key::closure_env$0<usize,ref$<espclient_rs::bdd::ArcPredicate>,bdd::impl$0::to_sorted::closure_env$1<espclient_rs::bdd::ArcPredicate>_>_>(ulonglong * param_1, ulonglong param_2, undefined8 * param_3)	false	false	false
18008ae80	9654	core::slice::sort::unstable::quicksort::quicksort<usize,core::slice::impl$0::sort_unstable_by_key::closure_env$0<usize,ref$<espclient_rs::bdd::ArcPredicate>,bdd::impl$0::to_sorted::closure_env$1<espclient_rs::bdd::ArcPredicate>_>_>	undefined __fastcall quicksort<usize,core::slice::impl$0::sort_unstable_by_key::closure_env$0<usize,ref$<espclient_rs::bdd::ArcPredicate>,bdd::impl$0::to_sorted::closure_env$1<espclient_rs::bdd::ArcPredicate>_>_>(ulonglong * param_1, ulonglong param_2, ulonglong * param_3, int param_4, undefined8 * param_5)	false	false	false
18008d5d0	381	core::slice::sort::unstable::heapsort::heapsort<usize,core::slice::impl$0::sort_unstable_by_key::closure_env$0<usize,ref$<espclient_rs::bdd::ArcPredicate>,bdd::impl$0::to_sorted::closure_env$1<espclient_rs::bdd::ArcPredicate>_>_>	undefined __fastcall heapsort<usize,core::slice::impl$0::sort_unstable_by_key::closure_env$0<usize,ref$<espclient_rs::bdd::ArcPredicate>,bdd::impl$0::to_sorted::closure_env$1<espclient_rs::bdd::ArcPredicate>_>_>(undefined8 * param_1, ulonglong param_2, longlong * param_3)	false	false	false
18008d770	324	core::slice::sort::shared::pivot::median3_rec<usize,core::slice::impl$0::sort_unstable_by_key::closure_env$0<usize,ref$<espclient_rs::bdd::ArcPredicate>,bdd::impl$0::to_sorted::closure_env$1<espclient_rs::bdd::ArcPredicate>_>_>	ulonglong * __fastcall median3_rec<usize,core::slice::impl$0::sort_unstable_by_key::closure_env$0<usize,ref$<espclient_rs::bdd::ArcPredicate>,bdd::impl$0::to_sorted::closure_env$1<espclient_rs::bdd::ArcPredicate>_>_>(ulonglong * param_1, ulonglong * param_2, ulonglong * param_3, ulonglong param_4, undefined8 * param_5)	false	false	false
18008d8c0	600	espclient_rs::impl$7::drop<espclient_rs::rule::Rule>	undefined __fastcall drop<espclient_rs::rule::Rule>(undefined8 * param_1)	false	false	false
18008db60	548	core::ptr::drop_in_place<espclient_rs::rule::event::EventConfig>	undefined __fastcall drop_in_place<espclient_rs::rule::event::EventConfig>(ulonglong * param_1)	false	false	false
18008ef40	58	espclient_rs::impl$7::drop<espclient_rs::bdd::Predicate>	undefined __fastcall drop<espclient_rs::bdd::Predicate>(LPVOID param_1)	false	false	false
18008ef90	53	alloc::vec::into_iter::impl$16::drop<enum2$<string_match::StringPatternToken>,alloc::alloc::Global>	undefined __fastcall drop<enum2$<string_match::StringPatternToken>,alloc::alloc::Global>(LPVOID param_1, longlong param_2)	false	false	false
18008efd0	131	string_match::StringPatternMatcher::create_scratch	undefined __fastcall create_scratch(ulonglong * param_1, ulonglong param_2, ulonglong param_3, ulonglong param_4)	false	false	false
18008f060	1851	string_match::StringPatternMatcher::matches	undefined8 __fastcall matches(longlong param_1, ulonglong param_2, ushort * param_3, longlong param_4, undefined8 * param_5)	false	false	false
18008f900	12	wil::details::`dynamic_initializer_for_'g_processLocalData''	undefined __fastcall `dynamic_initializer_for_'g_processLocalData''(void)	false	false	false
18008f920	12	wil::details::`dynamic_initializer_for_'g_threadFailureCallbacks''	undefined __fastcall `dynamic_initializer_for_'g_threadFailureCallbacks''(void)	false	false	false
18008f940	43	wil::details::`dynamic_initializer_for_'g_header_init_InitializeResultHeader''	undefined __fastcall `dynamic_initializer_for_'g_header_init_InitializeResultHeader''(void)	false	false	false
18008f980	43	wil::details::`dynamic_initializer_for_'g_header_init_WilInitialize_ResultMacros_DesktopOrSystem_SuppressPrivateApiUse''	undefined __fastcall `dynamic_initializer_for_'g_header_init_WilInitialize_ResultMacros_DesktopOrSystem_SuppressPrivateApiUse''(void)	false	false	false
18008f9c0	29	wil::details::`dynamic_initializer_for_'g_header_init_InitializeResultExceptions''	undefined __fastcall `dynamic_initializer_for_'g_header_init_InitializeResultExceptions''(void)	false	false	false
18008f9f0	99	wil::details::`dynamic_initializer_for_'g_header_init_WilInitialize_ResultMacros_DesktopOrSystem''	undefined __fastcall `dynamic_initializer_for_'g_header_init_WilInitialize_ResultMacros_DesktopOrSystem''(void)	false	false	false
18008fa60	365	wil::details_abi::SemaphoreValue::GetValueFromSemaphore	long __cdecl GetValueFromSemaphore(void * param_1, long * param_2)	false	false	false
18008fbd4	140	wil::details_abi::ThreadLocalData::~ThreadLocalData	void __thiscall ~ThreadLocalData(ThreadLocalData * this)	false	false	false
18008fc68	1904	wil::details_abi::GetThreadLocalDataCache	ThreadLocalData * __cdecl GetThreadLocalDataCache(bool param_1)	false	false	false
1800903f0	108	wil::details::ThreadFailureCallbackHolder::~ThreadFailureCallbackHolder	void __thiscall ~ThreadFailureCallbackHolder(ThreadFailureCallbackHolder * this)	false	false	false
180090464	219	wil::details::ThreadFailureCallbackHolder::GetThreadContext	bool __cdecl GetThreadContext(FailureInfo * param_1, ThreadFailureCallbackHolder * param_2, char * param_3, __uint64 param_4)	false	false	false
180090550	1226	wil::details::GetContextAndNotifyFailure	void __cdecl GetContextAndNotifyFailure(FailureInfo * param_1, char * param_2, __uint64 param_3)	false	false	false
180090a20	3	wil::TraceLoggingProvider::Initialize	void __thiscall Initialize(TraceLoggingProvider * this)	false	false	false
180090a30	52	wil::TraceLoggingProvider::OnErrorReported	void __thiscall OnErrorReported(TraceLoggingProvider * this, bool param_1, FailureInfo * param_2)	false	false	false
180090a6c	344	wil::TraceLoggingProvider::ReportTelemetryFailure	void __thiscall ReportTelemetryFailure(TraceLoggingProvider * this, FailureInfo * param_1)	false	false	false
180090bcc	353	wil::TraceLoggingProvider::ReportTraceLoggingFailure	void __thiscall ReportTraceLoggingFailure(TraceLoggingProvider * this, FailureInfo * param_1)	false	false	false
180090d40	50	wil::TraceLoggingProvider::NotifyFailure	bool __thiscall NotifyFailure(TraceLoggingProvider * this, FailureInfo * param_1)	false	false	false
180090d80	85	wil::TraceLoggingProvider::`scalar_deleting_destructor'	void * __thiscall `scalar_deleting_destructor'(TraceLoggingProvider * this, uint param_1)	false	false	false
180090ddc	208	WespClientProvider::Provider	_tlgProvider_t * __cdecl Provider(void)	false	false	false
180090ec0	142	`protected:_static_class_WespClientProvider*___ptr64___cdecl_WespClientProvider::Instance(void)'::__l2::<lambda_1>::<lambda_invoker_cdecl>	undefined __cdecl <lambda_invoker_cdecl>(void)	false	false	false
180090f60	966	WespClientProvider::EspRegisterClient::StopActivity	void __thiscall StopActivity(EspRegisterClient * this)	false	false	false
180091330	18	WespClientProvider::EspCreateFileFilter::WasAlreadyReportedToTelemetry	bool __thiscall WasAlreadyReportedToTelemetry(EspCreateFileFilter * this, long param_1)	false	false	false
180091348	342	WespClientProvider::EspRegisterClient::StartActivity	void __thiscall StartActivity(EspRegisterClient * this, wchar_t * param_1, _GUID * param_2, wchar_t * param_3)	false	false	false
1800914b0	966	WespClientProvider::EspUnregisterClient::StopActivity	void __thiscall StopActivity(EspUnregisterClient * this)	false	false	false
18009187c	161	WespClientProvider::EspUnregisterClient::StartActivity	void __thiscall StartActivity(EspUnregisterClient * this, _GUID * param_1)	false	false	false
180091930	966	WespClientProvider::EspConnectClient::StopActivity	void __thiscall StopActivity(EspConnectClient * this)	false	false	false
180091cfc	161	WespClientProvider::EspConnectClient::StartActivity	void __thiscall StartActivity(EspConnectClient * this, _GUID * param_1)	false	false	false
180091db0	966	WespClientProvider::EspDisconnectClient::StopActivity	void __thiscall StopActivity(EspDisconnectClient * this)	false	false	false
18009217c	161	WespClientProvider::EspDisconnectClient::StartActivity	void __thiscall StartActivity(EspDisconnectClient * this, _GUID * param_1)	false	false	false
180092230	966	WespClientProvider::EspEnumerateRegisteredClients::StopActivity	void __thiscall StopActivity(EspEnumerateRegisteredClients * this)	false	false	false
1800925fc	233	WespClientProvider::EspEnumerateRegisteredClients::StartActivity	void __thiscall StartActivity(EspEnumerateRegisteredClients * this)	false	false	false
1800926ec	1082	WespClientProvider::EspEnumerateRegisteredClients::Stop	void __thiscall Stop(EspEnumerateRegisteredClients * this, uint param_1)	false	false	false
180092b30	966	WespClientProvider::EspEnumerateConnectedClients::StopActivity	void __thiscall StopActivity(EspEnumerateConnectedClients * this)	false	false	false
180092efc	233	WespClientProvider::EspEnumerateConnectedClients::StartActivity	void __thiscall StartActivity(EspEnumerateConnectedClients * this)	false	false	false
180092fec	1082	WespClientProvider::EspEnumerateConnectedClients::Stop	void __thiscall Stop(EspEnumerateConnectedClients * this, uint param_1)	false	false	false
180093430	966	WespClientProvider::EspQueryClientDescriptor::StopActivity	void __thiscall StopActivity(EspQueryClientDescriptor * this)	false	false	false
1800937fc	161	WespClientProvider::EspQueryClientDescriptor::StartActivity	void __thiscall StartActivity(EspQueryClientDescriptor * this, _GUID * param_1)	false	false	false
1800938b0	966	WespClientProvider::EspAllocateEventNotification::StopActivity	void __thiscall StopActivity(EspAllocateEventNotification * this)	false	false	false
180093c7c	230	WespClientProvider::EspAllocateEventNotification::StartActivity	void __thiscall StartActivity(EspAllocateEventNotification * this)	false	false	false
180093d70	966	WespClientProvider::EspFreeEventNotification::StopActivity	void __thiscall StopActivity(EspFreeEventNotification * this)	false	false	false
18009413c	230	WespClientProvider::EspFreeEventNotification::StartActivity	void __thiscall StartActivity(EspFreeEventNotification * this)	false	false	false
180094230	966	WespClientProvider::EspArmEventNotification::StopActivity	void __thiscall StopActivity(EspArmEventNotification * this)	false	false	false
1800945fc	161	WespClientProvider::EspArmEventNotification::StartActivity	void __thiscall StartActivity(EspArmEventNotification * this, _GUID * param_1)	false	false	false
1800946b0	966	WespClientProvider::EspCompleteEventNotification::StopActivity	void __thiscall StopActivity(EspCompleteEventNotification * this)	false	false	false
180094a7c	230	WespClientProvider::EspCompleteEventNotification::StartActivity	void __thiscall StartActivity(EspCompleteEventNotification * this)	false	false	false
180094b70	966	WespClientProvider::EspCreateEventQueue::StopActivity	void __thiscall StopActivity(EspCreateEventQueue * this)	false	false	false
180094f3c	344	WespClientProvider::EspCreateEventQueue::StartActivity	void __thiscall StartActivity(EspCreateEventQueue * this, _GUID * param_1, uint param_2, uint param_3, uint param_4, uint param_5)	false	false	false
18009509c	1006	WespClientProvider::EspCreateEventQueue::Stop	void __thiscall Stop(EspCreateEventQueue * this, _GUID * param_1)	false	false	false
180095490	966	WespClientProvider::EspCloseEventQueue::StopActivity	void __thiscall StopActivity(EspCloseEventQueue * this)	false	false	false
18009585c	161	WespClientProvider::EspCloseEventQueue::StartActivity	void __thiscall StartActivity(EspCloseEventQueue * this, _GUID * param_1)	false	false	false
180095910	966	WespClientProvider::EspOpenEventQueue::StopActivity	void __thiscall StopActivity(EspOpenEventQueue * this)	false	false	false
180095cdc	265	WespClientProvider::EspOpenEventQueue::StartActivity	void __thiscall StartActivity(EspOpenEventQueue * this, _GUID * param_1, _GUID * param_2)	false	false	false
180095dec	1006	WespClientProvider::EspOpenEventQueue::Stop	void __thiscall Stop(EspOpenEventQueue * this, _GUID * param_1)	false	false	false
1800961e0	966	WespClientProvider::EspDisconnectEventQueue::StopActivity	void __thiscall StopActivity(EspDisconnectEventQueue * this)	false	false	false
1800965ac	161	WespClientProvider::EspDisconnectEventQueue::StartActivity	void __thiscall StartActivity(EspDisconnectEventQueue * this, _GUID * param_1)	false	false	false
180096660	966	WespClientProvider::EspClearEventQueue::StopActivity	void __thiscall StopActivity(EspClearEventQueue * this)	false	false	false
180096a2c	161	WespClientProvider::EspClearEventQueue::StartActivity	void __thiscall StartActivity(EspClearEventQueue * this, _GUID * param_1)	false	false	false
180096ae0	966	WespClientProvider::EspSetEventQueueStateChangeCallback::StopActivity	void __thiscall StopActivity(EspSetEventQueueStateChangeCallback * this)	false	false	false
180096eac	283	WespClientProvider::EspSetEventQueueStateChangeCallback::StartActivity	void __thiscall StartActivity(EspSetEventQueueStateChangeCallback * this, _GUID * param_1, uchar param_2, uchar param_3)	false	false	false
180096fd0	966	WespClientProvider::EspRemoveEventQueueStateChangeCallback::StopActivity	void __thiscall StopActivity(EspRemoveEventQueueStateChangeCallback * this)	false	false	false
18009739c	161	WespClientProvider::EspRemoveEventQueueStateChangeCallback::StartActivity	void __thiscall StartActivity(EspRemoveEventQueueStateChangeCallback * this, _GUID * param_1)	false	false	false
180097450	966	WespClientProvider::EspGetEventQueueId::StopActivity	void __thiscall StopActivity(EspGetEventQueueId * this)	false	false	false
18009781c	230	WespClientProvider::EspGetEventQueueId::StartActivity	void __thiscall StartActivity(EspGetEventQueueId * this)	false	false	false
180097908	1006	WespClientProvider::EspGetEventQueueId::Stop	void __thiscall Stop(EspGetEventQueueId * this, _GUID * param_1)	false	false	false
180097d00	966	WespClientProvider::EspCreateFilter::StopActivity	void __thiscall StopActivity(EspCreateFilter * this)	false	false	false
1800980cc	159	WespClientProvider::EspCreateFilter::StartActivity	void __thiscall StartActivity(EspCreateFilter * this, uint param_1)	false	false	false
180098180	966	WespClientProvider::EspCreateThreadFilter::StopActivity	void __thiscall StopActivity(EspCreateThreadFilter * this)	false	false	false
18009854c	278	WespClientProvider::EspCreateThreadFilter::StartActivity	void __thiscall StartActivity(EspCreateThreadFilter * this, uint param_1, uint param_2)	false	false	false
180098670	966	WespClientProvider::EspCreateProcessFilter::StopActivity	void __thiscall StopActivity(EspCreateProcessFilter * this)	false	false	false
180098a3c	278	WespClientProvider::EspCreateProcessFilter::StartActivity	void __thiscall StartActivity(EspCreateProcessFilter * this, uint param_1, uint param_2)	false	false	false
180098b60	966	WespClientProvider::EspCreateFileStreamFilter::StopActivity	void __thiscall StopActivity(EspCreateFileStreamFilter * this)	false	false	false
180098f2c	278	WespClientProvider::EspCreateFileStreamFilter::StartActivity	void __thiscall StartActivity(EspCreateFileStreamFilter * this, uint param_1, uint param_2)	false	false	false
180099050	966	WespClientProvider::EspCreateFileFilter::StopActivity	void __thiscall StopActivity(EspCreateFileFilter * this)	false	false	false
18009941c	278	WespClientProvider::EspCreateFileFilter::StartActivity	void __thiscall StartActivity(EspCreateFileFilter * this, uint param_1, uint param_2)	false	false	false
180099540	966	WespClientProvider::EspCreateFileObjectFilter::StopActivity	void __thiscall StopActivity(EspCreateFileObjectFilter * this)	false	false	false
18009990c	278	WespClientProvider::EspCreateFileObjectFilter::StartActivity	void __thiscall StartActivity(EspCreateFileObjectFilter * this, uint param_1, uint param_2)	false	false	false
180099a30	966	WespClientProvider::EspCreateVolumeFilter::StopActivity	void __thiscall StopActivity(EspCreateVolumeFilter * this)	false	false	false
180099dfc	278	WespClientProvider::EspCreateVolumeFilter::StartActivity	void __thiscall StartActivity(EspCreateVolumeFilter * this, uint param_1, uint param_2)	false	false	false
180099f20	966	WespClientProvider::EspCreateDiskFilter::StopActivity	void __thiscall StopActivity(EspCreateDiskFilter * this)	false	false	false
18009a2ec	278	WespClientProvider::EspCreateDiskFilter::StartActivity	void __thiscall StartActivity(EspCreateDiskFilter * this, uint param_1, uint param_2)	false	false	false
18009a410	966	WespClientProvider::EspCreateRegistryKeyFilter::StopActivity	void __thiscall StopActivity(EspCreateRegistryKeyFilter * this)	false	false	false
18009a7dc	278	WespClientProvider::EspCreateRegistryKeyFilter::StartActivity	void __thiscall StartActivity(EspCreateRegistryKeyFilter * this, uint param_1, uint param_2)	false	false	false
18009a900	966	WespClientProvider::EspCreateRegistryKeyObjectFilter::StopActivity	void __thiscall StopActivity(EspCreateRegistryKeyObjectFilter * this)	false	false	false
18009accc	278	WespClientProvider::EspCreateRegistryKeyObjectFilter::StartActivity	void __thiscall StartActivity(EspCreateRegistryKeyObjectFilter * this, uint param_1, uint param_2)	false	false	false
18009adf0	966	WespClientProvider::EspCreateDesktopFilter::StopActivity	void __thiscall StopActivity(EspCreateDesktopFilter * this)	false	false	false
18009b1bc	278	WespClientProvider::EspCreateDesktopFilter::StartActivity	void __thiscall StartActivity(EspCreateDesktopFilter * this, uint param_1, uint param_2)	false	false	false
18009b2e0	966	WespClientProvider::EspCreateKtmTransactionFilter::StopActivity	void __thiscall StopActivity(EspCreateKtmTransactionFilter * this)	false	false	false
18009b6ac	278	WespClientProvider::EspCreateKtmTransactionFilter::StartActivity	void __thiscall StartActivity(EspCreateKtmTransactionFilter * this, uint param_1, uint param_2)	false	false	false
18009b7d0	966	WespClientProvider::EspCreatePipeFilter::StopActivity	void __thiscall StopActivity(EspCreatePipeFilter * this)	false	false	false
18009bb9c	278	WespClientProvider::EspCreatePipeFilter::StartActivity	void __thiscall StartActivity(EspCreatePipeFilter * this, uint param_1, uint param_2)	false	false	false
18009bcc0	966	WespClientProvider::EspCreateMailslotFilter::StopActivity	void __thiscall StopActivity(EspCreateMailslotFilter * this)	false	false	false
18009c08c	278	WespClientProvider::EspCreateMailslotFilter::StartActivity	void __thiscall StartActivity(EspCreateMailslotFilter * this, uint param_1, uint param_2)	false	false	false
18009c1b0	966	WespClientProvider::EspCreateTokenFilter::StopActivity	void __thiscall StopActivity(EspCreateTokenFilter * this)	false	false	false
18009c57c	278	WespClientProvider::EspCreateTokenFilter::StartActivity	void __thiscall StartActivity(EspCreateTokenFilter * this, uint param_1, uint param_2)	false	false	false
18009c6a0	966	WespClientProvider::EspCreateClientFilter::StopActivity	void __thiscall StopActivity(EspCreateClientFilter * this)	false	false	false
18009ca6c	278	WespClientProvider::EspCreateClientFilter::StartActivity	void __thiscall StartActivity(EspCreateClientFilter * this, uint param_1, uint param_2)	false	false	false
18009cb90	966	WespClientProvider::EspCreateEventFilter::StopActivity	void __thiscall StopActivity(EspCreateEventFilter * this)	false	false	false
18009cf5c	278	WespClientProvider::EspCreateEventFilter::StartActivity	void __thiscall StartActivity(EspCreateEventFilter * this, uint param_1, uint param_2)	false	false	false
18009d080	966	WespClientProvider::EspCreateANDFilter::StopActivity	void __thiscall StopActivity(EspCreateANDFilter * this)	false	false	false
18009d44c	230	WespClientProvider::EspCreateANDFilter::StartActivity	void __thiscall StartActivity(EspCreateANDFilter * this)	false	false	false
18009d540	966	WespClientProvider::EspCreateORFilter::StopActivity	void __thiscall StopActivity(EspCreateORFilter * this)	false	false	false
18009d90c	230	WespClientProvider::EspCreateORFilter::StartActivity	void __thiscall StartActivity(EspCreateORFilter * this)	false	false	false
18009da00	966	WespClientProvider::EspCreateXORFilter::StopActivity	void __thiscall StopActivity(EspCreateXORFilter * this)	false	false	false
18009ddcc	230	WespClientProvider::EspCreateXORFilter::StartActivity	void __thiscall StartActivity(EspCreateXORFilter * this)	false	false	false
18009dec0	966	WespClientProvider::EspCreateNOTFilter::StopActivity	void __thiscall StopActivity(EspCreateNOTFilter * this)	false	false	false
18009e28c	230	WespClientProvider::EspCreateNOTFilter::StartActivity	void __thiscall StartActivity(EspCreateNOTFilter * this)	false	false	false
18009e380	966	WespClientProvider::EspCloseFilter::StopActivity	void __thiscall StopActivity(EspCloseFilter * this)	false	false	false
18009e74c	230	WespClientProvider::EspCloseFilter::StartActivity	void __thiscall StartActivity(EspCloseFilter * this)	false	false	false
18009e840	966	WespClientProvider::EspCreateRule::StopActivity	void __thiscall StopActivity(EspCreateRule * this)	false	false	false
18009ec0c	233	WespClientProvider::EspCreateRule::StartActivity	void __thiscall StartActivity(EspCreateRule * this)	false	false	false
18009ed00	966	WespClientProvider::EspCloseRule::StopActivity	void __thiscall StopActivity(EspCloseRule * this)	false	false	false
18009f0cc	233	WespClientProvider::EspCloseRule::StartActivity	void __thiscall StartActivity(EspCloseRule * this)	false	false	false
18009f1c0	966	WespClientProvider::EspGetRuleId::StopActivity	void __thiscall StopActivity(EspGetRuleId * this)	false	false	false
18009f58c	230	WespClientProvider::EspGetRuleId::StartActivity	void __thiscall StartActivity(EspGetRuleId * this)	false	false	false
18009f678	1006	WespClientProvider::EspGetRuleId::Stop	void __thiscall Stop(EspGetRuleId * this, _GUID * param_1)	false	false	false
18009fa70	966	WespClientProvider::EspUpdateRules::StopActivity	void __thiscall StopActivity(EspUpdateRules * this)	false	false	false
18009fe3c	281	WespClientProvider::EspUpdateRules::StartActivity	void __thiscall StartActivity(EspUpdateRules * this, _GUID * param_1, uint param_2, uint param_3)	false	false	false
18009ff60	966	WespClientProvider::EspRemoveAllRulesForClient::StopActivity	void __thiscall StopActivity(EspRemoveAllRulesForClient * this)	false	false	false
1800a032c	161	WespClientProvider::EspRemoveAllRulesForClient::StartActivity	void __thiscall StartActivity(EspRemoveAllRulesForClient * this, _GUID * param_1)	false	false	false
1800a03e0	966	WespClientProvider::EspRemoveRulesForClient::StopActivity	void __thiscall StopActivity(EspRemoveRulesForClient * this)	false	false	false
1800a07ac	197	WespClientProvider::EspRemoveRulesForClient::StartActivity	void __thiscall StartActivity(EspRemoveRulesForClient * this, _GUID * param_1, uint param_2)	false	false	false
1800a0880	966	WespClientProvider::EspEnumerateAllRulesForClient::StopActivity	void __thiscall StopActivity(EspEnumerateAllRulesForClient * this)	false	false	false
1800a0c4c	161	WespClientProvider::EspEnumerateAllRulesForClient::StartActivity	void __thiscall StartActivity(EspEnumerateAllRulesForClient * this, _GUID * param_1)	false	false	false
1800a0cf4	1082	WespClientProvider::EspEnumerateAllRulesForClient::Stop	void __thiscall Stop(EspEnumerateAllRulesForClient * this, uint param_1)	false	false	false
1800a1140	966	WespClientProvider::EspEnumerateRuleIds::StopActivity	void __thiscall StopActivity(EspEnumerateRuleIds * this)	false	false	false
1800a150c	197	WespClientProvider::EspEnumerateRuleIds::StartActivity	void __thiscall StartActivity(EspEnumerateRuleIds * this, _GUID * param_1, uint param_2)	false	false	false
1800a15d8	1082	WespClientProvider::EspEnumerateRuleIds::Stop	void __thiscall Stop(EspEnumerateRuleIds * this, uint param_1)	false	false	false
1800a1a20	966	WespClientProvider::EspQueryProcessProperties::StopActivity	void __thiscall StopActivity(EspQueryProcessProperties * this)	false	false	false
1800a1dec	234	WespClientProvider::EspQueryProcessProperties::StartActivity	void __thiscall StartActivity(EspQueryProcessProperties * this, uint param_1, uint * param_2)	false	false	false
1800a1ee0	966	WespClientProvider::EspQueryThreadProperties::StopActivity	void __thiscall StopActivity(EspQueryThreadProperties * this)	false	false	false
1800a22ac	234	WespClientProvider::EspQueryThreadProperties::StartActivity	void __thiscall StartActivity(EspQueryThreadProperties * this, uint param_1, uint * param_2)	false	false	false
1800a23a0	966	WespClientProvider::EspQueryRegistryKeyProperties::StopActivity	void __thiscall StopActivity(EspQueryRegistryKeyProperties * this)	false	false	false
1800a276c	234	WespClientProvider::EspQueryRegistryKeyProperties::StartActivity	void __thiscall StartActivity(EspQueryRegistryKeyProperties * this, uint param_1, uint * param_2)	false	false	false
1800a2860	966	WespClientProvider::EspQueryRegistryKeyObjectProperties::StopActivity	void __thiscall StopActivity(EspQueryRegistryKeyObjectProperties * this)	false	false	false
1800a2c2c	234	WespClientProvider::EspQueryRegistryKeyObjectProperties::StartActivity	void __thiscall StartActivity(EspQueryRegistryKeyObjectProperties * this, uint param_1, uint * param_2)	false	false	false
1800a2d20	966	WespClientProvider::EspQueryFileObjectProperties::StopActivity	void __thiscall StopActivity(EspQueryFileObjectProperties * this)	false	false	false
1800a30ec	234	WespClientProvider::EspQueryFileObjectProperties::StartActivity	void __thiscall StartActivity(EspQueryFileObjectProperties * this, uint param_1, uint * param_2)	false	false	false
1800a31e0	966	WespClientProvider::EspQueryFileStreamProperties::StopActivity	void __thiscall StopActivity(EspQueryFileStreamProperties * this)	false	false	false
1800a35ac	234	WespClientProvider::EspQueryFileStreamProperties::StartActivity	void __thiscall StartActivity(EspQueryFileStreamProperties * this, uint param_1, uint * param_2)	false	false	false
1800a36a0	966	WespClientProvider::EspQueryFileProperties::StopActivity	void __thiscall StopActivity(EspQueryFileProperties * this)	false	false	false
1800a3a6c	234	WespClientProvider::EspQueryFileProperties::StartActivity	void __thiscall StartActivity(EspQueryFileProperties * this, uint param_1, uint * param_2)	false	false	false
1800a3b60	966	WespClientProvider::EspQueryVolumeProperties::StopActivity	void __thiscall StopActivity(EspQueryVolumeProperties * this)	false	false	false
1800a3f2c	234	WespClientProvider::EspQueryVolumeProperties::StartActivity	void __thiscall StartActivity(EspQueryVolumeProperties * this, uint param_1, uint * param_2)	false	false	false
1800a4020	966	WespClientProvider::EspQueryKtmTransactionProperties::StopActivity	void __thiscall StopActivity(EspQueryKtmTransactionProperties * this)	false	false	false
1800a43ec	234	WespClientProvider::EspQueryKtmTransactionProperties::StartActivity	void __thiscall StartActivity(EspQueryKtmTransactionProperties * this, uint param_1, uint * param_2)	false	false	false
1800a44e0	966	WespClientProvider::EspQueryDiskProperties::StopActivity	void __thiscall StopActivity(EspQueryDiskProperties * this)	false	false	false
1800a48ac	234	WespClientProvider::EspQueryDiskProperties::StartActivity	void __thiscall StartActivity(EspQueryDiskProperties * this, uint param_1, uint * param_2)	false	false	false
1800a49a0	966	WespClientProvider::EspQueryPipeProperties::StopActivity	void __thiscall StopActivity(EspQueryPipeProperties * this)	false	false	false
1800a4d6c	234	WespClientProvider::EspQueryPipeProperties::StartActivity	void __thiscall StartActivity(EspQueryPipeProperties * this, uint param_1, uint * param_2)	false	false	false
1800a4e60	966	WespClientProvider::EspQueryMailslotProperties::StopActivity	void __thiscall StopActivity(EspQueryMailslotProperties * this)	false	false	false
1800a522c	234	WespClientProvider::EspQueryMailslotProperties::StartActivity	void __thiscall StartActivity(EspQueryMailslotProperties * this, uint param_1, uint * param_2)	false	false	false
1800a5320	966	WespClientProvider::EspQueryTokenProperties::StopActivity	void __thiscall StopActivity(EspQueryTokenProperties * this)	false	false	false
1800a56ec	234	WespClientProvider::EspQueryTokenProperties::StartActivity	void __thiscall StartActivity(EspQueryTokenProperties * this, uint param_1, uint * param_2)	false	false	false
1800a57e0	966	WespClientProvider::EspQueryClientProperties::StopActivity	void __thiscall StopActivity(EspQueryClientProperties * this)	false	false	false
1800a5bac	234	WespClientProvider::EspQueryClientProperties::StartActivity	void __thiscall StartActivity(EspQueryClientProperties * this, uint param_1, uint * param_2)	false	false	false
1800a5ca0	966	WespClientProvider::EspQueryDesktopProperties::StopActivity	void __thiscall StopActivity(EspQueryDesktopProperties * this)	false	false	false
1800a606c	234	WespClientProvider::EspQueryDesktopProperties::StartActivity	void __thiscall StartActivity(EspQueryDesktopProperties * this, uint param_1, uint * param_2)	false	false	false
1800a6160	966	WespClientProvider::property_supported_query::StopActivity	void __thiscall StopActivity(property_supported_query * this)	false	false	false
1800a652c	305	WespClientProvider::property_supported_query::StartActivity	void __thiscall StartActivity(property_supported_query * this, _GUID * param_1, char * param_2, uint param_3)	false	false	false
1800a6664	1090	WespClientProvider::property_supported_query::Stop	void __thiscall Stop(property_supported_query * this, bool param_1)	false	false	false
1800a6ab0	966	WespClientProvider::EspGetEventObjectId::StopActivity	void __thiscall StopActivity(EspGetEventObjectId * this)	false	false	false
1800a6e7c	230	WespClientProvider::EspGetEventObjectId::StartActivity	void __thiscall StartActivity(EspGetEventObjectId * this)	false	false	false
1800a6f68	1006	WespClientProvider::EspGetEventObjectId::Stop	void __thiscall Stop(EspGetEventObjectId * this, __uint64 param_1)	false	false	false
1800a7360	966	WespClientProvider::EspGetEventObjectType::StopActivity	void __thiscall StopActivity(EspGetEventObjectType * this)	false	false	false
1800a772c	237	WespClientProvider::EspGetEventObjectType::StartActivity	void __thiscall StartActivity(EspGetEventObjectType * this, __uint64 param_1)	false	false	false
1800a7820	1090	WespClientProvider::EspGetEventObjectType::Stop	void __thiscall Stop(EspGetEventObjectType * this, uint param_1)	false	false	false
1800a7c70	966	WespClientProvider::EspCreateEventObjectReference::StopActivity	void __thiscall StopActivity(EspCreateEventObjectReference * this)	false	false	false
1800a803c	230	WespClientProvider::EspCreateEventObjectReference::StartActivity	void __thiscall StartActivity(EspCreateEventObjectReference * this)	false	false	false
1800a8128	1762	WespClientProvider::EspCreateEventObjectReference::Stop	void __thiscall Stop(EspCreateEventObjectReference * this, _GUID * param_1, __uint64 param_2, __uint64 param_3)	false	false	false
1800a8810	966	WespClientProvider::EspCreateEventObjectReferenceById::StopActivity	void __thiscall StopActivity(EspCreateEventObjectReferenceById * this)	false	false	false
1800a8bdc	273	WespClientProvider::EspCreateEventObjectReferenceById::StartActivity	void __thiscall StartActivity(EspCreateEventObjectReferenceById * this, _GUID * param_1, __uint64 param_2)	false	false	false
1800a8cf4	1006	WespClientProvider::EspCreateEventObjectReferenceById::Stop	void __thiscall Stop(EspCreateEventObjectReferenceById * this, __uint64 param_1)	false	false	false
1800a90f0	966	WespClientProvider::EspDuplicateEventObjectReference::StopActivity	void __thiscall StopActivity(EspDuplicateEventObjectReference * this)	false	false	false
1800a94bc	237	WespClientProvider::EspDuplicateEventObjectReference::StartActivity	void __thiscall StartActivity(EspDuplicateEventObjectReference * this, __uint64 param_1)	false	false	false
1800a95b0	1006	WespClientProvider::EspDuplicateEventObjectReference::Stop	void __thiscall Stop(EspDuplicateEventObjectReference * this, __uint64 param_1)	false	false	false
1800a99b0	966	WespClientProvider::EspCreateThreadReference::StopActivity	void __thiscall StopActivity(EspCreateThreadReference * this)	false	false	false
1800a9d7c	197	WespClientProvider::EspCreateThreadReference::StartActivity	void __thiscall StartActivity(EspCreateThreadReference * this, _GUID * param_1, uint param_2)	false	false	false
1800a9e48	1006	WespClientProvider::EspCreateThreadReference::Stop	void __thiscall Stop(EspCreateThreadReference * this, __uint64 param_1)	false	false	false
1800aa240	966	WespClientProvider::EspCreateProcessReference::StopActivity	void __thiscall StopActivity(EspCreateProcessReference * this)	false	false	false
1800aa60c	197	WespClientProvider::EspCreateProcessReference::StartActivity	void __thiscall StartActivity(EspCreateProcessReference * this, _GUID * param_1, uint param_2)	false	false	false
1800aa6d8	1006	WespClientProvider::EspCreateProcessReference::Stop	void __thiscall Stop(EspCreateProcessReference * this, __uint64 param_1)	false	false	false
1800aaad0	966	WespClientProvider::EspCreateProcessTokenReference::StopActivity	void __thiscall StopActivity(EspCreateProcessTokenReference * this)	false	false	false
1800aae9c	197	WespClientProvider::EspCreateProcessTokenReference::StartActivity	void __thiscall StartActivity(EspCreateProcessTokenReference * this, _GUID * param_1, uint param_2)	false	false	false
1800aaf68	1006	WespClientProvider::EspCreateProcessTokenReference::Stop	void __thiscall Stop(EspCreateProcessTokenReference * this, __uint64 param_1)	false	false	false
1800ab360	966	WespClientProvider::EspCreateThreadTokenReference::StopActivity	void __thiscall StopActivity(EspCreateThreadTokenReference * this)	false	false	false
1800ab72c	197	WespClientProvider::EspCreateThreadTokenReference::StartActivity	void __thiscall StartActivity(EspCreateThreadTokenReference * this, _GUID * param_1, uint param_2)	false	false	false
1800ab7f8	1006	WespClientProvider::EspCreateThreadTokenReference::Stop	void __thiscall Stop(EspCreateThreadTokenReference * this, __uint64 param_1)	false	false	false
1800abbf0	966	WespClientProvider::EspCreateFileReferenceByPath::StopActivity	void __thiscall StopActivity(EspCreateFileReferenceByPath * this)	false	false	false
1800abfbc	224	WespClientProvider::EspCreateFileReferenceByPath::StartActivity	void __thiscall StartActivity(EspCreateFileReferenceByPath * this, _GUID * param_1, wchar_t * param_2, ushort param_3)	false	false	false
1800ac0a4	1006	WespClientProvider::EspCreateFileReferenceByPath::Stop	void __thiscall Stop(EspCreateFileReferenceByPath * this, __uint64 param_1)	false	false	false
1800ac4a0	966	WespClientProvider::EspCreateFileReferenceById::StopActivity	void __thiscall StopActivity(EspCreateFileReferenceById * this)	false	false	false
1800ac86c	279	WespClientProvider::EspCreateFileReferenceById::StartActivity	void __thiscall StartActivity(EspCreateFileReferenceById * this, _GUID * param_1, _GUID * param_2, uchar * param_3)	false	false	false
1800ac98c	1006	WespClientProvider::EspCreateFileReferenceById::Stop	void __thiscall Stop(EspCreateFileReferenceById * this, __uint64 param_1)	false	false	false
1800acd80	966	WespClientProvider::EspCreateFileStreamReferenceByPath::StopActivity	void __thiscall StopActivity(EspCreateFileStreamReferenceByPath * this)	false	false	false
1800ad14c	224	WespClientProvider::EspCreateFileStreamReferenceByPath::StartActivity	void __thiscall StartActivity(EspCreateFileStreamReferenceByPath * this, _GUID * param_1, wchar_t * param_2, ushort param_3)	false	false	false
1800ad234	1006	WespClientProvider::EspCreateFileStreamReferenceByPath::Stop	void __thiscall Stop(EspCreateFileStreamReferenceByPath * this, __uint64 param_1)	false	false	false
1800ad630	966	WespClientProvider::EspCreateFileStreamReferenceById::StopActivity	void __thiscall StopActivity(EspCreateFileStreamReferenceById * this)	false	false	false
1800ad9fc	341	WespClientProvider::EspCreateFileStreamReferenceById::StartActivity	void __thiscall StartActivity(EspCreateFileStreamReferenceById * this, _GUID * param_1, _GUID * param_2, uchar * param_3, wchar_t * param_4)	false	false	false
1800adb58	1006	WespClientProvider::EspCreateFileStreamReferenceById::Stop	void __thiscall Stop(EspCreateFileStreamReferenceById * this, __uint64 param_1)	false	false	false
1800adf50	966	WespClientProvider::EspCreateVolumeReference::StopActivity	void __thiscall StopActivity(EspCreateVolumeReference * this)	false	false	false
1800ae31c	265	WespClientProvider::EspCreateVolumeReference::StartActivity	void __thiscall StartActivity(EspCreateVolumeReference * this, _GUID * param_1, _GUID * param_2)	false	false	false
1800ae42c	1006	WespClientProvider::EspCreateVolumeReference::Stop	void __thiscall Stop(EspCreateVolumeReference * this, __uint64 param_1)	false	false	false
1800ae820	966	WespClientProvider::EspCreateDiskReference::StopActivity	void __thiscall StopActivity(EspCreateDiskReference * this)	false	false	false
1800aebec	224	WespClientProvider::EspCreateDiskReference::StartActivity	void __thiscall StartActivity(EspCreateDiskReference * this, _GUID * param_1, wchar_t * param_2, ushort param_3)	false	false	false
1800aecd4	1006	WespClientProvider::EspCreateDiskReference::Stop	void __thiscall Stop(EspCreateDiskReference * this, __uint64 param_1)	false	false	false
1800af0d0	966	WespClientProvider::EspCreateRegistryKeyReference::StopActivity	void __thiscall StopActivity(EspCreateRegistryKeyReference * this)	false	false	false
1800af49c	224	WespClientProvider::EspCreateRegistryKeyReference::StartActivity	void __thiscall StartActivity(EspCreateRegistryKeyReference * this, _GUID * param_1, wchar_t * param_2, ushort param_3)	false	false	false
1800af584	1006	WespClientProvider::EspCreateRegistryKeyReference::Stop	void __thiscall Stop(EspCreateRegistryKeyReference * this, __uint64 param_1)	false	false	false
1800af980	966	WespClientProvider::EspCreateDesktopReference::StopActivity	void __thiscall StopActivity(EspCreateDesktopReference * this)	false	false	false
1800afd4c	257	WespClientProvider::EspCreateDesktopReference::StartActivity	void __thiscall StartActivity(EspCreateDesktopReference * this, _GUID * param_1, wchar_t * param_2)	false	false	false
1800afe54	1006	WespClientProvider::EspCreateDesktopReference::Stop	void __thiscall Stop(EspCreateDesktopReference * this, __uint64 param_1)	false	false	false
1800b0250	966	WespClientProvider::EspCreatePipeReference::StopActivity	void __thiscall StopActivity(EspCreatePipeReference * this)	false	false	false
1800b061c	224	WespClientProvider::EspCreatePipeReference::StartActivity	void __thiscall StartActivity(EspCreatePipeReference * this, _GUID * param_1, wchar_t * param_2, ushort param_3)	false	false	false
1800b0704	1006	WespClientProvider::EspCreatePipeReference::Stop	void __thiscall Stop(EspCreatePipeReference * this, __uint64 param_1)	false	false	false
1800b0b00	966	WespClientProvider::EspCreateMailslotReference::StopActivity	void __thiscall StopActivity(EspCreateMailslotReference * this)	false	false	false
1800b0ecc	224	WespClientProvider::EspCreateMailslotReference::StartActivity	void __thiscall StartActivity(EspCreateMailslotReference * this, _GUID * param_1, wchar_t * param_2, ushort param_3)	false	false	false
1800b0fb4	1006	WespClientProvider::EspCreateMailslotReference::Stop	void __thiscall Stop(EspCreateMailslotReference * this, __uint64 param_1)	false	false	false
1800b13b0	966	WespClientProvider::EspGetEventObjectFromReference::StopActivity	void __thiscall StopActivity(EspGetEventObjectFromReference * this)	false	false	false
1800b177c	237	WespClientProvider::EspGetEventObjectFromReference::StartActivity	void __thiscall StartActivity(EspGetEventObjectFromReference * this, __uint64 param_1)	false	false	false
1800b1870	966	WespClientProvider::EspCloseEventObjectReference::StopActivity	void __thiscall StopActivity(EspCloseEventObjectReference * this)	false	false	false
1800b1c3c	237	WespClientProvider::EspCloseEventObjectReference::StartActivity	void __thiscall StartActivity(EspCloseEventObjectReference * this, __uint64 param_1)	false	false	false
1800b1d30	966	WespClientProvider::EspSetEventObjectContextKey::StopActivity	void __thiscall StopActivity(EspSetEventObjectContextKey * this)	false	false	false
1800b20fc	237	WespClientProvider::EspSetEventObjectContextKey::StartActivity	void __thiscall StartActivity(EspSetEventObjectContextKey * this, __uint64 param_1)	false	false	false
1800b21f0	966	WespClientProvider::EspSetClientContextKey::StopActivity	void __thiscall StopActivity(EspSetClientContextKey * this)	false	false	false
1800b25bc	161	WespClientProvider::EspSetClientContextKey::StartActivity	void __thiscall StartActivity(EspSetClientContextKey * this, _GUID * param_1)	false	false	false
1800b2670	966	WespClientProvider::EspEnumerateAllClientContextKeys::StopActivity	void __thiscall StopActivity(EspEnumerateAllClientContextKeys * this)	false	false	false
1800b2a3c	161	WespClientProvider::EspEnumerateAllClientContextKeys::StartActivity	void __thiscall StartActivity(EspEnumerateAllClientContextKeys * this, _GUID * param_1)	false	false	false
1800b2ae4	1082	WespClientProvider::EspEnumerateAllClientContextKeys::Stop	void __thiscall Stop(EspEnumerateAllClientContextKeys * this, uint param_1)	false	false	false
1800b2f30	966	WespClientProvider::EspEnumerateAllEventObjectContextKeys::StopActivity	void __thiscall StopActivity(EspEnumerateAllEventObjectContextKeys * this)	false	false	false
1800b32fc	237	WespClientProvider::EspEnumerateAllEventObjectContextKeys::StartActivity	void __thiscall StartActivity(EspEnumerateAllEventObjectContextKeys * this, __uint64 param_1)	false	false	false
1800b33f0	1082	WespClientProvider::EspEnumerateAllEventObjectContextKeys::Stop	void __thiscall Stop(EspEnumerateAllEventObjectContextKeys * this, uint param_1)	false	false	false
1800b3830	966	WespClientProvider::EspGetEventCapabilities::StopActivity	void __thiscall StopActivity(EspGetEventCapabilities * this)	false	false	false
1800b3bfc	197	WespClientProvider::EspGetEventCapabilities::StartActivity	void __thiscall StartActivity(EspGetEventCapabilities * this, _GUID * param_1, uint param_2)	false	false	false
1800b3cc8	1090	WespClientProvider::EspGetEventCapabilities::Stop	void __thiscall Stop(EspGetEventCapabilities * this, uint param_1)	false	false	false
1800b4110	966	WespClientProvider::EspFreeMemory::StopActivity	void __thiscall StopActivity(EspFreeMemory * this)	false	false	false
1800b44dc	230	WespClientProvider::EspFreeMemory::StartActivity	void __thiscall StartActivity(EspFreeMemory * this)	false	false	false
1800b45d0	966	WespClientProvider::EspCreateCollection::StopActivity	void __thiscall StopActivity(EspCreateCollection * this)	false	false	false
1800b499c	309	WespClientProvider::EspCreateCollection::StartActivity	void __thiscall StartActivity(EspCreateCollection * this, _GUID * param_1, uint param_2, uint param_3, uint param_4)	false	false	false
1800b4ad8	1006	WespClientProvider::EspCreateCollection::Stop	void __thiscall Stop(EspCreateCollection * this, _GUID * param_1)	false	false	false
1800b4ed0	966	WespClientProvider::EspGetCollectionId::StopActivity	void __thiscall StopActivity(EspGetCollectionId * this)	false	false	false
1800b529c	230	WespClientProvider::EspGetCollectionId::StartActivity	void __thiscall StartActivity(EspGetCollectionId * this)	false	false	false
1800b5388	1006	WespClientProvider::EspGetCollectionId::Stop	void __thiscall Stop(EspGetCollectionId * this, _GUID * param_1)	false	false	false
1800b5780	966	WespClientProvider::EspGetCollectionType::StopActivity	void __thiscall StopActivity(EspGetCollectionType * this)	false	false	false
1800b5b4c	230	WespClientProvider::EspGetCollectionType::StartActivity	void __thiscall StartActivity(EspGetCollectionType * this)	false	false	false
1800b5c38	1090	WespClientProvider::EspGetCollectionType::Stop	void __thiscall Stop(EspGetCollectionType * this, uint param_1)	false	false	false
1800b6080	966	WespClientProvider::EspOpenCollection::StopActivity	void __thiscall StopActivity(EspOpenCollection * this)	false	false	false
1800b644c	265	WespClientProvider::EspOpenCollection::StartActivity	void __thiscall StartActivity(EspOpenCollection * this, _GUID * param_1, _GUID * param_2)	false	false	false
1800b6560	966	WespClientProvider::EspEnumerateCollectionIds::StopActivity	void __thiscall StopActivity(EspEnumerateCollectionIds * this)	false	false	false
1800b692c	197	WespClientProvider::EspEnumerateCollectionIds::StartActivity	void __thiscall StartActivity(EspEnumerateCollectionIds * this, _GUID * param_1, uint param_2)	false	false	false
1800b69f8	1082	WespClientProvider::EspEnumerateCollectionIds::Stop	void __thiscall Stop(EspEnumerateCollectionIds * this, uint param_1)	false	false	false
1800b6e40	966	WespClientProvider::EspCloseCollection::StopActivity	void __thiscall StopActivity(EspCloseCollection * this)	false	false	false
1800b720c	161	WespClientProvider::EspCloseCollection::StartActivity	void __thiscall StartActivity(EspCloseCollection * this, _GUID * param_1)	false	false	false
1800b72c0	966	WespClientProvider::EspUpdateCollection::StopActivity	void __thiscall StopActivity(EspUpdateCollection * this)	false	false	false
1800b768c	197	WespClientProvider::EspUpdateCollection::StartActivity	void __thiscall StartActivity(EspUpdateCollection * this, _GUID * param_1, uint param_2)	false	false	false
1800b7760	966	WespClientProvider::EspEnumerateCollectionEntries::StopActivity	void __thiscall StopActivity(EspEnumerateCollectionEntries * this)	false	false	false
1800b7b2c	161	WespClientProvider::EspEnumerateCollectionEntries::StartActivity	void __thiscall StartActivity(EspEnumerateCollectionEntries * this, _GUID * param_1)	false	false	false
1800b7bd4	1082	WespClientProvider::EspEnumerateCollectionEntries::Stop	void __thiscall Stop(EspEnumerateCollectionEntries * this, uint param_1)	false	false	false
1800b8020	966	WespClientProvider::EspEnumerateEventQueueIds::StopActivity	void __thiscall StopActivity(EspEnumerateEventQueueIds * this)	false	false	false
1800b83ec	197	WespClientProvider::EspEnumerateEventQueueIds::StartActivity	void __thiscall StartActivity(EspEnumerateEventQueueIds * this, _GUID * param_1, uint param_2)	false	false	false
1800b84b8	1082	WespClientProvider::EspEnumerateEventQueueIds::Stop	void __thiscall Stop(EspEnumerateEventQueueIds * this, uint param_1)	false	false	false
1800b8900	966	WespClientProvider::EspStringMatchesPattern::StopActivity	void __thiscall StopActivity(EspStringMatchesPattern * this)	false	false	false
1800b8ccc	317	WespClientProvider::EspStringMatchesPattern::StartActivity	void __thiscall StartActivity(EspStringMatchesPattern * this, wchar_t * param_1, ushort param_2, wchar_t * param_3, ushort param_4)	false	false	false
1800b8e10	1090	WespClientProvider::EspStringMatchesPattern::Stop	void __thiscall Stop(EspStringMatchesPattern * this, bool param_1)	false	false	false
1800b9260	85	WespClientProvider::`scalar_deleting_destructor'	void * __thiscall `scalar_deleting_destructor'(WespClientProvider * this, uint param_1)	false	false	false
1800b92bc	113	wil::ActivityBase<class_WespClientProvider,0,0,4,0,struct__TlgReflectorTag_Param0IsProviderType>::~ActivityBase<class_WespClientProvider,0,0,4,0,struct__TlgReflectorTag_Param0IsProviderType>	void __thiscall ~ActivityBase<class_WespClientProvider,0,0,4,0,struct__TlgReflectorTag_Param0IsProviderType>(ActivityBase<class_WespClientProvider,0,0,4,0,struct__TlgReflectorTag_Param0IsProviderType> * this)	false	false	false
1800b9334	109	wil::ActivityBase<class_WespClientProvider,0,0,4,0,struct__TlgReflectorTag_Param0IsProviderType>::ActivityData<class_WespClientProvider,struct__TlgReflectorTag_Param0IsProviderType>::~ActivityData<class_WespClientProvider,struct__TlgReflectorTag_Param0IsProviderType>	void __thiscall ~ActivityData<class_WespClientProvider,struct__TlgReflectorTag_Param0IsProviderType>(ActivityData<class_WespClientProvider,struct__TlgReflectorTag_Param0IsProviderType> * this)	false	false	false
1800b93a8	113	wil::ActivityBase<class_WespClientProvider,0,0,5,0,struct__TlgReflectorTag_Param0IsProviderType>::~ActivityBase<class_WespClientProvider,0,0,5,0,struct__TlgReflectorTag_Param0IsProviderType>	void __thiscall ~ActivityBase<class_WespClientProvider,0,0,5,0,struct__TlgReflectorTag_Param0IsProviderType>(ActivityBase<class_WespClientProvider,0,0,5,0,struct__TlgReflectorTag_Param0IsProviderType> * this)	false	false	false
1800b9420	109	wil::ActivityBase<class_WespClientProvider,0,0,5,0,struct__TlgReflectorTag_Param0IsProviderType>::ActivityData<class_WespClientProvider,struct__TlgReflectorTag_Param0IsProviderType>::~ActivityData<class_WespClientProvider,struct__TlgReflectorTag_Param0IsProviderType>	void __thiscall ~ActivityData<class_WespClientProvider,struct__TlgReflectorTag_Param0IsProviderType>(ActivityData<class_WespClientProvider,struct__TlgReflectorTag_Param0IsProviderType> * this)	false	false	false
1800b9494	130	utl::vector<struct_Esp::RuleUpdateEntry,class_utl::allocator<struct_Esp::RuleUpdateEntry>_>::~vector<struct_Esp::RuleUpdateEntry,class_utl::allocator<struct_Esp::RuleUpdateEntry>_>	void __thiscall ~vector<struct_Esp::RuleUpdateEntry,class_utl::allocator<struct_Esp::RuleUpdateEntry>_>(vector<struct_Esp::RuleUpdateEntry,class_utl::allocator<struct_Esp::RuleUpdateEntry>_> * this)	false	false	false
1800b951c	259	wil::ActivityBase<class_WespClientProvider,0,0,5,0,struct__TlgReflectorTag_Param0IsProviderType>::Destroy	void __thiscall Destroy(ActivityBase<class_WespClientProvider,0,0,5,0,struct__TlgReflectorTag_Param0IsProviderType> * this)	false	false	false
1800b9628	222	wil::ActivityBase<class_WespClientProvider,0,0,5,0,struct__TlgReflectorTag_Param0IsProviderType>::EnsureWatchingCurrentThread	void __thiscall EnsureWatchingCurrentThread(ActivityBase<class_WespClientProvider,0,0,5,0,struct__TlgReflectorTag_Param0IsProviderType> * this)	false	false	false
1800b970c	113	wil::ActivityBase<class_WespClientProvider,0,0,5,0,struct__TlgReflectorTag_Param0IsProviderType>::zInternalStart	void __thiscall zInternalStart(ActivityBase<class_WespClientProvider,0,0,5,0,struct__TlgReflectorTag_Param0IsProviderType> * this)	false	false	false
1800b9790	490	wil::ActivityBase<class_WespClientProvider,0,0,5,0,struct__TlgReflectorTag_Param0IsProviderType>::NotifyFailure	bool __thiscall NotifyFailure(ActivityBase<class_WespClientProvider,0,0,5,0,struct__TlgReflectorTag_Param0IsProviderType> * this, FailureInfo * param_1)	false	false	false
1800b9980	284	wil::ActivityBase<class_WespClientProvider,0,0,5,0,struct__TlgReflectorTag_Param0IsProviderType>::Stop	void __thiscall Stop(ActivityBase<class_WespClientProvider,0,0,5,0,struct__TlgReflectorTag_Param0IsProviderType> * this, long param_1)	false	false	false
1800b9aa4	125	wil::ActivityBase<class_WespClientProvider,0,0,4,0,struct__TlgReflectorTag_Param0IsProviderType>::IgnoreCurrentThread	void __thiscall IgnoreCurrentThread(ActivityBase<class_WespClientProvider,0,0,4,0,struct__TlgReflectorTag_Param0IsProviderType> * this)	false	false	false
1800b9b28	259	wil::ActivityBase<class_WespClientProvider,0,0,4,0,struct__TlgReflectorTag_Param0IsProviderType>::Destroy	void __thiscall Destroy(ActivityBase<class_WespClientProvider,0,0,4,0,struct__TlgReflectorTag_Param0IsProviderType> * this)	false	false	false
1800b9c34	113	wil::ActivityBase<class_WespClientProvider,0,0,4,0,struct__TlgReflectorTag_Param0IsProviderType>::zInternalStart	void __thiscall zInternalStart(ActivityBase<class_WespClientProvider,0,0,4,0,struct__TlgReflectorTag_Param0IsProviderType> * this)	false	false	false
1800b9cb0	490	wil::ActivityBase<class_WespClientProvider,0,0,4,0,struct__TlgReflectorTag_Param0IsProviderType>::NotifyFailure	bool __thiscall NotifyFailure(ActivityBase<class_WespClientProvider,0,0,4,0,struct__TlgReflectorTag_Param0IsProviderType> * this, FailureInfo * param_1)	false	false	false
1800b9ea0	284	wil::ActivityBase<class_WespClientProvider,0,0,4,0,struct__TlgReflectorTag_Param0IsProviderType>::Stop	void __thiscall Stop(ActivityBase<class_WespClientProvider,0,0,4,0,struct__TlgReflectorTag_Param0IsProviderType> * this, long param_1)	false	false	false
1800b9fc4	400	wil::details_abi::ProcessLocalStorage<struct_wil::details_abi::ProcessLocalData>::~ProcessLocalStorage<struct_wil::details_abi::ProcessLocalData>	void __thiscall ~ProcessLocalStorage<struct_wil::details_abi::ProcessLocalData>(ProcessLocalStorage<struct_wil::details_abi::ProcessLocalData> * this)	false	false	false
1800ba160	78	_tlgWriteActivityAutoStop<0,5>	void __cdecl _tlgWriteActivityAutoStop<0,5>(_tlgProvider_t * param_1, _GUID * param_2)	false	false	false
1800ba1b4	78	_tlgWriteActivityAutoStop<0,4>	void __cdecl _tlgWriteActivityAutoStop<0,4>(_tlgProvider_t * param_1, _GUID * param_2)	false	false	false
1800ba208	511	utl::vector<struct_Esp::RuleUpdateEntry,class_utl::allocator<struct_Esp::RuleUpdateEntry>_>::_Grow	bool __thiscall _Grow(vector<struct_Esp::RuleUpdateEntry,class_utl::allocator<struct_Esp::RuleUpdateEntry>_> * this)	false	false	false
1800ba410	230	wil::details::static_lazy<class_WespClientProvider>::Completer::~Completer	void __thiscall ~Completer(Completer * this)	false	false	false
1800ba4fc	202	wil::details_abi::ProcessLocalStorageData<struct_wil::details_abi::ProcessLocalData>::~ProcessLocalStorageData<struct_wil::details_abi::ProcessLocalData>	void __thiscall ~ProcessLocalStorageData<struct_wil::details_abi::ProcessLocalData>(ProcessLocalStorageData<struct_wil::details_abi::ProcessLocalData> * this)	false	false	false
1800ba5d0	445	utl::vector<struct_Esp::RuleUpdateEntry,class_utl::allocator<struct_Esp::RuleUpdateEntry>_>::_SetCapacity	bool __thiscall _SetCapacity(vector<struct_Esp::RuleUpdateEntry,class_utl::allocator<struct_Esp::RuleUpdateEntry>_> * this, __uint64 param_1)	false	false	false
1800ba794	20	wil::details::in1diag3::_FailFast_Unexpected	noreturn void __cdecl _FailFast_Unexpected(void * param_1, uint param_2, char * param_3)	false	false	true
1800ba7b0	121	utl::_RefCountBase::_DecStrong	void __thiscall _DecStrong(_RefCountBase * this)	false	false	false
1800ba830	84	wil::details::GetLastErrorFailHr	long __cdecl GetLastErrorFailHr(void)	false	false	false
1800ba88c	90	StringCchPrintfW	long __cdecl StringCchPrintfW(wchar_t * param_1, __uint64 param_2, wchar_t * param_3, ...)	false	false	false
1800ba8ec	1812	wil::StoredFailureInfo::SetFailureInfo	void __thiscall SetFailureInfo(StoredFailureInfo * this, FailureInfo * param_1)	false	false	false
1800bb008	97	wil::StoredFailureInfo::~StoredFailureInfo	void __thiscall ~StoredFailureInfo(StoredFailureInfo * this)	false	false	false
1800bb070	60	wil::details::in1diag3::Log_Hr	long __cdecl Log_Hr(void * param_1, uint param_2, char * param_3, long param_4)	false	false	false
1800bb0b4	83	wil::details::ReportFailure_Hr<3>	void __cdecl ReportFailure_Hr<3>(void * param_1, uint param_2, char * param_3, char * param_4, char * param_5, void * param_6, long param_7, FailureFlags param_8)	false	false	false
1800bb110	158	wil::details::ProcessHeapAlloc	void * __cdecl ProcessHeapAlloc(ulong param_1, __uint64 param_2)	false	false	false
1800bb1b4	158	wil::details::ReportFailure_GetLastErrorHr<1>	long __cdecl ReportFailure_GetLastErrorHr<1>(void * param_1, uint param_2, char * param_3, char * param_4, char * param_5, void * param_6)	false	false	false
1800bb258	25	wil::details::in1diag3::Return_GetLastError	long __cdecl Return_GetLastError(void * param_1, uint param_2, char * param_3)	false	false	false
1800bb278	133	StringCchCatW	long __cdecl StringCchCatW(wchar_t * param_1, __uint64 param_2, wchar_t * param_3)	false	false	false
1800bb304	660	wil::details::ReportFailure_Return<1>	void __cdecl ReportFailure_Return<1>(void * param_1, uint param_2, char * param_3, char * param_4, char * param_5, void * param_6, ResultStatus * param_7, wchar_t * param_8, ReportFailureOptions param_9, FailureFlags param_10)	false	false	false
1800bb5a0	5	wil::details::ReportFailure_Base<1,0>	void __cdecl ReportFailure_Base<1,0>(void * param_1, uint param_2, char * param_3, char * param_4, char * param_5, void * param_6, ResultStatus * param_7, wchar_t * param_8, ReportFailureOptions param_9, FailureFlags param_10)	false	false	false
1800bb5ac	71	wil::details::ReportFailure_Hr<1>	void __cdecl ReportFailure_Hr<1>(void * param_1, uint param_2, char * param_3, char * param_4, char * param_5, void * param_6, long param_7, FailureFlags param_8)	false	false	false
1800bb5fc	30	wil::details::in1diag3::Return_Hr	void __cdecl Return_Hr(void * param_1, uint param_2, char * param_3, long param_4)	false	false	false
1800bb620	97	wil::details::GetLastErrorFail	ulong __cdecl GetLastErrorFail(void * param_1, uint param_2, char * param_3, char * param_4, char * param_5, void * param_6)	false	false	false
1800bb688	22	wil::details::RecordReturn	int __cdecl RecordReturn(long param_1)	false	false	false
1800bb6a4	774	wil::details::ReportFailure_Return<2>	void __cdecl ReportFailure_Return<2>(void * param_1, uint param_2, char * param_3, char * param_4, char * param_5, void * param_6, ResultStatus * param_7, wchar_t * param_8, ReportFailureOptions param_9, FailureFlags param_10)	false	false	false
1800bb9b4	72	wil::details::ReportFailure_Base<2,0>	void __cdecl ReportFailure_Base<2,0>(void * param_1, uint param_2, char * param_3, char * param_4, char * param_5, void * param_6, ResultStatus * param_7, wchar_t * param_8, ReportFailureOptions param_9, FailureFlags param_10)	false	false	false
1800bba04	92	wil::details::ReportFailure_Hr<2>	void __cdecl ReportFailure_Hr<2>(void * param_1, uint param_2, char * param_3, char * param_4, char * param_5, void * param_6, long param_7, FailureFlags param_8)	false	false	false
1800bba68	22	wil::details::RecordLog	int __cdecl RecordLog(long param_1)	false	false	false
1800bba90	12	wil::details::RecordFailFast	int __cdecl RecordFailFast(long param_1)	false	false	false
1800bbaa4	8	wil::details::in1diag3::_FailFastImmediate_Unexpected	noreturn void __cdecl _FailFastImmediate_Unexpected(void)	false	false	true
1800bbab4	8	__local_stdio_printf_options	__uint64 * __fastcall __local_stdio_printf_options(void)	false	false	false
1800bbac4	211	wil::details::LogStringPrintf	wchar_t * __cdecl LogStringPrintf(wchar_t * param_1, wchar_t * param_2, wchar_t * param_3, ...)	false	false	false
1800bbba0	694	wil::GetFailureLogString	long __cdecl GetFailureLogString(wchar_t * param_1, __uint64 param_2, FailureInfo * param_3)	false	false	false
1800bbe5c	35	wil::details::WilRaiseFailFastException	void __cdecl WilRaiseFailFastException(_EXCEPTION_RECORD * param_1, _CONTEXT * param_2, ulong param_3)	false	false	false
1800bbe88	167	wil::details::WilFailFast	noreturn void __cdecl WilFailFast(FailureInfo * param_1)	false	false	true
1800bbf38	618	wil::details::ReportFailure_NoReturn<3>	void __cdecl ReportFailure_NoReturn<3>(void * param_1, uint param_2, char * param_3, char * param_4, char * param_5, void * param_6, ResultStatus * param_7, wchar_t * param_8, ReportFailureOptions param_9)	false	false	false
1800bc1ac	36	wil::details::ReportFailure_Base<3,0>	void __cdecl ReportFailure_Base<3,0>(void * param_1, uint param_2, char * param_3, char * param_4, char * param_5, void * param_6, ResultStatus * param_7, wchar_t * param_8, ReportFailureOptions param_9, FailureFlags param_10)	false	false	false
1800bc1d8	447	wil::details::HrToNtStatus	long __cdecl HrToNtStatus(long param_1)	false	false	false
1800bc3a0	36	wil::details::ResultStatus::FromResult	ResultStatus __cdecl FromResult(long param_1)	false	false	false
1800bc3cc	119	wil::details::ReportFailure_GetLastError<3>	ulong __cdecl ReportFailure_GetLastError<3>(void * param_1, uint param_2, char * param_3, char * param_4, char * param_5, void * param_6)	false	false	false
1800bc44c	20	wil::details::in1diag3::_FailFast_GetLastError	noreturn void __cdecl _FailFast_GetLastError(void * param_1, uint param_2, char * param_3)	false	false	true
1800bc468	50	std::exception::exception	undefined __thiscall exception(exception * this, exception * param_1)	false	false	false
1800bc4a0	18	std::exception::what	char * __thiscall what(exception * this)	false	false	false
1800bc4c0	66	std::exception::`vector_deleting_destructor'	void * __thiscall `vector_deleting_destructor'(exception * this, uint param_1)	false	false	false
1800bc508	296	wil::details::GetModuleInformation	bool __cdecl GetModuleInformation(void * param_1, uint * param_2, char * param_3, __uint64 param_4)	false	false	false
1800bc640	60	wil::details::GetCurrentModuleName	char * __cdecl GetCurrentModuleName(void)	false	false	false
1800bc690	7	wil::details::DebugBreak	void __cdecl DebugBreak(void)	false	false	false
1800bc6a0	88	wil::details::WilDynamicLoadRaiseFailFastException	void __cdecl WilDynamicLoadRaiseFailFastException(_EXCEPTION_RECORD * param_1, _CONTEXT * param_2, ulong param_3)	false	false	false
1800bc700	88	wil::ResultException::ResultException	undefined __thiscall ResultException(ResultException * this, FailureInfo * param_1)	false	false	false
1800bc760	464	wil::ResultException::what	char * __thiscall what(ResultException * this)	false	false	false
1800bc940	52	wil::ResultException::`scalar_deleting_destructor'	void * __thiscall `scalar_deleting_destructor'(ResultException * this, uint param_1)	false	false	false
1800bc97c	124	wil::ResultException::~ResultException	void __thiscall ~ResultException(ResultException * this)	false	false	false
1800bca00	13	wil::details::Rethrow	void __cdecl Rethrow(void)	false	false	false
1800bca20	37	wil::details::ThrowResultExceptionInternal	void __cdecl ThrowResultExceptionInternal(FailureInfo * param_1)	false	false	false
1800bca4c	269	wil::ResultException::ResultException	undefined __thiscall ResultException(ResultException * this, ResultException * param_1)	false	false	false
1800bcb60	112	wil::details::FormatNtStatusMsg	void __cdecl FormatNtStatusMsg(long param_1, wchar_t * param_2, ulong param_3)	false	false	false
1800bcbe0	94	wil::details::RtlNtStatusToDosErrorNoTeb	ulong __cdecl RtlNtStatusToDosErrorNoTeb(long param_1)	false	false	false
1800bcc50	87	wil::details::RtlDllShutdownInProgress	uchar __cdecl RtlDllShutdownInProgress(void)	false	false	false
1800bccb0	301	wil::details::MicrosoftInternalNotifyFailure	void __cdecl MicrosoftInternalNotifyFailure(FailureInfo * param_1)	false	false	false
1800bcde4	276	WespClientProvider::wil_error<wchar_t_const*___ptr64_const,char_const*___ptr64_const,unsigned_int_const&___ptr64,long_const&___ptr64>	void __cdecl wil_error<wchar_t_const*___ptr64_const,char_const*___ptr64_const,unsigned_int_const&___ptr64,long_const&___ptr64>(wchar_t * * param_1, char * * param_2, uint * param_3, long * param_4)	false	false	false
1800bcf00	191	Esp::Collection::~Collection	void __thiscall ~Collection(Collection * this)	false	false	false
1800bcfc8	260	Esp::PortListener::~PortListener	void __thiscall ~PortListener(PortListener * this)	false	false	false
1800bd0d4	194	utl::make_shared<class_Esp::EventQueue>	shared_ptr<class_Esp::EventQueue> __cdecl make_shared<class_Esp::EventQueue>(void)	false	false	false
1800bd19c	86	utl::make_unique<class_Esp::Handle<class_Esp::EventObjectReference>,class_utl::shared_ptr<class_Esp::EventObjectReference>,0>	unique_ptr<class_Esp::Handle<class_Esp::EventObjectReference>,struct_utl::default_delete<class_Esp::Handle<class_Esp::EventObjectReference>_>_> __cdecl make_unique<class_Esp::Handle<class_Esp::EventObjectReference>,class_utl::shared_ptr<class_Esp::EventObjectReference>,0>(shared_ptr<class_Esp::EventObjectReference> * param_1)	false	false	false
1800bd1f8	108	utl::make_shared<class_Esp::Filter>	shared_ptr<class_Esp::Filter> __cdecl make_shared<class_Esp::Filter>(void)	false	false	false
1800bd26c	110	utl::make_shared<class_Esp::EventObjectReference>	shared_ptr<class_Esp::EventObjectReference> __cdecl make_shared<class_Esp::EventObjectReference>(void)	false	false	false
1800bd2e0	129	utl::make_shared<class_Esp::Collection>	shared_ptr<class_Esp::Collection> __cdecl make_shared<class_Esp::Collection>(void)	false	false	false
1800bd368	362	utl::basic_string<wchar_t,struct_utl::char_traits<wchar_t>,class_utl::allocator<wchar_t>_>::append	bool __thiscall append(basic_string<wchar_t,struct_utl::char_traits<wchar_t>,class_utl::allocator<wchar_t>_> * this, wchar_t * param_1, __uint64 param_2)	false	false	false
1800bd4d8	162	utl::basic_string<wchar_t,struct_utl::char_traits<wchar_t>,class_utl::allocator<wchar_t>_>::_GrowAlloc	pair<wchar_t*___ptr64,unsigned___int64> __thiscall _GrowAlloc(basic_string<wchar_t,struct_utl::char_traits<wchar_t>,class_utl::allocator<wchar_t>_> * this, __uint64 param_1)	false	false	false
1800bd580	12	utl::_RefCountVtable<class_utl::_RefCountStored<class_Esp::Filter,class_utl::allocator<int>,0>,0>::_FreeRefCount	void __thiscall _FreeRefCount(_RefCountVtable<class_utl::_RefCountStored<class_Esp::Filter,class_utl::allocator<int>,0>,0> * this)	false	false	false
1800bd5a0	9	utl::_RefCountVtable<class_utl::_RefCountStored<class_Esp::Collection,class_utl::allocator<int>,0>,0>::_CallDeleter	void __thiscall _CallDeleter(_RefCountVtable<class_utl::_RefCountStored<class_Esp::Collection,class_utl::allocator<int>,0>,0> * this)	false	false	false
1800bd5b0	38	utl::_RefCountVtable<class_utl::_RefCountStored<class_Esp::EventObjectReference,class_utl::allocator<int>,0>,0>::_CallDeleter	void __thiscall _CallDeleter(_RefCountVtable<class_utl::_RefCountStored<class_Esp::EventObjectReference,class_utl::allocator<int>,0>,0> * this)	false	false	false
1800bd5e0	9	utl::_RefCountVtable<class_utl::_RefCountStored<class_Esp::Rule,class_utl::allocator<int>,0>,0>::_CallDeleter	void __thiscall _CallDeleter(_RefCountVtable<class_utl::_RefCountStored<class_Esp::Rule,class_utl::allocator<int>,0>,0> * this)	false	false	false
1800bd5f0	9	utl::_RefCountVtable<class_utl::_RefCountStored<class_Esp::Filter,class_utl::allocator<int>,0>,0>::_CallDeleter	void __thiscall _CallDeleter(_RefCountVtable<class_utl::_RefCountStored<class_Esp::Filter,class_utl::allocator<int>,0>,0> * this)	false	false	false
1800bd600	24	utl::_RefCountVtable<class_utl::_RefCountStored<struct_Esp::_EspFilter,class_utl::allocator<int>,0>,0>::_CallDeleter	void __thiscall _CallDeleter(_RefCountVtable<class_utl::_RefCountStored<struct_Esp::_EspFilter,class_utl::allocator<int>,0>,0> * this)	false	false	false
1800bd620	9	utl::_RefCountVtable<class_utl::_RefCountStored<class_Esp::EventQueue,class_utl::allocator<int>,0>,0>::_CallDeleter	void __thiscall _CallDeleter(_RefCountVtable<class_utl::_RefCountStored<class_Esp::EventQueue,class_utl::allocator<int>,0>,0> * this)	false	false	false
1800bd630	29	utl::_RefCountVtable<class_utl::_RefCountStored<class_Esp::ClientObject,class_utl::allocator<int>,0>,0>::_CallDeleter	void __thiscall _CallDeleter(_RefCountVtable<class_utl::_RefCountStored<class_Esp::ClientObject,class_utl::allocator<int>,0>,0> * this)	false	false	false
1800bd654	88	wil::details::NtStatusToHr	long __cdecl NtStatusToHr(long param_1)	false	false	false
1800bd6b4	111	wil::details::ReportFailure_NtStatus<1>	long __cdecl ReportFailure_NtStatus<1>(void * param_1, uint param_2, char * param_3, char * param_4, char * param_5, void * param_6, long param_7)	false	false	false
1800bd72c	30	wil::details::in1diag3::Return_NtStatus	long __cdecl Return_NtStatus(void * param_1, uint param_2, char * param_3, long param_4)	false	false	false
1800bd750	92	wil::details::ReportFailure_Win32<1>	long __cdecl ReportFailure_Win32<1>(void * param_1, uint param_2, char * param_3, char * param_4, char * param_5, void * param_6, ulong param_7)	false	false	false
1800bd7b4	30	wil::details::in1diag3::Return_Win32	long __cdecl Return_Win32(void * param_1, uint param_2, char * param_3, ulong param_4)	false	false	false
1800bd7d8	42	wil::details::in1diag3::_Log_Hr	void __cdecl _Log_Hr(void * param_1, uint param_2, char * param_3, long param_4)	false	false	false
1800bd808	345	Esp::SendMessageWithRetry	long __cdecl SendMessageWithRetry(function<long___cdecl(unsigned_char*___ptr64,unsigned_int,unsigned_int*___ptr64)> * param_1, unique_ptr<unsigned_char_[0],struct_utl::default_delete<unsigned_char_[0]>_> * param_2, uint * param_3, uint param_4, uint param_5)	false	false	false
1800bd968	138	Esp::SendEnumerateMessage	long __cdecl SendEnumerateMessage(function<long___cdecl(unsigned_char*___ptr64,unsigned_int,unsigned_int*___ptr64)> * param_1, uint * param_2, void * * param_3)	false	false	false
1800bd9f8	83	utl::make_unique<unsigned_char_[0],0>	unique_ptr<unsigned_char_[0],struct_utl::default_delete<unsigned_char_[0]>_> __cdecl make_unique<unsigned_char_[0],0>(__uint64 param_1)	false	false	false
1800bda54	228	Esp::AllocateConnectContext<struct__ESP_CONNECT_CONTEXT_HEADER>	long __cdecl AllocateConnectContext<struct__ESP_CONNECT_CONTEXT_HEADER>(_ESP_CONNECT_CONTEXT_TYPE param_1, _ESP_CONNECT_CONTEXT_HEADER * * param_2, vector<unsigned_char,class_utl::allocator<unsigned_char>_> * param_3, __uint64 param_4)	false	false	false
1800bdb40	100	Esp::ParseOutputArray<struct__GUID>	pair<struct__GUID*___ptr64,unsigned_int> __cdecl ParseOutputArray<struct__GUID>(unique_ptr<unsigned_char_[0],struct_utl::default_delete<unsigned_char_[0]>_> param_1, uint param_2)	false	false	false
1800bdbac	254	utl::vector<unsigned_char,class_utl::allocator<unsigned_char>_>::resize	bool __thiscall resize(vector<unsigned_char,class_utl::allocator<unsigned_char>_> * this, __uint64 param_1)	false	false	false
1800bdcb0	3	utl::_FuncEmpty<long,unsigned_char*___ptr64,unsigned_int,unsigned_int*___ptr64>::_IsValid	bool __thiscall _IsValid(_FuncEmpty<long,unsigned_char*___ptr64,unsigned_int,unsigned_int*___ptr64> * this)	false	false	false
1800bdcc0	8	utl::_FuncEmpty<long,unsigned_char*___ptr64,unsigned_int,unsigned_int*___ptr64>::_Invoke	long __thiscall _Invoke(_FuncEmpty<long,unsigned_char*___ptr64,unsigned_int,unsigned_int*___ptr64> * this, uchar * * param_1, uint * param_2, uint * * param_3)	false	false	false
1800bdcd0	13	utl::_FuncEmpty<long,unsigned_char*___ptr64,unsigned_int,unsigned_int*___ptr64>::_CopyInto	bool __thiscall _CopyInto(_FuncEmpty<long,unsigned_char*___ptr64,unsigned_int,unsigned_int*___ptr64> * this, void * param_1)	false	false	false
1800bdcf0	14	utl::_FuncEmpty<long,unsigned_char*___ptr64,unsigned_int,unsigned_int*___ptr64>::_MoveIntoAndDestroy	void __thiscall _MoveIntoAndDestroy(_FuncEmpty<long,unsigned_char*___ptr64,unsigned_int,unsigned_int*___ptr64> * this, void * param_1)	false	false	false
1800bdd10	11	utl::_FuncEmpty<long,unsigned_char*___ptr64,unsigned_int,unsigned_int*___ptr64>::_Destroy	void __thiscall _Destroy(_FuncEmpty<long,unsigned_char*___ptr64,unsigned_int,unsigned_int*___ptr64> * this)	false	false	false
1800bdd24	230	utl::vector<struct__ESP_RS_RULE_UPDATE_ENTRY,class_utl::allocator<struct__ESP_RS_RULE_UPDATE_ENTRY>_>::_SetCapacity	bool __thiscall _SetCapacity(vector<struct__ESP_RS_RULE_UPDATE_ENTRY,class_utl::allocator<struct__ESP_RS_RULE_UPDATE_ENTRY>_> * this, __uint64 param_1)	false	false	false
1800bde10	88	utl::make_unique<class_Esp::PortListener,0>	unique_ptr<class_Esp::PortListener,struct_utl::default_delete<class_Esp::PortListener>_> __cdecl make_unique<class_Esp::PortListener,0>(void)	false	false	false
1800bde70	187	wil::details::ReportFailure_GetLastError<2>	ulong __cdecl ReportFailure_GetLastError<2>(void * param_1, uint param_2, char * param_3, char * param_4, char * param_5, void * param_6)	false	false	false
1800bdf34	25	wil::details::in1diag3::Log_GetLastError	ulong __cdecl Log_GetLastError(void * param_1, uint param_2, char * param_3)	false	false	false
1800bdf53	6	GetLastError	DWORD __stdcall GetLastError(void)	true	false	false
1800bdf5f	6	HeapFree	BOOL __stdcall HeapFree(HANDLE hHeap, DWORD dwFlags, LPVOID lpMem)	true	false	false
1800bdf6b	6	GetProcessHeap	HANDLE __stdcall GetProcessHeap(void)	true	false	false
1800bdf77	6	HeapAlloc	LPVOID __stdcall HeapAlloc(HANDLE hHeap, DWORD dwFlags, SIZE_T dwBytes)	true	false	false
1800bdf83	6	memset	void * __cdecl memset(void * _Dst, int _Val, size_t _Size)	true	false	false
1800bdf8f	6	__std_exception_copy	undefined __std_exception_copy(void)	true	false	false
1800bdf9b	6	_o___std_exception_destroy	undefined _o___std_exception_destroy(void)	true	false	false
1800bdfa7	6	__stdio_common_vswprintf	undefined __stdio_common_vswprintf(void)	true	false	false
1800bdfb3	6	_callnewh	undefined _callnewh(void)	true	false	false
1800bdfbf	6	_calloc_base	undefined _calloc_base(void)	true	false	false
1800bdfcb	6	_cexit	undefined _cexit(void)	true	false	false
1800bdfd7	6	_configure_narrow_argv	undefined _configure_narrow_argv(void)	true	false	false
1800bdfe3	6	_crt_atexit	undefined _crt_atexit(void)	true	false	false
1800bdfef	6	_errno	undefined _errno(void)	true	false	false
1800bdffb	6	_execute_onexit_table	undefined _execute_onexit_table(void)	true	false	false
1800be007	6	_o__free_base	undefined _o__free_base(void)	true	false	false
1800be013	6	_o__initialize_narrow_environment	undefined _o__initialize_narrow_environment(void)	true	false	false
1800be01f	6	_initialize_onexit_table	undefined _initialize_onexit_table(void)	true	false	false
1800be02b	6	_invalid_parameter_noinfo	undefined _invalid_parameter_noinfo(void)	true	false	false
1800be037	6	_register_onexit_function	undefined _register_onexit_function(void)	true	false	false
1800be043	6	_o__seh_filter_dll	undefined _o__seh_filter_dll(void)	true	false	false
1800be04f	6	_wcsnicmp	undefined _wcsnicmp(void)	true	false	false
1800be05b	6	_o_abort	noreturn undefined _o_abort(void)	true	false	true
1800be067	6	free	undefined free(void)	true	false	false
1800be073	6	_o_malloc	undefined _o_malloc(void)	true	false	false
1800be07f	6	terminate	noreturn undefined terminate(void)	true	false	true
1800be0a0	30	__security_check_cookie	void __cdecl __security_check_cookie(uintptr_t _StackCookie)	false	false	false
1800be0c4	57	__scrt_acquire_startup_lock	undefined8 __fastcall __scrt_acquire_startup_lock(void)	false	false	false
1800be104	52	__scrt_dllmain_after_initialize_c	undefined8 __fastcall __scrt_dllmain_after_initialize_c(void)	false	false	false
1800be140	7	__scrt_dllmain_before_initialize_c	undefined __fastcall __scrt_dllmain_before_initialize_c(void)	false	false	false
1800be150	40	__scrt_dllmain_crt_thread_attach	undefined1 __fastcall __scrt_dllmain_crt_thread_attach(void)	false	false	false
1800be180	21	__scrt_dllmain_crt_thread_detach	undefined1 __fastcall __scrt_dllmain_crt_thread_detach(void)	false	false	false
1800be19c	72	__scrt_dllmain_exception_filter	undefined __fastcall __scrt_dllmain_exception_filter(undefined8 param_1, int param_2, undefined8 param_3, undefined * param_4, undefined4 param_5, undefined8 param_6)	false	false	false
1800be1ec	48	__scrt_dllmain_uninitialize_c	undefined __fastcall __scrt_dllmain_uninitialize_c(void)	false	false	false
1800be224	20	__scrt_dllmain_uninitialize_critical	undefined __fastcall __scrt_dllmain_uninitialize_critical(void)	false	false	false
1800be240	58	__scrt_initialize_crt	undefined8 __fastcall __scrt_initialize_crt(int param_1)	false	false	false
1800be280	138	__scrt_initialize_onexit_tables	undefined8 __fastcall __scrt_initialize_onexit_tables(uint param_1)	false	false	false
1800be314	155	__scrt_is_nonwritable_in_current_image	ulonglong __fastcall __scrt_is_nonwritable_in_current_image(longlong param_1)	false	false	false
1800be3b8	36	__scrt_release_startup_lock	undefined8 __fastcall __scrt_release_startup_lock(char param_1)	false	false	false
1800be3e4	41	__scrt_uninitialize_crt	undefined8 __fastcall __scrt_uninitialize_crt(char param_1, char param_2)	false	false	false
1800be414	58	_onexit	_onexit_t __cdecl _onexit(_onexit_t _Func)	false	false	false
1800be454	23	atexit	int __cdecl atexit(_func_5014 * param_1)	false	false	false
1800be474	5	operator_delete[]	void __cdecl operator_delete[](void * param_1)	false	false	false
1800be480	25	operator_new	void * __cdecl operator_new(__uint64 param_1, nothrow_t * param_2)	false	false	false
1800be4b0	38	type_info::`vector_deleting_destructor'	void * __thiscall `vector_deleting_destructor'(type_info * this, uint param_1)	false	false	false
1800be4e0	80	dllmain_crt_dispatch	ulonglong __fastcall dllmain_crt_dispatch(undefined8 param_1, int param_2, longlong param_3)	false	false	false
1800be538	248	dllmain_crt_process_attach	undefined8 __fastcall dllmain_crt_process_attach(undefined8 param_1, undefined8 param_2)	false	false	false
1800be638	128	dllmain_crt_process_detach	ulonglong __fastcall dllmain_crt_process_detach(char param_1)	false	false	false
1800be6c4	283	dllmain_dispatch	int __fastcall dllmain_dispatch(HMODULE param_1, int param_2, longlong param_3)	false	false	false
1800be7f0	61	entry	undefined __fastcall entry(HMODULE param_1, int param_2, longlong param_3)	false	false	false
1800be840	8	`anonymous_namespace'::_GsFailureOnError::_HandleError	noreturn void __cdecl _HandleError(uintptr_t _StackCookie)	false	false	true
1800be850	329	`anonymous_namespace'::__GSGetV3FrameOffset	byte __fastcall __GSGetV3FrameOffset(byte * param_1)	false	false	false
1800be9a0	29	__GSHandlerCheck	undefined8 __fastcall __GSHandlerCheck(undefined8 param_1, undefined8 param_2, undefined8 param_3, longlong param_4)	false	false	false
1800be9c4	125	__GSHandlerCheckCommon	byte __fastcall __GSHandlerCheckCommon(undefined8 param_1, longlong param_2)	false	false	false
1800bea60	78	__chkstk	undefined __fastcall __chkstk(void)	false	false	false
1800beab4	655	__isa_available_init	undefined8 __fastcall __isa_available_init(void)	false	false	false
1800bed4c	6	_get_startup_argv_mode	undefined8 __fastcall _get_startup_argv_mode(void)	false	false	false
1800bed58	12	__scrt_is_ucrt_dll_in_use	bool __fastcall __scrt_is_ucrt_dll_in_use(void)	false	false	false
1800bed6c	5	__scrt_fastfail	noreturn undefined __fastcall __scrt_fastfail(undefined4 param_1)	false	false	true
1800bed88	5	operator_delete	void __cdecl operator_delete(void * param_1)	false	false	false
1800bed94	60	operator_new	void * __cdecl operator_new(__uint64 param_1)	false	false	false
1800bedd8	181	__security_init_cookie	void __cdecl __security_init_cookie(void)	false	false	false
1800bee94	14	__scrt_initialize_type_info	void __cdecl __scrt_initialize_type_info(void)	false	false	false
1800beea8	12	__scrt_uninitialize_type_info	void __cdecl __scrt_uninitialize_type_info(void)	false	false	false
1800beebc	8	__local_stdio_scanf_options	__uint64 * __fastcall __local_stdio_scanf_options(void)	false	false	false
1800beecc	27	__scrt_initialize_default_local_stdio_options	undefined __fastcall __scrt_initialize_default_local_stdio_options(void)	false	false	false
1800beef0	8	__scrt_get_dyn_tls_init_callback	undefined * __fastcall __scrt_get_dyn_tls_init_callback(void)	false	false	false
1800bef00	59	_RTC_Initialize	undefined __fastcall _RTC_Initialize(void)	false	false	false
1800bef44	59	_RTC_Terminate	undefined __fastcall _RTC_Terminate(void)	false	false	false
1800bef88	60	std::bad_alloc::bad_alloc	undefined __thiscall bad_alloc(bad_alloc * this, bad_alloc * param_1)	false	false	false
1800befcc	33	std::bad_alloc::bad_alloc	undefined __thiscall bad_alloc(bad_alloc * this)	false	false	false
1800beff4	60	std::bad_array_new_length::bad_array_new_length	undefined __thiscall bad_array_new_length(bad_array_new_length * this, bad_array_new_length * param_1)	false	false	false
1800bf038	33	std::bad_array_new_length::bad_array_new_length	undefined __thiscall bad_array_new_length(bad_array_new_length * this)	false	false	false
1800bf060	19	std::bad_array_new_length::~bad_array_new_length	void __thiscall ~bad_array_new_length(bad_array_new_length * this)	false	false	false
1800bf080	61	std::bad_array_new_length::`scalar_deleting_destructor'	void * __thiscall `scalar_deleting_destructor'(bad_array_new_length * this, uint param_1)	false	false	false
1800bf0c4	31	__scrt_throw_std_bad_alloc	void __cdecl __scrt_throw_std_bad_alloc(void)	false	false	false
1800bf0ec	31	__scrt_throw_std_bad_array_new_length	void __cdecl __scrt_throw_std_bad_array_new_length(void)	false	false	false
1800bf114	83	_CallSETranslator<class___FrameHandler3>	int __cdecl _CallSETranslator<class___FrameHandler3>(EHExceptionRecord * param_1, __uint64 * param_2, _CONTEXT * param_3, _xDISPATCHER_CONTEXT * param_4, _s_FuncInfo * param_5, ulong param_6, __uint64 * param_7, int param_8)	false	false	false
1800bf170	83	_CallSETranslator<class___FrameHandler4>	int __cdecl _CallSETranslator<class___FrameHandler4>(EHExceptionRecord * param_1, __uint64 * param_2, _CONTEXT * param_3, _xDISPATCHER_CONTEXT * param_4, FuncInfo4 * param_5, ulong param_6, __uint64 * param_7, int param_8)	false	false	false
1800bf1cc	70	__FrameHandler3::CatchTryBlock	_s_TryBlockMapEntry * __cdecl CatchTryBlock(_s_FuncInfo * param_1, int param_2)	false	false	false
1800bf218	274	FH4::DecompFuncInfo	__int64 __cdecl DecompFuncInfo(uchar * param_1, FuncInfo4 * param_2, __uint64 param_3, int param_4, bool param_5)	false	false	false
1800bf330	42	__FrameHandler3::ExecutionInCatch	bool __cdecl ExecutionInCatch(_xDISPATCHER_CONTEXT * param_1, _s_FuncInfo * param_2)	false	false	false
1800bf360	5	__FrameHandler4::ExecutionInCatch	bool __cdecl ExecutionInCatch(_xDISPATCHER_CONTEXT * param_1, FuncInfo4 * param_2)	false	false	false
1800bf36c	108	__FrameHandler3::FrameUnwindToEmptyState	void __cdecl FrameUnwindToEmptyState(__uint64 * param_1, _xDISPATCHER_CONTEXT * param_2, _s_FuncInfo * param_3)	false	false	false
1800bf3e0	50	__FrameHandler4::FrameUnwindToEmptyState	void __cdecl FrameUnwindToEmptyState(__uint64 * param_1, _xDISPATCHER_CONTEXT * param_2, FuncInfo4 * param_3)	false	false	false
1800bf418	210	__FrameHandler3::GetEstablisherFrame	__uint64 * __cdecl GetEstablisherFrame(__uint64 * param_1, _xDISPATCHER_CONTEXT * param_2, _s_FuncInfo * param_3, __uint64 * param_4)	false	false	false
1800bf4f0	33	__FrameHandler4::GetEstablisherFrame	__uint64 * __cdecl GetEstablisherFrame(__uint64 * param_1, _xDISPATCHER_CONTEXT * param_2, FuncInfo4 * param_3, __uint64 * param_4)	false	false	false
1800bf518	291	__FrameHandler3::GetRangeOfTrysToCheck	pair<class___FrameHandler3::TryBlockMap::iterator,class___FrameHandler3::TryBlockMap::iterator> __cdecl GetRangeOfTrysToCheck(TryBlockMap * param_1, int param_2, _xDISPATCHER_CONTEXT * param_3, _s_FuncInfo * param_4, int param_5)	false	false	false
1800bf644	355	__FrameHandler4::GetRangeOfTrysToCheck	pair<class_FH4::TryBlockMap4::iterator,class_FH4::TryBlockMap4::iterator> __cdecl GetRangeOfTrysToCheck(TryBlockMap4 * param_1, int param_2, _xDISPATCHER_CONTEXT * param_3, FuncInfo4 * param_4, int param_5)	false	false	false
1800bf7b0	266	__FrameHandler3::UnwindNestedFrames	void __cdecl UnwindNestedFrames(__uint64 * param_1, EHExceptionRecord * param_2, _CONTEXT * param_3, __uint64 * param_4, void * param_5, _s_FuncInfo * param_6, int param_7, int param_8, _s_HandlerType * param_9, _xDISPATCHER_CONTEXT * param_10, uchar param_11)	false	false	false
1800bf8c0	299	__FrameHandler4::UnwindNestedFrames	void __cdecl UnwindNestedFrames(__uint64 * param_1, EHExceptionRecord * param_2, _CONTEXT * param_3, __uint64 * param_4, void * param_5, FuncInfo4 * param_6, int param_7, int param_8, HandlerType4 * param_9, _xDISPATCHER_CONTEXT * param_10, uchar param_11)	false	false	false
1800bf9f4	467	FH4::TryBlockMap4::setBuffer	void __thiscall setBuffer(TryBlockMap4 * this, iterator param_1)	false	false	false
1800bfbd0	58	_CreateFrameInfo	undefined8 * __fastcall _CreateFrameInfo(undefined8 * param_1, undefined8 param_2)	false	false	false
1800bfc10	82	_FindAndUnlinkFrame	undefined __fastcall _FindAndUnlinkFrame(longlong param_1)	false	false	false
1800bfc6c	18	_GetImageBase	undefined8 __fastcall _GetImageBase(void)	false	false	false
1800bfc84	18	_GetThrowImageBase	undefined8 __fastcall _GetThrowImageBase(void)	false	false	false
1800bfc9c	24	_SetImageBase	undefined __fastcall _SetImageBase(undefined8 param_1)	false	false	false
1800bfcbc	24	_SetThrowImageBase	undefined __fastcall _SetThrowImageBase(undefined8 param_1)	false	false	false
1800bfce0	112	__CxxFrameHandler3	undefined __fastcall __CxxFrameHandler3(EHExceptionRecord * param_1, __uint64 param_2, _CONTEXT * param_3, _xDISPATCHER_CONTEXT * param_4)	false	false	false
1800bfd58	181	__CxxFrameHandler4	undefined __fastcall __CxxFrameHandler4(EHExceptionRecord * param_1, __uint64 param_2, _CONTEXT * param_3, _xDISPATCHER_CONTEXT * param_4)	false	false	false
1800bfe20	106	__DestructExceptionObject	undefined __fastcall __DestructExceptionObject(int * param_1)	false	false	false
1800bfe94	3	_CallMemberFunction0	void __cdecl _CallMemberFunction0(void * param_1, void * param_2)	false	false	false
1800bfea0	47	_IsExceptionObjectToBeDestroyed	undefined4 __fastcall _IsExceptionObjectToBeDestroyed(longlong param_1)	false	false	false
1800bfed8	39	__AdjustPointer	longlong __fastcall __AdjustPointer(longlong param_1, int * param_2)	false	false	false
1800bff08	101	__FrameUnwindFilter	undefined8 __fastcall __FrameUnwindFilter(undefined8 * param_1)	false	false	false
1800bff74	9	__std_terminate	undefined __fastcall __std_terminate(void)	false	false	false
1800bff88	40	__vcrt_initialize	ulonglong __fastcall __vcrt_initialize(void)	false	false	false
1800bffb8	20	__vcrt_thread_attach	bool __fastcall __vcrt_thread_attach(void)	false	false	false
1800bffd4	16	__vcrt_thread_detach	undefined1 __fastcall __vcrt_thread_detach(void)	false	false	false
1800bffec	25	__vcrt_uninitialize	undefined8 __fastcall __vcrt_uninitialize(char param_1)	false	false	false
1800c000c	16	__vcrt_uninitialize_critical	undefined1 __fastcall __vcrt_uninitialize_critical(void)	false	false	false
1800c0024	498	__C_specific_handler	EXCEPTION_DISPOSITION __fastcall __C_specific_handler(_EXCEPTION_RECORD * ExceptionRecord, void * EstablisherFrame, _CONTEXT * ContextRecord, _DISPATCHER_CONTEXT * DispatcherContext)	false	false	false
1800c021c	177	_CxxThrowException	noreturn void __stdcall _CxxThrowException(void * pExceptionObject, ThrowInfo * pThrowInfo)	false	false	true
1800c02e0	31	__vcrt_freefls	undefined __fastcall __vcrt_freefls(undefined * param_1)	false	false	false
1800c0308	71	__vcrt_freeptd_for_this_thread	undefined __fastcall __vcrt_freeptd_for_this_thread(void)	false	false	false
1800c0358	24	__vcrt_getptd	undefined __fastcall __vcrt_getptd(void)	false	false	false
1800c0378	192	__vcrt_getptd_noexit	PVOID __fastcall __vcrt_getptd_noexit(void)	false	false	false
1800c0440	73	__vcrt_initialize_ptd	undefined4 __fastcall __vcrt_initialize_ptd(void)	false	false	false
1800c0490	38	__vcrt_uninitialize_ptd	undefined1 __fastcall __vcrt_uninitialize_ptd(void)	false	false	false
1800c04bc	39	__FrameHandler3::GetCurrentState	int __cdecl GetCurrentState(__uint64 * param_1, _xDISPATCHER_CONTEXT * param_2, _s_FuncInfo * param_3)	false	false	false
1800c04ec	50	__FrameHandler3::GetUnwindTryBlock	int __cdecl GetUnwindTryBlock(__uint64 * param_1, _xDISPATCHER_CONTEXT * param_2, _s_FuncInfo * param_3)	false	false	false
1800c0524	12	__FrameHandler3::SetState	void __cdecl SetState(__uint64 * param_1, _xDISPATCHER_CONTEXT * param_2, _s_FuncInfo * param_3, int param_4)	false	false	false
1800c0538	68	__FrameHandler3::SetUnwindTryBlock	void __cdecl SetUnwindTryBlock(__uint64 * param_1, _xDISPATCHER_CONTEXT * param_2, _s_FuncInfo * param_3, int param_4)	false	false	false
1800c0584	8	__FrameHandler3::StateFromControlPc	int __cdecl StateFromControlPc(_s_FuncInfo * param_1, _xDISPATCHER_CONTEXT * param_2)	false	false	false
1800c0594	8	__FrameHandler4::StateFromControlPc	int __cdecl StateFromControlPc(FuncInfo4 * param_1, _xDISPATCHER_CONTEXT * param_2)	false	false	false
1800c05a4	90	__FrameHandler3::StateFromIp	int __cdecl StateFromIp(_s_FuncInfo * param_1, _xDISPATCHER_CONTEXT * param_2, __uint64 param_3)	false	false	false
1800c0608	209	__FrameHandler4::StateFromIp	int __cdecl StateFromIp(FuncInfo4 * param_1, _xDISPATCHER_CONTEXT * param_2, __uint64 param_3)	false	false	false
1800c06e0	449	BuildCatchObjectHelperInternal<__FrameHandler3>	char __fastcall BuildCatchObjectHelperInternal<__FrameHandler3>(longlong param_1, longlong * param_2, byte * param_3, byte * param_4)	false	false	false
1800c08b0	450	BuildCatchObjectHelperInternal<__FrameHandler4>	char __fastcall BuildCatchObjectHelperInternal<__FrameHandler4>(longlong param_1, longlong * param_2, longlong param_3, byte * param_4)	false	false	false
1800c0a80	179	BuildCatchObjectInternal<__FrameHandler3>	undefined __fastcall BuildCatchObjectInternal<__FrameHandler3>(longlong param_1, longlong * param_2, byte * param_3, byte * param_4)	false	false	false
1800c0b40	180	BuildCatchObjectInternal<__FrameHandler4>	undefined __fastcall BuildCatchObjectInternal<__FrameHandler4>(longlong param_1, longlong * param_2, longlong param_3, byte * param_4)	false	false	false
1800c0c00	222	CatchIt<__FrameHandler3>	undefined __fastcall CatchIt<__FrameHandler3>(EHExceptionRecord * param_1, __uint64 * param_2, _CONTEXT * param_3, _xDISPATCHER_CONTEXT * param_4, _s_FuncInfo * param_5, _s_HandlerType * param_6, byte * param_7, int * param_8)	false	false	false
1800c0ce4	222	CatchIt<__FrameHandler4>	undefined __fastcall CatchIt<__FrameHandler4>(EHExceptionRecord * param_1, __uint64 * param_2, _CONTEXT * param_3, _xDISPATCHER_CONTEXT * param_4, FuncInfo4 * param_5, HandlerType4 * param_6, byte * param_7, int * param_8)	false	false	false
1800c0dc8	1195	FindHandler<__FrameHandler3>	undefined __fastcall FindHandler<__FrameHandler3>(EHExceptionRecord * param_1, __uint64 * param_2, _CONTEXT * param_3, _s_FuncInfo * param_4, _s_FuncInfo * param_5, uchar param_6, ulong param_7, __uint64 * param_8)	false	false	false
1800c1280	1269	FindHandler<__FrameHandler4>	undefined __fastcall FindHandler<__FrameHandler4>(EHExceptionRecord * param_1, __uint64 * param_2, _CONTEXT * param_3, _xDISPATCHER_CONTEXT * param_4, FuncInfo4 * param_5, char param_6, ulong param_7, __uint64 * param_8)	false	false	false
1800c1780	602	FindHandlerForForeignException<__FrameHandler3>	undefined __fastcall FindHandlerForForeignException<__FrameHandler3>(EHExceptionRecord * param_1, __uint64 * param_2, _CONTEXT * param_3, _s_FuncInfo * param_4, _s_FuncInfo * param_5, uint param_6, ulong param_7, __uint64 * param_8)	false	false	false
1800c19e4	732	FindHandlerForForeignException<__FrameHandler4>	undefined __fastcall FindHandlerForForeignException<__FrameHandler4>(EHExceptionRecord * param_1, __uint64 * param_2, _CONTEXT * param_3, FuncInfo4 * param_4, FuncInfo4 * param_5, uint param_6, ulong param_7, __uint64 * param_8)	false	false	false
1800c1cc8	273	TypeMatchHelper<class___FrameHandler3>	int __cdecl TypeMatchHelper<class___FrameHandler3>(_s_HandlerType * param_1, _s_CatchableType * param_2, _s_ThrowInfo * param_3)	false	false	false
1800c1de0	278	TypeMatchHelper<class___FrameHandler4>	int __cdecl TypeMatchHelper<class___FrameHandler4>(HandlerType4 * param_1, _s_CatchableType * param_2, _s_ThrowInfo * param_3)	false	false	false
1800c1efc	525	__InternalCxxFrameHandler<class___FrameHandler3>	_EXCEPTION_DISPOSITION __cdecl __InternalCxxFrameHandler<class___FrameHandler3>(EHExceptionRecord * param_1, __uint64 * param_2, _CONTEXT * param_3, _xDISPATCHER_CONTEXT * param_4, _s_FuncInfo * param_5, int param_6, __uint64 * param_7, uchar param_8)	false	false	false
1800c2110	630	__InternalCxxFrameHandler<class___FrameHandler4>	_EXCEPTION_DISPOSITION __cdecl __InternalCxxFrameHandler<class___FrameHandler4>(EHExceptionRecord * param_1, __uint64 * param_2, _CONTEXT * param_3, _xDISPATCHER_CONTEXT * param_4, FuncInfo4 * param_5, int param_6, __uint64 * param_7, uchar param_8)	false	false	false
1800c2390	5	__InternalCxxFrameHandlerWrapper<class___FrameHandler3>	_EXCEPTION_DISPOSITION __cdecl __InternalCxxFrameHandlerWrapper<class___FrameHandler3>(EHExceptionRecord * param_1, __uint64 * param_2, _CONTEXT * param_3, _xDISPATCHER_CONTEXT * param_4, _s_FuncInfo * param_5, int param_6, __uint64 * param_7, uchar param_8)	false	false	false
1800c239c	75	__InternalCxxFrameHandlerWrapper<class___FrameHandler4>	_EXCEPTION_DISPOSITION __cdecl __InternalCxxFrameHandlerWrapper<class___FrameHandler4>(EHExceptionRecord * param_1, __uint64 * param_2, _CONTEXT * param_3, _xDISPATCHER_CONTEXT * param_4, FuncInfo4 * param_5, int param_6, __uint64 * param_7, uchar param_8)	false	false	false
1800c23f0	130	FH4::HandlerMap4::HandlerMap4	undefined __thiscall HandlerMap4(HandlerMap4 * this, TryBlockMapEntry4 * param_1, __uint64 param_2, int param_3)	false	false	false
1800c2478	228	FH4::TryBlockMap4::TryBlockMap4	undefined __thiscall TryBlockMap4(TryBlockMap4 * this, FuncInfo4 * param_1, __uint64 param_2)	false	false	false
1800c2564	60	std::bad_exception::bad_exception	undefined __thiscall bad_exception(bad_exception * this, bad_exception * param_1)	false	false	false
1800c25a8	33	std::bad_exception::bad_exception	undefined __thiscall bad_exception(bad_exception * this)	false	false	false
1800c25d0	413	__FrameHandler3::CxxCallCatchBlock	void * __cdecl CxxCallCatchBlock(_EXCEPTION_RECORD * param_1)	false	false	false
1800c27f0	490	__FrameHandler4::CxxCallCatchBlock	void * __cdecl CxxCallCatchBlock(_EXCEPTION_RECORD * param_1)	false	false	false
1800c2a5c	392	FH4::HandlerMap4::DecompHandler	void __thiscall DecompHandler(HandlerMap4 * this)	false	false	false
1800c2bec	134	ExFilterRethrow	undefined8 __fastcall ExFilterRethrow(undefined8 * param_1, longlong param_2, undefined4 * param_3)	false	false	false
1800c2c78	48	ExFilterRethrowFH4	ulonglong __fastcall ExFilterRethrowFH4(undefined8 * param_1, longlong param_2, undefined4 param_3, undefined4 * param_4)	false	false	false
1800c2cb0	372	__FrameHandler3::FrameUnwindToState	void __cdecl FrameUnwindToState(__uint64 * param_1, _xDISPATCHER_CONTEXT * param_2, _s_FuncInfo * param_3, int param_4)	false	false	false
1800c2e50	734	__FrameHandler4::FrameUnwindToState	void __cdecl FrameUnwindToState(__uint64 * param_1, _xDISPATCHER_CONTEXT * param_2, FuncInfo4 * param_3, int param_4)	false	false	false
1800c3168	133	__FrameHandler3::GetHandlerSearchState	int __cdecl GetHandlerSearchState(__uint64 * param_1, _xDISPATCHER_CONTEXT * param_2, _s_FuncInfo * param_3)	false	false	false
1800c31f4	220	IsInExceptionSpec	undefined1 __fastcall IsInExceptionSpec(longlong param_1, int * param_2)	false	false	false
1800c32d8	134	Is_bad_exception_allowed	ulonglong __fastcall Is_bad_exception_allowed(int * param_1)	false	false	false
1800c3364	156	FH4::UWMap4::ReadEntry	void __thiscall ReadEntry(UWMap4 * this, uchar * * param_1)	false	false	false
1800c3408	9	_CallMemberFunction1	void __cdecl _CallMemberFunction1(void * param_1, void * param_2, void * param_3)	false	false	false
1800c3418	15	_CallMemberFunction2	void __cdecl _CallMemberFunction2(void * param_1, void * param_2, void * param_3, int param_4)	false	false	false
1800c3430	206	FH4::UWMap4::getStartStop	void __thiscall getStartStop(UWMap4 * this, int param_1, int param_2, iterator * param_3, iterator * param_4)	false	false	false
1800c3504	189	FH4::UWMap4::getStateFromIterators	int __cdecl getStateFromIterators(iterator * param_1, int param_2, iterator * param_3, int param_4, iterator * param_5)	false	false	false
1800c35c8	51	__vcrt_initialize_locks	ulonglong __fastcall __vcrt_initialize_locks(void)	false	false	false
1800c3604	55	__vcrt_uninitialize_locks	undefined8 __fastcall __vcrt_uninitialize_locks(void)	false	false	false
1800c3650	24	_NLG_Notify	undefined __fastcall _NLG_Notify(void)	false	false	false
1800c3670	1	__NLG_Dispatch2	undefined __fastcall __NLG_Dispatch2(void)	false	false	false
1800c3680	1	__NLG_Return2	undefined __fastcall __NLG_Return2(void)	false	false	false
1800c3688	55	__except_validate_context_record	undefined __fastcall __except_validate_context_record(longlong param_1)	false	false	false
1800c36d0	64	_CallSettingFrame	undefined __fastcall _CallSettingFrame(void)	false	false	false
1800c3720	42	_CallSettingFrame_LookupContinuationIndex	undefined __fastcall _CallSettingFrame_LookupContinuationIndex(void)	false	false	false
1800c3750	38	_CallSettingFrame_NotifyContinuationAddr	undefined __fastcall _CallSettingFrame_NotifyContinuationAddr(void)	false	false	false
1800c3780	71	_CallSettingFrameEncoded	undefined __fastcall _CallSettingFrameEncoded(undefined8 param_1, undefined8 param_2, undefined8 param_3)	false	false	false
1800c37d0	39	__std_type_info_compare	uint __fastcall __std_type_info_compare(longlong param_1, longlong param_2)	false	false	false
1800c3800	42	__std_type_info_destroy_list	undefined __fastcall __std_type_info_destroy_list(PSLIST_HEADER param_1)	false	false	false
1800c3830	6	_initterm	undefined _initterm(void)	true	false	false
1800c383c	6	_initterm_e	undefined _initterm_e(void)	true	false	false
1800c3850	71	_FindPESection	PIMAGE_SECTION_HEADER __cdecl _FindPESection(PBYTE pImageBase, DWORD_PTR rva)	false	false	false
1800c38a0	72	_IsNonwritableInCurrentImage	BOOL __cdecl _IsNonwritableInCurrentImage(PBYTE pTarget)	false	false	false
1800c38f0	44	_ValidateImageBase	BOOL __cdecl _ValidateImageBase(PBYTE pImageBase)	false	false	false
1800c3924	103	__GSHandlerCheck_SEH	undefined __fastcall __GSHandlerCheck_SEH(_EXCEPTION_RECORD * param_1, void * param_2, _CONTEXT * param_3, _DISPATCHER_CONTEXT * param_4)	false	false	false
1800c3994	25	operator_new[]	void * __cdecl operator_new[](__uint64 param_1, nothrow_t * param_2)	false	false	false
1800c39b8	5	operator_new[]	void * __cdecl operator_new[](__uint64 param_1)	false	false	false
1800c39c4	3	__acrt_uninitialize_critical	undefined1 __fastcall __acrt_uninitialize_critical(void)	false	false	false
1800c39d0	3	_is_c_termination_complete	undefined8 __fastcall _is_c_termination_complete(void)	false	false	false
1800c39e0	130	StringVPrintfWorkerW	HRESULT __stdcall StringVPrintfWorkerW(STRSAFE_LPWSTR pszDest, size_t cchDest, size_t * pcchNewDestLength, STRSAFE_LPCWSTR pszFormat, va_list argList)	false	false	false
1800c3a70	22	StringValidateDestW	HRESULT __stdcall StringValidateDestW(STRSAFE_PCNZWCH pszDest, size_t cchDest, size_t cchMax)	false	false	false
1800c3a90	80	StringCopyWorkerW	HRESULT __stdcall StringCopyWorkerW(STRSAFE_LPWSTR pszDest, size_t cchDest, size_t * pcchNewDestLength, STRSAFE_PCNZWCH pszSrc, size_t cchToCopy)	false	false	false
1800c3af0	64	StringValidateDestAndLengthW	HRESULT __stdcall StringValidateDestAndLengthW(STRSAFE_LPCWSTR pszDest, size_t cchDest, size_t * pcchDestLength, size_t cchMax)	false	false	false
1800c3b40	64	StringLengthWorkerW	HRESULT __stdcall StringLengthWorkerW(STRSAFE_PCNZWCH psz, size_t cchMax, size_t * pcchLength)	false	false	false
1800c3b90	135	memcpy_s	errno_t __cdecl memcpy_s(void * _Dst, rsize_t _DstSize, void * _Src, rsize_t _MaxCount)	false	false	false
1800c3c20	106	EspInitUnicodeString	undefined8 __fastcall EspInitUnicodeString(longlong param_1, short * param_2)	false	false	false
1800c3c90	505	EspStringMatchesPattern	long __fastcall EspStringMatchesPattern(ushort * param_1, ushort * param_2, int * param_3)	false	false	false
1800c3e90	874	EspEnumerateEventQueueIds	long __fastcall EspEnumerateEventQueueIds(longlong * param_1, uint param_2, uint * param_3, undefined8 * param_4)	false	false	false
1800c4200	900	EspEnumerateCollectionEntries	long __fastcall EspEnumerateCollectionEntries(longlong * param_1, uint * param_2, undefined8 * param_3, uint param_4)	false	false	false
1800c4590	874	EspEnumerateCollectionIds	long __fastcall EspEnumerateCollectionIds(longlong * param_1, uint param_2, uint * param_3, undefined8 * param_4)	false	false	false
1800c4900	705	EspUpdateCollection	ulonglong __fastcall EspUpdateCollection(longlong * param_1, uint param_2, uint param_3, longlong param_4)	false	false	false
1800c4bd0	427	EspCloseCollection	undefined8 __fastcall EspCloseCollection(longlong * param_1)	false	false	false
1800c4d90	1113	EspOpenCollection	int __fastcall EspOpenCollection(longlong * param_1, longlong * param_2, _RefCountBase * param_3)	false	false	false
1800c51f0	356	EspGetCollectionType	undefined4 __fastcall EspGetCollectionType(longlong * param_1, uint * param_2)	false	false	false
1800c5360	376	EspGetCollectionId	undefined8 __fastcall EspGetCollectionId(longlong * param_1, undefined8 * param_2)	false	false	false
1800c54e0	1268	EspCreateCollection	int __fastcall EspCreateCollection(longlong * param_1, undefined8 * param_2, _RefCountBase * param_3)	false	false	false
1800c59e0	750	EspCreateDesktopReference	int __fastcall EspCreateDesktopReference(longlong * param_1, wchar_t * param_2, undefined8 * param_3)	false	false	false
1800c5ce0	1507	EspCreateRegistryKeyReference	int __fastcall EspCreateRegistryKeyReference(longlong * param_1, int * param_2, _RefCountBase * param_3)	false	false	false
1800c62d0	894	EspCreateMailslotReference	int __fastcall EspCreateMailslotReference(longlong * param_1, int * param_2, _RefCountBase * param_3)	false	false	false
1800c6660	894	EspCreatePipeReference	int __fastcall EspCreatePipeReference(longlong * param_1, int * param_2, _RefCountBase * param_3)	false	false	false
1800c69f0	894	EspCreateDiskReference	int __fastcall EspCreateDiskReference(longlong * param_1, int * param_2, _RefCountBase * param_3)	false	false	false
1800c6d80	753	EspCreateVolumeReference	long __fastcall EspCreateVolumeReference(longlong * param_1, longlong * param_2, undefined8 * param_3)	false	false	false
1800c7080	1206	EspCreateFileStreamReferenceById	int __fastcall EspCreateFileStreamReferenceById(longlong * param_1, longlong * param_2, longlong param_3, wchar_t * param_4, _RefCountBase * param_5)	false	false	false
1800c7540	894	EspCreateFileStreamReferenceByPath	int __fastcall EspCreateFileStreamReferenceByPath(longlong * param_1, int * param_2, _RefCountBase * param_3)	false	false	false
1800c78d0	837	EspCreateFileReferenceById	long __fastcall EspCreateFileReferenceById(longlong * param_1, longlong * param_2, longlong param_3, _RefCountBase * param_4)	false	false	false
1800c7c20	894	EspCreateFileReferenceByPath	int __fastcall EspCreateFileReferenceByPath(longlong * param_1, int * param_2, _RefCountBase * param_3)	false	false	false
1800c7fb0	528	EspIsClientPropertySupported	ulonglong __fastcall EspIsClientPropertySupported(longlong * param_1, uint param_2, int * param_3)	false	false	false
1800c81d0	528	EspIsEventPropertySupported	ulonglong __fastcall EspIsEventPropertySupported(longlong * param_1, uint param_2, int * param_3)	false	false	false
1800c83f0	528	EspIsTokenPropertySupported	ulonglong __fastcall EspIsTokenPropertySupported(longlong * param_1, uint param_2, int * param_3)	false	false	false
1800c8610	528	EspIsMailslotPropertySupported	ulonglong __fastcall EspIsMailslotPropertySupported(longlong * param_1, uint param_2, int * param_3)	false	false	false
1800c8830	528	EspIsPipePropertySupported	ulonglong __fastcall EspIsPipePropertySupported(longlong * param_1, uint param_2, int * param_3)	false	false	false
1800c8a50	528	EspIsKtmTransactionPropertySupported	ulonglong __fastcall EspIsKtmTransactionPropertySupported(longlong * param_1, uint param_2, int * param_3)	false	false	false
1800c8c70	528	EspIsDesktopPropertySupported	ulonglong __fastcall EspIsDesktopPropertySupported(longlong * param_1, uint param_2, int * param_3)	false	false	false
1800c8e90	528	EspIsRegistryKeyObjectPropertySupported	ulonglong __fastcall EspIsRegistryKeyObjectPropertySupported(longlong * param_1, uint param_2, int * param_3)	false	false	false
1800c90b0	528	EspIsRegistryKeyPropertySupported	ulonglong __fastcall EspIsRegistryKeyPropertySupported(longlong * param_1, uint param_2, int * param_3)	false	false	false
1800c92d0	528	EspIsDiskPropertySupported	ulonglong __fastcall EspIsDiskPropertySupported(longlong * param_1, uint param_2, int * param_3)	false	false	false
1800c94f0	528	EspIsVolumePropertySupported	ulonglong __fastcall EspIsVolumePropertySupported(longlong * param_1, uint param_2, int * param_3)	false	false	false
1800c9710	528	EspIsFileObjectPropertySupported	ulonglong __fastcall EspIsFileObjectPropertySupported(longlong * param_1, uint param_2, int * param_3)	false	false	false
1800c9930	528	EspIsFilePropertySupported	ulonglong __fastcall EspIsFilePropertySupported(longlong * param_1, uint param_2, int * param_3)	false	false	false
1800c9b50	528	EspIsFileStreamPropertySupported	ulonglong __fastcall EspIsFileStreamPropertySupported(longlong * param_1, uint param_2, int * param_3)	false	false	false
1800c9d70	528	EspIsProcessPropertySupported	ulonglong __fastcall EspIsProcessPropertySupported(longlong * param_1, uint param_2, int * param_3)	false	false	false
1800c9f90	528	EspIsThreadPropertySupported	ulonglong __fastcall EspIsThreadPropertySupported(longlong * param_1, uint param_2, int * param_3)	false	false	false
1800ca1b0	694	EspCreateThreadTokenReference	long __fastcall EspCreateThreadTokenReference(longlong * param_1, uint param_2, undefined8 * param_3)	false	false	false
1800ca470	694	EspCreateProcessTokenReference	long __fastcall EspCreateProcessTokenReference(longlong * param_1, uint param_2, undefined8 * param_3)	false	false	false
1800ca730	694	EspCreateProcessReference	long __fastcall EspCreateProcessReference(longlong * param_1, uint param_2, undefined8 * param_3)	false	false	false
1800ca9f0	694	EspCreateThreadReference	long __fastcall EspCreateThreadReference(longlong * param_1, uint param_2, undefined8 * param_3)	false	false	false
1800cacb0	687	EspGetEventCapabilities	ulonglong __fastcall EspGetEventCapabilities(longlong * param_1, uint param_2, uint * param_3)	false	false	false
1800caf70	277	EspFreeMemory	undefined __fastcall EspFreeMemory(void * param_1)	false	false	false
1800cb090	404	EspQueryDesktopProperties	long __fastcall EspQueryDesktopProperties(ESP_EVENT_OBJECT__ * param_1, uint param_2, uint * param_3, ESP_PROPERTY * * param_4)	false	false	false
1800cb230	824	EspQueryClientProperties	ulonglong __fastcall EspQueryClientProperties(longlong * param_1, uint param_2, uint * param_3, undefined8 * param_4)	false	false	false
1800cb570	404	EspQueryTokenProperties	long __fastcall EspQueryTokenProperties(ESP_EVENT_OBJECT__ * param_1, uint param_2, uint * param_3, ESP_PROPERTY * * param_4)	false	false	false
1800cb710	404	EspQueryMailslotProperties	long __fastcall EspQueryMailslotProperties(ESP_EVENT_OBJECT__ * param_1, uint param_2, uint * param_3, ESP_PROPERTY * * param_4)	false	false	false
1800cb8b0	404	EspQueryPipeProperties	long __fastcall EspQueryPipeProperties(ESP_EVENT_OBJECT__ * param_1, uint param_2, uint * param_3, ESP_PROPERTY * * param_4)	false	false	false
1800cba50	404	EspQueryDiskProperties	long __fastcall EspQueryDiskProperties(ESP_EVENT_OBJECT__ * param_1, uint param_2, uint * param_3, ESP_PROPERTY * * param_4)	false	false	false
1800cbbf0	404	EspQueryKtmTransactionProperties	long __fastcall EspQueryKtmTransactionProperties(ESP_EVENT_OBJECT__ * param_1, uint param_2, uint * param_3, ESP_PROPERTY * * param_4)	false	false	false
1800cbd90	404	EspQueryVolumeProperties	long __fastcall EspQueryVolumeProperties(ESP_EVENT_OBJECT__ * param_1, uint param_2, uint * param_3, ESP_PROPERTY * * param_4)	false	false	false
1800cbf30	404	EspQueryFileProperties	long __fastcall EspQueryFileProperties(ESP_EVENT_OBJECT__ * param_1, uint param_2, uint * param_3, ESP_PROPERTY * * param_4)	false	false	false
1800cc0d0	404	EspQueryFileStreamProperties	long __fastcall EspQueryFileStreamProperties(ESP_EVENT_OBJECT__ * param_1, uint param_2, uint * param_3, ESP_PROPERTY * * param_4)	false	false	false
1800cc270	404	EspQueryFileObjectProperties	long __fastcall EspQueryFileObjectProperties(ESP_EVENT_OBJECT__ * param_1, uint param_2, uint * param_3, ESP_PROPERTY * * param_4)	false	false	false
1800cc410	404	EspQueryRegistryKeyObjectProperties	long __fastcall EspQueryRegistryKeyObjectProperties(ESP_EVENT_OBJECT__ * param_1, uint param_2, uint * param_3, ESP_PROPERTY * * param_4)	false	false	false
1800cc5b0	404	EspQueryRegistryKeyProperties	long __fastcall EspQueryRegistryKeyProperties(ESP_EVENT_OBJECT__ * param_1, uint param_2, uint * param_3, ESP_PROPERTY * * param_4)	false	false	false
1800cc750	404	EspQueryThreadProperties	long __fastcall EspQueryThreadProperties(ESP_EVENT_OBJECT__ * param_1, uint param_2, uint * param_3, ESP_PROPERTY * * param_4)	false	false	false
1800cc8f0	404	EspQueryProcessProperties	long __fastcall EspQueryProcessProperties(ESP_EVENT_OBJECT__ * param_1, uint param_2, uint * param_3, ESP_PROPERTY * * param_4)	false	false	false
1800cca90	657	EspCloseEventObjectReference	long __fastcall EspCloseEventObjectReference(longlong * param_1)	false	false	false
1800ccd30	476	EspGetEventObjectFromReference	undefined8 __fastcall EspGetEventObjectFromReference(longlong * param_1, longlong * param_2)	false	false	false
1800ccf20	1175	EspDuplicateEventObjectReference	ulonglong __fastcall EspDuplicateEventObjectReference(longlong * param_1, undefined8 * param_2)	false	false	false
1800cd3c0	695	EspCreateEventObjectReferenceById	long __fastcall EspCreateEventObjectReferenceById(longlong * param_1, _RefCountBase * param_2, undefined8 * param_3)	false	false	false
1800cd680	544	EspCreateEventObjectReference	long __fastcall EspCreateEventObjectReference(undefined8 * param_1, undefined8 * param_2)	false	false	false
1800cd8b0	650	EspEnumerateAllEventObjectContextKeys	long __fastcall EspEnumerateAllEventObjectContextKeys(longlong * param_1, uint * param_2, void * * param_3)	false	false	false
1800cdb40	763	EspEnumerateAllClientContextKeys	int __fastcall EspEnumerateAllClientContextKeys(uchar[8] * param_1, uint * param_2, void * * param_3)	false	false	false
1800cde50	637	EspSetClientContextKey	ulonglong __fastcall EspSetClientContextKey(longlong * param_1, int * param_2)	false	false	false
1800ce0e0	505	EspSetEventObjectContextKey	ulonglong __fastcall EspSetEventObjectContextKey(longlong * param_1, int * param_2)	false	false	false
1800ce2e0	360	EspGetEventObjectType	undefined8 __fastcall EspGetEventObjectType(longlong param_1, uint * param_2)	false	false	false
1800ce450	329	EspGetEventObjectId	undefined8 __fastcall EspGetEventObjectId(longlong param_1, __uint64 * param_2)	false	false	false
1800ce5a0	584	EspCompleteEventNotification	long __fastcall EspCompleteEventNotification(longlong param_1)	false	false	false
1800ce7f0	925	EspEnumerateRuleIds	long __fastcall EspEnumerateRuleIds(longlong * param_1, uint param_2, uint * param_3, undefined8 * param_4)	false	false	false
1800ceba0	937	EspEnumerateAllRulesForClient	int __fastcall EspEnumerateAllRulesForClient(longlong * param_1, uint * param_2, ulonglong * param_3, uint param_4)	false	false	false
1800cef50	628	EspRemoveRulesForClient	ulonglong __fastcall EspRemoveRulesForClient(longlong * param_1, uint param_2)	false	false	false
1800cf1d0	612	EspRemoveAllRulesForClient	long __fastcall EspRemoveAllRulesForClient(longlong * param_1)	false	false	false
1800cf440	2116	EspUpdateRules	ulonglong __fastcall EspUpdateRules(longlong * param_1, uint param_2, uint param_3, longlong param_4)	false	false	false
1800cfc90	335	EspCloseRule	undefined8 __fastcall EspCloseRule(void * param_1)	false	false	false
1800cfdf0	359	EspGetRuleId	undefined8 __fastcall EspGetRuleId(longlong * param_1, _GUID * param_2)	false	false	false
1800cff60	789	EspCreateRule	ulonglong __fastcall EspCreateRule(ulonglong * param_1, undefined8 * param_2)	false	false	false
1800d0280	345	EspCloseFilter	undefined8 __fastcall EspCloseFilter(void * param_1)	false	false	false
1800d03e0	825	EspCreateNotFilter	void * __fastcall EspCreateNotFilter(longlong * param_1, undefined8 * param_2)	false	false	false
1800d0720	654	EspCreateXorFilter	long __fastcall EspCreateXorFilter(longlong * param_1, longlong * param_2, undefined8 * param_3)	false	false	false
1800d09c0	654	EspCreateOrFilter	long __fastcall EspCreateOrFilter(longlong * param_1, longlong * param_2, undefined8 * param_3)	false	false	false
1800d0c60	654	EspCreateAndFilter	long __fastcall EspCreateAndFilter(longlong * param_1, longlong * param_2, undefined8 * param_3)	false	false	false
1800d0f00	468	EspCreateEventFilter	long __fastcall EspCreateEventFilter(uint param_1, ESP_COMPARISON_TYPE param_2, void * param_3, undefined8 * param_4)	false	false	false
1800d10e0	468	EspCreateClientFilter	long __fastcall EspCreateClientFilter(uint param_1, ESP_COMPARISON_TYPE param_2, void * param_3, undefined8 * param_4)	false	false	false
1800d12c0	468	EspCreateTokenFilter	long __fastcall EspCreateTokenFilter(uint param_1, ESP_COMPARISON_TYPE param_2, void * param_3, undefined8 * param_4)	false	false	false
1800d14a0	468	EspCreateMailslotFilter	long __fastcall EspCreateMailslotFilter(uint param_1, ESP_COMPARISON_TYPE param_2, void * param_3, undefined8 * param_4)	false	false	false
1800d1680	470	EspCreatePipeFilter	long __fastcall EspCreatePipeFilter(uint param_1, ESP_COMPARISON_TYPE param_2, void * param_3, undefined8 * param_4)	false	false	false
1800d1860	468	EspCreateKtmTransactionFilter	long __fastcall EspCreateKtmTransactionFilter(uint param_1, ESP_COMPARISON_TYPE param_2, void * param_3, undefined8 * param_4)	false	false	false
1800d1a40	468	EspCreateDesktopFilter	long __fastcall EspCreateDesktopFilter(uint param_1, ESP_COMPARISON_TYPE param_2, void * param_3, undefined8 * param_4)	false	false	false
1800d1c20	468	EspCreateRegistryKeyObjectFilter	long __fastcall EspCreateRegistryKeyObjectFilter(uint param_1, ESP_COMPARISON_TYPE param_2, void * param_3, undefined8 * param_4)	false	false	false
1800d1e00	468	EspCreateRegistryKeyFilter	long __fastcall EspCreateRegistryKeyFilter(uint param_1, ESP_COMPARISON_TYPE param_2, void * param_3, undefined8 * param_4)	false	false	false
1800d1fe0	468	EspCreateDiskFilter	long __fastcall EspCreateDiskFilter(uint param_1, ESP_COMPARISON_TYPE param_2, void * param_3, undefined8 * param_4)	false	false	false
1800d21c0	468	EspCreateVolumeFilter	long __fastcall EspCreateVolumeFilter(uint param_1, ESP_COMPARISON_TYPE param_2, void * param_3, undefined8 * param_4)	false	false	false
1800d23a0	468	EspCreateFileObjectFilter	long __fastcall EspCreateFileObjectFilter(uint param_1, ESP_COMPARISON_TYPE param_2, void * param_3, undefined8 * param_4)	false	false	false
1800d2580	468	EspCreateFileFilter	long __fastcall EspCreateFileFilter(uint param_1, ESP_COMPARISON_TYPE param_2, void * param_3, undefined8 * param_4)	false	false	false
1800d2760	468	EspCreateFileStreamFilter	long __fastcall EspCreateFileStreamFilter(uint param_1, ESP_COMPARISON_TYPE param_2, void * param_3, undefined8 * param_4)	false	false	false
1800d2940	468	EspCreateProcessFilter	long __fastcall EspCreateProcessFilter(uint param_1, ESP_COMPARISON_TYPE param_2, void * param_3, undefined8 * param_4)	false	false	false
1800d2b20	468	EspCreateThreadFilter	long __fastcall EspCreateThreadFilter(uint param_1, ESP_COMPARISON_TYPE param_2, void * param_3, undefined8 * param_4)	false	false	false
1800d2d00	457	EspCreateFilter	long __fastcall EspCreateFilter(ESP_COMPARISON_TYPE param_1, void * param_2, undefined8 * param_3)	false	false	false
1800d2ed0	698	EspRemoveEventQueueStateChangeCallback	int __fastcall EspRemoveEventQueueStateChangeCallback(longlong * param_1)	false	false	false
1800d3190	1533	EspSetEventQueueStateChangeCallback	long __fastcall EspSetEventQueueStateChangeCallback(longlong * param_1, PVOID param_2, _RefCountBase * param_3, PortListener param_4, PortListener param_5)	false	false	false
1800d37a0	648	EspClearEventQueue	long __fastcall EspClearEventQueue(longlong * param_1)	false	false	false
1800d3a30	360	EspGetEventQueueId	undefined8 __fastcall EspGetEventQueueId(longlong * param_1, _GUID * param_2)	false	false	false
1800d3ba0	791	EspDisconnectEventQueue	int __fastcall EspDisconnectEventQueue(longlong * param_1)	false	false	false
1800d3ec0	1062	EspOpenEventQueue	int __fastcall EspOpenEventQueue(longlong * param_1, _GUID * param_2, _RefCountBase * param_3)	false	false	false
1800d42f0	546	EspCloseEventQueue	long __fastcall EspCloseEventQueue(longlong * param_1)	false	false	false
1800d4520	311	EspConnectEventQueueWithIocp	int __fastcall EspConnectEventQueueWithIocp(undefined8 * param_1, uint param_2, undefined8 * param_3)	false	false	false
1800d4660	279	EspConnectEventQueueWithCallback	long __fastcall EspConnectEventQueueWithCallback(undefined8 * param_1, uint param_2, _func_void_ESP_EVENT_NOTIFICATION_ptr_void_ptr * param_3, void * param_4)	false	false	false
1800d4780	1249	EspCreateEventQueue	int __fastcall EspCreateEventQueue(longlong * param_1, ulong * param_2, _RefCountBase * param_3)	false	false	false
1800d4c70	701	EspArmEventNotification	long __fastcall EspArmEventNotification(longlong * param_1, longlong param_2)	false	false	false
1800d4f40	287	EspFreeEventNotification	undefined __fastcall EspFreeEventNotification(ESP_EVENT_NOTIFICATION * param_1)	false	false	false
1800d5070	293	EspAllocateEventNotification	longlong __fastcall EspAllocateEventNotification(void)	false	false	false
1800d51a0	871	EspQueryClientDescriptor	long __fastcall EspQueryClientDescriptor(undefined8 * param_1, undefined8 * param_2, undefined8 param_3, __uint64 param_4)	false	false	false
1800d5510	787	EspEnumerateConnectedClients	long __fastcall EspEnumerateConnectedClients(uint * param_1, void * * param_2, undefined8 param_3, __uint64 param_4)	false	false	false
1800d5830	784	EspEnumerateRegisteredClients	long __fastcall EspEnumerateRegisteredClients(uint * param_1, void * * param_2, undefined8 param_3, __uint64 param_4)	false	false	false
1800d5b50	666	EspDisconnectClient	long __fastcall EspDisconnectClient(longlong * param_1)	false	false	false
1800d5df0	1259	EspConnectClient	long __fastcall EspConnectClient(longlong * param_1, undefined8 * param_2)	false	false	false
1800d62f0	746	EspUnregisterClient	long __fastcall EspUnregisterClient(undefined8 * param_1)	false	false	false
1800d65e0	924	EspRegisterClient	ulonglong __fastcall EspRegisterClient(undefined8 * param_1)	false	false	false
1800d6990	48	wil::details::<lambda_4>::operator()	undefined8 __fastcall operator()(void)	false	false	false
1800d69d0	75	`DllMain'::__l4::<lambda_1>::<lambda_invoker_cdecl>	undefined __fastcall <lambda_invoker_cdecl>(longlong param_1)	false	false	false
1800d6a30	79	`DllMain'::__l4::<lambda_1>::operator()	undefined __fastcall operator()(undefined8 param_1, longlong param_2)	false	false	false
1800d6a90	320	DllMain	undefined8 __fastcall DllMain(HMODULE param_1, int param_2)	false	false	false
1800d6be0	104	wil::details::<lambda_3>::operator()	undefined8 __fastcall operator()(void)	false	false	false
1800d6c50	34	wil::details::<lambda_2>::operator()	undefined8 __fastcall operator()(void)	false	false	false
1800d6c80	48	wil::details::<lambda_1>::operator()	undefined8 __fastcall operator()(void)	false	false	false
1800d6cc0	68	StringCopyWorkerA	HRESULT __stdcall StringCopyWorkerA(STRSAFE_LPSTR pszDest, size_t cchDest, size_t * pcchNewDestLength, STRSAFE_PCNZCH pszSrc, size_t cchToCopy)	false	false	false
1800d6d10	22	StringValidateDestA	HRESULT __stdcall StringValidateDestA(STRSAFE_PCNZCH pszDest, size_t cchDest, size_t cchMax)	false	false	false
1800d6d2c	580	Esp::EnsureNtRegistryPath	long __fastcall EnsureNtRegistryPath(int * param_1, undefined8 * param_2, longlong * param_3)	false	false	false
1800d6f78	483	Esp::EnsureNtPath	long __fastcall EnsureNtPath(int * param_1, undefined8 * param_2, undefined8 * param_3)	false	false	false
1800d7164	665	Esp::CreateCompositeFilter	long __cdecl CreateCompositeFilter(_ESP_LOGICAL_OPERATOR param_1, shared_ptr<class_Esp::Filter> * param_2, shared_ptr<class_Esp::Filter> * param_3, unique_ptr<class_Esp::Handle<struct_Esp::_EspFilter>,struct_utl::default_delete<class_Esp::Handle<struct_Esp::_EspFilter>_>_> * param_4)	false	false	false
1800d7404	328	Esp::CreateFilterHandle	long __cdecl CreateFilterHandle(shared_ptr<class_Esp::Filter> * param_1, unique_ptr<class_Esp::Handle<struct_Esp::_EspFilter>,struct_utl::default_delete<class_Esp::Handle<struct_Esp::_EspFilter>_>_> * param_2)	false	false	false
1800d7554	937	Esp::Details::CreateFilterInternal	long __cdecl CreateFilterInternal(FilterType param_1, uint param_2, ESP_COMPARISON_TYPE param_3, void * param_4, unique_ptr<class_Esp::Handle<struct_Esp::_EspFilter>,struct_utl::default_delete<class_Esp::Handle<struct_Esp::_EspFilter>_>_> * param_5)	false	false	false
1800d7904	54	Esp::RegisterClient	long __cdecl RegisterClient(ESP_CLIENT_DESCRIPTOR * param_1)	false	false	false
1800d7940	54	Esp::UnregisterClient	long __cdecl UnregisterClient(_GUID * param_1)	false	false	false
1800d797c	343	Esp::ConnectClient	long __cdecl ConnectClient(_GUID * param_1, unique_ptr<class_Esp::Handle<class_Esp::ClientObject>,struct_utl::default_delete<class_Esp::Handle<class_Esp::ClientObject>_>_> * param_2)	false	false	false
1800d7adc	134	Esp::DisconnectClient	long __cdecl DisconnectClient(Handle<class_Esp::ClientObject> * param_1)	false	false	false
1800d7b68	13	Esp::EnumerateRegisteredClients	long __cdecl EnumerateRegisteredClients(uint * param_1, _GUID * * param_2)	false	false	false
1800d7b7c	16	Esp::EnumerateConnectedClients	long __cdecl EnumerateConnectedClients(uint * param_1, _GUID * * param_2)	false	false	false
1800d7b94	5	Esp::QueryClientDescriptor	long __cdecl QueryClientDescriptor(_GUID * param_1, ESP_CLIENT_DESCRIPTOR * * param_2)	false	false	false
1800d7ba0	5	Esp::AllocateEventNotification	ESP_EVENT_NOTIFICATION * __cdecl AllocateEventNotification(void)	false	false	false
1800d7bac	5	Esp::FreeEventNotification	void __cdecl FreeEventNotification(ESP_EVENT_NOTIFICATION * param_1)	false	false	false
1800d7bb8	125	Esp::ArmEventNotification	long __cdecl ArmEventNotification(ESP_EVENT_QUEUE__ * param_1, ESP_EVENT_NOTIFICATION * param_2)	false	false	false
1800d7c3c	293	Esp::CreateEventQueue	long __cdecl CreateEventQueue(shared_ptr<class_Esp::ClientObject> * param_1, ESP_EVENT_QUEUE_DESCRIPTOR * param_2, unique_ptr<class_Esp::Handle<class_Esp::EventQueue>,struct_utl::default_delete<class_Esp::Handle<class_Esp::EventQueue>_>_> * param_3)	false	false	false
1800d7d68	12	Esp::GetEventQueueId	_GUID __cdecl GetEventQueueId(_GUID * __return_storage_ptr__, EventQueue * param_1)	false	false	false
1800d7d7c	54	Esp::ConnectEventQueueWithCallback	long __cdecl ConnectEventQueueWithCallback(EventQueue * param_1, uint param_2, _func_void_ESP_EVENT_NOTIFICATION_ptr_void_ptr * param_3, void * param_4)	false	false	false
1800d7db8	186	Esp::ConnectEventQueueWithIocp	long __cdecl ConnectEventQueueWithIocp(EventQueue * param_1, uint param_2, unique_any_t<class_wil::details::unique_storage<struct_wil::details::handle_null_resource_policy<int_(__cdecl*)(void*___ptr64),&int___cdecl_CloseHandle(void*___ptr64)>_>_> * param_3)	false	false	false
1800d7e78	142	Esp::CloseEventQueue	long __cdecl CloseEventQueue(Handle<class_Esp::EventQueue> * param_1)	false	false	false
1800d7f0c	293	Esp::OpenEventQueue	long __cdecl OpenEventQueue(shared_ptr<class_Esp::ClientObject> * param_1, _GUID * param_2, unique_ptr<class_Esp::Handle<class_Esp::EventQueue>,struct_utl::default_delete<class_Esp::Handle<class_Esp::EventQueue>_>_> * param_3)	false	false	false
1800d8038	54	Esp::DisconnectEventQueue	long __cdecl DisconnectEventQueue(EventQueue * param_1)	false	false	false
1800d8074	54	Esp::ClearEventQueue	long __cdecl ClearEventQueue(EventQueue * param_1)	false	false	false
1800d80b0	62	Esp::SetEventQueueStateChangeCallback	long __cdecl SetEventQueueStateChangeCallback(EventQueue * param_1, _func_void_ESP_EVENT_QUEUE_STATE_void_ptr_void_ptr * param_2, void * param_3, uchar param_4, uchar param_5)	false	false	false
1800d80f4	54	Esp::RemoveEventQueueStateChangeCallback	long __cdecl RemoveEventQueueStateChangeCallback(EventQueue * param_1)	false	false	false
1800d8130	68	Esp::CreateAndFilter	long __cdecl CreateAndFilter(shared_ptr<class_Esp::Filter> * param_1, shared_ptr<class_Esp::Filter> * param_2, unique_ptr<class_Esp::Handle<struct_Esp::_EspFilter>,struct_utl::default_delete<class_Esp::Handle<struct_Esp::_EspFilter>_>_> * param_3)	false	false	false
1800d817c	68	Esp::CreateOrFilter	long __cdecl CreateOrFilter(shared_ptr<class_Esp::Filter> * param_1, shared_ptr<class_Esp::Filter> * param_2, unique_ptr<class_Esp::Handle<struct_Esp::_EspFilter>,struct_utl::default_delete<class_Esp::Handle<struct_Esp::_EspFilter>_>_> * param_3)	false	false	false
1800d81c8	68	Esp::CreateXorFilter	long __cdecl CreateXorFilter(shared_ptr<class_Esp::Filter> * param_1, shared_ptr<class_Esp::Filter> * param_2, unique_ptr<class_Esp::Handle<struct_Esp::_EspFilter>,struct_utl::default_delete<class_Esp::Handle<struct_Esp::_EspFilter>_>_> * param_3)	false	false	false
1800d8214	248	Esp::CreateNotFilter	long __cdecl CreateNotFilter(shared_ptr<class_Esp::Filter> * param_1, unique_ptr<class_Esp::Handle<struct_Esp::_EspFilter>,struct_utl::default_delete<class_Esp::Handle<struct_Esp::_EspFilter>_>_> * param_2)	false	false	false
1800d8314	341	Esp::CreateRule	long __cdecl CreateRule(ESP_RULE_DESCRIPTOR * param_1, unique_ptr<class_Esp::Handle<class_Esp::Rule>,struct_utl::default_delete<class_Esp::Handle<class_Esp::Rule>_>_> * param_2)	false	false	false
1800d8470	11	Esp::GetRuleId	_GUID __cdecl GetRuleId(_GUID * __return_storage_ptr__, Rule * param_1)	false	false	false
1800d8484	74	Esp::UpdateRules	long __cdecl UpdateRules(ClientObject * param_1, ESP_RULE_UPDATE_FLAGS param_2, vector<struct_Esp::RuleUpdateEntry,class_utl::allocator<struct_Esp::RuleUpdateEntry>_> param_3)	false	false	false
1800d84d4	54	Esp::RemoveAllClientRules	long __cdecl RemoveAllClientRules(ClientObject * param_1)	false	false	false
1800d8510	54	Esp::RemoveClientRules	long __cdecl RemoveClientRules(ClientObject * param_1, ESP_RULE_LIFETIME param_2)	false	false	false
1800d854c	54	Esp::EnumerateClientRules	long __cdecl EnumerateClientRules(ClientObject * param_1, optional<enum_ESP_RULE_LIFETIME> param_2, uint * param_3, _GUID * * param_4)	false	false	false
1800d8588	61	Esp::CompleteEventNotification	long __cdecl CompleteEventNotification(ESP_EVENT_NOTIFICATION * param_1)	false	false	false
1800d85cc	64	Esp::SetEventObjectContext	long __cdecl SetEventObjectContext(ESP_EVENT_OBJECT__ * param_1, ESP_CONTEXT_KEY_UPDATE * param_2)	false	false	false
1800d8614	96	Esp::SetClientContextKey	long __cdecl SetClientContextKey(ESP_CLIENT__ * param_1, ESP_CONTEXT_KEY_UPDATE * param_2)	false	false	false
1800d867c	96	Esp::EnumerateAllClientContextKeys	long __cdecl EnumerateAllClientContextKeys(ESP_CLIENT__ * param_1, uint * param_2, ESP_CONTEXT_KEY_INFO * * param_3)	false	false	false
1800d86e4	67	Esp::EnumerateAllEventObjectContextKeys	long __cdecl EnumerateAllEventObjectContextKeys(ESP_EVENT_OBJECT__ * param_1, uint * param_2, ESP_CONTEXT_KEY_INFO * * param_3)	false	false	false
1800d8730	591	Esp::ReferenceEventObject	long __cdecl ReferenceEventObject(ClientObject * param_1, _ESP_REFERENCE_EVENT_OBJECT_KEY param_2, uint param_3, void * param_4, unique_ptr<class_Esp::Handle<class_Esp::EventObjectReference>,struct_utl::default_delete<class_Esp::Handle<class_Esp::EventObjectReference>_>_> * param_5)	false	false	false
1800d8988	355	Esp::DuplicateEventObjectReference	long __cdecl DuplicateEventObjectReference(EventObjectReference * param_1, unique_ptr<class_Esp::Handle<class_Esp::EventObjectReference>,struct_utl::default_delete<class_Esp::Handle<class_Esp::EventObjectReference>_>_> * param_2)	false	false	false
1800d8af4	12	Esp::GetEventObjectFromReference	ESP_EVENT_OBJECT__ * __cdecl GetEventObjectFromReference(shared_ptr<class_Esp::EventObjectReference> * param_1)	false	false	false
1800d8b08	179	Esp::CloseEventObjectReference	long __cdecl CloseEventObjectReference(Handle<class_Esp::EventObjectReference> * param_1)	false	false	false
1800d8bc4	436	Esp::QueryProperties	long __cdecl QueryProperties(_ESP_PROPERTY_QUERY_TYPE param_1, ESP_EVENT_OBJECT__ * param_2, uint param_3, uint * param_4, ESP_PROPERTY * * param_5)	false	false	false
1800d8d80	74	Esp::QueryClientProperties	long __cdecl QueryClientProperties(ClientObject * param_1, uint param_2, uint * param_3, ESP_PROPERTY * * param_4)	false	false	false
1800d8dd0	54	Esp::GetEventCapabilities	long __cdecl GetEventCapabilities(ClientObject * param_1, ESP_EVENT_TYPE param_2, ESP_EVENT_CAPABILITIES * param_3)	false	false	false
1800d8e0c	175	Esp::ReferenceFileByPath	long __cdecl ReferenceFileByPath(ClientObject * param_1, ESP_PATH * param_2, unique_ptr<class_Esp::Handle<class_Esp::EventObjectReference>,struct_utl::default_delete<class_Esp::Handle<class_Esp::EventObjectReference>_>_> * param_3)	false	false	false
1800d8ec4	80	Esp::ReferenceFileById	long __cdecl ReferenceFileById(ClientObject * param_1, _GUID * param_2, _FILE_ID_128 * param_3, unique_ptr<class_Esp::Handle<class_Esp::EventObjectReference>,struct_utl::default_delete<class_Esp::Handle<class_Esp::EventObjectReference>_>_> * param_4)	false	false	false
1800d8f1c	175	Esp::ReferenceFileStreamByPath	long __cdecl ReferenceFileStreamByPath(ClientObject * param_1, ESP_PATH * param_2, unique_ptr<class_Esp::Handle<class_Esp::EventObjectReference>,struct_utl::default_delete<class_Esp::Handle<class_Esp::EventObjectReference>_>_> * param_3)	false	false	false
1800d8fd4	291	Esp::ReferenceFileStreamById	long __cdecl ReferenceFileStreamById(ClientObject * param_1, _GUID * param_2, _FILE_ID_128 * param_3, wchar_t * param_4, unique_ptr<class_Esp::Handle<class_Esp::EventObjectReference>,struct_utl::default_delete<class_Esp::Handle<class_Esp::EventObjectReference>_>_> * param_5)	false	false	false
1800d9100	175	Esp::ReferenceDisk	long __cdecl ReferenceDisk(ClientObject * param_1, ESP_PATH * param_2, unique_ptr<class_Esp::Handle<class_Esp::EventObjectReference>,struct_utl::default_delete<class_Esp::Handle<class_Esp::EventObjectReference>_>_> * param_3)	false	false	false
1800d91b8	175	Esp::ReferencePipe	long __cdecl ReferencePipe(ClientObject * param_1, ESP_PATH * param_2, unique_ptr<class_Esp::Handle<class_Esp::EventObjectReference>,struct_utl::default_delete<class_Esp::Handle<class_Esp::EventObjectReference>_>_> * param_3)	false	false	false
1800d9270	175	Esp::ReferenceMailslot	long __cdecl ReferenceMailslot(ClientObject * param_1, ESP_PATH * param_2, unique_ptr<class_Esp::Handle<class_Esp::EventObjectReference>,struct_utl::default_delete<class_Esp::Handle<class_Esp::EventObjectReference>_>_> * param_3)	false	false	false
1800d9328	219	Esp::ReferenceRegistryKey	long __cdecl ReferenceRegistryKey(ClientObject * param_1, ESP_PATH * param_2, unique_ptr<class_Esp::Handle<class_Esp::EventObjectReference>,struct_utl::default_delete<class_Esp::Handle<class_Esp::EventObjectReference>_>_> * param_3)	false	false	false
1800d940c	112	Esp::ReferenceDesktop	long __cdecl ReferenceDesktop(ClientObject * param_1, wchar_t * param_2, unique_ptr<class_Esp::Handle<class_Esp::EventObjectReference>,struct_utl::default_delete<class_Esp::Handle<class_Esp::EventObjectReference>_>_> * param_3)	false	false	false
1800d9484	456	Esp::CreateCollection	long __cdecl CreateCollection(shared_ptr<class_Esp::ClientObject> * param_1, ESP_COLLECTION_DESCRIPTOR * param_2, unique_ptr<class_Esp::Handle<class_Esp::Collection>,struct_utl::default_delete<class_Esp::Handle<class_Esp::Collection>_>_> * param_3)	false	false	false
1800d9654	11	Esp::GetCollectionId	_GUID __cdecl GetCollectionId(_GUID * __return_storage_ptr__, Collection * param_1)	false	false	false
1800d9668	4	Esp::GetCollectionType	ESP_COLLECTION_TYPE __cdecl GetCollectionType(Collection * param_1)	false	false	false
1800d9674	456	Esp::OpenCollection	long __cdecl OpenCollection(shared_ptr<class_Esp::ClientObject> * param_1, _GUID * param_2, unique_ptr<class_Esp::Handle<class_Esp::Collection>,struct_utl::default_delete<class_Esp::Handle<class_Esp::Collection>_>_> * param_3)	false	false	false
1800d9844	121	Esp::UpdateCollection	long __cdecl UpdateCollection(Collection * param_1, ESP_COLLECTION_UPDATE_FLAGS param_2, uint param_3, ESP_COLLECTION_UPDATE_ENTRY * param_4)	false	false	false
1800d98c4	54	Esp::EnumerateCollectionIds	long __cdecl EnumerateCollectionIds(ClientObject * param_1, ESP_COLLECTION_LIFETIME param_2, uint * param_3, _GUID * * param_4)	false	false	false
1800d9900	117	Esp::EnumerateCollectionEntries	long __cdecl EnumerateCollectionEntries(Collection * param_1, uint * param_2, ESP_COLLECTION_ENTRY * * param_3)	false	false	false
1800d997c	54	Esp::EnumerateEventQueueIds	long __cdecl EnumerateEventQueueIds(ClientObject * param_1, ESP_EVENT_QUEUE_LIFETIME param_2, uint * param_3, _GUID * * param_4)	false	false	false
1800d99c0	47	EspCppCloseEventQueueReference	undefined __fastcall EspCppCloseEventQueueReference(void * param_1)	false	false	false
1800d9a00	190	EspCppReferenceEventQueue	undefined8 __fastcall EspCppReferenceEventQueue(longlong * param_1, undefined8 * param_2, undefined8 * param_3)	false	false	false
1800d9ad0	46	EspCppGetRustRule	undefined8 __fastcall EspCppGetRustRule(longlong * param_1)	false	false	false
1800d9b10	47	EspCppCloseCollectionReference	undefined __fastcall EspCppCloseCollectionReference(void * param_1)	false	false	false
1800d9b50	187	EspCppReferenceCollection	undefined8 __fastcall EspCppReferenceCollection(longlong * param_1, undefined8 * param_2, undefined8 * param_3)	false	false	false
1800d9c20	8	EspCppFastFail	undefined __fastcall EspCppFastFail(void)	false	false	false
1800d9c30	14	utl::_FuncSmall<`Esp::ClientObject::Enumerate'::__l1::<lambda_1>,long,unsigned_char_*,unsigned_int,unsigned_int_*>::_FuncSmall<`Esp::ClientObject::Enumerate'::__l1::<lambda_1>,long,unsigned_char_*,unsigned_int,unsigned_int_*>	undefined8 * __fastcall _FuncSmall<`Esp::ClientObject::Enumerate'::__l1::<lambda_1>,long,unsigned_char_*,unsigned_int,unsigned_int_*>(undefined8 * param_1)	false	false	false
1800d9c50	11	utl::_FuncSmall<`Esp::ClientObject::Enumerate'::__l1::<lambda_1>,long,unsigned_char_*,unsigned_int,unsigned_int_*>::~_FuncSmall<`Esp::ClientObject::Enumerate'::__l1::<lambda_1>,long,unsigned_char_*,unsigned_int,unsigned_int_*>	undefined __fastcall ~_FuncSmall<`Esp::ClientObject::Enumerate'::__l1::<lambda_1>,long,unsigned_char_*,unsigned_int,unsigned_int_*>(undefined8 * param_1)	false	false	false
1800d9c70	7	utl::_FuncEmptyOnExit<utl::_FuncSmall<`Esp::ClientObject::Enumerate'::__l1::<lambda_1>,long,unsigned_char_*,unsigned_int,unsigned_int_*>,utl::_FuncEmpty<long,unsigned_char_*,unsigned_int,unsigned_int_*>_>::_FuncEmptyOnExit<utl::_FuncSmall<`Esp::ClientObject::Enumerate'::__l1::<lambda_1>,long,unsigned_char_*,unsigned_int,unsigned_int_*>,utl::_FuncEmpty<long,unsigned_char_*,unsigned_int,unsigned_int_*>_>	undefined8 * __fastcall _FuncEmptyOnExit<utl::_FuncSmall<`Esp::ClientObject::Enumerate'::__l1::<lambda_1>,long,unsigned_char_*,unsigned_int,unsigned_int_*>,utl::_FuncEmpty<long,unsigned_char_*,unsigned_int,unsigned_int_*>_>(undefined8 * param_1, undefined8 param_2)	false	false	false
1800d9c80	32	utl::_FuncEmptyOnExit<utl::_FuncSmall<`Esp::ClientObject::Enumerate'::__l1::<lambda_1>,long,unsigned_char_*,unsigned_int,unsigned_int_*>,utl::_FuncEmpty<long,unsigned_char_*,unsigned_int,unsigned_int_*>_>::~_FuncEmptyOnExit<utl::_FuncSmall<`Esp::ClientObject::Enumerate'::__l1::<lambda_1>,long,unsigned_char_*,unsigned_int,unsigned_int_*>,utl::_FuncEmpty<long,unsigned_char_*,unsigned_int,unsigned_int_*>_>	undefined __fastcall ~_FuncEmptyOnExit<utl::_FuncSmall<`Esp::ClientObject::Enumerate'::__l1::<lambda_1>,long,unsigned_char_*,unsigned_int,unsigned_int_*>,utl::_FuncEmpty<long,unsigned_char_*,unsigned_int,unsigned_int_*>_>(longlong * param_1)	false	false	false
1800d9cb0	14	utl::_FuncSmall<`Esp::ClientObject::Enumerate'::__l1::<lambda_2>,long,unsigned_char_*,unsigned_int,unsigned_int_*>::_FuncSmall<`Esp::ClientObject::Enumerate'::__l1::<lambda_2>,long,unsigned_char_*,unsigned_int,unsigned_int_*>	undefined8 * __fastcall _FuncSmall<`Esp::ClientObject::Enumerate'::__l1::<lambda_2>,long,unsigned_char_*,unsigned_int,unsigned_int_*>(undefined8 * param_1)	false	false	false
1800d9cd0	11	utl::_FuncSmall<`Esp::ClientObject::Enumerate'::__l1::<lambda_2>,long,unsigned_char_*,unsigned_int,unsigned_int_*>::~_FuncSmall<`Esp::ClientObject::Enumerate'::__l1::<lambda_2>,long,unsigned_char_*,unsigned_int,unsigned_int_*>	undefined __fastcall ~_FuncSmall<`Esp::ClientObject::Enumerate'::__l1::<lambda_2>,long,unsigned_char_*,unsigned_int,unsigned_int_*>(undefined8 * param_1)	false	false	false
1800d9cf0	7	utl::_FuncEmptyOnExit<utl::_FuncSmall<`Esp::ClientObject::Enumerate'::__l1::<lambda_2>,long,unsigned_char_*,unsigned_int,unsigned_int_*>,utl::_FuncEmpty<long,unsigned_char_*,unsigned_int,unsigned_int_*>_>::_FuncEmptyOnExit<utl::_FuncSmall<`Esp::ClientObject::Enumerate'::__l1::<lambda_2>,long,unsigned_char_*,unsigned_int,unsigned_int_*>,utl::_FuncEmpty<long,unsigned_char_*,unsigned_int,unsigned_int_*>_>	undefined8 * __fastcall _FuncEmptyOnExit<utl::_FuncSmall<`Esp::ClientObject::Enumerate'::__l1::<lambda_2>,long,unsigned_char_*,unsigned_int,unsigned_int_*>,utl::_FuncEmpty<long,unsigned_char_*,unsigned_int,unsigned_int_*>_>(undefined8 * param_1, undefined8 param_2)	false	false	false
1800d9d00	32	utl::_FuncEmptyOnExit<utl::_FuncSmall<`Esp::ClientObject::Enumerate'::__l1::<lambda_2>,long,unsigned_char_*,unsigned_int,unsigned_int_*>,utl::_FuncEmpty<long,unsigned_char_*,unsigned_int,unsigned_int_*>_>::~_FuncEmptyOnExit<utl::_FuncSmall<`Esp::ClientObject::Enumerate'::__l1::<lambda_2>,long,unsigned_char_*,unsigned_int,unsigned_int_*>,utl::_FuncEmpty<long,unsigned_char_*,unsigned_int,unsigned_int_*>_>	undefined __fastcall ~_FuncEmptyOnExit<utl::_FuncSmall<`Esp::ClientObject::Enumerate'::__l1::<lambda_2>,long,unsigned_char_*,unsigned_int,unsigned_int_*>,utl::_FuncEmpty<long,unsigned_char_*,unsigned_int,unsigned_int_*>_>(longlong * param_1)	false	false	false
1800d9d30	14	utl::_FuncSmall<`Esp::ClientObject::QueryDescriptor'::__l1::<lambda_1>,long,unsigned_char_*,unsigned_int,unsigned_int_*>::_FuncSmall<`Esp::ClientObject::QueryDescriptor'::__l1::<lambda_1>,long,unsigned_char_*,unsigned_int,unsigned_int_*>	undefined8 * __fastcall _FuncSmall<`Esp::ClientObject::QueryDescriptor'::__l1::<lambda_1>,long,unsigned_char_*,unsigned_int,unsigned_int_*>(undefined8 * param_1)	false	false	false
1800d9d50	11	utl::_FuncSmall<`Esp::ClientObject::QueryDescriptor'::__l1::<lambda_1>,long,unsigned_char_*,unsigned_int,unsigned_int_*>::~_FuncSmall<`Esp::ClientObject::QueryDescriptor'::__l1::<lambda_1>,long,unsigned_char_*,unsigned_int,unsigned_int_*>	undefined __fastcall ~_FuncSmall<`Esp::ClientObject::QueryDescriptor'::__l1::<lambda_1>,long,unsigned_char_*,unsigned_int,unsigned_int_*>(undefined8 * param_1)	false	false	false
1800d9d70	7	utl::_FuncEmptyOnExit<utl::_FuncSmall<`Esp::ClientObject::QueryDescriptor'::__l1::<lambda_1>,long,unsigned_char_*,unsigned_int,unsigned_int_*>,utl::_FuncEmpty<long,unsigned_char_*,unsigned_int,unsigned_int_*>_>::_FuncEmptyOnExit<utl::_FuncSmall<`Esp::ClientObject::QueryDescriptor'::__l1::<lambda_1>,long,unsigned_char_*,unsigned_int,unsigned_int_*>,utl::_FuncEmpty<long,unsigned_char_*,unsigned_int,unsigned_int_*>_>	undefined8 * __fastcall _FuncEmptyOnExit<utl::_FuncSmall<`Esp::ClientObject::QueryDescriptor'::__l1::<lambda_1>,long,unsigned_char_*,unsigned_int,unsigned_int_*>,utl::_FuncEmpty<long,unsigned_char_*,unsigned_int,unsigned_int_*>_>(undefined8 * param_1, undefined8 param_2)	false	false	false
1800d9d80	32	utl::_FuncEmptyOnExit<utl::_FuncSmall<`Esp::ClientObject::QueryDescriptor'::__l1::<lambda_1>,long,unsigned_char_*,unsigned_int,unsigned_int_*>,utl::_FuncEmpty<long,unsigned_char_*,unsigned_int,unsigned_int_*>_>::~_FuncEmptyOnExit<utl::_FuncSmall<`Esp::ClientObject::QueryDescriptor'::__l1::<lambda_1>,long,unsigned_char_*,unsigned_int,unsigned_int_*>,utl::_FuncEmpty<long,unsigned_char_*,unsigned_int,unsigned_int_*>_>	undefined __fastcall ~_FuncEmptyOnExit<utl::_FuncSmall<`Esp::ClientObject::QueryDescriptor'::__l1::<lambda_1>,long,unsigned_char_*,unsigned_int,unsigned_int_*>,utl::_FuncEmpty<long,unsigned_char_*,unsigned_int,unsigned_int_*>_>(longlong * param_1)	false	false	false
1800d9db0	14	utl::_FuncSmall<`Esp::ClientObject::EnumerateAllClientContextKeys'::__l1::<lambda_1>,long,unsigned_char_*,unsigned_int,unsigned_int_*>::_FuncSmall<`Esp::ClientObject::EnumerateAllClientContextKeys'::__l1::<lambda_1>,long,unsigned_char_*,unsigned_int,unsigned_int_*>	undefined8 * __fastcall _FuncSmall<`Esp::ClientObject::EnumerateAllClientContextKeys'::__l1::<lambda_1>,long,unsigned_char_*,unsigned_int,unsigned_int_*>(undefined8 * param_1)	false	false	false
1800d9dd0	11	utl::_FuncSmall<`Esp::ClientObject::EnumerateAllClientContextKeys'::__l1::<lambda_1>,long,unsigned_char_*,unsigned_int,unsigned_int_*>::~_FuncSmall<`Esp::ClientObject::EnumerateAllClientContextKeys'::__l1::<lambda_1>,long,unsigned_char_*,unsigned_int,unsigned_int_*>	undefined __fastcall ~_FuncSmall<`Esp::ClientObject::EnumerateAllClientContextKeys'::__l1::<lambda_1>,long,unsigned_char_*,unsigned_int,unsigned_int_*>(undefined8 * param_1)	false	false	false
1800d9df0	7	utl::_FuncEmptyOnExit<utl::_FuncSmall<`Esp::ClientObject::EnumerateAllClientContextKeys'::__l1::<lambda_1>,long,unsigned_char_*,unsigned_int,unsigned_int_*>,utl::_FuncEmpty<long,unsigned_char_*,unsigned_int,unsigned_int_*>_>::_FuncEmptyOnExit<utl::_FuncSmall<`Esp::ClientObject::EnumerateAllClientContextKeys'::__l1::<lambda_1>,long,unsigned_char_*,unsigned_int,unsigned_int_*>,utl::_FuncEmpty<long,unsigned_char_*,unsigned_int,unsigned_int_*>_>	undefined8 * __fastcall _FuncEmptyOnExit<utl::_FuncSmall<`Esp::ClientObject::EnumerateAllClientContextKeys'::__l1::<lambda_1>,long,unsigned_char_*,unsigned_int,unsigned_int_*>,utl::_FuncEmpty<long,unsigned_char_*,unsigned_int,unsigned_int_*>_>(undefined8 * param_1, undefined8 param_2)	false	false	false
1800d9e00	32	utl::_FuncEmptyOnExit<utl::_FuncSmall<`Esp::ClientObject::EnumerateAllClientContextKeys'::__l1::<lambda_1>,long,unsigned_char_*,unsigned_int,unsigned_int_*>,utl::_FuncEmpty<long,unsigned_char_*,unsigned_int,unsigned_int_*>_>::~_FuncEmptyOnExit<utl::_FuncSmall<`Esp::ClientObject::EnumerateAllClientContextKeys'::__l1::<lambda_1>,long,unsigned_char_*,unsigned_int,unsigned_int_*>,utl::_FuncEmpty<long,unsigned_char_*,unsigned_int,unsigned_int_*>_>	undefined __fastcall ~_FuncEmptyOnExit<utl::_FuncSmall<`Esp::ClientObject::EnumerateAllClientContextKeys'::__l1::<lambda_1>,long,unsigned_char_*,unsigned_int,unsigned_int_*>,utl::_FuncEmpty<long,unsigned_char_*,unsigned_int,unsigned_int_*>_>(longlong * param_1)	false	false	false
1800d9e30	14	utl::_FuncSmall<`Esp::ClientObject::EnumerateAllEventObjectContextKeys'::__l1::<lambda_1>,long,unsigned_char_*,unsigned_int,unsigned_int_*>::_FuncSmall<`Esp::ClientObject::EnumerateAllEventObjectContextKeys'::__l1::<lambda_1>,long,unsigned_char_*,unsigned_int,unsigned_int_*>	undefined8 * __fastcall _FuncSmall<`Esp::ClientObject::EnumerateAllEventObjectContextKeys'::__l1::<lambda_1>,long,unsigned_char_*,unsigned_int,unsigned_int_*>(undefined8 * param_1)	false	false	false
1800d9e50	11	utl::_FuncSmall<`Esp::ClientObject::EnumerateAllEventObjectContextKeys'::__l1::<lambda_1>,long,unsigned_char_*,unsigned_int,unsigned_int_*>::~_FuncSmall<`Esp::ClientObject::EnumerateAllEventObjectContextKeys'::__l1::<lambda_1>,long,unsigned_char_*,unsigned_int,unsigned_int_*>	undefined __fastcall ~_FuncSmall<`Esp::ClientObject::EnumerateAllEventObjectContextKeys'::__l1::<lambda_1>,long,unsigned_char_*,unsigned_int,unsigned_int_*>(undefined8 * param_1)	false	false	false
1800d9e70	7	utl::_FuncEmptyOnExit<utl::_FuncSmall<`Esp::ClientObject::EnumerateAllEventObjectContextKeys'::__l1::<lambda_1>,long,unsigned_char_*,unsigned_int,unsigned_int_*>,utl::_FuncEmpty<long,unsigned_char_*,unsigned_int,unsigned_int_*>_>::_FuncEmptyOnExit<utl::_FuncSmall<`Esp::ClientObject::EnumerateAllEventObjectContextKeys'::__l1::<lambda_1>,long,unsigned_char_*,unsigned_int,unsigned_int_*>,utl::_FuncEmpty<long,unsigned_char_*,unsigned_int,unsigned_int_*>_>	undefined8 * __fastcall _FuncEmptyOnExit<utl::_FuncSmall<`Esp::ClientObject::EnumerateAllEventObjectContextKeys'::__l1::<lambda_1>,long,unsigned_char_*,unsigned_int,unsigned_int_*>,utl::_FuncEmpty<long,unsigned_char_*,unsigned_int,unsigned_int_*>_>(undefined8 * param_1, undefined8 param_2)	false	false	false
1800d9e80	32	utl::_FuncEmptyOnExit<utl::_FuncSmall<`Esp::ClientObject::EnumerateAllEventObjectContextKeys'::__l1::<lambda_1>,long,unsigned_char_*,unsigned_int,unsigned_int_*>,utl::_FuncEmpty<long,unsigned_char_*,unsigned_int,unsigned_int_*>_>::~_FuncEmptyOnExit<utl::_FuncSmall<`Esp::ClientObject::EnumerateAllEventObjectContextKeys'::__l1::<lambda_1>,long,unsigned_char_*,unsigned_int,unsigned_int_*>,utl::_FuncEmpty<long,unsigned_char_*,unsigned_int,unsigned_int_*>_>	undefined __fastcall ~_FuncEmptyOnExit<utl::_FuncSmall<`Esp::ClientObject::EnumerateAllEventObjectContextKeys'::__l1::<lambda_1>,long,unsigned_char_*,unsigned_int,unsigned_int_*>,utl::_FuncEmpty<long,unsigned_char_*,unsigned_int,unsigned_int_*>_>(longlong * param_1)	false	false	false
1800d9eb0	14	utl::_FuncSmall<`Esp::ClientObject::EnumerateRules'::__l1::<lambda_1>,long,unsigned_char_*,unsigned_int,unsigned_int_*>::_FuncSmall<`Esp::ClientObject::EnumerateRules'::__l1::<lambda_1>,long,unsigned_char_*,unsigned_int,unsigned_int_*>	undefined8 * __fastcall _FuncSmall<`Esp::ClientObject::EnumerateRules'::__l1::<lambda_1>,long,unsigned_char_*,unsigned_int,unsigned_int_*>(undefined8 * param_1)	false	false	false
1800d9ed0	11	utl::_FuncSmall<`Esp::ClientObject::EnumerateRules'::__l1::<lambda_1>,long,unsigned_char_*,unsigned_int,unsigned_int_*>::~_FuncSmall<`Esp::ClientObject::EnumerateRules'::__l1::<lambda_1>,long,unsigned_char_*,unsigned_int,unsigned_int_*>	undefined __fastcall ~_FuncSmall<`Esp::ClientObject::EnumerateRules'::__l1::<lambda_1>,long,unsigned_char_*,unsigned_int,unsigned_int_*>(undefined8 * param_1)	false	false	false
1800d9ef0	7	utl::_FuncEmptyOnExit<utl::_FuncSmall<`Esp::ClientObject::EnumerateRules'::__l1::<lambda_1>,long,unsigned_char_*,unsigned_int,unsigned_int_*>,utl::_FuncEmpty<long,unsigned_char_*,unsigned_int,unsigned_int_*>_>::_FuncEmptyOnExit<utl::_FuncSmall<`Esp::ClientObject::EnumerateRules'::__l1::<lambda_1>,long,unsigned_char_*,unsigned_int,unsigned_int_*>,utl::_FuncEmpty<long,unsigned_char_*,unsigned_int,unsigned_int_*>_>	undefined8 * __fastcall _FuncEmptyOnExit<utl::_FuncSmall<`Esp::ClientObject::EnumerateRules'::__l1::<lambda_1>,long,unsigned_char_*,unsigned_int,unsigned_int_*>,utl::_FuncEmpty<long,unsigned_char_*,unsigned_int,unsigned_int_*>_>(undefined8 * param_1, undefined8 param_2)	false	false	false
1800d9f00	32	utl::_FuncEmptyOnExit<utl::_FuncSmall<`Esp::ClientObject::EnumerateRules'::__l1::<lambda_1>,long,unsigned_char_*,unsigned_int,unsigned_int_*>,utl::_FuncEmpty<long,unsigned_char_*,unsigned_int,unsigned_int_*>_>::~_FuncEmptyOnExit<utl::_FuncSmall<`Esp::ClientObject::EnumerateRules'::__l1::<lambda_1>,long,unsigned_char_*,unsigned_int,unsigned_int_*>,utl::_FuncEmpty<long,unsigned_char_*,unsigned_int,unsigned_int_*>_>	undefined __fastcall ~_FuncEmptyOnExit<utl::_FuncSmall<`Esp::ClientObject::EnumerateRules'::__l1::<lambda_1>,long,unsigned_char_*,unsigned_int,unsigned_int_*>,utl::_FuncEmpty<long,unsigned_char_*,unsigned_int,unsigned_int_*>_>(longlong * param_1)	false	false	false
1800d9f30	14	utl::_FuncSmall<`Esp::ClientObject::EnumerateCollectionIds'::__l1::<lambda_1>,long,unsigned_char_*,unsigned_int,unsigned_int_*>::_FuncSmall<`Esp::ClientObject::EnumerateCollectionIds'::__l1::<lambda_1>,long,unsigned_char_*,unsigned_int,unsigned_int_*>	undefined8 * __fastcall _FuncSmall<`Esp::ClientObject::EnumerateCollectionIds'::__l1::<lambda_1>,long,unsigned_char_*,unsigned_int,unsigned_int_*>(undefined8 * param_1)	false	false	false
1800d9f50	11	utl::_FuncSmall<`Esp::ClientObject::EnumerateCollectionIds'::__l1::<lambda_1>,long,unsigned_char_*,unsigned_int,unsigned_int_*>::~_FuncSmall<`Esp::ClientObject::EnumerateCollectionIds'::__l1::<lambda_1>,long,unsigned_char_*,unsigned_int,unsigned_int_*>	undefined __fastcall ~_FuncSmall<`Esp::ClientObject::EnumerateCollectionIds'::__l1::<lambda_1>,long,unsigned_char_*,unsigned_int,unsigned_int_*>(undefined8 * param_1)	false	false	false
1800d9f70	7	utl::_FuncEmptyOnExit<utl::_FuncSmall<`Esp::ClientObject::EnumerateCollectionIds'::__l1::<lambda_1>,long,unsigned_char_*,unsigned_int,unsigned_int_*>,utl::_FuncEmpty<long,unsigned_char_*,unsigned_int,unsigned_int_*>_>::_FuncEmptyOnExit<utl::_FuncSmall<`Esp::ClientObject::EnumerateCollectionIds'::__l1::<lambda_1>,long,unsigned_char_*,unsigned_int,unsigned_int_*>,utl::_FuncEmpty<long,unsigned_char_*,unsigned_int,unsigned_int_*>_>	undefined8 * __fastcall _FuncEmptyOnExit<utl::_FuncSmall<`Esp::ClientObject::EnumerateCollectionIds'::__l1::<lambda_1>,long,unsigned_char_*,unsigned_int,unsigned_int_*>,utl::_FuncEmpty<long,unsigned_char_*,unsigned_int,unsigned_int_*>_>(undefined8 * param_1, undefined8 param_2)	false	false	false
1800d9f80	32	utl::_FuncEmptyOnExit<utl::_FuncSmall<`Esp::ClientObject::EnumerateCollectionIds'::__l1::<lambda_1>,long,unsigned_char_*,unsigned_int,unsigned_int_*>,utl::_FuncEmpty<long,unsigned_char_*,unsigned_int,unsigned_int_*>_>::~_FuncEmptyOnExit<utl::_FuncSmall<`Esp::ClientObject::EnumerateCollectionIds'::__l1::<lambda_1>,long,unsigned_char_*,unsigned_int,unsigned_int_*>,utl::_FuncEmpty<long,unsigned_char_*,unsigned_int,unsigned_int_*>_>	undefined __fastcall ~_FuncEmptyOnExit<utl::_FuncSmall<`Esp::ClientObject::EnumerateCollectionIds'::__l1::<lambda_1>,long,unsigned_char_*,unsigned_int,unsigned_int_*>,utl::_FuncEmpty<long,unsigned_char_*,unsigned_int,unsigned_int_*>_>(longlong * param_1)	false	false	false
1800d9fb0	14	utl::_FuncSmall<`Esp::ClientObject::EnumerateCollectionEntries'::__l1::<lambda_1>,long,unsigned_char_*,unsigned_int,unsigned_int_*>::_FuncSmall<`Esp::ClientObject::EnumerateCollectionEntries'::__l1::<lambda_1>,long,unsigned_char_*,unsigned_int,unsigned_int_*>	undefined8 * __fastcall _FuncSmall<`Esp::ClientObject::EnumerateCollectionEntries'::__l1::<lambda_1>,long,unsigned_char_*,unsigned_int,unsigned_int_*>(undefined8 * param_1)	false	false	false
1800d9fd0	11	utl::_FuncSmall<`Esp::ClientObject::EnumerateCollectionEntries'::__l1::<lambda_1>,long,unsigned_char_*,unsigned_int,unsigned_int_*>::~_FuncSmall<`Esp::ClientObject::EnumerateCollectionEntries'::__l1::<lambda_1>,long,unsigned_char_*,unsigned_int,unsigned_int_*>	undefined __fastcall ~_FuncSmall<`Esp::ClientObject::EnumerateCollectionEntries'::__l1::<lambda_1>,long,unsigned_char_*,unsigned_int,unsigned_int_*>(undefined8 * param_1)	false	false	false
1800d9ff0	7	utl::_FuncEmptyOnExit<utl::_FuncSmall<`Esp::ClientObject::EnumerateCollectionEntries'::__l1::<lambda_1>,long,unsigned_char_*,unsigned_int,unsigned_int_*>,utl::_FuncEmpty<long,unsigned_char_*,unsigned_int,unsigned_int_*>_>::_FuncEmptyOnExit<utl::_FuncSmall<`Esp::ClientObject::EnumerateCollectionEntries'::__l1::<lambda_1>,long,unsigned_char_*,unsigned_int,unsigned_int_*>,utl::_FuncEmpty<long,unsigned_char_*,unsigned_int,unsigned_int_*>_>	undefined8 * __fastcall _FuncEmptyOnExit<utl::_FuncSmall<`Esp::ClientObject::EnumerateCollectionEntries'::__l1::<lambda_1>,long,unsigned_char_*,unsigned_int,unsigned_int_*>,utl::_FuncEmpty<long,unsigned_char_*,unsigned_int,unsigned_int_*>_>(undefined8 * param_1, undefined8 param_2)	false	false	false
1800da000	32	utl::_FuncEmptyOnExit<utl::_FuncSmall<`Esp::ClientObject::EnumerateCollectionEntries'::__l1::<lambda_1>,long,unsigned_char_*,unsigned_int,unsigned_int_*>,utl::_FuncEmpty<long,unsigned_char_*,unsigned_int,unsigned_int_*>_>::~_FuncEmptyOnExit<utl::_FuncSmall<`Esp::ClientObject::EnumerateCollectionEntries'::__l1::<lambda_1>,long,unsigned_char_*,unsigned_int,unsigned_int_*>,utl::_FuncEmpty<long,unsigned_char_*,unsigned_int,unsigned_int_*>_>	undefined __fastcall ~_FuncEmptyOnExit<utl::_FuncSmall<`Esp::ClientObject::EnumerateCollectionEntries'::__l1::<lambda_1>,long,unsigned_char_*,unsigned_int,unsigned_int_*>,utl::_FuncEmpty<long,unsigned_char_*,unsigned_int,unsigned_int_*>_>(longlong * param_1)	false	false	false
1800da030	14	utl::_FuncSmall<`Esp::ClientObject::EnumerateEventQueueIds'::__l1::<lambda_1>,long,unsigned_char_*,unsigned_int,unsigned_int_*>::_FuncSmall<`Esp::ClientObject::EnumerateEventQueueIds'::__l1::<lambda_1>,long,unsigned_char_*,unsigned_int,unsigned_int_*>	undefined8 * __fastcall _FuncSmall<`Esp::ClientObject::EnumerateEventQueueIds'::__l1::<lambda_1>,long,unsigned_char_*,unsigned_int,unsigned_int_*>(undefined8 * param_1)	false	false	false
1800da050	11	utl::_FuncSmall<`Esp::ClientObject::EnumerateEventQueueIds'::__l1::<lambda_1>,long,unsigned_char_*,unsigned_int,unsigned_int_*>::~_FuncSmall<`Esp::ClientObject::EnumerateEventQueueIds'::__l1::<lambda_1>,long,unsigned_char_*,unsigned_int,unsigned_int_*>	undefined __fastcall ~_FuncSmall<`Esp::ClientObject::EnumerateEventQueueIds'::__l1::<lambda_1>,long,unsigned_char_*,unsigned_int,unsigned_int_*>(undefined8 * param_1)	false	false	false
1800da070	7	utl::_FuncEmptyOnExit<utl::_FuncSmall<`Esp::ClientObject::EnumerateEventQueueIds'::__l1::<lambda_1>,long,unsigned_char_*,unsigned_int,unsigned_int_*>,utl::_FuncEmpty<long,unsigned_char_*,unsigned_int,unsigned_int_*>_>::_FuncEmptyOnExit<utl::_FuncSmall<`Esp::ClientObject::EnumerateEventQueueIds'::__l1::<lambda_1>,long,unsigned_char_*,unsigned_int,unsigned_int_*>,utl::_FuncEmpty<long,unsigned_char_*,unsigned_int,unsigned_int_*>_>	undefined8 * __fastcall _FuncEmptyOnExit<utl::_FuncSmall<`Esp::ClientObject::EnumerateEventQueueIds'::__l1::<lambda_1>,long,unsigned_char_*,unsigned_int,unsigned_int_*>,utl::_FuncEmpty<long,unsigned_char_*,unsigned_int,unsigned_int_*>_>(undefined8 * param_1, undefined8 param_2)	false	false	false
1800da080	32	utl::_FuncEmptyOnExit<utl::_FuncSmall<`Esp::ClientObject::EnumerateEventQueueIds'::__l1::<lambda_1>,long,unsigned_char_*,unsigned_int,unsigned_int_*>,utl::_FuncEmpty<long,unsigned_char_*,unsigned_int,unsigned_int_*>_>::~_FuncEmptyOnExit<utl::_FuncSmall<`Esp::ClientObject::EnumerateEventQueueIds'::__l1::<lambda_1>,long,unsigned_char_*,unsigned_int,unsigned_int_*>,utl::_FuncEmpty<long,unsigned_char_*,unsigned_int,unsigned_int_*>_>	undefined __fastcall ~_FuncEmptyOnExit<utl::_FuncSmall<`Esp::ClientObject::EnumerateEventQueueIds'::__l1::<lambda_1>,long,unsigned_char_*,unsigned_int,unsigned_int_*>,utl::_FuncEmpty<long,unsigned_char_*,unsigned_int,unsigned_int_*>_>(longlong * param_1)	false	false	false
1800da0b0	3	utl::_FuncIsValid<`Esp::ClientObject::EnumerateEventQueueIds'::__l1::<lambda_1>,0>::_IsValid	undefined1 __fastcall _IsValid(void)	false	false	false
1800da0c0	3	utl::_FuncIsValid<`Esp::ClientObject::EnumerateCollectionEntries'::__l1::<lambda_1>,0>::_IsValid	undefined1 __fastcall _IsValid(void)	false	false	false
1800da0d0	3	utl::_FuncIsValid<`Esp::ClientObject::EnumerateCollectionIds'::__l1::<lambda_1>,0>::_IsValid	undefined1 __fastcall _IsValid(void)	false	false	false
1800da0e0	3	utl::_FuncIsValid<`Esp::ClientObject::EnumerateRules'::__l1::<lambda_1>,0>::_IsValid	undefined1 __fastcall _IsValid(void)	false	false	false
1800da0f0	3	utl::_FuncIsValid<`Esp::ClientObject::EnumerateAllEventObjectContextKeys'::__l1::<lambda_1>,0>::_IsValid	undefined1 __fastcall _IsValid(void)	false	false	false
1800da100	3	utl::_FuncIsValid<`Esp::ClientObject::EnumerateAllClientContextKeys'::__l1::<lambda_1>,0>::_IsValid	undefined1 __fastcall _IsValid(void)	false	false	false
1800da110	3	utl::_FuncIsValid<`Esp::ClientObject::QueryDescriptor'::__l1::<lambda_1>,0>::_IsValid	undefined1 __fastcall _IsValid(void)	false	false	false
1800da120	3	utl::_FuncIsValid<`Esp::ClientObject::Enumerate'::__l1::<lambda_2>,0>::_IsValid	undefined1 __fastcall _IsValid(void)	false	false	false
1800da130	3	utl::_FuncIsValid<`Esp::ClientObject::Enumerate'::__l1::<lambda_1>,0>::_IsValid	undefined1 __fastcall _IsValid(void)	false	false	false
1800da140	14	utl::_FuncSmall<`Esp::ClientObject::Enumerate'::__l1::<lambda_1>,long,unsigned_char_*,unsigned_int,unsigned_int_*>::`scalar_deleting_destructor'	undefined8 * __fastcall `scalar_deleting_destructor'(undefined8 * param_1)	false	false	false
1800da160	14	utl::_FuncSmall<`Esp::ClientObject::Enumerate'::__l1::<lambda_2>,long,unsigned_char_*,unsigned_int,unsigned_int_*>::`scalar_deleting_destructor'	undefined8 * __fastcall `scalar_deleting_destructor'(undefined8 * param_1)	false	false	false
1800da180	14	utl::_FuncSmall<`Esp::ClientObject::QueryDescriptor'::__l1::<lambda_1>,long,unsigned_char_*,unsigned_int,unsigned_int_*>::`scalar_deleting_destructor'	undefined8 * __fastcall `scalar_deleting_destructor'(undefined8 * param_1)	false	false	false
1800da1a0	14	utl::_FuncSmall<`Esp::ClientObject::EnumerateAllClientContextKeys'::__l1::<lambda_1>,long,unsigned_char_*,unsigned_int,unsigned_int_*>::`scalar_deleting_destructor'	undefined8 * __fastcall `scalar_deleting_destructor'(undefined8 * param_1)	false	false	false
1800da1c0	14	utl::_FuncSmall<`Esp::ClientObject::EnumerateAllEventObjectContextKeys'::__l1::<lambda_1>,long,unsigned_char_*,unsigned_int,unsigned_int_*>::`scalar_deleting_destructor'	undefined8 * __fastcall `scalar_deleting_destructor'(undefined8 * param_1)	false	false	false
1800da1e0	14	utl::_FuncSmall<`Esp::ClientObject::EnumerateRules'::__l1::<lambda_1>,long,unsigned_char_*,unsigned_int,unsigned_int_*>::`scalar_deleting_destructor'	undefined8 * __fastcall `scalar_deleting_destructor'(undefined8 * param_1)	false	false	false
1800da200	14	utl::_FuncSmall<`Esp::ClientObject::EnumerateCollectionIds'::__l1::<lambda_1>,long,unsigned_char_*,unsigned_int,unsigned_int_*>::`scalar_deleting_destructor'	undefined8 * __fastcall `scalar_deleting_destructor'(undefined8 * param_1)	false	false	false
1800da220	14	utl::_FuncSmall<`Esp::ClientObject::EnumerateCollectionEntries'::__l1::<lambda_1>,long,unsigned_char_*,unsigned_int,unsigned_int_*>::`scalar_deleting_destructor'	undefined8 * __fastcall `scalar_deleting_destructor'(undefined8 * param_1)	false	false	false
1800da240	14	utl::_FuncSmall<`Esp::ClientObject::EnumerateEventQueueIds'::__l1::<lambda_1>,long,unsigned_char_*,unsigned_int,unsigned_int_*>::`scalar_deleting_destructor'	undefined8 * __fastcall `scalar_deleting_destructor'(undefined8 * param_1)	false	false	false
1800da260	11	utl::_FuncSmall<`Esp::ClientObject::Enumerate'::__l1::<lambda_1>,long,unsigned_char_*,unsigned_int,unsigned_int_*>::_Destroy	undefined __fastcall _Destroy(undefined8 * param_1)	false	false	false
1800da280	22	utl::_FuncSmall<`Esp::ClientObject::Enumerate'::__l1::<lambda_1>,long,unsigned_char_*,unsigned_int,unsigned_int_*>::_MoveIntoAndDestroy	undefined __fastcall _MoveIntoAndDestroy(undefined8 * param_1, undefined8 * param_2)	false	false	false
1800da2a0	21	utl::_FuncSmall<`Esp::ClientObject::Enumerate'::__l1::<lambda_1>,long,unsigned_char_*,unsigned_int,unsigned_int_*>::_CopyInto	undefined8 __fastcall _CopyInto(longlong param_1, undefined8 * param_2)	false	false	false
1800da2c0	21	utl::_FuncSmall<`Esp::ClientObject::Enumerate'::__l1::<lambda_1>,long,unsigned_char_*,unsigned_int,unsigned_int_*>::_Invoke	undefined __fastcall _Invoke(longlong param_1, longlong * param_2, uint * param_3, undefined8 * param_4)	false	false	false
1800da2e0	3	utl::_FuncSmall<`Esp::ClientObject::Enumerate'::__l1::<lambda_1>,long,unsigned_char_*,unsigned_int,unsigned_int_*>::_IsValid	undefined1 __fastcall _IsValid(void)	false	false	false
1800da2f0	11	utl::_FuncSmall<`Esp::ClientObject::Enumerate'::__l1::<lambda_2>,long,unsigned_char_*,unsigned_int,unsigned_int_*>::_Destroy	undefined __fastcall _Destroy(undefined8 * param_1)	false	false	false
1800da310	22	utl::_FuncSmall<`Esp::ClientObject::Enumerate'::__l1::<lambda_2>,long,unsigned_char_*,unsigned_int,unsigned_int_*>::_MoveIntoAndDestroy	undefined __fastcall _MoveIntoAndDestroy(undefined8 * param_1, undefined8 * param_2)	false	false	false
1800da330	21	utl::_FuncSmall<`Esp::ClientObject::Enumerate'::__l1::<lambda_2>,long,unsigned_char_*,unsigned_int,unsigned_int_*>::_CopyInto	undefined8 __fastcall _CopyInto(longlong param_1, undefined8 * param_2)	false	false	false
1800da350	21	utl::_FuncSmall<`Esp::ClientObject::Enumerate'::__l1::<lambda_2>,long,unsigned_char_*,unsigned_int,unsigned_int_*>::_Invoke	undefined __fastcall _Invoke(longlong param_1, longlong * param_2, uint * param_3, undefined8 * param_4)	false	false	false
1800da370	3	utl::_FuncSmall<`Esp::ClientObject::Enumerate'::__l1::<lambda_2>,long,unsigned_char_*,unsigned_int,unsigned_int_*>::_IsValid	undefined1 __fastcall _IsValid(void)	false	false	false
1800da380	11	utl::_FuncSmall<`Esp::ClientObject::QueryDescriptor'::__l1::<lambda_1>,long,unsigned_char_*,unsigned_int,unsigned_int_*>::_Destroy	undefined __fastcall _Destroy(undefined8 * param_1)	false	false	false
1800da3a0	23	utl::_FuncSmall<`Esp::ClientObject::QueryDescriptor'::__l1::<lambda_1>,long,unsigned_char_*,unsigned_int,unsigned_int_*>::_MoveIntoAndDestroy	undefined __fastcall _MoveIntoAndDestroy(undefined8 * param_1, undefined8 * param_2)	false	false	false
1800da3c0	22	utl::_FuncSmall<`Esp::ClientObject::QueryDescriptor'::__l1::<lambda_1>,long,unsigned_char_*,unsigned_int,unsigned_int_*>::_CopyInto	undefined8 __fastcall _CopyInto(longlong param_1, undefined8 * param_2)	false	false	false
1800da3e0	42	utl::_FuncSmall<`Esp::ClientObject::QueryDescriptor'::__l1::<lambda_1>,long,unsigned_char_*,unsigned_int,unsigned_int_*>::_Invoke	undefined __fastcall _Invoke(longlong param_1, longlong * param_2, uint * param_3, undefined8 * param_4)	false	false	false
1800da410	3	utl::_FuncSmall<`Esp::ClientObject::QueryDescriptor'::__l1::<lambda_1>,long,unsigned_char_*,unsigned_int,unsigned_int_*>::_IsValid	undefined1 __fastcall _IsValid(void)	false	false	false
1800da420	11	utl::_FuncSmall<`Esp::ClientObject::EnumerateAllClientContextKeys'::__l1::<lambda_1>,long,unsigned_char_*,unsigned_int,unsigned_int_*>::_Destroy	undefined __fastcall _Destroy(undefined8 * param_1)	false	false	false
1800da440	22	utl::_FuncSmall<`Esp::ClientObject::EnumerateAllClientContextKeys'::__l1::<lambda_1>,long,unsigned_char_*,unsigned_int,unsigned_int_*>::_MoveIntoAndDestroy	undefined __fastcall _MoveIntoAndDestroy(undefined8 * param_1, undefined8 * param_2)	false	false	false
1800da460	21	utl::_FuncSmall<`Esp::ClientObject::EnumerateAllClientContextKeys'::__l1::<lambda_1>,long,unsigned_char_*,unsigned_int,unsigned_int_*>::_CopyInto	undefined8 __fastcall _CopyInto(longlong param_1, undefined8 * param_2)	false	false	false
1800da480	22	utl::_FuncSmall<`Esp::ClientObject::EnumerateAllClientContextKeys'::__l1::<lambda_1>,long,unsigned_char_*,unsigned_int,unsigned_int_*>::_Invoke	undefined __fastcall _Invoke(longlong param_1, longlong * param_2, uint * param_3, undefined8 * param_4)	false	false	false
1800da4a0	3	utl::_FuncSmall<`Esp::ClientObject::EnumerateAllClientContextKeys'::__l1::<lambda_1>,long,unsigned_char_*,unsigned_int,unsigned_int_*>::_IsValid	undefined1 __fastcall _IsValid(void)	false	false	false
1800da4b0	11	utl::_FuncSmall<`Esp::ClientObject::EnumerateAllEventObjectContextKeys'::__l1::<lambda_1>,long,unsigned_char_*,unsigned_int,unsigned_int_*>::_Destroy	undefined __fastcall _Destroy(undefined8 * param_1)	false	false	false
1800da4d0	23	utl::_FuncSmall<`Esp::ClientObject::EnumerateAllEventObjectContextKeys'::__l1::<lambda_1>,long,unsigned_char_*,unsigned_int,unsigned_int_*>::_MoveIntoAndDestroy	undefined __fastcall _MoveIntoAndDestroy(undefined8 * param_1, undefined8 * param_2)	false	false	false
1800da4f0	22	utl::_FuncSmall<`Esp::ClientObject::EnumerateAllEventObjectContextKeys'::__l1::<lambda_1>,long,unsigned_char_*,unsigned_int,unsigned_int_*>::_CopyInto	undefined8 __fastcall _CopyInto(longlong param_1, undefined8 * param_2)	false	false	false
1800da510	46	utl::_FuncSmall<`Esp::ClientObject::EnumerateAllEventObjectContextKeys'::__l1::<lambda_1>,long,unsigned_char_*,unsigned_int,unsigned_int_*>::_Invoke	undefined __fastcall _Invoke(longlong param_1, longlong * param_2, uint * param_3, undefined8 * param_4)	false	false	false
1800da550	3	utl::_FuncSmall<`Esp::ClientObject::EnumerateAllEventObjectContextKeys'::__l1::<lambda_1>,long,unsigned_char_*,unsigned_int,unsigned_int_*>::_IsValid	undefined1 __fastcall _IsValid(void)	false	false	false
1800da560	11	utl::_FuncSmall<`Esp::ClientObject::EnumerateRules'::__l1::<lambda_1>,long,unsigned_char_*,unsigned_int,unsigned_int_*>::_Destroy	undefined __fastcall _Destroy(undefined8 * param_1)	false	false	false
1800da580	23	utl::_FuncSmall<`Esp::ClientObject::EnumerateRules'::__l1::<lambda_1>,long,unsigned_char_*,unsigned_int,unsigned_int_*>::_MoveIntoAndDestroy	undefined __fastcall _MoveIntoAndDestroy(undefined8 * param_1, undefined8 * param_2)	false	false	false
1800da5a0	22	utl::_FuncSmall<`Esp::ClientObject::EnumerateRules'::__l1::<lambda_1>,long,unsigned_char_*,unsigned_int,unsigned_int_*>::_CopyInto	undefined8 __fastcall _CopyInto(longlong param_1, undefined8 * param_2)	false	false	false
1800da5c0	46	utl::_FuncSmall<`Esp::ClientObject::EnumerateRules'::__l1::<lambda_1>,long,unsigned_char_*,unsigned_int,unsigned_int_*>::_Invoke	undefined __fastcall _Invoke(longlong param_1, longlong * param_2, uint * param_3, undefined8 * param_4)	false	false	false
1800da600	3	utl::_FuncSmall<`Esp::ClientObject::EnumerateRules'::__l1::<lambda_1>,long,unsigned_char_*,unsigned_int,unsigned_int_*>::_IsValid	undefined1 __fastcall _IsValid(void)	false	false	false
1800da610	11	utl::_FuncSmall<`Esp::ClientObject::EnumerateCollectionIds'::__l1::<lambda_1>,long,unsigned_char_*,unsigned_int,unsigned_int_*>::_Destroy	undefined __fastcall _Destroy(undefined8 * param_1)	false	false	false
1800da630	23	utl::_FuncSmall<`Esp::ClientObject::EnumerateCollectionIds'::__l1::<lambda_1>,long,unsigned_char_*,unsigned_int,unsigned_int_*>::_MoveIntoAndDestroy	undefined __fastcall _MoveIntoAndDestroy(undefined8 * param_1, undefined8 * param_2)	false	false	false
1800da650	22	utl::_FuncSmall<`Esp::ClientObject::EnumerateCollectionIds'::__l1::<lambda_1>,long,unsigned_char_*,unsigned_int,unsigned_int_*>::_CopyInto	undefined8 __fastcall _CopyInto(longlong param_1, undefined8 * param_2)	false	false	false
1800da670	45	utl::_FuncSmall<`Esp::ClientObject::EnumerateCollectionIds'::__l1::<lambda_1>,long,unsigned_char_*,unsigned_int,unsigned_int_*>::_Invoke	undefined __fastcall _Invoke(longlong param_1, longlong * param_2, uint * param_3, undefined8 * param_4)	false	false	false
1800da6b0	3	utl::_FuncSmall<`Esp::ClientObject::EnumerateCollectionIds'::__l1::<lambda_1>,long,unsigned_char_*,unsigned_int,unsigned_int_*>::_IsValid	undefined1 __fastcall _IsValid(void)	false	false	false
1800da6c0	11	utl::_FuncSmall<`Esp::ClientObject::EnumerateCollectionEntries'::__l1::<lambda_1>,long,unsigned_char_*,unsigned_int,unsigned_int_*>::_Destroy	undefined __fastcall _Destroy(undefined8 * param_1)	false	false	false
1800da6e0	23	utl::_FuncSmall<`Esp::ClientObject::EnumerateCollectionEntries'::__l1::<lambda_1>,long,unsigned_char_*,unsigned_int,unsigned_int_*>::_MoveIntoAndDestroy	undefined __fastcall _MoveIntoAndDestroy(undefined8 * param_1, undefined8 * param_2)	false	false	false
1800da700	22	utl::_FuncSmall<`Esp::ClientObject::EnumerateCollectionEntries'::__l1::<lambda_1>,long,unsigned_char_*,unsigned_int,unsigned_int_*>::_CopyInto	undefined8 __fastcall _CopyInto(longlong param_1, undefined8 * param_2)	false	false	false
1800da720	43	utl::_FuncSmall<`Esp::ClientObject::EnumerateCollectionEntries'::__l1::<lambda_1>,long,unsigned_char_*,unsigned_int,unsigned_int_*>::_Invoke	undefined __fastcall _Invoke(longlong param_1, longlong * param_2, uint * param_3, undefined8 * param_4)	false	false	false
1800da760	3	utl::_FuncSmall<`Esp::ClientObject::EnumerateCollectionEntries'::__l1::<lambda_1>,long,unsigned_char_*,unsigned_int,unsigned_int_*>::_IsValid	undefined1 __fastcall _IsValid(void)	false	false	false
1800da770	11	utl::_FuncSmall<`Esp::ClientObject::EnumerateEventQueueIds'::__l1::<lambda_1>,long,unsigned_char_*,unsigned_int,unsigned_int_*>::_Destroy	undefined __fastcall _Destroy(undefined8 * param_1)	false	false	false
1800da790	23	utl::_FuncSmall<`Esp::ClientObject::EnumerateEventQueueIds'::__l1::<lambda_1>,long,unsigned_char_*,unsigned_int,unsigned_int_*>::_MoveIntoAndDestroy	undefined __fastcall _MoveIntoAndDestroy(undefined8 * param_1, undefined8 * param_2)	false	false	false
1800da7b0	22	utl::_FuncSmall<`Esp::ClientObject::EnumerateEventQueueIds'::__l1::<lambda_1>,long,unsigned_char_*,unsigned_int,unsigned_int_*>::_CopyInto	undefined8 __fastcall _CopyInto(longlong param_1, undefined8 * param_2)	false	false	false
1800da7d0	45	utl::_FuncSmall<`Esp::ClientObject::EnumerateEventQueueIds'::__l1::<lambda_1>,long,unsigned_char_*,unsigned_int,unsigned_int_*>::_Invoke	undefined __fastcall _Invoke(longlong param_1, longlong * param_2, uint * param_3, undefined8 * param_4)	false	false	false
1800da810	3	utl::_FuncSmall<`Esp::ClientObject::EnumerateEventQueueIds'::__l1::<lambda_1>,long,unsigned_char_*,unsigned_int,unsigned_int_*>::_IsValid	undefined1 __fastcall _IsValid(void)	false	false	false
1800da820	144	Esp::ClientObject::ClearEventQueue	long __thiscall ClearEventQueue(ClientObject * this, _GUID * param_1)	false	false	false
1800da8c0	144	Esp::ClientObject::CloseEventQueue	long __thiscall CloseEventQueue(ClientObject * this, __uint64 param_1)	false	false	false
1800da960	144	Esp::ClientObject::OpenEventQueue	long __thiscall OpenEventQueue(ClientObject * this, _GUID * param_1, __uint64 * param_2)	false	false	false
1800daa00	144	Esp::ClientObject::CreateEventQueue	long __thiscall CreateEventQueue(ClientObject * this, ESP_EVENT_QUEUE_DESCRIPTOR * param_1, __uint64 * param_2)	false	false	false
1800daaa0	11	`Esp::ClientObject::EnumerateEventQueueIds'::__l1::<lambda_1>::<lambda_1>	undefined8 * __fastcall <lambda_1>(undefined8 * param_1, undefined8 param_2, undefined8 param_3)	false	false	false
1800daac0	41	`Esp::ClientObject::EnumerateEventQueueIds'::__l1::<lambda_1>::operator()	undefined __fastcall operator()(longlong * param_1, longlong param_2, uint param_3, uint * param_4)	false	false	false
1800daaf0	11	`Esp::ClientObject::EnumerateCollectionEntries'::__l1::<lambda_1>::<lambda_1>	undefined8 * __fastcall <lambda_1>(undefined8 * param_1, undefined8 param_2, undefined8 param_3)	false	false	false
1800dab10	39	`Esp::ClientObject::EnumerateCollectionEntries'::__l1::<lambda_1>::operator()	undefined __fastcall operator()(longlong * param_1, longlong param_2, uint param_3, uint * param_4)	false	false	false
1800dab40	11	`Esp::ClientObject::EnumerateCollectionIds'::__l1::<lambda_1>::<lambda_1>	undefined8 * __fastcall <lambda_1>(undefined8 * param_1, undefined8 param_2, undefined8 param_3)	false	false	false
1800dab60	41	`Esp::ClientObject::EnumerateCollectionIds'::__l1::<lambda_1>::operator()	undefined __fastcall operator()(longlong * param_1, longlong param_2, uint param_3, uint * param_4)	false	false	false
1800dab90	11	`Esp::ClientObject::EnumerateRules'::__l1::<lambda_1>::<lambda_1>	undefined8 * __fastcall <lambda_1>(undefined8 * param_1, undefined8 param_2, undefined8 param_3)	false	false	false
1800dabb0	42	`Esp::ClientObject::EnumerateRules'::__l1::<lambda_1>::operator()	undefined __fastcall operator()(longlong * param_1, longlong param_2, uint param_3, uint * param_4)	false	false	false
1800dabe0	11	`Esp::ClientObject::EnumerateAllEventObjectContextKeys'::__l1::<lambda_1>::<lambda_1>	undefined8 * __fastcall <lambda_1>(undefined8 * param_1, undefined8 param_2, undefined8 param_3)	false	false	false
1800dac00	42	`Esp::ClientObject::EnumerateAllEventObjectContextKeys'::__l1::<lambda_1>::operator()	undefined __fastcall operator()(longlong * param_1, longlong param_2, uint param_3, uint * param_4)	false	false	false
1800dac30	7	`Esp::ClientObject::EnumerateAllClientContextKeys'::__l1::<lambda_1>::<lambda_1>	undefined8 * __fastcall <lambda_1>(undefined8 * param_1, undefined8 param_2)	false	false	false
1800dac40	12	`Esp::ClientObject::EnumerateAllClientContextKeys'::__l1::<lambda_1>::operator()	undefined __fastcall operator()(longlong * param_1, longlong param_2, uint param_3, uint * param_4)	false	false	false
1800dac60	11	`Esp::ClientObject::QueryDescriptor'::__l1::<lambda_1>::<lambda_1>	undefined8 * __fastcall <lambda_1>(undefined8 * param_1, undefined8 param_2, undefined8 param_3)	false	false	false
1800dac80	38	`Esp::ClientObject::QueryDescriptor'::__l1::<lambda_1>::operator()	undefined __fastcall operator()(undefined8 * param_1, longlong param_2, uint param_3, uint * param_4)	false	false	false
1800dacb0	7	`Esp::ClientObject::Enumerate'::__l1::<lambda_2>::<lambda_2>	undefined8 * __fastcall <lambda_2>(undefined8 * param_1, undefined8 param_2)	false	false	false
1800dacc0	11	`Esp::ClientObject::Enumerate'::__l1::<lambda_2>::operator()	undefined __fastcall operator()(undefined8 * param_1, longlong param_2, uint param_3, uint * param_4)	false	false	false
1800dace0	7	`Esp::ClientObject::Enumerate'::__l1::<lambda_1>::<lambda_1>	undefined8 * __fastcall <lambda_1>(undefined8 * param_1, undefined8 param_2)	false	false	false
1800dacf0	11	`Esp::ClientObject::Enumerate'::__l1::<lambda_1>::operator()	undefined __fastcall operator()(undefined8 * param_1, longlong param_2, uint param_3, uint * param_4)	false	false	false
1800dad10	144	Esp::ClientObject::CloseCollection	long __thiscall CloseCollection(ClientObject * this, __uint64 param_1)	false	false	false
1800dadb0	540	Esp::ClientObject::Register	long __cdecl Register(ESP_CLIENT_DESCRIPTOR * param_1)	false	false	false
1800dafe0	400	Esp::ClientObject::Unregister	long __cdecl Unregister(_GUID * param_1)	false	false	false
1800db180	599	Esp::ClientObject::Connect	long __thiscall Connect(ClientObject * this, _GUID * param_1)	false	false	false
1800db3e0	147	Esp::ClientObject::Disconnect	long __thiscall Disconnect(ClientObject * this)	false	false	false
1800db480	502	Esp::ClientObject::Enumerate	long __cdecl Enumerate(EnumerateType param_1, uint * param_2, _GUID * * param_3)	false	false	false
1800db680	580	Esp::ClientObject::QueryDescriptor	long __cdecl QueryDescriptor(_GUID * param_1, ESP_CLIENT_DESCRIPTOR * * param_2)	false	false	false
1800db8d0	1167	Esp::ClientObject::UpdateRules	long __thiscall UpdateRules(ClientObject * this, ESP_RULE_UPDATE_FLAGS param_1, vector<struct_Esp::RuleUpdateEntry,class_utl::allocator<struct_Esp::RuleUpdateEntry>_> * param_2)	false	false	false
1800dbd70	372	Esp::ClientObject::EnumerateRules	long __thiscall EnumerateRules(ClientObject * this, optional<enum_ESP_RULE_LIFETIME> param_1, uint * param_2, _GUID * * param_3)	false	false	false
1800dbef0	128	Esp::ClientObject::RemoveAllRules	long __thiscall RemoveAllRules(ClientObject * this)	false	false	false
1800dbf80	142	Esp::ClientObject::RemoveRules	long __thiscall RemoveRules(ClientObject * this, ESP_RULE_LIFETIME param_1)	false	false	false
1800dc020	144	Esp::ClientObject::SetEventObjectContext	long __thiscall SetEventObjectContext(ClientObject * this, __uint64 param_1, ESP_CONTEXT_KEY_UPDATE * param_2)	false	false	false
1800dc0c0	144	Esp::ClientObject::SetClientContextKey	long __thiscall SetClientContextKey(ClientObject * this, ESP_CONTEXT_KEY_UPDATE * param_1)	false	false	false
1800dc160	276	Esp::ClientObject::EnumerateAllClientContextKeys	long __thiscall EnumerateAllClientContextKeys(ClientObject * this, uint * param_1, ESP_CONTEXT_KEY_INFO * * param_2)	false	false	false
1800dc280	272	Esp::ClientObject::EnumerateAllEventObjectContextKeys	long __thiscall EnumerateAllEventObjectContextKeys(ClientObject * this, __uint64 param_1, uint * param_2, ESP_CONTEXT_KEY_INFO * * param_3)	false	false	false
1800dc3a0	393	Esp::ClientObject::ReferenceEventObject	long __thiscall ReferenceEventObject(ClientObject * this, _ESP_REFERENCE_EVENT_OBJECT_KEY param_1, uint param_2, void * param_3, EventObjectReference * param_4)	false	false	false
1800dc530	144	Esp::ClientObject::CloseEventObjectReference	long __thiscall CloseEventObjectReference(ClientObject * this, __uint64 param_1)	false	false	false
1800dc5d0	425	Esp::ClientObject::QueryProperties	long __thiscall QueryProperties(ClientObject * this, _ESP_PROPERTY_QUERY_TYPE param_1, __uint64 param_2, uint param_3, uint * param_4, ESP_PROPERTY * * param_5)	false	false	false
1800dc780	186	Esp::ClientObject::GetEventCapabilities	long __thiscall GetEventCapabilities(ClientObject * this, ESP_EVENT_TYPE param_1, ESP_EVENT_CAPABILITIES * param_2)	false	false	false
1800dc840	273	Esp::ClientObject::CreateCollection	long __thiscall CreateCollection(ClientObject * this, ESP_COLLECTION_DESCRIPTOR * param_1, _ESP_COLLECTION_OUTPUT * param_2)	false	false	false
1800dc960	144	Esp::ClientObject::OpenCollection	long __thiscall OpenCollection(ClientObject * this, _GUID * param_1, _ESP_COLLECTION_OUTPUT * param_2)	false	false	false
1800dca00	175	Esp::ClientObject::UpdateCollection	long __thiscall UpdateCollection(ClientObject * this, _GUID * param_1, ESP_COLLECTION_TYPE param_2, ESP_COLLECTION_UPDATE_FLAGS param_3, uint param_4, ESP_COLLECTION_UPDATE_ENTRY * param_5)	false	false	false
1800dcac0	348	Esp::ClientObject::EnumerateCollectionIds	long __thiscall EnumerateCollectionIds(ClientObject * this, ESP_COLLECTION_LIFETIME param_1, uint * param_2, _GUID * * param_3)	false	false	false
1800dcc30	348	Esp::ClientObject::EnumerateCollectionEntries	long __thiscall EnumerateCollectionEntries(ClientObject * this, _GUID * param_1, uint * param_2, ESP_COLLECTION_ENTRY * * param_3)	false	false	false
1800dcda0	348	Esp::ClientObject::EnumerateEventQueueIds	long __thiscall EnumerateEventQueueIds(ClientObject * this, ESP_EVENT_QUEUE_LIFETIME param_1, uint * param_2, _GUID * * param_3)	false	false	false
1800dcf10	112	Esp::PortListener::ThreadPoolCallback	void __thiscall ThreadPoolCallback(PortListener * this, void * param_1, ulong param_2)	false	false	false
1800dcf90	109	Esp::PortListener::ThreadPoolCallback	void __cdecl ThreadPoolCallback(_TP_CALLBACK_INSTANCE * param_1, void * param_2, void * param_3, ulong param_4, __uint64 param_5, _TP_IO * param_6)	false	false	false
1800dd010	230	Esp::PortListener::ArmIo	long __thiscall ArmIo(PortListener * this, _FILTER_MESSAGE_HEADER * param_1, ulong param_2, _OVERLAPPED * param_3)	false	false	false
1800dd100	185	Esp::PortListener::LockPort	long __thiscall LockPort(PortListener * this, PortHandle * param_1)	false	false	false
1800dd1c0	647	Esp::PortListener::CompleteDisconnect	void __thiscall CompleteDisconnect(PortListener * this, void * param_1)	false	false	false
1800dd450	114	Esp::PortListener::BeginDisconnect	long __thiscall BeginDisconnect(PortListener * this)	false	false	false
1800dd4d0	762	Esp::PortListener::Connect	long __thiscall Connect(PortListener * this, unique_any_t<class_wil::details::unique_storage<struct_wil::details::handle_null_resource_policy<int_(__cdecl*)(void*___ptr64),&int___cdecl_CloseHandle(void*___ptr64)>_>_> param_1, uint param_2, _func_void_void_ptr_void_ptr * param_3, void * param_4)	false	false	false
1800dd7d0	109	Esp::EventQueue::StateChangeCallback	void __thiscall StateChangeCallback(EventQueue * this, void * param_1)	false	false	false
1800dd850	293	Esp::EventQueue::StateChangeCallback	void __cdecl StateChangeCallback(void * param_1, void * param_2)	false	false	false
1800dd980	295	Esp::EventQueue::GetPayloadBuffer	long __thiscall GetPayloadBuffer(EventQueue * this, __uint64 param_1, uint param_2, unique_ptr<unsigned_char_[0],struct_utl::default_delete<unsigned_char_[0]>_> * param_3)	false	false	false
1800ddab0	291	Esp::EventQueue::NotificationCallback	void __thiscall NotificationCallback(EventQueue * this, void * param_1)	false	false	false
1800ddbe0	644	Esp::EventQueue::NotificationCallback	void __cdecl NotificationCallback(void * param_1, void * param_2)	false	false	false
1800dde70	34	Esp::EventQueue::FreePayloadBufferIfNeeded	void __cdecl FreePayloadBufferIfNeeded(_ESP_CLIENT_NOTIFICATION_STATE * param_1)	false	false	false
1800ddea0	1249	Esp::EventQueue::Connect	long __thiscall Connect(EventQueue * this, EventQueueMode param_1, uint param_2, _func_void_ESP_EVENT_NOTIFICATION_ptr_void_ptr * param_3, void * param_4, optional<class_wil::unique_any_t<class_wil::details::unique_storage<struct_wil::details::handle_null_resource_policy<int_(__cdecl*)(void*___ptr64),&int___cdecl_CloseHandle(void*___ptr64)>_>_>_> * param_5)	false	false	false
1800de390	161	Esp::PortListener::Disconnect	long __thiscall Disconnect(PortListener * this, void * param_1)	false	false	false
1800de440	47	Esp::EventQueue::AllocateEventNotification	ESP_EVENT_NOTIFICATION * __cdecl AllocateEventNotification(void)	false	false	false
1800de480	58	Esp::EventQueue::FreeEventNotification	void __cdecl FreeEventNotification(ESP_EVENT_NOTIFICATION * param_1)	false	false	false
1800de4c0	196	Esp::EventQueue::ArmEventNotification	long __thiscall ArmEventNotification(EventQueue * this, ESP_EVENT_NOTIFICATION * param_1)	false	false	false
1800de590	284	Esp::EventQueue::Create	long __thiscall Create(EventQueue * this, shared_ptr<class_Esp::ClientObject> * param_1, ESP_EVENT_QUEUE_DESCRIPTOR * param_2)	false	false	false
1800de6c0	181	Esp::EventQueue::Open	long __thiscall Open(EventQueue * this, shared_ptr<class_Esp::ClientObject> * param_1, _GUID * param_2)	false	false	false
1800de780	328	Esp::EventQueue::Disconnect	long __thiscall Disconnect(EventQueue * this)	false	false	false
1800de8d0	144	Esp::EventQueue::ConnectWithCallback	long __thiscall ConnectWithCallback(EventQueue * this, uint param_1, _func_void_ESP_EVENT_NOTIFICATION_ptr_void_ptr * param_2, void * param_3)	false	false	false
1800de970	227	Esp::EventQueue::ConnectWithIocp	long __thiscall ConnectWithIocp(EventQueue * this, uint param_1, unique_any_t<class_wil::details::unique_storage<struct_wil::details::handle_null_resource_policy<int_(__cdecl*)(void*___ptr64),&int___cdecl_CloseHandle(void*___ptr64)>_>_> * param_2)	false	false	false
1800dea60	227	Esp::EventQueue::CompleteEventNotification	long __thiscall CompleteEventNotification(EventQueue * this, ESP_EVENT_NOTIFICATION * param_1)	false	false	false
1800deb50	62	Esp::EventQueue::Clear	long __thiscall Clear(EventQueue * this)	false	false	false
1800deba0	1072	Esp::EventQueue::SetStateChangeCallback	long __thiscall SetStateChangeCallback(EventQueue * this, _func_void_ESP_EVENT_QUEUE_STATE_void_ptr_void_ptr * param_1, void * param_2, uchar param_3, uchar param_4)	false	false	false
1800defe0	211	Esp::EventQueue::RemoveStateChangeCallback	long __thiscall RemoveStateChangeCallback(EventQueue * this)	false	false	false
1800df0c0	20	Esp::CloseThreadpool	void __cdecl CloseThreadpool(_TP_POOL * param_1)	false	false	false
1800df0e0	653	Esp::EventQueue::~EventQueue	void __thiscall ~EventQueue(EventQueue * this)	false	false	false
1800df374	90	Esp::Filter::Initialize	long __thiscall Initialize(Filter * this, FilterType param_1, uint param_2, ESP_COMPARISON_TYPE param_3, void * param_4)	false	false	false
1800df3d4	99	Esp::Filter::Initialize	long __thiscall Initialize(Filter * this, _ESP_LOGICAL_OPERATOR param_1, shared_ptr<class_Esp::Filter> * param_2, shared_ptr<class_Esp::Filter> * param_3)	false	false	false
1800df440	99	Esp::Filter::InitializeNotFilter	long __thiscall InitializeNotFilter(Filter * this, shared_ptr<class_Esp::Filter> * param_1)	false	false	false
1800df4ac	184	Esp::Rule::Initialize	long __thiscall Initialize(Rule * this, ESP_RULE_DESCRIPTOR * param_1)	false	false	false
1800df56c	67	Esp::RustRule::Initialize	long __thiscall Initialize(RustRule * this, ESP_RULE_DESCRIPTOR * param_1)	false	false	false
1800df5b8	58	Esp::RustRule::GetDescriptor	long __thiscall GetDescriptor(RustRule * this, _ESP_RULE_DESCRIPTOR_INTERNAL * * param_1)	false	false	false
1800df5f8	378	Esp::RustFilter::Initialize	long __thiscall Initialize(RustFilter * this, FilterType param_1, uint param_2, ESP_COMPARISON_TYPE param_3, void * param_4)	false	false	false
1800df778	75	Esp::RustFilter::Initialize	long __thiscall Initialize(RustFilter * this, _ESP_LOGICAL_OPERATOR param_1, shared_ptr<class_Esp::Filter> * param_2, shared_ptr<class_Esp::Filter> * param_3)	false	false	false
1800df7cc	67	Esp::RustFilter::InitializeNotFilter	long __thiscall InitializeNotFilter(RustFilter * this, shared_ptr<class_Esp::Filter> * param_1)	false	false	false
1800df818	97	__GSHandlerCheck_EH4	undefined __fastcall __GSHandlerCheck_EH4(EHExceptionRecord * param_1, __uint64 param_2, _CONTEXT * param_3, _xDISPATCHER_CONTEXT * param_4)	false	false	false
1800df8a0	6	_guard_dispatch_icall	undefined __fastcall _guard_dispatch_icall(void)	true	false	false
1800df8c0	2	_guard_dispatch_icall	undefined __fastcall _guard_dispatch_icall(void)	false	false	false
1800df8e0	6	_guard_xfg_dispatch_icall_nop	undefined __fastcall _guard_xfg_dispatch_icall_nop(void)	true	false	false
1800df900	16	memcpy_repmovs	undefined __fastcall memcpy_repmovs(undefined1 * param_1, undefined1 * param_2, longlong param_3)	false	false	false
1800df920	991	memmove	void * __cdecl memmove(void * _Dst, void * _Src, size_t _Size)	false	false	false
1800dffb0	198	memcmp	int __cdecl memcmp(void * _Buf1, void * _Buf2, size_t _Size)	false	false	false
1800e0080	10	FUN_1800e0080	undefined __fastcall FUN_1800e0080(void)	false	false	false
1800e0090	22	FUN_1800e0090	undefined __fastcall FUN_1800e0090(void)	false	false	false
1800e00ad	29	FUN_1800e00ad	noreturn undefined __fastcall FUN_1800e00ad(longlong param_1)	false	false	true
1800e00d0	16	FUN_1800e00d0	undefined __fastcall FUN_1800e00d0(void)	false	false	false
1800e00f0	22	FUN_1800e00f0	undefined __fastcall FUN_1800e00f0(void)	false	false	false
1800e010d	22	FUN_1800e010d	undefined __fastcall FUN_1800e010d(void)	false	false	false
1800e012a	18	FUN_1800e012a	noreturn undefined __fastcall FUN_1800e012a(void)	false	false	true
1800e0143	25	FUN_1800e0143	undefined __fastcall FUN_1800e0143(void)	false	false	false
1800e0170	22	FUN_1800e0170	undefined __fastcall FUN_1800e0170(void)	false	false	false
1800e0190	23	FUN_1800e0190	undefined __fastcall FUN_1800e0190(void)	false	false	false
1800e01b0	18	FUN_1800e01b0	noreturn undefined __fastcall FUN_1800e01b0(void)	false	false	true
1800e01d0	16	FUN_1800e01d0	noreturn undefined __fastcall FUN_1800e01d0(void)	false	false	true
1800e01f0	22	FUN_1800e01f0	undefined __fastcall FUN_1800e01f0(void)	false	false	false
1800e0210	134	alloc::raw_vec::RawVec<wesp_api_types::message::rule::RuleFilter,alloc::alloc::Global>::grow_one<wesp_api_types::message::rule::RuleFilter,alloc::alloc::Global>	undefined __fastcall grow_one<wesp_api_types::message::rule::RuleFilter,alloc::alloc::Global>(ulonglong * param_1)	false	false	false
1800e02a0	258	alloc::raw_vec::RawVecInner<alloc::alloc::Global>::finish_grow<alloc::alloc::Global>	undefined __fastcall finish_grow<alloc::alloc::Global>(undefined8 * param_1, longlong param_2, void * param_3, ulonglong param_4, LPVOID param_5, ulonglong param_6)	false	false	false
1800e03b0	134	alloc::raw_vec::RawVec<enum2$<wesp_api_types::message::property::PipePropertyKind>,alloc::alloc::Global>::grow_one<enum2$<wesp_api_types::message::property::PipePropertyKind>,alloc::alloc::Global>	undefined __fastcall grow_one<enum2$<wesp_api_types::message::property::PipePropertyKind>,alloc::alloc::Global>(ulonglong * param_1)	false	false	false
1800e0440	134	alloc::raw_vec::RawVec<espclient_rs::stable_ptr::erased_stable::ErasedStableData,alloc::alloc::Global>::grow_one<espclient_rs::stable_ptr::erased_stable::ErasedStableData,alloc::alloc::Global>	undefined __fastcall grow_one<espclient_rs::stable_ptr::erased_stable::ErasedStableData,alloc::alloc::Global>(ulonglong * param_1)	false	false	false
1800e04d0	134	alloc::raw_vec::RawVec<alloc::vec::Vec<u8,alloc::alloc::Global>,alloc::alloc::Global>::grow_one<alloc::vec::Vec<u8,alloc::alloc::Global>,alloc::alloc::Global>	undefined __fastcall grow_one<alloc::vec::Vec<u8,alloc::alloc::Global>,alloc::alloc::Global>(ulonglong * param_1)	false	false	false
1800e0560	134	alloc::raw_vec::RawVec<enum2$<wesp_api_types::message::notification::FieldObjectNotificationEntry>,alloc::alloc::Global>::grow_one<enum2$<wesp_api_types::message::notification::FieldObjectNotificationEntry>,alloc::alloc::Global>	undefined __fastcall grow_one<enum2$<wesp_api_types::message::notification::FieldObjectNotificationEntry>,alloc::alloc::Global>(ulonglong * param_1)	false	false	false
1800e05f0	134	alloc::raw_vec::RawVec<enum2$<wesp_api_types::message::predicate::FilterPredicate>,alloc::alloc::Global>::grow_one<enum2$<wesp_api_types::message::predicate::FilterPredicate>,alloc::alloc::Global>	undefined __fastcall grow_one<enum2$<wesp_api_types::message::predicate::FilterPredicate>,alloc::alloc::Global>(ulonglong * param_1)	false	false	false
1800e0680	134	alloc::raw_vec::RawVec<espclient_rs::rule::RuleMessageParts,alloc::alloc::Global>::grow_one<espclient_rs::rule::RuleMessageParts,alloc::alloc::Global>	undefined __fastcall grow_one<espclient_rs::rule::RuleMessageParts,alloc::alloc::Global>(ulonglong * param_1)	false	false	false
1800e0710	134	alloc::raw_vec::RawVec<bdd::Bdd<espclient_rs::bdd::ArcPredicate>,alloc::alloc::Global>::grow_one<bdd::Bdd<espclient_rs::bdd::ArcPredicate>,alloc::alloc::Global>	undefined __fastcall grow_one<bdd::Bdd<espclient_rs::bdd::ArcPredicate>,alloc::alloc::Global>(ulonglong * param_1)	false	false	false
1800e07a0	134	alloc::raw_vec::RawVec<wesp_api_types::message::modify::AccessMaskModification,alloc::alloc::Global>::grow_one<wesp_api_types::message::modify::AccessMaskModification,alloc::alloc::Global>	undefined __fastcall grow_one<wesp_api_types::message::modify::AccessMaskModification,alloc::alloc::Global>(ulonglong * param_1)	false	false	false
1800e0830	134	alloc::raw_vec::RawVec<enum2$<wesp_api_types::message::rule::RuleUpdate>,alloc::alloc::Global>::grow_one<enum2$<wesp_api_types::message::rule::RuleUpdate>,alloc::alloc::Global>	undefined __fastcall grow_one<enum2$<wesp_api_types::message::rule::RuleUpdate>,alloc::alloc::Global>(ulonglong * param_1)	false	false	false
1800e08c0	134	alloc::raw_vec::RawVec<espclient_rs::bdd::RuleBddBucket,alloc::alloc::Global>::grow_one<espclient_rs::bdd::RuleBddBucket,alloc::alloc::Global>	undefined __fastcall grow_one<espclient_rs::bdd::RuleBddBucket,alloc::alloc::Global>(ulonglong * param_1)	false	false	false
1800e0950	134	alloc::raw_vec::RawVec<espclient_rs::Arc<espclient_rs::rule::Rule>,alloc::alloc::Global>::grow_one<espclient_rs::Arc<espclient_rs::rule::Rule>,alloc::alloc::Global>	undefined __fastcall grow_one<espclient_rs::Arc<espclient_rs::rule::Rule>,alloc::alloc::Global>(ulonglong * param_1)	false	false	false
1800e09e0	134	alloc::raw_vec::RawVec<wesp_api_types::message::rule::RuleContextKeyUpdateEntry,alloc::alloc::Global>::grow_one<wesp_api_types::message::rule::RuleContextKeyUpdateEntry,alloc::alloc::Global>	undefined __fastcall grow_one<wesp_api_types::message::rule::RuleContextKeyUpdateEntry,alloc::alloc::Global>(ulonglong * param_1)	false	false	false
1800e0a70	134	alloc::raw_vec::RawVec<wesp_api_types::external::_ESP_CONTEXT_KEY_UPDATE,alloc::alloc::Global>::grow_one<wesp_api_types::external::_ESP_CONTEXT_KEY_UPDATE,alloc::alloc::Global>	undefined __fastcall grow_one<wesp_api_types::external::_ESP_CONTEXT_KEY_UPDATE,alloc::alloc::Global>(ulonglong * param_1)	false	false	false
1800e0b00	134	alloc::raw_vec::RawVec<espclient_rs::context::ContextKeyUpdate,alloc::alloc::Global>::grow_one<espclient_rs::context::ContextKeyUpdate,alloc::alloc::Global>	undefined __fastcall grow_one<espclient_rs::context::ContextKeyUpdate,alloc::alloc::Global>(ulonglong * param_1)	false	false	false
1800e0b90	134	alloc::raw_vec::RawVec<espclient_rs::bdd::SerializedRuleBdd,alloc::alloc::Global>::grow_one<espclient_rs::bdd::SerializedRuleBdd,alloc::alloc::Global>	undefined __fastcall grow_one<espclient_rs::bdd::SerializedRuleBdd,alloc::alloc::Global>(ulonglong * param_1)	false	false	false
1800e0c20	134	alloc::raw_vec::RawVec<wesp_api_types::message::notification::EcpDescriptor,alloc::alloc::Global>::grow_one<wesp_api_types::message::notification::EcpDescriptor,alloc::alloc::Global>	undefined __fastcall grow_one<wesp_api_types::message::notification::EcpDescriptor,alloc::alloc::Global>(ulonglong * param_1)	false	false	false
1800e0cb0	134	alloc::raw_vec::RawVec<wesp_api_types::typedefs::_GUID,alloc::alloc::Global>::grow_one<wesp_api_types::typedefs::_GUID,alloc::alloc::Global>	undefined __fastcall grow_one<wesp_api_types::typedefs::_GUID,alloc::alloc::Global>(ulonglong * param_1)	false	false	false
1800e0d40	134	alloc::raw_vec::RawVec<wesp_api_types::message::notification::FieldParameterEntry,alloc::alloc::Global>::grow_one<wesp_api_types::message::notification::FieldParameterEntry,alloc::alloc::Global>	undefined __fastcall grow_one<wesp_api_types::message::notification::FieldParameterEntry,alloc::alloc::Global>(ulonglong * param_1)	false	false	false
1800e0dd0	167	alloc::raw_vec::impl$4::reserve::do_reserve_and_handle<alloc::alloc::Global>	undefined __fastcall do_reserve_and_handle<alloc::alloc::Global>(ulonglong * param_1, ulonglong param_2, ulonglong param_3, LPVOID param_4, ulonglong param_5)	false	false	false
1800e0e80	1681	hashbrown::raw::RawTable<tuple$<espclient_rs::rule::binding_keys::BindingKey,enum2$<espclient_rs::rule::binding_keys::BoundValue>_>,hashbrown::raw::alloc::inner::Global>::reserve_rehash<tuple$<espclient_rs::rule::binding_keys::BindingKey,enum2$<espclient_rs::rule::binding_keys::BoundValue>_>,hashbrown::raw::alloc::inner::Global,hashbrown::map::make_hasher::closure_env$0<espclient_rs::rule::binding_keys::BindingKey,enum2$<espclient_rs::rule::binding_keys::BoundValue>,fnv_hash::FnvHasher>_>	undefined8 __fastcall reserve_rehash<tuple$<espclient_rs::rule::binding_keys::BindingKey,enum2$<espclient_rs::rule::binding_keys::BoundValue>_>,hashbrown::raw::alloc::inner::Global,hashbrown::map::make_hasher::closure_env$0<espclient_rs::rule::binding_keys::BindingKey,enum2$<espclient_rs::rule::binding_keys::BoundValue>,fnv_hash::FnvHasher>_>(longlong * param_1, ulonglong param_2, undefined8 param_3, char param_4)	false	false	false
1800e1530	1469	hashbrown::raw::RawTable<tuple$<bdd::apply::UniqueTableKey<espclient_rs::bdd::ArcPredicate>,bdd::NodeIndex>,hashbrown::raw::alloc::inner::Global>::reserve_rehash<tuple$<bdd::apply::UniqueTableKey<espclient_rs::bdd::ArcPredicate>,bdd::NodeIndex>,hashbrown::raw::alloc::inner::Global,hashbrown::map::make_hasher::closure_env$0<bdd::apply::UniqueTableKey<espclient_rs::bdd::ArcPredicate>,bdd::NodeIndex,fnv_hash::FnvHasher>_>	undefined8 __fastcall reserve_rehash<tuple$<bdd::apply::UniqueTableKey<espclient_rs::bdd::ArcPredicate>,bdd::NodeIndex>,hashbrown::raw::alloc::inner::Global,hashbrown::map::make_hasher::closure_env$0<bdd::apply::UniqueTableKey<espclient_rs::bdd::ArcPredicate>,bdd::NodeIndex,fnv_hash::FnvHasher>_>(longlong * param_1, undefined8 param_2, char param_3)	false	false	false
1800e1b10	137	enum2$<espclient_rs::collection::StableCollectionUpdates>::new_binary	undefined __fastcall new_binary(undefined8 * param_1, ulonglong param_2)	false	false	false
1800e1ba0	140	enum2$<espclient_rs::collection::StableCollectionUpdates>::new_string	undefined __fastcall new_string(undefined8 * param_1, ulonglong param_2)	false	false	false
1800e1c40	140	enum2$<espclient_rs::collection::StableCollectionUpdates>::new_integer	undefined __fastcall new_integer(undefined8 * param_1, ulonglong param_2)	false	false	false
1800e1ce0	162	core::cell::once::OnceCell<espclient_rs::filter::FilterFFI>::try_init<espclient_rs::filter::FilterFFI,core::cell::once::impl$0::get_or_init::closure_env$0<espclient_rs::filter::FilterFFI,espclient_rs::filter::impl$7::try_as_ffi::closure_env$0>,never$>	ulonglong * __fastcall try_init<espclient_rs::filter::FilterFFI,core::cell::once::impl$0::get_or_init::closure_env$0<espclient_rs::filter::FilterFFI,espclient_rs::filter::impl$7::try_as_ffi::closure_env$0>,never$>(ulonglong * param_1, ulonglong * param_2)	false	false	false
1800e1d90	84	core::cell::once::OnceCell<espclient_rs::rule::context::ContextKeyConfigFFI>::try_init<espclient_rs::rule::context::ContextKeyConfigFFI,core::cell::once::impl$0::get_or_init::closure_env$0<espclient_rs::rule::context::ContextKeyConfigFFI,espclient_rs::rule::context::impl$0::try_as_ffi::closure_env$1>,never$>	ulonglong * __fastcall try_init<espclient_rs::rule::context::ContextKeyConfigFFI,core::cell::once::impl$0::get_or_init::closure_env$0<espclient_rs::rule::context::ContextKeyConfigFFI,espclient_rs::rule::context::impl$0::try_as_ffi::closure_env$1>,never$>(ulonglong * param_1, ulonglong * param_2)	false	false	false
1800e1df0	105	core::cell::once::OnceCell<tuple$<wesp_api_types::internal::_ESP_RULE_DESCRIPTOR_INTERNAL,alloc::boxed::Box<wesp_api_types::external::_ESP_RULE_CONFIG,alloc::alloc::Global>_>_>::try_init<tuple$<wesp_api_types::internal::_ESP_RULE_DESCRIPTOR_INTERNAL,alloc::boxed::Box<wesp_api_types::external::_ESP_RULE_CONFIG,alloc::alloc::Global>_>,core::cell::once::impl$0::get_or_init::closure_env$0<tuple$<wesp_api_types::internal::_ESP_RULE_DESCRIPTOR_INTERNAL,alloc::boxed::Box<wesp_api_types::external::_ESP_RULE_CONFIG,alloc::alloc::Global>_>,espclient_rs::rule::impl$14::try_as_ffi::closure_env$2>,never$>	undefined8 * __fastcall try_init<tuple$<wesp_api_types::internal::_ESP_RULE_DESCRIPTOR_INTERNAL,alloc::boxed::Box<wesp_api_types::external::_ESP_RULE_CONFIG,alloc::alloc::Global>_>,core::cell::once::impl$0::get_or_init::closure_env$0<tuple$<wesp_api_types::internal::_ESP_RULE_DESCRIPTOR_INTERNAL,alloc::boxed::Box<wesp_api_types::external::_ESP_RULE_CONFIG,alloc::alloc::Global>_>,espclient_rs::rule::impl$14::try_as_ffi::closure_env$2>,never$>(undefined8 * param_1, undefined8 * param_2, LPVOID param_3)	false	false	false
1800e1e60	47	core::cell::once::OnceCell<enum2$<espclient_rs::rule::event::EventTypeConfigFFI>_>::try_init<enum2$<espclient_rs::rule::event::EventTypeConfigFFI>,core::cell::once::impl$0::get_or_init::closure_env$0<enum2$<espclient_rs::rule::event::EventTypeConfigFFI>,espclient_rs::rule::event::impl$1::ensure_event_type_ffi::closure_env$0>,never$>	int * __fastcall try_init<enum2$<espclient_rs::rule::event::EventTypeConfigFFI>,core::cell::once::impl$0::get_or_init::closure_env$0<enum2$<espclient_rs::rule::event::EventTypeConfigFFI>,espclient_rs::rule::event::impl$1::ensure_event_type_ffi::closure_env$0>,never$>(int * param_1, undefined8 param_2, LPVOID param_3)	false	false	false
1800e1ea0	173	string_match::trie::Trie::new	undefined __fastcall new(undefined8 * param_1)	false	false	false
1800e1f60	134	alloc::raw_vec::RawVec<enum2$<string_match::StringPatternToken>,alloc::alloc::Global>::grow_one<enum2$<string_match::StringPatternToken>,alloc::alloc::Global>	undefined __fastcall grow_one<enum2$<string_match::StringPatternToken>,alloc::alloc::Global>(ulonglong * param_1)	false	false	false
1800e1ff0	7014	string_match::StringPatternBuilder::compile	undefined __fastcall compile(ulonglong * param_1, longlong param_2, longlong param_3)	false	false	false
1800e3c00	23	__scrt_is_nonwritable_in_current_image$filt$0	bool __fastcall __scrt_is_nonwritable_in_current_image$filt$0(undefined8 * param_1)	false	false	false
1800e3c1e	26	`operator_new'::__l1::catch$0	undefined * __fastcall catch$0(void)	false	false	false
1800e3c3f	22	`dllmain_crt_process_attach'::__l1::fin$0	undefined __fastcall fin$0(undefined8 param_1, longlong param_2)	false	false	false
1800e3c5c	24	`dllmain_crt_process_detach'::__l1::fin$0	undefined __fastcall fin$0(undefined8 param_1, longlong param_2)	false	false	false
1800e3c75	19	`dllmain_crt_process_detach'::__l1::fin$1	undefined __fastcall fin$1(void)	false	false	false
1800e3c8f	56	`dllmain_dispatch'::__l1::filt$0	undefined __fastcall filt$0(undefined8 * param_1, longlong param_2)	false	false	false
1800e3cce	166	`_CallSETranslator<__FrameHandler3>'::__l1::filt$0	undefined4 __fastcall filt$0(undefined8 param_1, longlong param_2)	false	false	false
1800e3d7b	180	`_CallSETranslator<__FrameHandler4>'::__l1::filt$0	undefined4 __fastcall filt$0(undefined8 param_1, longlong param_2)	false	false	false
1800e3e36	144	__DestructExceptionObject$filt$0	undefined4 __fastcall __DestructExceptionObject$filt$0(undefined8 param_1, longlong param_2)	false	false	false
1800e3ece	27	`__InternalCxxFrameHandlerWrapper<__FrameHandler4>'::__l1::fin$0	undefined __fastcall fin$0(void)	false	false	false
1800e3ef0	32	`__FrameHandler3::CxxCallCatchBlock'::__l1::filt$0	undefined __fastcall filt$0(undefined8 * param_1, longlong param_2)	false	false	false
1800e3f11	130	`__FrameHandler3::CxxCallCatchBlock'::__l1::fin$1	undefined __fastcall fin$1(undefined8 param_1, longlong param_2)	false	false	false
1800e3f9a	36	`__FrameHandler4::CxxCallCatchBlock'::__l1::filt$0	undefined __fastcall filt$0(undefined8 * param_1, longlong param_2)	false	false	false
1800e3fbf	141	`__FrameHandler4::CxxCallCatchBlock'::__l1::fin$1	undefined __fastcall fin$1(undefined8 param_1, longlong param_2)	false	false	false
1800e4053	21	`__FrameHandler3::FrameUnwindToState'::__l1::filt$0	undefined __fastcall filt$0(undefined8 * param_1)	false	false	false
1800e4069	34	`__FrameHandler3::FrameUnwindToState'::__l1::fin$1	undefined __fastcall fin$1(void)	false	false	false
1800e4092	21	`__FrameHandler4::FrameUnwindToState'::__l1::filt$0	undefined __fastcall filt$0(undefined8 * param_1)	false	false	false
1800e40a8	34	`__FrameHandler4::FrameUnwindToState'::__l1::fin$1	undefined __fastcall fin$1(void)	false	false	false
1800e40e0	31	_IsNonwritableInCurrentImage$filt$0	bool __fastcall _IsNonwritableInCurrentImage$filt$0(undefined8 * param_1)	false	false	false
1800e4106	26	`operator_new[]'::__l1::catch$0	undefined * __fastcall catch$0(void)	false	false	false
1800e4130	12	wil::details::`dynamic_atexit_destructor_for_'g_processLocalData''	undefined __fastcall `dynamic_atexit_destructor_for_'g_processLocalData''(void)	false	false	false
1800e4150	94	wil::details::`dynamic_atexit_destructor_for_'g_threadFailureCallbacks''	undefined __fastcall `dynamic_atexit_destructor_for_'g_threadFailureCallbacks''(void)	false	false	false
