address	type	length	references	value
1800e5e00	string	27	4	client\src\port_message.rs
1800e5e58	string	67	1	driver should return event capabilities output of the correct size
1800e5ed8	string	72	0	driver should return reference event object output of the correct size
1800e5f50	string	27	1	library\alloc\src\alloc.rs
1800e5f88	string	33	1	library\alloc\src\raw_vec\mod.rs
1800e5fc8	string	48	1	library\core\src\slice\sort\shared\smallsort.rs
1800e6010	string	32	9	client\src\filter\comparison.rs
1800e6030	string	24	0	ConvertStringSidToSidW
1800e61c8	string	29	2	CopySidclient\src\exports.rs
1800e6238	string	25	3	client\src\collection.rs
1800e62a0	string	25	1	client\src\filter\mod.rs
1800e62f0	string	28	5	client\src\filter\to_bdd.rs
1800e6960	string	24	6	crates\bdd\src\apply.rs
1800e6a44	string	30	1	library\core\src\cell\once.rs
1800e6a80	string	26	1	client\src\context\mod.rs
1800e6ae8	string	22	16	crates\bdd\src\lib.rs
1800e6b30	string	18	1	client\src\lib.rs
1800e6b60	string	97	1	C:\__w\1\.cargo\registry\src\pkgs.dev.azure.com-04623ce4b0629d08\hashbrown-0.16.1\src\raw\mod.rs
1800e6be0	string	31	15	crates\string_match\src\nfa.rs
1800e6d68	string	29	4	crates\sorted_map\src\lib.rs
1800e6de8	string	32	2	crates\string_match\src\trie.rs
1800e9d78	TerminatedCString	15	2	bad allocation
1800e9da0	TerminatedCString	21	2	bad array new length
1800e9f38	TerminatedCString	14	2	bad exception
1800e9f70	unicode	8	2	_p0
1800e9f78	unicode	4	2	h
1800e9f80	TerminatedCString	50	1	C:\__w\1\s\client\wil\wil\opensource\wil\result.h
1800e9fb8	TerminatedCString	12	1	WilError_03
1800e9fc8	TerminatedCString	18	2	EspRegisterClient
1800e9fe0	TerminatedCString	20	2	EspUnregisterClient
1800e9ff8	TerminatedCString	17	2	EspConnectClient
1800ea010	TerminatedCString	20	2	EspDisconnectClient
1800ea028	TerminatedCString	30	2	EspEnumerateRegisteredClients
1800ea048	TerminatedCString	29	2	EspEnumerateConnectedClients
1800ea068	TerminatedCString	25	2	EspQueryClientDescriptor
1800ea088	TerminatedCString	29	2	EspAllocateEventNotification
1800ea0a8	TerminatedCString	25	2	EspFreeEventNotification
1800ea0c8	TerminatedCString	24	2	EspArmEventNotification
1800ea0e0	TerminatedCString	29	2	EspCompleteEventNotification
1800ea100	TerminatedCString	20	2	EspCreateEventQueue
1800ea118	TerminatedCString	19	2	EspCloseEventQueue
1800ea130	TerminatedCString	18	2	EspOpenEventQueue
1800ea148	TerminatedCString	24	2	EspDisconnectEventQueue
1800ea160	TerminatedCString	19	2	EspClearEventQueue
1800ea178	TerminatedCString	36	2	EspSetEventQueueStateChangeCallback
1800ea1a0	TerminatedCString	39	2	EspRemoveEventQueueStateChangeCallback
1800ea1c8	TerminatedCString	19	2	EspGetEventQueueId
1800ea1e0	TerminatedCString	16	2	EspCreateFilter
1800ea1f0	TerminatedCString	22	2	EspCreateThreadFilter
1800ea208	TerminatedCString	23	2	EspCreateProcessFilter
1800ea220	TerminatedCString	26	2	EspCreateFileStreamFilter
1800ea240	TerminatedCString	20	2	EspCreateFileFilter
1800ea258	TerminatedCString	26	2	EspCreateFileObjectFilter
1800ea278	TerminatedCString	22	2	EspCreateVolumeFilter
1800ea290	TerminatedCString	20	2	EspCreateDiskFilter
1800ea2a8	TerminatedCString	27	2	EspCreateRegistryKeyFilter
1800ea2c8	TerminatedCString	33	2	EspCreateRegistryKeyObjectFilter
1800ea2f0	TerminatedCString	23	2	EspCreateDesktopFilter
1800ea308	TerminatedCString	30	2	EspCreateKtmTransactionFilter
1800ea328	TerminatedCString	20	2	EspCreatePipeFilter
1800ea340	TerminatedCString	24	2	EspCreateMailslotFilter
1800ea358	TerminatedCString	21	2	EspCreateTokenFilter
1800ea370	TerminatedCString	22	2	EspCreateClientFilter
1800ea388	TerminatedCString	21	2	EspCreateEventFilter
1800ea3a0	TerminatedCString	19	2	EspCreateANDFilter
1800ea3b8	TerminatedCString	18	2	EspCreateORFilter
1800ea3d0	TerminatedCString	19	2	EspCreateXORFilter
1800ea3e8	TerminatedCString	19	2	EspCreateNOTFilter
1800ea400	TerminatedCString	15	2	EspCloseFilter
1800ea410	TerminatedCString	14	2	EspCreateRule
1800ea420	TerminatedCString	13	2	EspCloseRule
1800ea430	TerminatedCString	13	2	EspGetRuleId
1800ea440	TerminatedCString	15	2	EspUpdateRules
1800ea450	TerminatedCString	27	2	EspRemoveAllRulesForClient
1800ea470	TerminatedCString	24	2	EspRemoveRulesForClient
1800ea488	TerminatedCString	30	2	EspEnumerateAllRulesForClient
1800ea4a8	TerminatedCString	20	2	EspEnumerateRuleIds
1800ea4c0	TerminatedCString	26	2	EspQueryProcessProperties
1800ea4e0	TerminatedCString	25	2	EspQueryThreadProperties
1800ea500	TerminatedCString	30	2	EspQueryRegistryKeyProperties
1800ea520	TerminatedCString	36	2	EspQueryRegistryKeyObjectProperties
1800ea548	TerminatedCString	29	2	EspQueryFileObjectProperties
1800ea568	TerminatedCString	29	2	EspQueryFileStreamProperties
1800ea588	TerminatedCString	23	2	EspQueryFileProperties
1800ea5a0	TerminatedCString	25	2	EspQueryVolumeProperties
1800ea5c0	TerminatedCString	33	2	EspQueryKtmTransactionProperties
1800ea5e8	TerminatedCString	23	2	EspQueryDiskProperties
1800ea600	TerminatedCString	23	2	EspQueryPipeProperties
1800ea618	TerminatedCString	27	2	EspQueryMailslotProperties
1800ea638	TerminatedCString	24	2	EspQueryTokenProperties
1800ea650	TerminatedCString	25	2	EspQueryClientProperties
1800ea670	TerminatedCString	26	2	EspQueryDesktopProperties
1800ea690	TerminatedCString	25	32	property_supported_query
1800ea6b0	TerminatedCString	20	2	EspGetEventObjectId
1800ea6c8	TerminatedCString	22	2	EspGetEventObjectType
1800ea6e0	TerminatedCString	30	2	EspCreateEventObjectReference
1800ea700	TerminatedCString	34	2	EspCreateEventObjectReferenceById
1800ea728	TerminatedCString	33	2	EspDuplicateEventObjectReference
1800ea750	TerminatedCString	25	2	EspCreateThreadReference
1800ea770	TerminatedCString	26	2	EspCreateProcessReference
1800ea790	TerminatedCString	31	2	EspCreateProcessTokenReference
1800ea7b0	TerminatedCString	30	2	EspCreateThreadTokenReference
1800ea7d0	TerminatedCString	29	2	EspCreateFileReferenceByPath
1800ea7f0	TerminatedCString	27	2	EspCreateFileReferenceById
1800ea810	TerminatedCString	35	2	EspCreateFileStreamReferenceByPath
1800ea838	TerminatedCString	33	2	EspCreateFileStreamReferenceById
1800ea860	TerminatedCString	25	2	EspCreateVolumeReference
1800ea880	TerminatedCString	23	2	EspCreateDiskReference
1800ea898	TerminatedCString	30	2	EspCreateRegistryKeyReference
1800ea8b8	TerminatedCString	26	2	EspCreateDesktopReference
1800ea8d8	TerminatedCString	23	2	EspCreatePipeReference
1800ea8f0	TerminatedCString	27	2	EspCreateMailslotReference
1800ea910	TerminatedCString	31	2	EspGetEventObjectFromReference
1800ea930	TerminatedCString	29	2	EspCloseEventObjectReference
1800ea950	TerminatedCString	28	2	EspSetEventObjectContextKey
1800ea970	TerminatedCString	23	2	EspSetClientContextKey
1800ea988	TerminatedCString	33	2	EspEnumerateAllClientContextKeys
1800ea9b0	TerminatedCString	38	2	EspEnumerateAllEventObjectContextKeys
1800ea9d8	TerminatedCString	24	2	EspGetEventCapabilities
1800ea9f0	TerminatedCString	14	2	EspFreeMemory
1800eaa00	TerminatedCString	20	2	EspCreateCollection
1800eaa18	TerminatedCString	19	2	EspGetCollectionId
1800eaa30	TerminatedCString	21	2	EspGetCollectionType
1800eaa48	TerminatedCString	18	2	EspOpenCollection
1800eaa60	TerminatedCString	26	2	EspEnumerateCollectionIds
1800eaa80	TerminatedCString	19	2	EspCloseCollection
1800eaa98	TerminatedCString	20	2	EspUpdateCollection
1800eaab0	TerminatedCString	30	2	EspEnumerateCollectionEntries
1800eaad0	TerminatedCString	26	2	EspEnumerateEventQueueIds
1800eaaf0	TerminatedCString	24	2	EspStringMatchesPattern
1800eab08	TerminatedCString	30	163	C:\__w\1\s\client\dll\api.cpp
1800eab28	TerminatedCString	7	1	Thread
1800eab30	TerminatedCString	8	1	Process
1800eab38	TerminatedCString	11	1	FileStream
1800eab44	TerminatedCString	5	1	File
1800eab50	TerminatedCString	11	1	FileObject
1800eab5c	TerminatedCString	7	1	Volume
1800eab64	TerminatedCString	5	1	Disk
1800eab70	TerminatedCString	12	1	RegistryKey
1800eab80	TerminatedCString	18	1	RegistryKeyObject
1800eab98	TerminatedCString	8	1	Desktop
1800eaba0	TerminatedCString	15	1	KtmTransaction
1800eabb0	TerminatedCString	5	1	Pipe
1800eabb8	TerminatedCString	9	1	Mailslot
1800eabc4	TerminatedCString	6	1	Token
1800eabcc	TerminatedCString	6	1	Event
1800eabd4	TerminatedCString	7	1	Client
1800eabe0	unicode	44	1	Local\SM0:%lu:%lu:%hs
1800eac30	GUID	16	14	00000000-0000-0000-0000-000000000000
1800eb950	unicode	20	4	ntdll.dll
1800eb968	TerminatedCString	30	1	RtlDisownModuleHeapAllocation
1800eb988	TerminatedCString	4	14	wil
1800eb990	TerminatedCString	10	1	Exception
1800eb9a0	TerminatedCString	9	1	ReturnNt
1800eb9b0	TerminatedCString	9	1	ReturnHr
1800eb9bc	TerminatedCString	6	1	LogNt
1800eb9c4	TerminatedCString	6	1	LogHr
1800eb9d0	TerminatedCString	9	1	FailFast
1800eb9e0	unicode	34	1	%hs(%u)\%hs!%p: 
1800eba08	unicode	18	1	%hs!%p: 
1800eba20	unicode	28	1	(caller: %p) 
1800eba40	unicode	50	1	%hs(%d) tid(%x) %08X %ws
1800eba78	unicode	10	1	    
1800eba88	unicode	22	1	Msg:[%ws] 
1800ebaa0	unicode	38	1	CallContext:[%hs] 
1800ebac8	unicode	24	1	[%hs(%hs)] 
1800ebae0	unicode	14	1	[%hs] 
1800ebaf0	unicode	4	1	 
1800ebaf8	string	52	5	C:\__w\1\s\client\wil\wil\opensource\wil\resource.h
1800ebb2c	unicode	2	61	
1800ebb2e	TerminatedCString	1	70	
1800ebdd0	TerminatedCString	18	1	Unknown exception
1800ebde8	unicode	30	2	kernelbase.dll
1800ebe08	TerminatedCString	23	1	RaiseFailFastException
1800ebe20	TerminatedCString	14	1	WIL Exception
1800ebe30	TerminatedCString	27	1	RtlNtStatusToDosErrorNoTeb
1800ebe50	TerminatedCString	25	1	RtlDllShutdownInProgress
1800ebe70	TerminatedCString	25	1	WilFailureNotifyWatchers
1800ebe90	TerminatedCString	35	1	C:\__w\1\s\client\lib\collection.h
1800ebeb8	TerminatedCString	35	1	C:\__w\1\s\client\lib\eventqueue.h
1800ebee0	TerminatedCString	31	150	C:\__w\1\s\client\lib\core.cpp
1800ebf00	unicode	10	3	HKLM
1800ebf10	unicode	36	3	\REGISTRY\MACHINE
1800ebf38	unicode	8	3	HKU
1800ebf40	unicode	30	0	\REGISTRY\USER
1800ebfa0	TerminatedCString	38	4	C:\__w\1\s\client\lib\rustexports.cpp
1800ebfc8	TerminatedCString	32	24	C:\__w\1\s\client\lib\message.h
1800ebfe8	TerminatedCString	33	117	C:\__w\1\s\client\lib\client.cpp
1800ec010	unicode	30	14	\EspFilterPort
1800ec030	TerminatedCString	37	88	C:\__w\1\s\client\lib\eventqueue.cpp
1800ec058	TerminatedCString	33	6	C:\__w\1\s\client\lib\filter.cpp
1800ec080	TerminatedCString	31	2	C:\__w\1\s\client\lib\rule.cpp
1800ec0a0	TerminatedCString	35	4	C:\__w\1\s\client\lib\rustrule.cpp
1800ec0c8	TerminatedCString	37	6	C:\__w\1\s\client\lib\rustfilter.cpp
1800f08d7	string	29	0	ActivityStoppedAutomatically
1800f0903	string	29	0	ActivityStoppedAutomatically
1800f092f	string	25	0	ActivityIntermediateStop
1800f0948	string	15	0	PartA_PrivTags
1800f0957	string	13	0	 wilActivity
1800f0966	string	8	0	hresult
1800f096f	string	9	0	threadId
1800f0988	string	14	0	ActivityError
1800f0996	string	15	0	PartA_PrivTags
1800f09a5	string	13	0	 wilActivity
1800f09b4	string	8	0	hresult
1800f09bd	string	9	0	fileName
1800f09c7	string	11	0	lineNumber
1800f09d3	string	7	0	module
1800f09db	string	12	0	failureType
1800f09e8	string	8	0	message
1800f09f1	string	9	0	threadId
1800f09fb	string	12	0	callContext
1800f0a08	string	21	0	originatingContextId
1800f0a1e	string	23	0	originatingContextName
1800f0a36	string	26	0	originatingContextMessage
1800f0a51	string	17	0	currentContextId
1800f0a63	string	19	0	currentContextName
1800f0a77	string	22	0	currentContextMessage
1800f0a8e	string	10	0	failureId
1800f0a99	string	13	0	failureCount
1800f0aa7	string	9	0	function
1800f0ac0	string	25	0	ActivityIntermediateStop
1800f0ad9	string	15	0	PartA_PrivTags
1800f0ae8	string	13	0	 wilActivity
1800f0af7	string	8	0	hresult
1800f0b00	string	9	0	threadId
1800f0b19	string	14	0	ActivityError
1800f0b27	string	15	0	PartA_PrivTags
1800f0b36	string	13	0	 wilActivity
1800f0b45	string	8	0	hresult
1800f0b4e	string	9	0	fileName
1800f0b58	string	11	0	lineNumber
1800f0b64	string	7	0	module
1800f0b6c	string	12	0	failureType
1800f0b79	string	8	0	message
1800f0b82	string	9	0	threadId
1800f0b8c	string	12	0	callContext
1800f0b99	string	21	0	originatingContextId
1800f0baf	string	23	0	originatingContextName
1800f0bc7	string	26	0	originatingContextMessage
1800f0be2	string	17	0	currentContextId
1800f0bf4	string	19	0	currentContextName
1800f0c08	string	22	0	currentContextMessage
1800f0c1f	string	10	0	failureId
1800f0c2a	string	13	0	failureCount
1800f0c38	string	9	0	function
1800f0c51	string	24	0	EspStringMatchesPattern
1800f0c69	string	15	0	PartA_PrivTags
1800f0c78	string	13	0	 wilActivity
1800f0c87	string	8	0	hresult
1800f0c90	string	9	0	threadId
1800f0c9a	string	8	0	Matches
1800f0cb3	string	24	0	EspStringMatchesPattern
1800f0ccb	string	15	0	PartA_PrivTags
1800f0cda	string	16	0	 PartA_PrivTags
1800f0cea	string	13	0	 wilActivity
1800f0cf9	string	8	0	hresult
1800f0d02	string	9	0	fileName
1800f0d0c	string	11	0	lineNumber
1800f0d18	string	7	0	module
1800f0d20	string	12	0	failureType
1800f0d2d	string	8	0	message
1800f0d36	string	9	0	threadId
1800f0d40	string	12	0	callContext
1800f0d4d	string	21	0	originatingContextId
1800f0d63	string	23	0	originatingContextName
1800f0d7b	string	26	0	originatingContextMessage
1800f0d96	string	17	0	currentContextId
1800f0da8	string	19	0	currentContextName
1800f0dbc	string	22	0	currentContextMessage
1800f0dd3	string	10	0	failureId
1800f0dde	string	13	0	failureCount
1800f0dec	string	9	0	function
1800f0df6	string	8	0	Matches
1800f0e0f	string	24	0	EspStringMatchesPattern
1800f0e27	string	15	0	PartA_PrivTags
1800f0e36	string	13	0	 wilActivity
1800f0e45	string	9	0	threadId
1800f0e4f	string	7	0	String
1800f0e57	string	8	0	Pattern
1800f0e6f	string	24	0	EspStringMatchesPattern
1800f0e87	string	15	0	PartA_PrivTags
1800f0e96	string	13	0	 wilActivity
1800f0ea5	string	8	0	hresult
1800f0eae	string	9	0	threadId
1800f0ec7	string	24	0	EspStringMatchesPattern
1800f0edf	string	15	0	PartA_PrivTags
1800f0eee	string	16	0	 PartA_PrivTags
1800f0efe	string	13	0	 wilActivity
1800f0f0d	string	8	0	hresult
1800f0f16	string	9	0	fileName
1800f0f20	string	11	0	lineNumber
1800f0f2c	string	7	0	module
1800f0f34	string	12	0	failureType
1800f0f41	string	8	0	message
1800f0f4a	string	9	0	threadId
1800f0f54	string	12	0	callContext
1800f0f61	string	21	0	originatingContextId
1800f0f77	string	23	0	originatingContextName
1800f0f8f	string	26	0	originatingContextMessage
1800f0faa	string	17	0	currentContextId
1800f0fbc	string	19	0	currentContextName
1800f0fd0	string	22	0	currentContextMessage
1800f0fe7	string	10	0	failureId
1800f0ff2	string	13	0	failureCount
1800f1000	string	9	0	function
1800f1019	string	26	0	EspEnumerateEventQueueIds
1800f1033	string	15	0	PartA_PrivTags
1800f1042	string	13	0	 wilActivity
1800f1051	string	8	0	hresult
1800f105a	string	9	0	threadId
1800f1064	string	19	0	EventQueueIdsCount
1800f1087	string	26	0	EspEnumerateEventQueueIds
1800f10a1	string	15	0	PartA_PrivTags
1800f10b0	string	16	0	 PartA_PrivTags
1800f10c0	string	13	0	 wilActivity
1800f10cf	string	8	0	hresult
1800f10d8	string	9	0	fileName
1800f10e2	string	11	0	lineNumber
1800f10ee	string	7	0	module
1800f10f6	string	12	0	failureType
1800f1103	string	8	0	message
1800f110c	string	9	0	threadId
1800f1116	string	12	0	callContext
1800f1123	string	21	0	originatingContextId
1800f1139	string	23	0	originatingContextName
1800f1151	string	26	0	originatingContextMessage
1800f116c	string	17	0	currentContextId
1800f117e	string	19	0	currentContextName
1800f1192	string	22	0	currentContextMessage
1800f11a9	string	10	0	failureId
1800f11b4	string	13	0	failureCount
1800f11c2	string	9	0	function
1800f11cc	string	19	0	EventQueueIdsCount
1800f11ef	string	26	0	EspEnumerateEventQueueIds
1800f1209	string	15	0	PartA_PrivTags
1800f1218	string	13	0	 wilActivity
1800f1227	string	9	0	threadId
1800f1231	string	9	0	ClientId
1800f123b	string	9	0	Lifetime
1800f1254	string	26	0	EspEnumerateEventQueueIds
1800f126e	string	15	0	PartA_PrivTags
1800f127d	string	13	0	 wilActivity
1800f128c	string	8	0	hresult
1800f1295	string	9	0	threadId
1800f12ae	string	26	0	EspEnumerateEventQueueIds
1800f12c8	string	15	0	PartA_PrivTags
1800f12d7	string	16	0	 PartA_PrivTags
1800f12e7	string	13	0	 wilActivity
1800f12f6	string	8	0	hresult
1800f12ff	string	9	0	fileName
1800f1309	string	11	0	lineNumber
1800f1315	string	7	0	module
1800f131d	string	12	0	failureType
1800f132a	string	8	0	message
1800f1333	string	9	0	threadId
1800f133d	string	12	0	callContext
1800f134a	string	21	0	originatingContextId
1800f1360	string	23	0	originatingContextName
1800f1378	string	26	0	originatingContextMessage
1800f1393	string	17	0	currentContextId
1800f13a5	string	19	0	currentContextName
1800f13b9	string	22	0	currentContextMessage
1800f13d0	string	10	0	failureId
1800f13db	string	13	0	failureCount
1800f13e9	string	9	0	function
1800f1402	string	30	0	EspEnumerateCollectionEntries
1800f1420	string	15	0	PartA_PrivTags
1800f142f	string	13	0	 wilActivity
1800f143e	string	8	0	hresult
1800f1447	string	9	0	threadId
1800f1451	string	13	0	EntriesCount
1800f146e	string	30	0	EspEnumerateCollectionEntries
1800f148c	string	15	0	PartA_PrivTags
1800f149b	string	16	0	 PartA_PrivTags
1800f14ab	string	13	0	 wilActivity
1800f14ba	string	8	0	hresult
1800f14c3	string	9	0	fileName
1800f14cd	string	11	0	lineNumber
1800f14d9	string	7	0	module
1800f14e1	string	12	0	failureType
1800f14ee	string	8	0	message
1800f14f7	string	9	0	threadId
1800f1501	string	12	0	callContext
1800f150e	string	21	0	originatingContextId
1800f1524	string	23	0	originatingContextName
1800f153c	string	26	0	originatingContextMessage
1800f1557	string	17	0	currentContextId
1800f1569	string	19	0	currentContextName
1800f157d	string	22	0	currentContextMessage
1800f1594	string	10	0	failureId
1800f159f	string	13	0	failureCount
1800f15ad	string	9	0	function
1800f15b7	string	13	0	EntriesCount
1800f15d4	string	30	0	EspEnumerateCollectionEntries
1800f15f2	string	15	0	PartA_PrivTags
1800f1601	string	13	0	 wilActivity
1800f1610	string	9	0	threadId
1800f161a	string	13	0	CollectionId
1800f1637	string	30	0	EspEnumerateCollectionEntries
1800f1655	string	15	0	PartA_PrivTags
1800f1664	string	13	0	 wilActivity
1800f1673	string	8	0	hresult
1800f167c	string	9	0	threadId
1800f1695	string	30	0	EspEnumerateCollectionEntries
1800f16b3	string	15	0	PartA_PrivTags
1800f16c2	string	16	0	 PartA_PrivTags
1800f16d2	string	13	0	 wilActivity
1800f16e1	string	8	0	hresult
1800f16ea	string	9	0	fileName
1800f16f4	string	11	0	lineNumber
1800f1700	string	7	0	module
1800f1708	string	12	0	failureType
1800f1715	string	8	0	message
1800f171e	string	9	0	threadId
1800f1728	string	12	0	callContext
1800f1735	string	21	0	originatingContextId
1800f174b	string	23	0	originatingContextName
1800f1763	string	26	0	originatingContextMessage
1800f177e	string	17	0	currentContextId
1800f1790	string	19	0	currentContextName
1800f17a4	string	22	0	currentContextMessage
1800f17bb	string	10	0	failureId
1800f17c6	string	13	0	failureCount
1800f17d4	string	9	0	function
1800f17ed	string	20	0	EspUpdateCollection
1800f1801	string	15	0	PartA_PrivTags
1800f1810	string	13	0	 wilActivity
1800f181f	string	9	0	threadId
1800f1829	string	13	0	CollectionId
1800f1837	string	13	0	EntriesCount
1800f1854	string	20	0	EspUpdateCollection
1800f1868	string	15	0	PartA_PrivTags
1800f1877	string	13	0	 wilActivity
1800f1886	string	8	0	hresult
1800f188f	string	9	0	threadId
1800f18a8	string	20	0	EspUpdateCollection
1800f18bc	string	15	0	PartA_PrivTags
1800f18cb	string	16	0	 PartA_PrivTags
1800f18db	string	13	0	 wilActivity
1800f18ea	string	8	0	hresult
1800f18f3	string	9	0	fileName
1800f18fd	string	11	0	lineNumber
1800f1909	string	7	0	module
1800f1911	string	12	0	failureType
1800f191e	string	8	0	message
1800f1927	string	9	0	threadId
1800f1931	string	12	0	callContext
1800f193e	string	21	0	originatingContextId
1800f1954	string	23	0	originatingContextName
1800f196c	string	26	0	originatingContextMessage
1800f1987	string	17	0	currentContextId
1800f1999	string	19	0	currentContextName
1800f19ad	string	22	0	currentContextMessage
1800f19c4	string	10	0	failureId
1800f19cf	string	13	0	failureCount
1800f19dd	string	9	0	function
1800f19f6	string	19	0	EspCloseCollection
1800f1a09	string	15	0	PartA_PrivTags
1800f1a18	string	13	0	 wilActivity
1800f1a27	string	9	0	threadId
1800f1a31	string	13	0	CollectionId
1800f1a4e	string	19	0	EspCloseCollection
1800f1a61	string	15	0	PartA_PrivTags
1800f1a70	string	13	0	 wilActivity
1800f1a7f	string	8	0	hresult
1800f1a88	string	9	0	threadId
1800f1aa1	string	19	0	EspCloseCollection
1800f1ab4	string	15	0	PartA_PrivTags
1800f1ac3	string	16	0	 PartA_PrivTags
1800f1ad3	string	13	0	 wilActivity
1800f1ae2	string	8	0	hresult
1800f1aeb	string	9	0	fileName
1800f1af5	string	11	0	lineNumber
1800f1b01	string	7	0	module
1800f1b09	string	12	0	failureType
1800f1b16	string	8	0	message
1800f1b1f	string	9	0	threadId
1800f1b29	string	12	0	callContext
1800f1b36	string	21	0	originatingContextId
1800f1b4c	string	23	0	originatingContextName
1800f1b64	string	26	0	originatingContextMessage
1800f1b7f	string	17	0	currentContextId
1800f1b91	string	19	0	currentContextName
1800f1ba5	string	22	0	currentContextMessage
1800f1bbc	string	10	0	failureId
1800f1bc7	string	13	0	failureCount
1800f1bd5	string	9	0	function
1800f1bee	string	26	0	EspEnumerateCollectionIds
1800f1c08	string	15	0	PartA_PrivTags
1800f1c17	string	13	0	 wilActivity
1800f1c26	string	8	0	hresult
1800f1c2f	string	9	0	threadId
1800f1c39	string	19	0	CollectionIdsCount
1800f1c5c	string	26	0	EspEnumerateCollectionIds
1800f1c76	string	15	0	PartA_PrivTags
1800f1c85	string	16	0	 PartA_PrivTags
1800f1c95	string	13	0	 wilActivity
1800f1ca4	string	8	0	hresult
1800f1cad	string	9	0	fileName
1800f1cb7	string	11	0	lineNumber
1800f1cc3	string	7	0	module
1800f1ccb	string	12	0	failureType
1800f1cd8	string	8	0	message
1800f1ce1	string	9	0	threadId
1800f1ceb	string	12	0	callContext
1800f1cf8	string	21	0	originatingContextId
1800f1d0e	string	23	0	originatingContextName
1800f1d26	string	26	0	originatingContextMessage
1800f1d41	string	17	0	currentContextId
1800f1d53	string	19	0	currentContextName
1800f1d67	string	22	0	currentContextMessage
1800f1d7e	string	10	0	failureId
1800f1d89	string	13	0	failureCount
1800f1d97	string	9	0	function
1800f1da1	string	19	0	CollectionIdsCount
1800f1dc4	string	26	0	EspEnumerateCollectionIds
1800f1dde	string	15	0	PartA_PrivTags
1800f1ded	string	13	0	 wilActivity
1800f1dfc	string	9	0	threadId
1800f1e06	string	9	0	ClientId
1800f1e10	string	9	0	Lifetime
1800f1e29	string	26	0	EspEnumerateCollectionIds
1800f1e43	string	15	0	PartA_PrivTags
1800f1e52	string	13	0	 wilActivity
1800f1e61	string	8	0	hresult
1800f1e6a	string	9	0	threadId
1800f1e83	string	26	0	EspEnumerateCollectionIds
1800f1e9d	string	15	0	PartA_PrivTags
1800f1eac	string	16	0	 PartA_PrivTags
1800f1ebc	string	13	0	 wilActivity
1800f1ecb	string	8	0	hresult
1800f1ed4	string	9	0	fileName
1800f1ede	string	11	0	lineNumber
1800f1eea	string	7	0	module
1800f1ef2	string	12	0	failureType
1800f1eff	string	8	0	message
1800f1f08	string	9	0	threadId
1800f1f12	string	12	0	callContext
1800f1f1f	string	21	0	originatingContextId
1800f1f35	string	23	0	originatingContextName
1800f1f4d	string	26	0	originatingContextMessage
1800f1f68	string	17	0	currentContextId
1800f1f7a	string	19	0	currentContextName
1800f1f8e	string	22	0	currentContextMessage
1800f1fa5	string	10	0	failureId
1800f1fb0	string	13	0	failureCount
1800f1fbe	string	9	0	function
1800f1fd7	string	18	0	EspOpenCollection
1800f1fe9	string	15	0	PartA_PrivTags
1800f1ff8	string	13	0	 wilActivity
1800f2007	string	9	0	threadId
1800f2011	string	9	0	ClientId
1800f201b	string	13	0	CollectionId
1800f2038	string	18	0	EspOpenCollection
1800f204a	string	15	0	PartA_PrivTags
1800f2059	string	13	0	 wilActivity
1800f2068	string	8	0	hresult
1800f2071	string	9	0	threadId
1800f208a	string	18	0	EspOpenCollection
1800f209c	string	15	0	PartA_PrivTags
1800f20ab	string	16	0	 PartA_PrivTags
1800f20bb	string	13	0	 wilActivity
1800f20ca	string	8	0	hresult
1800f20d3	string	9	0	fileName
1800f20dd	string	11	0	lineNumber
1800f20e9	string	7	0	module
1800f20f1	string	12	0	failureType
1800f20fe	string	8	0	message
1800f2107	string	9	0	threadId
1800f2111	string	12	0	callContext
1800f211e	string	21	0	originatingContextId
1800f2134	string	23	0	originatingContextName
1800f214c	string	26	0	originatingContextMessage
1800f2167	string	17	0	currentContextId
1800f2179	string	19	0	currentContextName
1800f218d	string	22	0	currentContextMessage
1800f21a4	string	10	0	failureId
1800f21af	string	13	0	failureCount
1800f21bd	string	9	0	function
1800f21d6	string	21	0	EspGetCollectionType
1800f21eb	string	15	0	PartA_PrivTags
1800f21fa	string	13	0	 wilActivity
1800f2209	string	8	0	hresult
1800f2212	string	9	0	threadId
1800f221c	string	15	0	CollectionType
1800f223b	string	21	0	EspGetCollectionType
1800f2250	string	15	0	PartA_PrivTags
1800f225f	string	16	0	 PartA_PrivTags
1800f226f	string	13	0	 wilActivity
1800f227e	string	8	0	hresult
1800f2287	string	9	0	fileName
1800f2291	string	11	0	lineNumber
1800f229d	string	7	0	module
1800f22a5	string	12	0	failureType
1800f22b2	string	8	0	message
1800f22bb	string	9	0	threadId
1800f22c5	string	12	0	callContext
1800f22d2	string	21	0	originatingContextId
1800f22e8	string	23	0	originatingContextName
1800f2300	string	26	0	originatingContextMessage
1800f231b	string	17	0	currentContextId
1800f232d	string	19	0	currentContextName
1800f2341	string	22	0	currentContextMessage
1800f2358	string	10	0	failureId
1800f2363	string	13	0	failureCount
1800f2371	string	9	0	function
1800f237b	string	15	0	CollectionType
1800f239a	string	21	0	EspGetCollectionType
1800f23af	string	15	0	PartA_PrivTags
1800f23be	string	13	0	 wilActivity
1800f23cd	string	9	0	threadId
1800f23e6	string	21	0	EspGetCollectionType
1800f23fb	string	15	0	PartA_PrivTags
1800f240a	string	13	0	 wilActivity
1800f2419	string	8	0	hresult
1800f2422	string	9	0	threadId
1800f243b	string	21	0	EspGetCollectionType
1800f2450	string	15	0	PartA_PrivTags
1800f245f	string	16	0	 PartA_PrivTags
1800f246f	string	13	0	 wilActivity
1800f247e	string	8	0	hresult
1800f2487	string	9	0	fileName
1800f2491	string	11	0	lineNumber
1800f249d	string	7	0	module
1800f24a5	string	12	0	failureType
1800f24b2	string	8	0	message
1800f24bb	string	9	0	threadId
1800f24c5	string	12	0	callContext
1800f24d2	string	21	0	originatingContextId
1800f24e8	string	23	0	originatingContextName
1800f2500	string	26	0	originatingContextMessage
1800f251b	string	17	0	currentContextId
1800f252d	string	19	0	currentContextName
1800f2541	string	22	0	currentContextMessage
1800f2558	string	10	0	failureId
1800f2563	string	13	0	failureCount
1800f2571	string	9	0	function
1800f258a	string	19	0	EspGetCollectionId
1800f259d	string	15	0	PartA_PrivTags
1800f25ac	string	13	0	 wilActivity
1800f25bb	string	8	0	hresult
1800f25c4	string	9	0	threadId
1800f25ce	string	13	0	CollectionId
1800f25eb	string	19	0	EspGetCollectionId
1800f25fe	string	15	0	PartA_PrivTags
1800f260d	string	16	0	 PartA_PrivTags
1800f261d	string	13	0	 wilActivity
1800f262c	string	8	0	hresult
1800f2635	string	9	0	fileName
1800f263f	string	11	0	lineNumber
1800f264b	string	7	0	module
1800f2653	string	12	0	failureType
1800f2660	string	8	0	message
1800f2669	string	9	0	threadId
1800f2673	string	12	0	callContext
1800f2680	string	21	0	originatingContextId
1800f2696	string	23	0	originatingContextName
1800f26ae	string	26	0	originatingContextMessage
1800f26c9	string	17	0	currentContextId
1800f26db	string	19	0	currentContextName
1800f26ef	string	22	0	currentContextMessage
1800f2706	string	10	0	failureId
1800f2711	string	13	0	failureCount
1800f271f	string	9	0	function
1800f2729	string	13	0	CollectionId
1800f2746	string	19	0	EspGetCollectionId
1800f2759	string	15	0	PartA_PrivTags
1800f2768	string	13	0	 wilActivity
1800f2777	string	9	0	threadId
1800f2790	string	19	0	EspGetCollectionId
1800f27a3	string	15	0	PartA_PrivTags
1800f27b2	string	13	0	 wilActivity
1800f27c1	string	8	0	hresult
1800f27ca	string	9	0	threadId
1800f27e3	string	19	0	EspGetCollectionId
1800f27f6	string	15	0	PartA_PrivTags
1800f2805	string	16	0	 PartA_PrivTags
1800f2815	string	13	0	 wilActivity
1800f2824	string	8	0	hresult
1800f282d	string	9	0	fileName
1800f2837	string	11	0	lineNumber
1800f2843	string	7	0	module
1800f284b	string	12	0	failureType
1800f2858	string	8	0	message
1800f2861	string	9	0	threadId
1800f286b	string	12	0	callContext
1800f2878	string	21	0	originatingContextId
1800f288e	string	23	0	originatingContextName
1800f28a6	string	26	0	originatingContextMessage
1800f28c1	string	17	0	currentContextId
1800f28d3	string	19	0	currentContextName
1800f28e7	string	22	0	currentContextMessage
1800f28fe	string	10	0	failureId
1800f2909	string	13	0	failureCount
1800f2917	string	9	0	function
1800f2930	string	20	0	EspCreateCollection
1800f2944	string	15	0	PartA_PrivTags
1800f2953	string	13	0	 wilActivity
1800f2962	string	8	0	hresult
1800f296b	string	9	0	threadId
1800f2975	string	13	0	CollectionId
1800f2992	string	20	0	EspCreateCollection
1800f29a6	string	15	0	PartA_PrivTags
1800f29b5	string	16	0	 PartA_PrivTags
1800f29c5	string	13	0	 wilActivity
1800f29d4	string	8	0	hresult
1800f29dd	string	9	0	fileName
1800f29e7	string	11	0	lineNumber
1800f29f3	string	7	0	module
1800f29fb	string	12	0	failureType
1800f2a08	string	8	0	message
1800f2a11	string	9	0	threadId
1800f2a1b	string	12	0	callContext
1800f2a28	string	21	0	originatingContextId
1800f2a3e	string	23	0	originatingContextName
1800f2a56	string	26	0	originatingContextMessage
1800f2a71	string	17	0	currentContextId
1800f2a83	string	19	0	currentContextName
1800f2a97	string	22	0	currentContextMessage
1800f2aae	string	10	0	failureId
1800f2ab9	string	13	0	failureCount
1800f2ac7	string	9	0	function
1800f2ad1	string	13	0	CollectionId
1800f2aee	string	20	0	EspCreateCollection
1800f2b02	string	15	0	PartA_PrivTags
1800f2b11	string	13	0	 wilActivity
1800f2b20	string	9	0	threadId
1800f2b2a	string	9	0	ClientId
1800f2b3a	string	9	0	Lifetime
1800f2b44	string	12	0	StringFlags
1800f2b60	string	20	0	EspCreateCollection
1800f2b74	string	15	0	PartA_PrivTags
1800f2b83	string	13	0	 wilActivity
1800f2b92	string	8	0	hresult
1800f2b9b	string	9	0	threadId
1800f2bb4	string	20	0	EspCreateCollection
1800f2bc8	string	15	0	PartA_PrivTags
1800f2bd7	string	16	0	 PartA_PrivTags
1800f2be7	string	13	0	 wilActivity
1800f2bf6	string	8	0	hresult
1800f2bff	string	9	0	fileName
1800f2c09	string	11	0	lineNumber
1800f2c15	string	7	0	module
1800f2c1d	string	12	0	failureType
1800f2c2a	string	8	0	message
1800f2c33	string	9	0	threadId
1800f2c3d	string	12	0	callContext
1800f2c4a	string	21	0	originatingContextId
1800f2c60	string	23	0	originatingContextName
1800f2c78	string	26	0	originatingContextMessage
1800f2c93	string	17	0	currentContextId
1800f2ca5	string	19	0	currentContextName
1800f2cb9	string	22	0	currentContextMessage
1800f2cd0	string	10	0	failureId
1800f2cdb	string	13	0	failureCount
1800f2ce9	string	9	0	function
1800f2d02	string	14	0	EspFreeMemory
1800f2d10	string	15	0	PartA_PrivTags
1800f2d1f	string	13	0	 wilActivity
1800f2d2e	string	9	0	threadId
1800f2d47	string	14	0	EspFreeMemory
1800f2d55	string	15	0	PartA_PrivTags
1800f2d64	string	13	0	 wilActivity
1800f2d73	string	8	0	hresult
1800f2d7c	string	9	0	threadId
1800f2d95	string	14	0	EspFreeMemory
1800f2da3	string	15	0	PartA_PrivTags
1800f2db2	string	16	0	 PartA_PrivTags
1800f2dc2	string	13	0	 wilActivity
1800f2dd1	string	8	0	hresult
1800f2dda	string	9	0	fileName
1800f2de4	string	11	0	lineNumber
1800f2df0	string	7	0	module
1800f2df8	string	12	0	failureType
1800f2e05	string	8	0	message
1800f2e0e	string	9	0	threadId
1800f2e18	string	12	0	callContext
1800f2e25	string	21	0	originatingContextId
1800f2e3b	string	23	0	originatingContextName
1800f2e53	string	26	0	originatingContextMessage
1800f2e6e	string	17	0	currentContextId
1800f2e80	string	19	0	currentContextName
1800f2e94	string	22	0	currentContextMessage
1800f2eab	string	10	0	failureId
1800f2eb6	string	13	0	failureCount
1800f2ec4	string	9	0	function
1800f2edd	string	24	0	EspGetEventCapabilities
1800f2ef5	string	15	0	PartA_PrivTags
1800f2f04	string	13	0	 wilActivity
1800f2f13	string	8	0	hresult
1800f2f1c	string	9	0	threadId
1800f2f26	string	13	0	Capabilities
1800f2f43	string	24	0	EspGetEventCapabilities
1800f2f5b	string	15	0	PartA_PrivTags
1800f2f6a	string	16	0	 PartA_PrivTags
1800f2f7a	string	13	0	 wilActivity
1800f2f89	string	8	0	hresult
1800f2f92	string	9	0	fileName
1800f2f9c	string	11	0	lineNumber
1800f2fa8	string	7	0	module
1800f2fb0	string	12	0	failureType
1800f2fbd	string	8	0	message
1800f2fc6	string	9	0	threadId
1800f2fd0	string	12	0	callContext
1800f2fdd	string	21	0	originatingContextId
1800f2ff3	string	23	0	originatingContextName
1800f300b	string	26	0	originatingContextMessage
1800f3026	string	17	0	currentContextId
1800f3038	string	19	0	currentContextName
1800f304c	string	22	0	currentContextMessage
1800f3063	string	10	0	failureId
1800f306e	string	13	0	failureCount
1800f307c	string	9	0	function
1800f3086	string	13	0	Capabilities
1800f30a3	string	24	0	EspGetEventCapabilities
1800f30bb	string	15	0	PartA_PrivTags
1800f30ca	string	13	0	 wilActivity
1800f30d9	string	9	0	threadId
1800f30e3	string	9	0	ClientId
1800f30ed	string	10	0	EventType
1800f3107	string	24	0	EspGetEventCapabilities
1800f311f	string	15	0	PartA_PrivTags
1800f312e	string	13	0	 wilActivity
1800f313d	string	8	0	hresult
1800f3146	string	9	0	threadId
1800f315f	string	24	0	EspGetEventCapabilities
1800f3177	string	15	0	PartA_PrivTags
1800f3186	string	16	0	 PartA_PrivTags
1800f3196	string	13	0	 wilActivity
1800f31a5	string	8	0	hresult
1800f31ae	string	9	0	fileName
1800f31b8	string	11	0	lineNumber
1800f31c4	string	7	0	module
1800f31cc	string	12	0	failureType
1800f31d9	string	8	0	message
1800f31e2	string	9	0	threadId
1800f31ec	string	12	0	callContext
1800f31f9	string	21	0	originatingContextId
1800f320f	string	23	0	originatingContextName
1800f3227	string	26	0	originatingContextMessage
1800f3242	string	17	0	currentContextId
1800f3254	string	19	0	currentContextName
1800f3268	string	22	0	currentContextMessage
1800f327f	string	10	0	failureId
1800f328a	string	13	0	failureCount
1800f3298	string	9	0	function
1800f32b1	string	38	0	EspEnumerateAllEventObjectContextKeys
1800f32d7	string	15	0	PartA_PrivTags
1800f32e6	string	13	0	 wilActivity
1800f32f5	string	8	0	hresult
1800f32fe	string	9	0	threadId
1800f3308	string	13	0	EntriesCount
1800f3325	string	38	0	EspEnumerateAllEventObjectContextKeys
1800f334b	string	15	0	PartA_PrivTags
1800f335a	string	16	0	 PartA_PrivTags
1800f336a	string	13	0	 wilActivity
1800f3379	string	8	0	hresult
1800f3382	string	9	0	fileName
1800f338c	string	11	0	lineNumber
1800f3398	string	7	0	module
1800f33a0	string	12	0	failureType
1800f33ad	string	8	0	message
1800f33b6	string	9	0	threadId
1800f33c0	string	12	0	callContext
1800f33cd	string	21	0	originatingContextId
1800f33e3	string	23	0	originatingContextName
1800f33fb	string	26	0	originatingContextMessage
1800f3416	string	17	0	currentContextId
1800f3428	string	19	0	currentContextName
1800f343c	string	22	0	currentContextMessage
1800f3453	string	10	0	failureId
1800f345e	string	13	0	failureCount
1800f346c	string	9	0	function
1800f3476	string	13	0	EntriesCount
1800f3493	string	38	0	EspEnumerateAllEventObjectContextKeys
1800f34b9	string	15	0	PartA_PrivTags
1800f34c8	string	13	0	 wilActivity
1800f34d7	string	9	0	threadId
1800f34e1	string	9	0	ObjectId
1800f34fa	string	38	0	EspEnumerateAllEventObjectContextKeys
1800f3520	string	15	0	PartA_PrivTags
1800f352f	string	13	0	 wilActivity
1800f353e	string	8	0	hresult
1800f3547	string	9	0	threadId
1800f3560	string	38	0	EspEnumerateAllEventObjectContextKeys
1800f3586	string	15	0	PartA_PrivTags
1800f3595	string	16	0	 PartA_PrivTags
1800f35a5	string	13	0	 wilActivity
1800f35b4	string	8	0	hresult
1800f35bd	string	9	0	fileName
1800f35c7	string	11	0	lineNumber
1800f35d3	string	7	0	module
1800f35db	string	12	0	failureType
1800f35e8	string	8	0	message
1800f35f1	string	9	0	threadId
1800f35fb	string	12	0	callContext
1800f3608	string	21	0	originatingContextId
1800f361e	string	23	0	originatingContextName
1800f3636	string	26	0	originatingContextMessage
1800f3651	string	17	0	currentContextId
1800f3663	string	19	0	currentContextName
1800f3677	string	22	0	currentContextMessage
1800f368e	string	10	0	failureId
1800f3699	string	13	0	failureCount
1800f36a7	string	9	0	function
1800f36c0	string	33	0	EspEnumerateAllClientContextKeys
1800f36e1	string	15	0	PartA_PrivTags
1800f36f0	string	13	0	 wilActivity
1800f36ff	string	8	0	hresult
1800f3708	string	9	0	threadId
1800f3712	string	13	0	EntriesCount
1800f372f	string	33	0	EspEnumerateAllClientContextKeys
1800f3750	string	15	0	PartA_PrivTags
1800f375f	string	16	0	 PartA_PrivTags
1800f376f	string	13	0	 wilActivity
1800f377e	string	8	0	hresult
1800f3787	string	9	0	fileName
1800f3791	string	11	0	lineNumber
1800f379d	string	7	0	module
1800f37a5	string	12	0	failureType
1800f37b2	string	8	0	message
1800f37bb	string	9	0	threadId
1800f37c5	string	12	0	callContext
1800f37d2	string	21	0	originatingContextId
1800f37e8	string	23	0	originatingContextName
1800f3800	string	26	0	originatingContextMessage
1800f381b	string	17	0	currentContextId
1800f382d	string	19	0	currentContextName
1800f3841	string	22	0	currentContextMessage
1800f3858	string	10	0	failureId
1800f3863	string	13	0	failureCount
1800f3871	string	9	0	function
1800f387b	string	13	0	EntriesCount
1800f3898	string	33	0	EspEnumerateAllClientContextKeys
1800f38b9	string	15	0	PartA_PrivTags
1800f38c8	string	13	0	 wilActivity
1800f38d7	string	9	0	threadId
1800f38e1	string	9	0	ClientId
1800f38fa	string	33	0	EspEnumerateAllClientContextKeys
1800f391b	string	15	0	PartA_PrivTags
1800f392a	string	13	0	 wilActivity
1800f3939	string	8	0	hresult
1800f3942	string	9	0	threadId
1800f395b	string	33	0	EspEnumerateAllClientContextKeys
1800f397c	string	15	0	PartA_PrivTags
1800f398b	string	16	0	 PartA_PrivTags
1800f399b	string	13	0	 wilActivity
1800f39aa	string	8	0	hresult
1800f39b3	string	9	0	fileName
1800f39bd	string	11	0	lineNumber
1800f39c9	string	7	0	module
1800f39d1	string	12	0	failureType
1800f39de	string	8	0	message
1800f39e7	string	9	0	threadId
1800f39f1	string	12	0	callContext
1800f39fe	string	21	0	originatingContextId
1800f3a14	string	23	0	originatingContextName
1800f3a2c	string	26	0	originatingContextMessage
1800f3a47	string	17	0	currentContextId
1800f3a59	string	19	0	currentContextName
1800f3a6d	string	22	0	currentContextMessage
1800f3a84	string	10	0	failureId
1800f3a8f	string	13	0	failureCount
1800f3a9d	string	9	0	function
1800f3ab6	string	23	0	EspSetClientContextKey
1800f3acd	string	15	0	PartA_PrivTags
1800f3adc	string	13	0	 wilActivity
1800f3aeb	string	9	0	threadId
1800f3af5	string	9	0	ClientId
1800f3b0e	string	23	0	EspSetClientContextKey
1800f3b25	string	15	0	PartA_PrivTags
1800f3b34	string	13	0	 wilActivity
1800f3b43	string	8	0	hresult
1800f3b4c	string	9	0	threadId
1800f3b65	string	23	0	EspSetClientContextKey
1800f3b7c	string	15	0	PartA_PrivTags
1800f3b8b	string	16	0	 PartA_PrivTags
1800f3b9b	string	13	0	 wilActivity
1800f3baa	string	8	0	hresult
1800f3bb3	string	9	0	fileName
1800f3bbd	string	11	0	lineNumber
1800f3bc9	string	7	0	module
1800f3bd1	string	12	0	failureType
1800f3bde	string	8	0	message
1800f3be7	string	9	0	threadId
1800f3bf1	string	12	0	callContext
1800f3bfe	string	21	0	originatingContextId
1800f3c14	string	23	0	originatingContextName
1800f3c2c	string	26	0	originatingContextMessage
1800f3c47	string	17	0	currentContextId
1800f3c59	string	19	0	currentContextName
1800f3c6d	string	22	0	currentContextMessage
1800f3c84	string	10	0	failureId
1800f3c8f	string	13	0	failureCount
1800f3c9d	string	9	0	function
1800f3cb6	string	28	0	EspSetEventObjectContextKey
1800f3cd2	string	15	0	PartA_PrivTags
1800f3ce1	string	13	0	 wilActivity
1800f3cf0	string	9	0	threadId
1800f3cfa	string	9	0	ObjectId
1800f3d13	string	28	0	EspSetEventObjectContextKey
1800f3d2f	string	15	0	PartA_PrivTags
1800f3d3e	string	13	0	 wilActivity
1800f3d4d	string	8	0	hresult
1800f3d56	string	9	0	threadId
1800f3d6f	string	28	0	EspSetEventObjectContextKey
1800f3d8b	string	15	0	PartA_PrivTags
1800f3d9a	string	16	0	 PartA_PrivTags
1800f3daa	string	13	0	 wilActivity
1800f3db9	string	8	0	hresult
1800f3dc2	string	9	0	fileName
1800f3dcc	string	11	0	lineNumber
1800f3dd8	string	7	0	module
1800f3de0	string	12	0	failureType
1800f3ded	string	8	0	message
1800f3df6	string	9	0	threadId
1800f3e00	string	12	0	callContext
1800f3e0d	string	21	0	originatingContextId
1800f3e23	string	23	0	originatingContextName
1800f3e3b	string	26	0	originatingContextMessage
1800f3e56	string	17	0	currentContextId
1800f3e68	string	19	0	currentContextName
1800f3e7c	string	22	0	currentContextMessage
1800f3e93	string	10	0	failureId
1800f3e9e	string	13	0	failureCount
1800f3eac	string	9	0	function
1800f3ec5	string	29	0	EspCloseEventObjectReference
1800f3ee2	string	15	0	PartA_PrivTags
1800f3ef1	string	13	0	 wilActivity
1800f3f00	string	9	0	threadId
1800f3f0a	string	12	0	ReferenceId
1800f3f26	string	29	0	EspCloseEventObjectReference
1800f3f43	string	15	0	PartA_PrivTags
1800f3f52	string	13	0	 wilActivity
1800f3f61	string	8	0	hresult
1800f3f6a	string	9	0	threadId
1800f3f83	string	29	0	EspCloseEventObjectReference
1800f3fa0	string	15	0	PartA_PrivTags
1800f3faf	string	16	0	 PartA_PrivTags
1800f3fbf	string	13	0	 wilActivity
1800f3fce	string	8	0	hresult
1800f3fd7	string	9	0	fileName
1800f3fe1	string	11	0	lineNumber
1800f3fed	string	7	0	module
1800f3ff5	string	12	0	failureType
1800f4002	string	8	0	message
1800f400b	string	9	0	threadId
1800f4015	string	12	0	callContext
1800f4022	string	21	0	originatingContextId
1800f4038	string	23	0	originatingContextName
1800f4050	string	26	0	originatingContextMessage
1800f406b	string	17	0	currentContextId
1800f407d	string	19	0	currentContextName
1800f4091	string	22	0	currentContextMessage
1800f40a8	string	10	0	failureId
1800f40b3	string	13	0	failureCount
1800f40c1	string	9	0	function
1800f40da	string	31	0	EspGetEventObjectFromReference
1800f40f9	string	15	0	PartA_PrivTags
1800f4108	string	13	0	 wilActivity
1800f4117	string	9	0	threadId
1800f4121	string	12	0	ReferenceId
1800f413d	string	31	0	EspGetEventObjectFromReference
1800f415c	string	15	0	PartA_PrivTags
1800f416b	string	13	0	 wilActivity
1800f417a	string	8	0	hresult
1800f4183	string	9	0	threadId
1800f419c	string	31	0	EspGetEventObjectFromReference
1800f41bb	string	15	0	PartA_PrivTags
1800f41ca	string	16	0	 PartA_PrivTags
1800f41da	string	13	0	 wilActivity
1800f41e9	string	8	0	hresult
1800f41f2	string	9	0	fileName
1800f41fc	string	11	0	lineNumber
1800f4208	string	7	0	module
1800f4210	string	12	0	failureType
1800f421d	string	8	0	message
1800f4226	string	9	0	threadId
1800f4230	string	12	0	callContext
1800f423d	string	21	0	originatingContextId
1800f4253	string	23	0	originatingContextName
1800f426b	string	26	0	originatingContextMessage
1800f4286	string	17	0	currentContextId
1800f4298	string	19	0	currentContextName
1800f42ac	string	22	0	currentContextMessage
1800f42c3	string	10	0	failureId
1800f42ce	string	13	0	failureCount
1800f42dc	string	9	0	function
1800f42f5	string	27	0	EspCreateMailslotReference
1800f4310	string	15	0	PartA_PrivTags
1800f431f	string	13	0	 wilActivity
1800f432e	string	8	0	hresult
1800f4337	string	9	0	threadId
1800f4341	string	12	0	ReferenceId
1800f435d	string	27	0	EspCreateMailslotReference
1800f4378	string	15	0	PartA_PrivTags
1800f4387	string	16	0	 PartA_PrivTags
1800f4397	string	13	0	 wilActivity
1800f43a6	string	8	0	hresult
1800f43af	string	9	0	fileName
1800f43b9	string	11	0	lineNumber
1800f43c5	string	7	0	module
1800f43cd	string	12	0	failureType
1800f43da	string	8	0	message
1800f43e3	string	9	0	threadId
1800f43ed	string	12	0	callContext
1800f43fa	string	21	0	originatingContextId
1800f4410	string	23	0	originatingContextName
1800f4428	string	26	0	originatingContextMessage
1800f4443	string	17	0	currentContextId
1800f4455	string	19	0	currentContextName
1800f4469	string	22	0	currentContextMessage
1800f4480	string	10	0	failureId
1800f448b	string	13	0	failureCount
1800f4499	string	9	0	function
1800f44a3	string	12	0	ReferenceId
1800f44bf	string	27	0	EspCreateMailslotReference
1800f44da	string	15	0	PartA_PrivTags
1800f44e9	string	13	0	 wilActivity
1800f44f8	string	9	0	threadId
1800f4502	string	9	0	ClientId
1800f450c	string	13	0	MailslotPath
1800f4529	string	27	0	EspCreateMailslotReference
1800f4544	string	15	0	PartA_PrivTags
1800f4553	string	13	0	 wilActivity
1800f4562	string	8	0	hresult
1800f456b	string	9	0	threadId
1800f4584	string	27	0	EspCreateMailslotReference
1800f459f	string	15	0	PartA_PrivTags
1800f45ae	string	16	0	 PartA_PrivTags
1800f45be	string	13	0	 wilActivity
1800f45cd	string	8	0	hresult
1800f45d6	string	9	0	fileName
1800f45e0	string	11	0	lineNumber
1800f45ec	string	7	0	module
1800f45f4	string	12	0	failureType
1800f4601	string	8	0	message
1800f460a	string	9	0	threadId
1800f4614	string	12	0	callContext
1800f4621	string	21	0	originatingContextId
1800f4637	string	23	0	originatingContextName
1800f464f	string	26	0	originatingContextMessage
1800f466a	string	17	0	currentContextId
1800f467c	string	19	0	currentContextName
1800f4690	string	22	0	currentContextMessage
1800f46a7	string	10	0	failureId
1800f46b2	string	13	0	failureCount
1800f46c0	string	9	0	function
1800f46d9	string	23	0	EspCreatePipeReference
1800f46f0	string	15	0	PartA_PrivTags
1800f46ff	string	13	0	 wilActivity
1800f470e	string	8	0	hresult
1800f4717	string	9	0	threadId
1800f4721	string	12	0	ReferenceId
1800f473d	string	23	0	EspCreatePipeReference
1800f4754	string	15	0	PartA_PrivTags
1800f4763	string	16	0	 PartA_PrivTags
1800f4773	string	13	0	 wilActivity
1800f4782	string	8	0	hresult
1800f478b	string	9	0	fileName
1800f4795	string	11	0	lineNumber
1800f47a1	string	7	0	module
1800f47a9	string	12	0	failureType
1800f47b6	string	8	0	message
1800f47bf	string	9	0	threadId
1800f47c9	string	12	0	callContext
1800f47d6	string	21	0	originatingContextId
1800f47ec	string	23	0	originatingContextName
1800f4804	string	26	0	originatingContextMessage
1800f481f	string	17	0	currentContextId
1800f4831	string	19	0	currentContextName
1800f4845	string	22	0	currentContextMessage
1800f485c	string	10	0	failureId
1800f4867	string	13	0	failureCount
1800f4875	string	9	0	function
1800f487f	string	12	0	ReferenceId
1800f489b	string	23	0	EspCreatePipeReference
1800f48b2	string	15	0	PartA_PrivTags
1800f48c1	string	13	0	 wilActivity
1800f48d0	string	9	0	threadId
1800f48da	string	9	0	ClientId
1800f48e4	string	9	0	PipePath
1800f48fd	string	23	0	EspCreatePipeReference
1800f4914	string	15	0	PartA_PrivTags
1800f4923	string	13	0	 wilActivity
1800f4932	string	8	0	hresult
1800f493b	string	9	0	threadId
1800f4954	string	23	0	EspCreatePipeReference
1800f496b	string	15	0	PartA_PrivTags
1800f497a	string	16	0	 PartA_PrivTags
1800f498a	string	13	0	 wilActivity
1800f4999	string	8	0	hresult
1800f49a2	string	9	0	fileName
1800f49ac	string	11	0	lineNumber
1800f49b8	string	7	0	module
1800f49c0	string	12	0	failureType
1800f49cd	string	8	0	message
1800f49d6	string	9	0	threadId
1800f49e0	string	12	0	callContext
1800f49ed	string	21	0	originatingContextId
1800f4a03	string	23	0	originatingContextName
1800f4a1b	string	26	0	originatingContextMessage
1800f4a36	string	17	0	currentContextId
1800f4a48	string	19	0	currentContextName
1800f4a5c	string	22	0	currentContextMessage
1800f4a73	string	10	0	failureId
1800f4a7e	string	13	0	failureCount
1800f4a8c	string	9	0	function
1800f4aa5	string	26	0	EspCreateDesktopReference
1800f4abf	string	15	0	PartA_PrivTags
1800f4ace	string	13	0	 wilActivity
1800f4add	string	8	0	hresult
1800f4ae6	string	9	0	threadId
1800f4af0	string	12	0	ReferenceId
1800f4b0c	string	26	0	EspCreateDesktopReference
1800f4b26	string	15	0	PartA_PrivTags
1800f4b35	string	16	0	 PartA_PrivTags
1800f4b45	string	13	0	 wilActivity
1800f4b54	string	8	0	hresult
1800f4b5d	string	9	0	fileName
1800f4b67	string	11	0	lineNumber
1800f4b73	string	7	0	module
1800f4b7b	string	12	0	failureType
1800f4b88	string	8	0	message
1800f4b91	string	9	0	threadId
1800f4b9b	string	12	0	callContext
1800f4ba8	string	21	0	originatingContextId
1800f4bbe	string	23	0	originatingContextName
1800f4bd6	string	26	0	originatingContextMessage
1800f4bf1	string	17	0	currentContextId
1800f4c03	string	19	0	currentContextName
1800f4c17	string	22	0	currentContextMessage
1800f4c2e	string	10	0	failureId
1800f4c39	string	13	0	failureCount
1800f4c47	string	9	0	function
1800f4c51	string	12	0	ReferenceId
1800f4c6d	string	26	0	EspCreateDesktopReference
1800f4c87	string	15	0	PartA_PrivTags
1800f4c96	string	13	0	 wilActivity
1800f4ca5	string	9	0	threadId
1800f4caf	string	9	0	ClientId
1800f4cce	string	26	0	EspCreateDesktopReference
1800f4ce8	string	15	0	PartA_PrivTags
1800f4cf7	string	13	0	 wilActivity
1800f4d06	string	8	0	hresult
1800f4d0f	string	9	0	threadId
1800f4d28	string	26	0	EspCreateDesktopReference
1800f4d42	string	15	0	PartA_PrivTags
1800f4d51	string	16	0	 PartA_PrivTags
1800f4d61	string	13	0	 wilActivity
1800f4d70	string	8	0	hresult
1800f4d79	string	9	0	fileName
1800f4d83	string	11	0	lineNumber
1800f4d8f	string	7	0	module
1800f4d97	string	12	0	failureType
1800f4da4	string	8	0	message
1800f4dad	string	9	0	threadId
1800f4db7	string	12	0	callContext
1800f4dc4	string	21	0	originatingContextId
1800f4dda	string	23	0	originatingContextName
1800f4df2	string	26	0	originatingContextMessage
1800f4e0d	string	17	0	currentContextId
1800f4e1f	string	19	0	currentContextName
1800f4e33	string	22	0	currentContextMessage
1800f4e4a	string	10	0	failureId
1800f4e55	string	13	0	failureCount
1800f4e63	string	9	0	function
1800f4e7c	string	30	0	EspCreateRegistryKeyReference
1800f4e9a	string	15	0	PartA_PrivTags
1800f4ea9	string	13	0	 wilActivity
1800f4eb8	string	8	0	hresult
1800f4ec1	string	9	0	threadId
1800f4ecb	string	12	0	ReferenceId
1800f4ee7	string	30	0	EspCreateRegistryKeyReference
1800f4f05	string	15	0	PartA_PrivTags
1800f4f14	string	16	0	 PartA_PrivTags
1800f4f24	string	13	0	 wilActivity
1800f4f33	string	8	0	hresult
1800f4f3c	string	9	0	fileName
1800f4f46	string	11	0	lineNumber
1800f4f52	string	7	0	module
1800f4f5a	string	12	0	failureType
1800f4f67	string	8	0	message
1800f4f70	string	9	0	threadId
1800f4f7a	string	12	0	callContext
1800f4f87	string	21	0	originatingContextId
1800f4f9d	string	23	0	originatingContextName
1800f4fb5	string	26	0	originatingContextMessage
1800f4fd0	string	17	0	currentContextId
1800f4fe2	string	19	0	currentContextName
1800f4ff6	string	22	0	currentContextMessage
1800f500d	string	10	0	failureId
1800f5018	string	13	0	failureCount
1800f5026	string	9	0	function
1800f5030	string	12	0	ReferenceId
1800f504c	string	30	0	EspCreateRegistryKeyReference
1800f506a	string	15	0	PartA_PrivTags
1800f5079	string	13	0	 wilActivity
1800f5088	string	9	0	threadId
1800f5092	string	9	0	ClientId
1800f509c	string	8	0	KeyPath
1800f50b4	string	30	0	EspCreateRegistryKeyReference
1800f50d2	string	15	0	PartA_PrivTags
1800f50e1	string	13	0	 wilActivity
1800f50f0	string	8	0	hresult
1800f50f9	string	9	0	threadId
1800f5112	string	30	0	EspCreateRegistryKeyReference
1800f5130	string	15	0	PartA_PrivTags
1800f513f	string	16	0	 PartA_PrivTags
1800f514f	string	13	0	 wilActivity
1800f515e	string	8	0	hresult
1800f5167	string	9	0	fileName
1800f5171	string	11	0	lineNumber
1800f517d	string	7	0	module
1800f5185	string	12	0	failureType
1800f5192	string	8	0	message
1800f519b	string	9	0	threadId
1800f51a5	string	12	0	callContext
1800f51b2	string	21	0	originatingContextId
1800f51c8	string	23	0	originatingContextName
1800f51e0	string	26	0	originatingContextMessage
1800f51fb	string	17	0	currentContextId
1800f520d	string	19	0	currentContextName
1800f5221	string	22	0	currentContextMessage
1800f5238	string	10	0	failureId
1800f5243	string	13	0	failureCount
1800f5251	string	9	0	function
1800f526a	string	23	0	EspCreateDiskReference
1800f5281	string	15	0	PartA_PrivTags
1800f5290	string	13	0	 wilActivity
1800f529f	string	8	0	hresult
1800f52a8	string	9	0	threadId
1800f52b2	string	12	0	ReferenceId
1800f52ce	string	23	0	EspCreateDiskReference
1800f52e5	string	15	0	PartA_PrivTags
1800f52f4	string	16	0	 PartA_PrivTags
1800f5304	string	13	0	 wilActivity
1800f5313	string	8	0	hresult
1800f531c	string	9	0	fileName
1800f5326	string	11	0	lineNumber
1800f5332	string	7	0	module
1800f533a	string	12	0	failureType
1800f5347	string	8	0	message
1800f5350	string	9	0	threadId
1800f535a	string	12	0	callContext
1800f5367	string	21	0	originatingContextId
1800f537d	string	23	0	originatingContextName
1800f5395	string	26	0	originatingContextMessage
1800f53b0	string	17	0	currentContextId
1800f53c2	string	19	0	currentContextName
1800f53d6	string	22	0	currentContextMessage
1800f53ed	string	10	0	failureId
1800f53f8	string	13	0	failureCount
1800f5406	string	9	0	function
1800f5410	string	12	0	ReferenceId
1800f542c	string	23	0	EspCreateDiskReference
1800f5443	string	15	0	PartA_PrivTags
1800f5452	string	13	0	 wilActivity
1800f5461	string	9	0	threadId
1800f546b	string	9	0	ClientId
1800f5475	string	9	0	DiskPath
1800f548e	string	23	0	EspCreateDiskReference
1800f54a5	string	15	0	PartA_PrivTags
1800f54b4	string	13	0	 wilActivity
1800f54c3	string	8	0	hresult
1800f54cc	string	9	0	threadId
1800f54e5	string	23	0	EspCreateDiskReference
1800f54fc	string	15	0	PartA_PrivTags
1800f550b	string	16	0	 PartA_PrivTags
1800f551b	string	13	0	 wilActivity
1800f552a	string	8	0	hresult
1800f5533	string	9	0	fileName
1800f553d	string	11	0	lineNumber
1800f5549	string	7	0	module
1800f5551	string	12	0	failureType
1800f555e	string	8	0	message
1800f5567	string	9	0	threadId
1800f5571	string	12	0	callContext
1800f557e	string	21	0	originatingContextId
1800f5594	string	23	0	originatingContextName
1800f55ac	string	26	0	originatingContextMessage
1800f55c7	string	17	0	currentContextId
1800f55d9	string	19	0	currentContextName
1800f55ed	string	22	0	currentContextMessage
1800f5604	string	10	0	failureId
1800f560f	string	13	0	failureCount
1800f561d	string	9	0	function
1800f5636	string	25	0	EspCreateVolumeReference
1800f564f	string	15	0	PartA_PrivTags
1800f565e	string	13	0	 wilActivity
1800f566d	string	8	0	hresult
1800f5676	string	9	0	threadId
1800f5680	string	12	0	ReferenceId
1800f569c	string	25	0	EspCreateVolumeReference
1800f56b5	string	15	0	PartA_PrivTags
1800f56c4	string	16	0	 PartA_PrivTags
1800f56d4	string	13	0	 wilActivity
1800f56e3	string	8	0	hresult
1800f56ec	string	9	0	fileName
1800f56f6	string	11	0	lineNumber
1800f5702	string	7	0	module
1800f570a	string	12	0	failureType
1800f5717	string	8	0	message
1800f5720	string	9	0	threadId
1800f572a	string	12	0	callContext
1800f5737	string	21	0	originatingContextId
1800f574d	string	23	0	originatingContextName
1800f5765	string	26	0	originatingContextMessage
1800f5780	string	17	0	currentContextId
1800f5792	string	19	0	currentContextName
1800f57a6	string	22	0	currentContextMessage
1800f57bd	string	10	0	failureId
1800f57c8	string	13	0	failureCount
1800f57d6	string	9	0	function
1800f57e0	string	12	0	ReferenceId
1800f57fc	string	25	0	EspCreateVolumeReference
1800f5815	string	15	0	PartA_PrivTags
1800f5824	string	13	0	 wilActivity
1800f5833	string	9	0	threadId
1800f583d	string	9	0	ClientId
1800f5847	string	11	0	VolumeGuid
1800f5862	string	25	0	EspCreateVolumeReference
1800f587b	string	15	0	PartA_PrivTags
1800f588a	string	13	0	 wilActivity
1800f5899	string	8	0	hresult
1800f58a2	string	9	0	threadId
1800f58bb	string	25	0	EspCreateVolumeReference
1800f58d4	string	15	0	PartA_PrivTags
1800f58e3	string	16	0	 PartA_PrivTags
1800f58f3	string	13	0	 wilActivity
1800f5902	string	8	0	hresult
1800f590b	string	9	0	fileName
1800f5915	string	11	0	lineNumber
1800f5921	string	7	0	module
1800f5929	string	12	0	failureType
1800f5936	string	8	0	message
1800f593f	string	9	0	threadId
1800f5949	string	12	0	callContext
1800f5956	string	21	0	originatingContextId
1800f596c	string	23	0	originatingContextName
1800f5984	string	26	0	originatingContextMessage
1800f599f	string	17	0	currentContextId
1800f59b1	string	19	0	currentContextName
1800f59c5	string	22	0	currentContextMessage
1800f59dc	string	10	0	failureId
1800f59e7	string	13	0	failureCount
1800f59f5	string	9	0	function
1800f5a0e	string	33	0	EspCreateFileStreamReferenceById
1800f5a2f	string	15	0	PartA_PrivTags
1800f5a3e	string	13	0	 wilActivity
1800f5a4d	string	8	0	hresult
1800f5a56	string	9	0	threadId
1800f5a60	string	12	0	ReferenceId
1800f5a7c	string	33	0	EspCreateFileStreamReferenceById
1800f5a9d	string	15	0	PartA_PrivTags
1800f5aac	string	16	0	 PartA_PrivTags
1800f5abc	string	13	0	 wilActivity
1800f5acb	string	8	0	hresult
1800f5ad4	string	9	0	fileName
1800f5ade	string	11	0	lineNumber
1800f5aea	string	7	0	module
1800f5af2	string	12	0	failureType
1800f5aff	string	8	0	message
1800f5b08	string	9	0	threadId
1800f5b12	string	12	0	callContext
1800f5b1f	string	21	0	originatingContextId
1800f5b35	string	23	0	originatingContextName
1800f5b4d	string	26	0	originatingContextMessage
1800f5b68	string	17	0	currentContextId
1800f5b7a	string	19	0	currentContextName
1800f5b8e	string	22	0	currentContextMessage
1800f5ba5	string	10	0	failureId
1800f5bb0	string	13	0	failureCount
1800f5bbe	string	9	0	function
1800f5bc8	string	12	0	ReferenceId
1800f5be4	string	33	0	EspCreateFileStreamReferenceById
1800f5c05	string	15	0	PartA_PrivTags
1800f5c14	string	13	0	 wilActivity
1800f5c23	string	9	0	threadId
1800f5c2d	string	9	0	ClientId
1800f5c37	string	11	0	VolumeGuid
1800f5c43	string	7	0	FileId
1800f5c4b	string	11	0	StreamName
1800f5c66	string	33	0	EspCreateFileStreamReferenceById
1800f5c87	string	15	0	PartA_PrivTags
1800f5c96	string	13	0	 wilActivity
1800f5ca5	string	8	0	hresult
1800f5cae	string	9	0	threadId
1800f5cc7	string	33	0	EspCreateFileStreamReferenceById
1800f5ce8	string	15	0	PartA_PrivTags
1800f5cf7	string	16	0	 PartA_PrivTags
1800f5d07	string	13	0	 wilActivity
1800f5d16	string	8	0	hresult
1800f5d1f	string	9	0	fileName
1800f5d29	string	11	0	lineNumber
1800f5d35	string	7	0	module
1800f5d3d	string	12	0	failureType
1800f5d4a	string	8	0	message
1800f5d53	string	9	0	threadId
1800f5d5d	string	12	0	callContext
1800f5d6a	string	21	0	originatingContextId
1800f5d80	string	23	0	originatingContextName
1800f5d98	string	26	0	originatingContextMessage
1800f5db3	string	17	0	currentContextId
1800f5dc5	string	19	0	currentContextName
1800f5dd9	string	22	0	currentContextMessage
1800f5df0	string	10	0	failureId
1800f5dfb	string	13	0	failureCount
1800f5e09	string	9	0	function
1800f5e22	string	35	0	EspCreateFileStreamReferenceByPath
1800f5e45	string	15	0	PartA_PrivTags
1800f5e54	string	13	0	 wilActivity
1800f5e63	string	8	0	hresult
1800f5e6c	string	9	0	threadId
1800f5e76	string	12	0	ReferenceId
1800f5e92	string	35	0	EspCreateFileStreamReferenceByPath
1800f5eb5	string	15	0	PartA_PrivTags
1800f5ec4	string	16	0	 PartA_PrivTags
1800f5ed4	string	13	0	 wilActivity
1800f5ee3	string	8	0	hresult
1800f5eec	string	9	0	fileName
1800f5ef6	string	11	0	lineNumber
1800f5f02	string	7	0	module
1800f5f0a	string	12	0	failureType
1800f5f17	string	8	0	message
1800f5f20	string	9	0	threadId
1800f5f2a	string	12	0	callContext
1800f5f37	string	21	0	originatingContextId
1800f5f4d	string	23	0	originatingContextName
1800f5f65	string	26	0	originatingContextMessage
1800f5f80	string	17	0	currentContextId
1800f5f92	string	19	0	currentContextName
1800f5fa6	string	22	0	currentContextMessage
1800f5fbd	string	10	0	failureId
1800f5fc8	string	13	0	failureCount
1800f5fd6	string	9	0	function
1800f5fe0	string	12	0	ReferenceId
1800f5ffc	string	35	0	EspCreateFileStreamReferenceByPath
1800f601f	string	15	0	PartA_PrivTags
1800f602e	string	13	0	 wilActivity
1800f603d	string	9	0	threadId
1800f6047	string	9	0	ClientId
1800f6051	string	11	0	StreamPath
1800f606c	string	35	0	EspCreateFileStreamReferenceByPath
1800f608f	string	15	0	PartA_PrivTags
1800f609e	string	13	0	 wilActivity
1800f60ad	string	8	0	hresult
1800f60b6	string	9	0	threadId
1800f60cf	string	35	0	EspCreateFileStreamReferenceByPath
1800f60f2	string	15	0	PartA_PrivTags
1800f6101	string	16	0	 PartA_PrivTags
1800f6111	string	13	0	 wilActivity
1800f6120	string	8	0	hresult
1800f6129	string	9	0	fileName
1800f6133	string	11	0	lineNumber
1800f613f	string	7	0	module
1800f6147	string	12	0	failureType
1800f6154	string	8	0	message
1800f615d	string	9	0	threadId
1800f6167	string	12	0	callContext
1800f6174	string	21	0	originatingContextId
1800f618a	string	23	0	originatingContextName
1800f61a2	string	26	0	originatingContextMessage
1800f61bd	string	17	0	currentContextId
1800f61cf	string	19	0	currentContextName
1800f61e3	string	22	0	currentContextMessage
1800f61fa	string	10	0	failureId
1800f6205	string	13	0	failureCount
1800f6213	string	9	0	function
1800f622c	string	27	0	EspCreateFileReferenceById
1800f6247	string	15	0	PartA_PrivTags
1800f6256	string	13	0	 wilActivity
1800f6265	string	8	0	hresult
1800f626e	string	9	0	threadId
1800f6278	string	12	0	ReferenceId
1800f6294	string	27	0	EspCreateFileReferenceById
1800f62af	string	15	0	PartA_PrivTags
1800f62be	string	16	0	 PartA_PrivTags
1800f62ce	string	13	0	 wilActivity
1800f62dd	string	8	0	hresult
1800f62e6	string	9	0	fileName
1800f62f0	string	11	0	lineNumber
1800f62fc	string	7	0	module
1800f6304	string	12	0	failureType
1800f6311	string	8	0	message
1800f631a	string	9	0	threadId
1800f6324	string	12	0	callContext
1800f6331	string	21	0	originatingContextId
1800f6347	string	23	0	originatingContextName
1800f635f	string	26	0	originatingContextMessage
1800f637a	string	17	0	currentContextId
1800f638c	string	19	0	currentContextName
1800f63a0	string	22	0	currentContextMessage
1800f63b7	string	10	0	failureId
1800f63c2	string	13	0	failureCount
1800f63d0	string	9	0	function
1800f63da	string	12	0	ReferenceId
1800f63f6	string	27	0	EspCreateFileReferenceById
1800f6411	string	15	0	PartA_PrivTags
1800f6420	string	13	0	 wilActivity
1800f642f	string	9	0	threadId
1800f6439	string	9	0	ClientId
1800f6443	string	11	0	VolumeGuid
1800f644f	string	7	0	FileId
1800f6466	string	27	0	EspCreateFileReferenceById
1800f6481	string	15	0	PartA_PrivTags
1800f6490	string	13	0	 wilActivity
1800f649f	string	8	0	hresult
1800f64a8	string	9	0	threadId
1800f64c1	string	27	0	EspCreateFileReferenceById
1800f64dc	string	15	0	PartA_PrivTags
1800f64eb	string	16	0	 PartA_PrivTags
1800f64fb	string	13	0	 wilActivity
1800f650a	string	8	0	hresult
1800f6513	string	9	0	fileName
1800f651d	string	11	0	lineNumber
1800f6529	string	7	0	module
1800f6531	string	12	0	failureType
1800f653e	string	8	0	message
1800f6547	string	9	0	threadId
1800f6551	string	12	0	callContext
1800f655e	string	21	0	originatingContextId
1800f6574	string	23	0	originatingContextName
1800f658c	string	26	0	originatingContextMessage
1800f65a7	string	17	0	currentContextId
1800f65b9	string	19	0	currentContextName
1800f65cd	string	22	0	currentContextMessage
1800f65e4	string	10	0	failureId
1800f65ef	string	13	0	failureCount
1800f65fd	string	9	0	function
1800f6616	string	29	0	EspCreateFileReferenceByPath
1800f6633	string	15	0	PartA_PrivTags
1800f6642	string	13	0	 wilActivity
1800f6651	string	8	0	hresult
1800f665a	string	9	0	threadId
1800f6664	string	12	0	ReferenceId
1800f6680	string	29	0	EspCreateFileReferenceByPath
1800f669d	string	15	0	PartA_PrivTags
1800f66ac	string	16	0	 PartA_PrivTags
1800f66bc	string	13	0	 wilActivity
1800f66cb	string	8	0	hresult
1800f66d4	string	9	0	fileName
1800f66de	string	11	0	lineNumber
1800f66ea	string	7	0	module
1800f66f2	string	12	0	failureType
1800f66ff	string	8	0	message
1800f6708	string	9	0	threadId
1800f6712	string	12	0	callContext
1800f671f	string	21	0	originatingContextId
1800f6735	string	23	0	originatingContextName
1800f674d	string	26	0	originatingContextMessage
1800f6768	string	17	0	currentContextId
1800f677a	string	19	0	currentContextName
1800f678e	string	22	0	currentContextMessage
1800f67a5	string	10	0	failureId
1800f67b0	string	13	0	failureCount
1800f67be	string	9	0	function
1800f67c8	string	12	0	ReferenceId
1800f67e4	string	29	0	EspCreateFileReferenceByPath
1800f6801	string	15	0	PartA_PrivTags
1800f6810	string	13	0	 wilActivity
1800f681f	string	9	0	threadId
1800f6829	string	9	0	ClientId
1800f6833	string	9	0	FilePath
1800f684c	string	29	0	EspCreateFileReferenceByPath
1800f6869	string	15	0	PartA_PrivTags
1800f6878	string	13	0	 wilActivity
1800f6887	string	8	0	hresult
1800f6890	string	9	0	threadId
1800f68a9	string	29	0	EspCreateFileReferenceByPath
1800f68c6	string	15	0	PartA_PrivTags
1800f68d5	string	16	0	 PartA_PrivTags
1800f68e5	string	13	0	 wilActivity
1800f68f4	string	8	0	hresult
1800f68fd	string	9	0	fileName
1800f6907	string	11	0	lineNumber
1800f6913	string	7	0	module
1800f691b	string	12	0	failureType
1800f6928	string	8	0	message
1800f6931	string	9	0	threadId
1800f693b	string	12	0	callContext
1800f6948	string	21	0	originatingContextId
1800f695e	string	23	0	originatingContextName
1800f6976	string	26	0	originatingContextMessage
1800f6991	string	17	0	currentContextId
1800f69a3	string	19	0	currentContextName
1800f69b7	string	22	0	currentContextMessage
1800f69ce	string	10	0	failureId
1800f69d9	string	13	0	failureCount
1800f69e7	string	9	0	function
1800f6a00	string	30	0	EspCreateThreadTokenReference
1800f6a1e	string	15	0	PartA_PrivTags
1800f6a2d	string	13	0	 wilActivity
1800f6a3c	string	8	0	hresult
1800f6a45	string	9	0	threadId
1800f6a4f	string	12	0	ReferenceId
1800f6a6b	string	30	0	EspCreateThreadTokenReference
1800f6a89	string	15	0	PartA_PrivTags
1800f6a98	string	16	0	 PartA_PrivTags
1800f6aa8	string	13	0	 wilActivity
1800f6ab7	string	8	0	hresult
1800f6ac0	string	9	0	fileName
1800f6aca	string	11	0	lineNumber
1800f6ad6	string	7	0	module
1800f6ade	string	12	0	failureType
1800f6aeb	string	8	0	message
1800f6af4	string	9	0	threadId
1800f6afe	string	12	0	callContext
1800f6b0b	string	21	0	originatingContextId
1800f6b21	string	23	0	originatingContextName
1800f6b39	string	26	0	originatingContextMessage
1800f6b54	string	17	0	currentContextId
1800f6b66	string	19	0	currentContextName
1800f6b7a	string	22	0	currentContextMessage
1800f6b91	string	10	0	failureId
1800f6b9c	string	13	0	failureCount
1800f6baa	string	9	0	function
1800f6bb4	string	12	0	ReferenceId
1800f6bd0	string	30	0	EspCreateThreadTokenReference
1800f6bee	string	15	0	PartA_PrivTags
1800f6bfd	string	13	0	 wilActivity
1800f6c0c	string	9	0	threadId
1800f6c16	string	9	0	ClientId
1800f6c20	string	9	0	ThreadId
1800f6c39	string	30	0	EspCreateThreadTokenReference
1800f6c57	string	15	0	PartA_PrivTags
1800f6c66	string	13	0	 wilActivity
1800f6c75	string	8	0	hresult
1800f6c7e	string	9	0	threadId
1800f6c97	string	30	0	EspCreateThreadTokenReference
1800f6cb5	string	15	0	PartA_PrivTags
1800f6cc4	string	16	0	 PartA_PrivTags
1800f6cd4	string	13	0	 wilActivity
1800f6ce3	string	8	0	hresult
1800f6cec	string	9	0	fileName
1800f6cf6	string	11	0	lineNumber
1800f6d02	string	7	0	module
1800f6d0a	string	12	0	failureType
1800f6d17	string	8	0	message
1800f6d20	string	9	0	threadId
1800f6d2a	string	12	0	callContext
1800f6d37	string	21	0	originatingContextId
1800f6d4d	string	23	0	originatingContextName
1800f6d65	string	26	0	originatingContextMessage
1800f6d80	string	17	0	currentContextId
1800f6d92	string	19	0	currentContextName
1800f6da6	string	22	0	currentContextMessage
1800f6dbd	string	10	0	failureId
1800f6dc8	string	13	0	failureCount
1800f6dd6	string	9	0	function
1800f6def	string	31	0	EspCreateProcessTokenReference
1800f6e0e	string	15	0	PartA_PrivTags
1800f6e1d	string	13	0	 wilActivity
1800f6e2c	string	8	0	hresult
1800f6e35	string	9	0	threadId
1800f6e3f	string	12	0	ReferenceId
1800f6e5b	string	31	0	EspCreateProcessTokenReference
1800f6e7a	string	15	0	PartA_PrivTags
1800f6e89	string	16	0	 PartA_PrivTags
1800f6e99	string	13	0	 wilActivity
1800f6ea8	string	8	0	hresult
1800f6eb1	string	9	0	fileName
1800f6ebb	string	11	0	lineNumber
1800f6ec7	string	7	0	module
1800f6ecf	string	12	0	failureType
1800f6edc	string	8	0	message
1800f6ee5	string	9	0	threadId
1800f6eef	string	12	0	callContext
1800f6efc	string	21	0	originatingContextId
1800f6f12	string	23	0	originatingContextName
1800f6f2a	string	26	0	originatingContextMessage
1800f6f45	string	17	0	currentContextId
1800f6f57	string	19	0	currentContextName
1800f6f6b	string	22	0	currentContextMessage
1800f6f82	string	10	0	failureId
1800f6f8d	string	13	0	failureCount
1800f6f9b	string	9	0	function
1800f6fa5	string	12	0	ReferenceId
1800f6fc1	string	31	0	EspCreateProcessTokenReference
1800f6fe0	string	15	0	PartA_PrivTags
1800f6fef	string	13	0	 wilActivity
1800f6ffe	string	9	0	threadId
1800f7008	string	9	0	ClientId
1800f7012	string	10	0	ProcessId
1800f702c	string	31	0	EspCreateProcessTokenReference
1800f704b	string	15	0	PartA_PrivTags
1800f705a	string	13	0	 wilActivity
1800f7069	string	8	0	hresult
1800f7072	string	9	0	threadId
1800f708b	string	31	0	EspCreateProcessTokenReference
1800f70aa	string	15	0	PartA_PrivTags
1800f70b9	string	16	0	 PartA_PrivTags
1800f70c9	string	13	0	 wilActivity
1800f70d8	string	8	0	hresult
1800f70e1	string	9	0	fileName
1800f70eb	string	11	0	lineNumber
1800f70f7	string	7	0	module
1800f70ff	string	12	0	failureType
1800f710c	string	8	0	message
1800f7115	string	9	0	threadId
1800f711f	string	12	0	callContext
1800f712c	string	21	0	originatingContextId
1800f7142	string	23	0	originatingContextName
1800f715a	string	26	0	originatingContextMessage
1800f7175	string	17	0	currentContextId
1800f7187	string	19	0	currentContextName
1800f719b	string	22	0	currentContextMessage
1800f71b2	string	10	0	failureId
1800f71bd	string	13	0	failureCount
1800f71cb	string	9	0	function
1800f71e4	string	26	0	EspCreateProcessReference
1800f71fe	string	15	0	PartA_PrivTags
1800f720d	string	13	0	 wilActivity
1800f721c	string	8	0	hresult
1800f7225	string	9	0	threadId
1800f722f	string	12	0	ReferenceId
1800f724b	string	26	0	EspCreateProcessReference
1800f7265	string	15	0	PartA_PrivTags
1800f7274	string	16	0	 PartA_PrivTags
1800f7284	string	13	0	 wilActivity
1800f7293	string	8	0	hresult
1800f729c	string	9	0	fileName
1800f72a6	string	11	0	lineNumber
1800f72b2	string	7	0	module
1800f72ba	string	12	0	failureType
1800f72c7	string	8	0	message
1800f72d0	string	9	0	threadId
1800f72da	string	12	0	callContext
1800f72e7	string	21	0	originatingContextId
1800f72fd	string	23	0	originatingContextName
1800f7315	string	26	0	originatingContextMessage
1800f7330	string	17	0	currentContextId
1800f7342	string	19	0	currentContextName
1800f7356	string	22	0	currentContextMessage
1800f736d	string	10	0	failureId
1800f7378	string	13	0	failureCount
1800f7386	string	9	0	function
1800f7390	string	12	0	ReferenceId
1800f73ac	string	26	0	EspCreateProcessReference
1800f73c6	string	15	0	PartA_PrivTags
1800f73d5	string	13	0	 wilActivity
1800f73e4	string	9	0	threadId
1800f73ee	string	9	0	ClientId
1800f73f8	string	10	0	ProcessId
1800f7412	string	26	0	EspCreateProcessReference
1800f742c	string	15	0	PartA_PrivTags
1800f743b	string	13	0	 wilActivity
1800f744a	string	8	0	hresult
1800f7453	string	9	0	threadId
1800f746c	string	26	0	EspCreateProcessReference
1800f7486	string	15	0	PartA_PrivTags
1800f7495	string	16	0	 PartA_PrivTags
1800f74a5	string	13	0	 wilActivity
1800f74b4	string	8	0	hresult
1800f74bd	string	9	0	fileName
1800f74c7	string	11	0	lineNumber
1800f74d3	string	7	0	module
1800f74db	string	12	0	failureType
1800f74e8	string	8	0	message
1800f74f1	string	9	0	threadId
1800f74fb	string	12	0	callContext
1800f7508	string	21	0	originatingContextId
1800f751e	string	23	0	originatingContextName
1800f7536	string	26	0	originatingContextMessage
1800f7551	string	17	0	currentContextId
1800f7563	string	19	0	currentContextName
1800f7577	string	22	0	currentContextMessage
1800f758e	string	10	0	failureId
1800f7599	string	13	0	failureCount
1800f75a7	string	9	0	function
1800f75c0	string	25	0	EspCreateThreadReference
1800f75d9	string	15	0	PartA_PrivTags
1800f75e8	string	13	0	 wilActivity
1800f75f7	string	8	0	hresult
1800f7600	string	9	0	threadId
1800f760a	string	12	0	ReferenceId
1800f7626	string	25	0	EspCreateThreadReference
1800f763f	string	15	0	PartA_PrivTags
1800f764e	string	16	0	 PartA_PrivTags
1800f765e	string	13	0	 wilActivity
1800f766d	string	8	0	hresult
1800f7676	string	9	0	fileName
1800f7680	string	11	0	lineNumber
1800f768c	string	7	0	module
1800f7694	string	12	0	failureType
1800f76a1	string	8	0	message
1800f76aa	string	9	0	threadId
1800f76b4	string	12	0	callContext
1800f76c1	string	21	0	originatingContextId
1800f76d7	string	23	0	originatingContextName
1800f76ef	string	26	0	originatingContextMessage
1800f770a	string	17	0	currentContextId
1800f771c	string	19	0	currentContextName
1800f7730	string	22	0	currentContextMessage
1800f7747	string	10	0	failureId
1800f7752	string	13	0	failureCount
1800f7760	string	9	0	function
1800f776a	string	12	0	ReferenceId
1800f7786	string	25	0	EspCreateThreadReference
1800f779f	string	15	0	PartA_PrivTags
1800f77ae	string	13	0	 wilActivity
1800f77bd	string	9	0	threadId
1800f77c7	string	9	0	ClientId
1800f77d1	string	9	0	ThreadId
1800f77ea	string	25	0	EspCreateThreadReference
1800f7803	string	15	0	PartA_PrivTags
1800f7812	string	13	0	 wilActivity
1800f7821	string	8	0	hresult
1800f782a	string	9	0	threadId
1800f7843	string	25	0	EspCreateThreadReference
1800f785c	string	15	0	PartA_PrivTags
1800f786b	string	16	0	 PartA_PrivTags
1800f787b	string	13	0	 wilActivity
1800f788a	string	8	0	hresult
1800f7893	string	9	0	fileName
1800f789d	string	11	0	lineNumber
1800f78a9	string	7	0	module
1800f78b1	string	12	0	failureType
1800f78be	string	8	0	message
1800f78c7	string	9	0	threadId
1800f78d1	string	12	0	callContext
1800f78de	string	21	0	originatingContextId
1800f78f4	string	23	0	originatingContextName
1800f790c	string	26	0	originatingContextMessage
1800f7927	string	17	0	currentContextId
1800f7939	string	19	0	currentContextName
1800f794d	string	22	0	currentContextMessage
1800f7964	string	10	0	failureId
1800f796f	string	13	0	failureCount
1800f797d	string	9	0	function
1800f7996	string	33	0	EspDuplicateEventObjectReference
1800f79b7	string	15	0	PartA_PrivTags
1800f79c6	string	13	0	 wilActivity
1800f79d5	string	8	0	hresult
1800f79de	string	9	0	threadId
1800f79e8	string	22	0	DuplicatedReferenceId
1800f7a0e	string	33	0	EspDuplicateEventObjectReference
1800f7a2f	string	15	0	PartA_PrivTags
1800f7a3e	string	16	0	 PartA_PrivTags
1800f7a4e	string	13	0	 wilActivity
1800f7a5d	string	8	0	hresult
1800f7a66	string	9	0	fileName
1800f7a70	string	11	0	lineNumber
1800f7a7c	string	7	0	module
1800f7a84	string	12	0	failureType
1800f7a91	string	8	0	message
1800f7a9a	string	9	0	threadId
1800f7aa4	string	12	0	callContext
1800f7ab1	string	21	0	originatingContextId
1800f7ac7	string	23	0	originatingContextName
1800f7adf	string	26	0	originatingContextMessage
1800f7afa	string	17	0	currentContextId
1800f7b0c	string	19	0	currentContextName
1800f7b20	string	22	0	currentContextMessage
1800f7b37	string	10	0	failureId
1800f7b42	string	13	0	failureCount
1800f7b50	string	9	0	function
1800f7b5a	string	22	0	DuplicatedReferenceId
1800f7b80	string	33	0	EspDuplicateEventObjectReference
1800f7ba1	string	15	0	PartA_PrivTags
1800f7bb0	string	13	0	 wilActivity
1800f7bbf	string	9	0	threadId
1800f7bc9	string	18	0	SourceReferenceId
1800f7beb	string	33	0	EspDuplicateEventObjectReference
1800f7c0c	string	15	0	PartA_PrivTags
1800f7c1b	string	13	0	 wilActivity
1800f7c2a	string	8	0	hresult
1800f7c33	string	9	0	threadId
1800f7c4c	string	33	0	EspDuplicateEventObjectReference
1800f7c6d	string	15	0	PartA_PrivTags
1800f7c7c	string	16	0	 PartA_PrivTags
1800f7c8c	string	13	0	 wilActivity
1800f7c9b	string	8	0	hresult
1800f7ca4	string	9	0	fileName
1800f7cae	string	11	0	lineNumber
1800f7cba	string	7	0	module
1800f7cc2	string	12	0	failureType
1800f7ccf	string	8	0	message
1800f7cd8	string	9	0	threadId
1800f7ce2	string	12	0	callContext
1800f7cef	string	21	0	originatingContextId
1800f7d05	string	23	0	originatingContextName
1800f7d1d	string	26	0	originatingContextMessage
1800f7d38	string	17	0	currentContextId
1800f7d4a	string	19	0	currentContextName
1800f7d5e	string	22	0	currentContextMessage
1800f7d75	string	10	0	failureId
1800f7d80	string	13	0	failureCount
1800f7d8e	string	9	0	function
1800f7da7	string	34	0	EspCreateEventObjectReferenceById
1800f7dc9	string	15	0	PartA_PrivTags
1800f7dd8	string	13	0	 wilActivity
1800f7de7	string	8	0	hresult
1800f7df0	string	9	0	threadId
1800f7dfa	string	12	0	ReferenceId
1800f7e16	string	34	0	EspCreateEventObjectReferenceById
1800f7e38	string	15	0	PartA_PrivTags
1800f7e47	string	16	0	 PartA_PrivTags
1800f7e57	string	13	0	 wilActivity
1800f7e66	string	8	0	hresult
1800f7e6f	string	9	0	fileName
1800f7e79	string	11	0	lineNumber
1800f7e85	string	7	0	module
1800f7e8d	string	12	0	failureType
1800f7e9a	string	8	0	message
1800f7ea3	string	9	0	threadId
1800f7ead	string	12	0	callContext
1800f7eba	string	21	0	originatingContextId
1800f7ed0	string	23	0	originatingContextName
1800f7ee8	string	26	0	originatingContextMessage
1800f7f03	string	17	0	currentContextId
1800f7f15	string	19	0	currentContextName
1800f7f29	string	22	0	currentContextMessage
1800f7f40	string	10	0	failureId
1800f7f4b	string	13	0	failureCount
1800f7f59	string	9	0	function
1800f7f63	string	12	0	ReferenceId
1800f7f7f	string	34	0	EspCreateEventObjectReferenceById
1800f7fa1	string	15	0	PartA_PrivTags
1800f7fb0	string	13	0	 wilActivity
1800f7fbf	string	9	0	threadId
1800f7fc9	string	9	0	ClientId
1800f7fd3	string	9	0	ObjectId
1800f7fec	string	34	0	EspCreateEventObjectReferenceById
1800f800e	string	15	0	PartA_PrivTags
1800f801d	string	13	0	 wilActivity
1800f802c	string	8	0	hresult
1800f8035	string	9	0	threadId
1800f804e	string	34	0	EspCreateEventObjectReferenceById
1800f8070	string	15	0	PartA_PrivTags
1800f807f	string	16	0	 PartA_PrivTags
1800f808f	string	13	0	 wilActivity
1800f809e	string	8	0	hresult
1800f80a7	string	9	0	fileName
1800f80b1	string	11	0	lineNumber
1800f80bd	string	7	0	module
1800f80c5	string	12	0	failureType
1800f80d2	string	8	0	message
1800f80db	string	9	0	threadId
1800f80e5	string	12	0	callContext
1800f80f2	string	21	0	originatingContextId
1800f8108	string	23	0	originatingContextName
1800f8120	string	26	0	originatingContextMessage
1800f813b	string	17	0	currentContextId
1800f814d	string	19	0	currentContextName
1800f8161	string	22	0	currentContextMessage
1800f8178	string	10	0	failureId
1800f8183	string	13	0	failureCount
1800f8191	string	9	0	function
1800f81aa	string	30	0	EspCreateEventObjectReference
1800f81c8	string	15	0	PartA_PrivTags
1800f81d7	string	13	0	 wilActivity
1800f81e6	string	8	0	hresult
1800f81ef	string	9	0	threadId
1800f81f9	string	9	0	ClientId
1800f8203	string	9	0	ObjectId
1800f820c	string	13	0	 ReferenceId
1800f8229	string	30	0	EspCreateEventObjectReference
1800f8247	string	15	0	PartA_PrivTags
1800f8256	string	16	0	 PartA_PrivTags
1800f8266	string	13	0	 wilActivity
1800f8275	string	8	0	hresult
1800f827e	string	9	0	fileName
1800f8288	string	11	0	lineNumber
1800f8294	string	7	0	module
1800f829c	string	12	0	failureType
1800f82a9	string	8	0	message
1800f82b2	string	9	0	threadId
1800f82bc	string	12	0	callContext
1800f82c9	string	21	0	originatingContextId
1800f82df	string	23	0	originatingContextName
1800f82f7	string	26	0	originatingContextMessage
1800f8312	string	17	0	currentContextId
1800f8324	string	19	0	currentContextName
1800f8338	string	22	0	currentContextMessage
1800f834f	string	10	0	failureId
1800f835a	string	13	0	failureCount
1800f8368	string	9	0	function
1800f8372	string	9	0	ClientId
1800f837c	string	9	0	ObjectId
1800f8385	string	13	0	 ReferenceId
1800f83a2	string	30	0	EspCreateEventObjectReference
1800f83c0	string	15	0	PartA_PrivTags
1800f83cf	string	13	0	 wilActivity
1800f83de	string	9	0	threadId
1800f83f7	string	30	0	EspCreateEventObjectReference
1800f8415	string	15	0	PartA_PrivTags
1800f8424	string	13	0	 wilActivity
1800f8433	string	8	0	hresult
1800f843c	string	9	0	threadId
1800f8455	string	30	0	EspCreateEventObjectReference
1800f8473	string	15	0	PartA_PrivTags
1800f8482	string	16	0	 PartA_PrivTags
1800f8492	string	13	0	 wilActivity
1800f84a1	string	8	0	hresult
1800f84aa	string	9	0	fileName
1800f84b4	string	11	0	lineNumber
1800f84c0	string	7	0	module
1800f84c8	string	12	0	failureType
1800f84d5	string	8	0	message
1800f84de	string	9	0	threadId
1800f84e8	string	12	0	callContext
1800f84f5	string	21	0	originatingContextId
1800f850b	string	23	0	originatingContextName
1800f8523	string	26	0	originatingContextMessage
1800f853e	string	17	0	currentContextId
1800f8550	string	19	0	currentContextName
1800f8564	string	22	0	currentContextMessage
1800f857b	string	10	0	failureId
1800f8586	string	13	0	failureCount
1800f8594	string	9	0	function
1800f85ad	string	22	0	EspGetEventObjectType
1800f85c3	string	15	0	PartA_PrivTags
1800f85d2	string	13	0	 wilActivity
1800f85e1	string	8	0	hresult
1800f85ea	string	9	0	threadId
1800f8609	string	22	0	EspGetEventObjectType
1800f861f	string	15	0	PartA_PrivTags
1800f862e	string	16	0	 PartA_PrivTags
1800f863e	string	13	0	 wilActivity
1800f864d	string	8	0	hresult
1800f8656	string	9	0	fileName
1800f8660	string	11	0	lineNumber
1800f866c	string	7	0	module
1800f8674	string	12	0	failureType
1800f8681	string	8	0	message
1800f868a	string	9	0	threadId
1800f8694	string	12	0	callContext
1800f86a1	string	21	0	originatingContextId
1800f86b7	string	23	0	originatingContextName
1800f86cf	string	26	0	originatingContextMessage
1800f86ea	string	17	0	currentContextId
1800f86fc	string	19	0	currentContextName
1800f8710	string	22	0	currentContextMessage
1800f8727	string	10	0	failureId
1800f8732	string	13	0	failureCount
1800f8740	string	9	0	function
1800f875f	string	22	0	EspGetEventObjectType
1800f8775	string	15	0	PartA_PrivTags
1800f8784	string	13	0	 wilActivity
1800f8793	string	9	0	threadId
1800f879d	string	9	0	ObjectId
1800f87b6	string	22	0	EspGetEventObjectType
1800f87cc	string	15	0	PartA_PrivTags
1800f87db	string	13	0	 wilActivity
1800f87ea	string	8	0	hresult
1800f87f3	string	9	0	threadId
1800f880c	string	22	0	EspGetEventObjectType
1800f8822	string	15	0	PartA_PrivTags
1800f8831	string	16	0	 PartA_PrivTags
1800f8841	string	13	0	 wilActivity
1800f8850	string	8	0	hresult
1800f8859	string	9	0	fileName
1800f8863	string	11	0	lineNumber
1800f886f	string	7	0	module
1800f8877	string	12	0	failureType
1800f8884	string	8	0	message
1800f888d	string	9	0	threadId
1800f8897	string	12	0	callContext
1800f88a4	string	21	0	originatingContextId
1800f88ba	string	23	0	originatingContextName
1800f88d2	string	26	0	originatingContextMessage
1800f88ed	string	17	0	currentContextId
1800f88ff	string	19	0	currentContextName
1800f8913	string	22	0	currentContextMessage
1800f892a	string	10	0	failureId
1800f8935	string	13	0	failureCount
1800f8943	string	9	0	function
1800f895c	string	20	0	EspGetEventObjectId
1800f8970	string	15	0	PartA_PrivTags
1800f897f	string	13	0	 wilActivity
1800f898e	string	8	0	hresult
1800f8997	string	9	0	threadId
1800f89a1	string	9	0	ObjectId
1800f89ba	string	20	0	EspGetEventObjectId
1800f89ce	string	15	0	PartA_PrivTags
1800f89dd	string	16	0	 PartA_PrivTags
1800f89ed	string	13	0	 wilActivity
1800f89fc	string	8	0	hresult
1800f8a05	string	9	0	fileName
1800f8a0f	string	11	0	lineNumber
1800f8a1b	string	7	0	module
1800f8a23	string	12	0	failureType
1800f8a30	string	8	0	message
1800f8a39	string	9	0	threadId
1800f8a43	string	12	0	callContext
1800f8a50	string	21	0	originatingContextId
1800f8a66	string	23	0	originatingContextName
1800f8a7e	string	26	0	originatingContextMessage
1800f8a99	string	17	0	currentContextId
1800f8aab	string	19	0	currentContextName
1800f8abf	string	22	0	currentContextMessage
1800f8ad6	string	10	0	failureId
1800f8ae1	string	13	0	failureCount
1800f8aef	string	9	0	function
1800f8af9	string	9	0	ObjectId
1800f8b12	string	20	0	EspGetEventObjectId
1800f8b26	string	15	0	PartA_PrivTags
1800f8b35	string	13	0	 wilActivity
1800f8b44	string	9	0	threadId
1800f8b5d	string	20	0	EspGetEventObjectId
1800f8b71	string	15	0	PartA_PrivTags
1800f8b80	string	13	0	 wilActivity
1800f8b8f	string	8	0	hresult
1800f8b98	string	9	0	threadId
1800f8bb1	string	20	0	EspGetEventObjectId
1800f8bc5	string	15	0	PartA_PrivTags
1800f8bd4	string	16	0	 PartA_PrivTags
1800f8be4	string	13	0	 wilActivity
1800f8bf3	string	8	0	hresult
1800f8bfc	string	9	0	fileName
1800f8c06	string	11	0	lineNumber
1800f8c12	string	7	0	module
1800f8c1a	string	12	0	failureType
1800f8c27	string	8	0	message
1800f8c30	string	9	0	threadId
1800f8c3a	string	12	0	callContext
1800f8c47	string	21	0	originatingContextId
1800f8c5d	string	23	0	originatingContextName
1800f8c75	string	26	0	originatingContextMessage
1800f8c90	string	17	0	currentContextId
1800f8ca2	string	19	0	currentContextName
1800f8cb6	string	22	0	currentContextMessage
1800f8ccd	string	10	0	failureId
1800f8cd8	string	13	0	failureCount
1800f8ce6	string	9	0	function
1800f8cff	string	25	0	property_supported_query
1800f8d18	string	15	0	PartA_PrivTags
1800f8d27	string	13	0	 wilActivity
1800f8d36	string	8	0	hresult
1800f8d3f	string	9	0	threadId
1800f8d49	string	12	0	IsSupported
1800f8d66	string	25	0	property_supported_query
1800f8d7f	string	15	0	PartA_PrivTags
1800f8d8e	string	16	0	 PartA_PrivTags
1800f8d9e	string	13	0	 wilActivity
1800f8dad	string	8	0	hresult
1800f8db6	string	9	0	fileName
1800f8dc0	string	11	0	lineNumber
1800f8dcc	string	7	0	module
1800f8dd4	string	12	0	failureType
1800f8de1	string	8	0	message
1800f8dea	string	9	0	threadId
1800f8df4	string	12	0	callContext
1800f8e01	string	21	0	originatingContextId
1800f8e17	string	23	0	originatingContextName
1800f8e2f	string	26	0	originatingContextMessage
1800f8e4a	string	17	0	currentContextId
1800f8e5c	string	19	0	currentContextName
1800f8e70	string	22	0	currentContextMessage
1800f8e87	string	10	0	failureId
1800f8e92	string	13	0	failureCount
1800f8ea0	string	9	0	function
1800f8eaa	string	12	0	IsSupported
1800f8ec7	string	25	0	property_supported_query
1800f8ee0	string	15	0	PartA_PrivTags
1800f8eef	string	13	0	 wilActivity
1800f8efe	string	9	0	threadId
1800f8f08	string	9	0	ClientId
1800f8f12	string	11	0	FilterType
1800f8f1e	string	11	0	PropertyId
1800f8f39	string	25	0	property_supported_query
1800f8f52	string	15	0	PartA_PrivTags
1800f8f61	string	13	0	 wilActivity
1800f8f70	string	8	0	hresult
1800f8f79	string	9	0	threadId
1800f8f92	string	25	0	property_supported_query
1800f8fab	string	15	0	PartA_PrivTags
1800f8fba	string	16	0	 PartA_PrivTags
1800f8fca	string	13	0	 wilActivity
1800f8fd9	string	8	0	hresult
1800f8fe2	string	9	0	fileName
1800f8fec	string	11	0	lineNumber
1800f8ff8	string	7	0	module
1800f9000	string	12	0	failureType
1800f900d	string	8	0	message
1800f9016	string	9	0	threadId
1800f9020	string	12	0	callContext
1800f902d	string	21	0	originatingContextId
1800f9043	string	23	0	originatingContextName
1800f905b	string	26	0	originatingContextMessage
1800f9076	string	17	0	currentContextId
1800f9088	string	19	0	currentContextName
1800f909c	string	22	0	currentContextMessage
1800f90b3	string	10	0	failureId
1800f90be	string	13	0	failureCount
1800f90cc	string	9	0	function
1800f90e5	string	26	0	EspQueryDesktopProperties
1800f90ff	string	15	0	PartA_PrivTags
1800f910e	string	13	0	 wilActivity
1800f911d	string	9	0	threadId
1800f9127	string	17	0	PropertyIdsCount
1800f9139	string	12	0	PropertyIds
1800f9155	string	26	0	EspQueryDesktopProperties
1800f916f	string	15	0	PartA_PrivTags
1800f917e	string	13	0	 wilActivity
1800f918d	string	8	0	hresult
1800f9196	string	9	0	threadId
1800f91af	string	26	0	EspQueryDesktopProperties
1800f91c9	string	15	0	PartA_PrivTags
1800f91d8	string	16	0	 PartA_PrivTags
1800f91e8	string	13	0	 wilActivity
1800f91f7	string	8	0	hresult
1800f9200	string	9	0	fileName
1800f920a	string	11	0	lineNumber
1800f9216	string	7	0	module
1800f921e	string	12	0	failureType
1800f922b	string	8	0	message
1800f9234	string	9	0	threadId
1800f923e	string	12	0	callContext
1800f924b	string	21	0	originatingContextId
1800f9261	string	23	0	originatingContextName
1800f9279	string	26	0	originatingContextMessage
1800f9294	string	17	0	currentContextId
1800f92a6	string	19	0	currentContextName
1800f92ba	string	22	0	currentContextMessage
1800f92d1	string	10	0	failureId
1800f92dc	string	13	0	failureCount
1800f92ea	string	9	0	function
1800f9303	string	25	0	EspQueryClientProperties
1800f931c	string	15	0	PartA_PrivTags
1800f932b	string	13	0	 wilActivity
1800f933a	string	9	0	threadId
1800f9344	string	17	0	PropertyIdsCount
1800f9356	string	12	0	PropertyIds
1800f9372	string	25	0	EspQueryClientProperties
1800f938b	string	15	0	PartA_PrivTags
1800f939a	string	13	0	 wilActivity
1800f93a9	string	8	0	hresult
1800f93b2	string	9	0	threadId
1800f93cb	string	25	0	EspQueryClientProperties
1800f93e4	string	15	0	PartA_PrivTags
1800f93f3	string	16	0	 PartA_PrivTags
1800f9403	string	13	0	 wilActivity
1800f9412	string	8	0	hresult
1800f941b	string	9	0	fileName
1800f9425	string	11	0	lineNumber
1800f9431	string	7	0	module
1800f9439	string	12	0	failureType
1800f9446	string	8	0	message
1800f944f	string	9	0	threadId
1800f9459	string	12	0	callContext
1800f9466	string	21	0	originatingContextId
1800f947c	string	23	0	originatingContextName
1800f9494	string	26	0	originatingContextMessage
1800f94af	string	17	0	currentContextId
1800f94c1	string	19	0	currentContextName
1800f94d5	string	22	0	currentContextMessage
1800f94ec	string	10	0	failureId
1800f94f7	string	13	0	failureCount
1800f9505	string	9	0	function
1800f951e	string	24	0	EspQueryTokenProperties
1800f9536	string	15	0	PartA_PrivTags
1800f9545	string	13	0	 wilActivity
1800f9554	string	9	0	threadId
1800f955e	string	17	0	PropertyIdsCount
1800f9570	string	12	0	PropertyIds
1800f958c	string	24	0	EspQueryTokenProperties
1800f95a4	string	15	0	PartA_PrivTags
1800f95b3	string	13	0	 wilActivity
1800f95c2	string	8	0	hresult
1800f95cb	string	9	0	threadId
1800f95e4	string	24	0	EspQueryTokenProperties
1800f95fc	string	15	0	PartA_PrivTags
1800f960b	string	16	0	 PartA_PrivTags
1800f961b	string	13	0	 wilActivity
1800f962a	string	8	0	hresult
1800f9633	string	9	0	fileName
1800f963d	string	11	0	lineNumber
1800f9649	string	7	0	module
1800f9651	string	12	0	failureType
1800f965e	string	8	0	message
1800f9667	string	9	0	threadId
1800f9671	string	12	0	callContext
1800f967e	string	21	0	originatingContextId
1800f9694	string	23	0	originatingContextName
1800f96ac	string	26	0	originatingContextMessage
1800f96c7	string	17	0	currentContextId
1800f96d9	string	19	0	currentContextName
1800f96ed	string	22	0	currentContextMessage
1800f9704	string	10	0	failureId
1800f970f	string	13	0	failureCount
1800f971d	string	9	0	function
1800f9736	string	27	0	EspQueryMailslotProperties
1800f9751	string	15	0	PartA_PrivTags
1800f9760	string	13	0	 wilActivity
1800f976f	string	9	0	threadId
1800f9779	string	17	0	PropertyIdsCount
1800f978b	string	12	0	PropertyIds
1800f97a7	string	27	0	EspQueryMailslotProperties
1800f97c2	string	15	0	PartA_PrivTags
1800f97d1	string	13	0	 wilActivity
1800f97e0	string	8	0	hresult
1800f97e9	string	9	0	threadId
1800f9802	string	27	0	EspQueryMailslotProperties
1800f981d	string	15	0	PartA_PrivTags
1800f982c	string	16	0	 PartA_PrivTags
1800f983c	string	13	0	 wilActivity
1800f984b	string	8	0	hresult
1800f9854	string	9	0	fileName
1800f985e	string	11	0	lineNumber
1800f986a	string	7	0	module
1800f9872	string	12	0	failureType
1800f987f	string	8	0	message
1800f9888	string	9	0	threadId
1800f9892	string	12	0	callContext
1800f989f	string	21	0	originatingContextId
1800f98b5	string	23	0	originatingContextName
1800f98cd	string	26	0	originatingContextMessage
1800f98e8	string	17	0	currentContextId
1800f98fa	string	19	0	currentContextName
1800f990e	string	22	0	currentContextMessage
1800f9925	string	10	0	failureId
1800f9930	string	13	0	failureCount
1800f993e	string	9	0	function
1800f9957	string	23	0	EspQueryPipeProperties
1800f996e	string	15	0	PartA_PrivTags
1800f997d	string	13	0	 wilActivity
1800f998c	string	9	0	threadId
1800f9996	string	17	0	PropertyIdsCount
1800f99a8	string	12	0	PropertyIds
1800f99c4	string	23	0	EspQueryPipeProperties
1800f99db	string	15	0	PartA_PrivTags
1800f99ea	string	13	0	 wilActivity
1800f99f9	string	8	0	hresult
1800f9a02	string	9	0	threadId
1800f9a1b	string	23	0	EspQueryPipeProperties
1800f9a32	string	15	0	PartA_PrivTags
1800f9a41	string	16	0	 PartA_PrivTags
1800f9a51	string	13	0	 wilActivity
1800f9a60	string	8	0	hresult
1800f9a69	string	9	0	fileName
1800f9a73	string	11	0	lineNumber
1800f9a7f	string	7	0	module
1800f9a87	string	12	0	failureType
1800f9a94	string	8	0	message
1800f9a9d	string	9	0	threadId
1800f9aa7	string	12	0	callContext
1800f9ab4	string	21	0	originatingContextId
1800f9aca	string	23	0	originatingContextName
1800f9ae2	string	26	0	originatingContextMessage
1800f9afd	string	17	0	currentContextId
1800f9b0f	string	19	0	currentContextName
1800f9b23	string	22	0	currentContextMessage
1800f9b3a	string	10	0	failureId
1800f9b45	string	13	0	failureCount
1800f9b53	string	9	0	function
1800f9b6c	string	23	0	EspQueryDiskProperties
1800f9b83	string	15	0	PartA_PrivTags
1800f9b92	string	13	0	 wilActivity
1800f9ba1	string	9	0	threadId
1800f9bab	string	17	0	PropertyIdsCount
1800f9bbd	string	12	0	PropertyIds
1800f9bd9	string	23	0	EspQueryDiskProperties
1800f9bf0	string	15	0	PartA_PrivTags
1800f9bff	string	13	0	 wilActivity
1800f9c0e	string	8	0	hresult
1800f9c17	string	9	0	threadId
1800f9c30	string	23	0	EspQueryDiskProperties
1800f9c47	string	15	0	PartA_PrivTags
1800f9c56	string	16	0	 PartA_PrivTags
1800f9c66	string	13	0	 wilActivity
1800f9c75	string	8	0	hresult
1800f9c7e	string	9	0	fileName
1800f9c88	string	11	0	lineNumber
1800f9c94	string	7	0	module
1800f9c9c	string	12	0	failureType
1800f9ca9	string	8	0	message
1800f9cb2	string	9	0	threadId
1800f9cbc	string	12	0	callContext
1800f9cc9	string	21	0	originatingContextId
1800f9cdf	string	23	0	originatingContextName
1800f9cf7	string	26	0	originatingContextMessage
1800f9d12	string	17	0	currentContextId
1800f9d24	string	19	0	currentContextName
1800f9d38	string	22	0	currentContextMessage
1800f9d4f	string	10	0	failureId
1800f9d5a	string	13	0	failureCount
1800f9d68	string	9	0	function
1800f9d81	string	33	0	EspQueryKtmTransactionProperties
1800f9da2	string	15	0	PartA_PrivTags
1800f9db1	string	13	0	 wilActivity
1800f9dc0	string	9	0	threadId
1800f9dca	string	17	0	PropertyIdsCount
1800f9ddc	string	12	0	PropertyIds
1800f9df8	string	33	0	EspQueryKtmTransactionProperties
1800f9e19	string	15	0	PartA_PrivTags
1800f9e28	string	13	0	 wilActivity
1800f9e37	string	8	0	hresult
1800f9e40	string	9	0	threadId
1800f9e59	string	33	0	EspQueryKtmTransactionProperties
1800f9e7a	string	15	0	PartA_PrivTags
1800f9e89	string	16	0	 PartA_PrivTags
1800f9e99	string	13	0	 wilActivity
1800f9ea8	string	8	0	hresult
1800f9eb1	string	9	0	fileName
1800f9ebb	string	11	0	lineNumber
1800f9ec7	string	7	0	module
1800f9ecf	string	12	0	failureType
1800f9edc	string	8	0	message
1800f9ee5	string	9	0	threadId
1800f9eef	string	12	0	callContext
1800f9efc	string	21	0	originatingContextId
1800f9f12	string	23	0	originatingContextName
1800f9f2a	string	26	0	originatingContextMessage
1800f9f45	string	17	0	currentContextId
1800f9f57	string	19	0	currentContextName
1800f9f6b	string	22	0	currentContextMessage
1800f9f82	string	10	0	failureId
1800f9f8d	string	13	0	failureCount
1800f9f9b	string	9	0	function
1800f9fb4	string	25	0	EspQueryVolumeProperties
1800f9fcd	string	15	0	PartA_PrivTags
1800f9fdc	string	13	0	 wilActivity
1800f9feb	string	9	0	threadId
1800f9ff5	string	17	0	PropertyIdsCount
1800fa007	string	12	0	PropertyIds
1800fa023	string	25	0	EspQueryVolumeProperties
1800fa03c	string	15	0	PartA_PrivTags
1800fa04b	string	13	0	 wilActivity
1800fa05a	string	8	0	hresult
1800fa063	string	9	0	threadId
1800fa07c	string	25	0	EspQueryVolumeProperties
1800fa095	string	15	0	PartA_PrivTags
1800fa0a4	string	16	0	 PartA_PrivTags
1800fa0b4	string	13	0	 wilActivity
1800fa0c3	string	8	0	hresult
1800fa0cc	string	9	0	fileName
1800fa0d6	string	11	0	lineNumber
1800fa0e2	string	7	0	module
1800fa0ea	string	12	0	failureType
1800fa0f7	string	8	0	message
1800fa100	string	9	0	threadId
1800fa10a	string	12	0	callContext
1800fa117	string	21	0	originatingContextId
1800fa12d	string	23	0	originatingContextName
1800fa145	string	26	0	originatingContextMessage
1800fa160	string	17	0	currentContextId
1800fa172	string	19	0	currentContextName
1800fa186	string	22	0	currentContextMessage
1800fa19d	string	10	0	failureId
1800fa1a8	string	13	0	failureCount
1800fa1b6	string	9	0	function
1800fa1cf	string	23	0	EspQueryFileProperties
1800fa1e6	string	15	0	PartA_PrivTags
1800fa1f5	string	13	0	 wilActivity
1800fa204	string	9	0	threadId
1800fa20e	string	17	0	PropertyIdsCount
1800fa220	string	12	0	PropertyIds
1800fa23c	string	23	0	EspQueryFileProperties
1800fa253	string	15	0	PartA_PrivTags
1800fa262	string	13	0	 wilActivity
1800fa271	string	8	0	hresult
1800fa27a	string	9	0	threadId
1800fa293	string	23	0	EspQueryFileProperties
1800fa2aa	string	15	0	PartA_PrivTags
1800fa2b9	string	16	0	 PartA_PrivTags
1800fa2c9	string	13	0	 wilActivity
1800fa2d8	string	8	0	hresult
1800fa2e1	string	9	0	fileName
1800fa2eb	string	11	0	lineNumber
1800fa2f7	string	7	0	module
1800fa2ff	string	12	0	failureType
1800fa30c	string	8	0	message
1800fa315	string	9	0	threadId
1800fa31f	string	12	0	callContext
1800fa32c	string	21	0	originatingContextId
1800fa342	string	23	0	originatingContextName
1800fa35a	string	26	0	originatingContextMessage
1800fa375	string	17	0	currentContextId
1800fa387	string	19	0	currentContextName
1800fa39b	string	22	0	currentContextMessage
1800fa3b2	string	10	0	failureId
1800fa3bd	string	13	0	failureCount
1800fa3cb	string	9	0	function
1800fa3e4	string	29	0	EspQueryFileStreamProperties
1800fa401	string	15	0	PartA_PrivTags
1800fa410	string	13	0	 wilActivity
1800fa41f	string	9	0	threadId
1800fa429	string	17	0	PropertyIdsCount
1800fa43b	string	12	0	PropertyIds
1800fa457	string	29	0	EspQueryFileStreamProperties
1800fa474	string	15	0	PartA_PrivTags
1800fa483	string	13	0	 wilActivity
1800fa492	string	8	0	hresult
1800fa49b	string	9	0	threadId
1800fa4b4	string	29	0	EspQueryFileStreamProperties
1800fa4d1	string	15	0	PartA_PrivTags
1800fa4e0	string	16	0	 PartA_PrivTags
1800fa4f0	string	13	0	 wilActivity
1800fa4ff	string	8	0	hresult
1800fa508	string	9	0	fileName
1800fa512	string	11	0	lineNumber
1800fa51e	string	7	0	module
1800fa526	string	12	0	failureType
1800fa533	string	8	0	message
1800fa53c	string	9	0	threadId
1800fa546	string	12	0	callContext
1800fa553	string	21	0	originatingContextId
1800fa569	string	23	0	originatingContextName
1800fa581	string	26	0	originatingContextMessage
1800fa59c	string	17	0	currentContextId
1800fa5ae	string	19	0	currentContextName
1800fa5c2	string	22	0	currentContextMessage
1800fa5d9	string	10	0	failureId
1800fa5e4	string	13	0	failureCount
1800fa5f2	string	9	0	function
1800fa60b	string	29	0	EspQueryFileObjectProperties
1800fa628	string	15	0	PartA_PrivTags
1800fa637	string	13	0	 wilActivity
1800fa646	string	9	0	threadId
1800fa650	string	17	0	PropertyIdsCount
1800fa662	string	12	0	PropertyIds
1800fa67e	string	29	0	EspQueryFileObjectProperties
1800fa69b	string	15	0	PartA_PrivTags
1800fa6aa	string	13	0	 wilActivity
1800fa6b9	string	8	0	hresult
1800fa6c2	string	9	0	threadId
1800fa6db	string	29	0	EspQueryFileObjectProperties
1800fa6f8	string	15	0	PartA_PrivTags
1800fa707	string	16	0	 PartA_PrivTags
1800fa717	string	13	0	 wilActivity
1800fa726	string	8	0	hresult
1800fa72f	string	9	0	fileName
1800fa739	string	11	0	lineNumber
1800fa745	string	7	0	module
1800fa74d	string	12	0	failureType
1800fa75a	string	8	0	message
1800fa763	string	9	0	threadId
1800fa76d	string	12	0	callContext
1800fa77a	string	21	0	originatingContextId
1800fa790	string	23	0	originatingContextName
1800fa7a8	string	26	0	originatingContextMessage
1800fa7c3	string	17	0	currentContextId
1800fa7d5	string	19	0	currentContextName
1800fa7e9	string	22	0	currentContextMessage
1800fa800	string	10	0	failureId
1800fa80b	string	13	0	failureCount
1800fa819	string	9	0	function
1800fa832	string	36	0	EspQueryRegistryKeyObjectProperties
1800fa856	string	15	0	PartA_PrivTags
1800fa865	string	13	0	 wilActivity
1800fa874	string	9	0	threadId
1800fa87e	string	17	0	PropertyIdsCount
1800fa890	string	12	0	PropertyIds
1800fa8ac	string	36	0	EspQueryRegistryKeyObjectProperties
1800fa8d0	string	15	0	PartA_PrivTags
1800fa8df	string	13	0	 wilActivity
1800fa8ee	string	8	0	hresult
1800fa8f7	string	9	0	threadId
1800fa910	string	36	0	EspQueryRegistryKeyObjectProperties
1800fa934	string	15	0	PartA_PrivTags
1800fa943	string	16	0	 PartA_PrivTags
1800fa953	string	13	0	 wilActivity
1800fa962	string	8	0	hresult
1800fa96b	string	9	0	fileName
1800fa975	string	11	0	lineNumber
1800fa981	string	7	0	module
1800fa989	string	12	0	failureType
1800fa996	string	8	0	message
1800fa99f	string	9	0	threadId
1800fa9a9	string	12	0	callContext
1800fa9b6	string	21	0	originatingContextId
1800fa9cc	string	23	0	originatingContextName
1800fa9e4	string	26	0	originatingContextMessage
1800fa9ff	string	17	0	currentContextId
1800faa11	string	19	0	currentContextName
1800faa25	string	22	0	currentContextMessage
1800faa3c	string	10	0	failureId
1800faa47	string	13	0	failureCount
1800faa55	string	9	0	function
1800faa6e	string	30	0	EspQueryRegistryKeyProperties
1800faa8c	string	15	0	PartA_PrivTags
1800faa9b	string	13	0	 wilActivity
1800faaaa	string	9	0	threadId
1800faab4	string	17	0	PropertyIdsCount
1800faac6	string	12	0	PropertyIds
1800faae2	string	30	0	EspQueryRegistryKeyProperties
1800fab00	string	15	0	PartA_PrivTags
1800fab0f	string	13	0	 wilActivity
1800fab1e	string	8	0	hresult
1800fab27	string	9	0	threadId
1800fab40	string	30	0	EspQueryRegistryKeyProperties
1800fab5e	string	15	0	PartA_PrivTags
1800fab6d	string	16	0	 PartA_PrivTags
1800fab7d	string	13	0	 wilActivity
1800fab8c	string	8	0	hresult
1800fab95	string	9	0	fileName
1800fab9f	string	11	0	lineNumber
1800fabab	string	7	0	module
1800fabb3	string	12	0	failureType
1800fabc0	string	8	0	message
1800fabc9	string	9	0	threadId
1800fabd3	string	12	0	callContext
1800fabe0	string	21	0	originatingContextId
1800fabf6	string	23	0	originatingContextName
1800fac0e	string	26	0	originatingContextMessage
1800fac29	string	17	0	currentContextId
1800fac3b	string	19	0	currentContextName
1800fac4f	string	22	0	currentContextMessage
1800fac66	string	10	0	failureId
1800fac71	string	13	0	failureCount
1800fac7f	string	9	0	function
1800fac98	string	25	0	EspQueryThreadProperties
1800facb1	string	15	0	PartA_PrivTags
1800facc0	string	13	0	 wilActivity
1800faccf	string	9	0	threadId
1800facd9	string	17	0	PropertyIdsCount
1800faceb	string	12	0	PropertyIds
1800fad07	string	25	0	EspQueryThreadProperties
1800fad20	string	15	0	PartA_PrivTags
1800fad2f	string	13	0	 wilActivity
1800fad3e	string	8	0	hresult
1800fad47	string	9	0	threadId
1800fad60	string	25	0	EspQueryThreadProperties
1800fad79	string	15	0	PartA_PrivTags
1800fad88	string	16	0	 PartA_PrivTags
1800fad98	string	13	0	 wilActivity
1800fada7	string	8	0	hresult
1800fadb0	string	9	0	fileName
1800fadba	string	11	0	lineNumber
1800fadc6	string	7	0	module
1800fadce	string	12	0	failureType
1800faddb	string	8	0	message
1800fade4	string	9	0	threadId
1800fadee	string	12	0	callContext
1800fadfb	string	21	0	originatingContextId
1800fae11	string	23	0	originatingContextName
1800fae29	string	26	0	originatingContextMessage
1800fae44	string	17	0	currentContextId
1800fae56	string	19	0	currentContextName
1800fae6a	string	22	0	currentContextMessage
1800fae81	string	10	0	failureId
1800fae8c	string	13	0	failureCount
1800fae9a	string	9	0	function
1800faeb3	string	26	0	EspQueryProcessProperties
1800faecd	string	15	0	PartA_PrivTags
1800faedc	string	13	0	 wilActivity
1800faeeb	string	9	0	threadId
1800faef5	string	17	0	PropertyIdsCount
1800faf07	string	12	0	PropertyIds
1800faf23	string	26	0	EspQueryProcessProperties
1800faf3d	string	15	0	PartA_PrivTags
1800faf4c	string	13	0	 wilActivity
1800faf5b	string	8	0	hresult
1800faf64	string	9	0	threadId
1800faf7d	string	26	0	EspQueryProcessProperties
1800faf97	string	15	0	PartA_PrivTags
1800fafa6	string	16	0	 PartA_PrivTags
1800fafb6	string	13	0	 wilActivity
1800fafc5	string	8	0	hresult
1800fafce	string	9	0	fileName
1800fafd8	string	11	0	lineNumber
1800fafe4	string	7	0	module
1800fafec	string	12	0	failureType
1800faff9	string	8	0	message
1800fb002	string	9	0	threadId
1800fb00c	string	12	0	callContext
1800fb019	string	21	0	originatingContextId
1800fb02f	string	23	0	originatingContextName
1800fb047	string	26	0	originatingContextMessage
1800fb062	string	17	0	currentContextId
1800fb074	string	19	0	currentContextName
1800fb088	string	22	0	currentContextMessage
1800fb09f	string	10	0	failureId
1800fb0aa	string	13	0	failureCount
1800fb0b8	string	9	0	function
1800fb0d1	string	20	0	EspEnumerateRuleIds
1800fb0e5	string	15	0	PartA_PrivTags
1800fb0f4	string	13	0	 wilActivity
1800fb103	string	8	0	hresult
1800fb10c	string	9	0	threadId
1800fb116	string	11	0	RulesCount
1800fb131	string	20	0	EspEnumerateRuleIds
1800fb145	string	15	0	PartA_PrivTags
1800fb154	string	16	0	 PartA_PrivTags
1800fb164	string	13	0	 wilActivity
1800fb173	string	8	0	hresult
1800fb17c	string	9	0	fileName
1800fb186	string	11	0	lineNumber
1800fb192	string	7	0	module
1800fb19a	string	12	0	failureType
1800fb1a7	string	8	0	message
1800fb1b0	string	9	0	threadId
1800fb1ba	string	12	0	callContext
1800fb1c7	string	21	0	originatingContextId
1800fb1dd	string	23	0	originatingContextName
1800fb1f5	string	26	0	originatingContextMessage
1800fb210	string	17	0	currentContextId
1800fb222	string	19	0	currentContextName
1800fb236	string	22	0	currentContextMessage
1800fb24d	string	10	0	failureId
1800fb258	string	13	0	failureCount
1800fb266	string	9	0	function
1800fb270	string	11	0	RulesCount
1800fb28b	string	20	0	EspEnumerateRuleIds
1800fb29f	string	15	0	PartA_PrivTags
1800fb2ae	string	13	0	 wilActivity
1800fb2bd	string	9	0	threadId
1800fb2c7	string	9	0	ClientId
1800fb2d1	string	9	0	Lifetime
1800fb2ea	string	20	0	EspEnumerateRuleIds
1800fb2fe	string	15	0	PartA_PrivTags
1800fb30d	string	13	0	 wilActivity
1800fb31c	string	8	0	hresult
1800fb325	string	9	0	threadId
1800fb33e	string	20	0	EspEnumerateRuleIds
1800fb352	string	15	0	PartA_PrivTags
1800fb361	string	16	0	 PartA_PrivTags
1800fb371	string	13	0	 wilActivity
1800fb380	string	8	0	hresult
1800fb389	string	9	0	fileName
1800fb393	string	11	0	lineNumber
1800fb39f	string	7	0	module
1800fb3a7	string	12	0	failureType
1800fb3b4	string	8	0	message
1800fb3bd	string	9	0	threadId
1800fb3c7	string	12	0	callContext
1800fb3d4	string	21	0	originatingContextId
1800fb3ea	string	23	0	originatingContextName
1800fb402	string	26	0	originatingContextMessage
1800fb41d	string	17	0	currentContextId
1800fb42f	string	19	0	currentContextName
1800fb443	string	22	0	currentContextMessage
1800fb45a	string	10	0	failureId
1800fb465	string	13	0	failureCount
1800fb473	string	9	0	function
1800fb48c	string	30	0	EspEnumerateAllRulesForClient
1800fb4aa	string	15	0	PartA_PrivTags
1800fb4b9	string	13	0	 wilActivity
1800fb4c8	string	8	0	hresult
1800fb4d1	string	9	0	threadId
1800fb4db	string	11	0	RulesCount
1800fb4f6	string	30	0	EspEnumerateAllRulesForClient
1800fb514	string	15	0	PartA_PrivTags
1800fb523	string	16	0	 PartA_PrivTags
1800fb533	string	13	0	 wilActivity
1800fb542	string	8	0	hresult
1800fb54b	string	9	0	fileName
1800fb555	string	11	0	lineNumber
1800fb561	string	7	0	module
1800fb569	string	12	0	failureType
1800fb576	string	8	0	message
1800fb57f	string	9	0	threadId
1800fb589	string	12	0	callContext
1800fb596	string	21	0	originatingContextId
1800fb5ac	string	23	0	originatingContextName
1800fb5c4	string	26	0	originatingContextMessage
1800fb5df	string	17	0	currentContextId
1800fb5f1	string	19	0	currentContextName
1800fb605	string	22	0	currentContextMessage
1800fb61c	string	10	0	failureId
1800fb627	string	13	0	failureCount
1800fb635	string	9	0	function
1800fb63f	string	11	0	RulesCount
1800fb65a	string	30	0	EspEnumerateAllRulesForClient
1800fb678	string	15	0	PartA_PrivTags
1800fb687	string	13	0	 wilActivity
1800fb696	string	9	0	threadId
1800fb6a0	string	9	0	ClientId
1800fb6b9	string	30	0	EspEnumerateAllRulesForClient
1800fb6d7	string	15	0	PartA_PrivTags
1800fb6e6	string	13	0	 wilActivity
1800fb6f5	string	8	0	hresult
1800fb6fe	string	9	0	threadId
1800fb717	string	30	0	EspEnumerateAllRulesForClient
1800fb735	string	15	0	PartA_PrivTags
1800fb744	string	16	0	 PartA_PrivTags
1800fb754	string	13	0	 wilActivity
1800fb763	string	8	0	hresult
1800fb76c	string	9	0	fileName
1800fb776	string	11	0	lineNumber
1800fb782	string	7	0	module
1800fb78a	string	12	0	failureType
1800fb797	string	8	0	message
1800fb7a0	string	9	0	threadId
1800fb7aa	string	12	0	callContext
1800fb7b7	string	21	0	originatingContextId
1800fb7cd	string	23	0	originatingContextName
1800fb7e5	string	26	0	originatingContextMessage
1800fb800	string	17	0	currentContextId
1800fb812	string	19	0	currentContextName
1800fb826	string	22	0	currentContextMessage
1800fb83d	string	10	0	failureId
1800fb848	string	13	0	failureCount
1800fb856	string	9	0	function
1800fb86f	string	24	0	EspRemoveRulesForClient
1800fb887	string	15	0	PartA_PrivTags
1800fb896	string	13	0	 wilActivity
1800fb8a5	string	9	0	threadId
1800fb8af	string	9	0	ClientId
1800fb8b9	string	9	0	Lifetime
1800fb8d2	string	24	0	EspRemoveRulesForClient
1800fb8ea	string	15	0	PartA_PrivTags
1800fb8f9	string	13	0	 wilActivity
1800fb908	string	8	0	hresult
1800fb911	string	9	0	threadId
1800fb92a	string	24	0	EspRemoveRulesForClient
1800fb942	string	15	0	PartA_PrivTags
1800fb951	string	16	0	 PartA_PrivTags
1800fb961	string	13	0	 wilActivity
1800fb970	string	8	0	hresult
1800fb979	string	9	0	fileName
1800fb983	string	11	0	lineNumber
1800fb98f	string	7	0	module
1800fb997	string	12	0	failureType
1800fb9a4	string	8	0	message
1800fb9ad	string	9	0	threadId
1800fb9b7	string	12	0	callContext
1800fb9c4	string	21	0	originatingContextId
1800fb9da	string	23	0	originatingContextName
1800fb9f2	string	26	0	originatingContextMessage
1800fba0d	string	17	0	currentContextId
1800fba1f	string	19	0	currentContextName
1800fba33	string	22	0	currentContextMessage
1800fba4a	string	10	0	failureId
1800fba55	string	13	0	failureCount
1800fba63	string	9	0	function
1800fba7c	string	27	0	EspRemoveAllRulesForClient
1800fba97	string	15	0	PartA_PrivTags
1800fbaa6	string	13	0	 wilActivity
1800fbab5	string	9	0	threadId
1800fbabf	string	9	0	ClientId
1800fbad8	string	27	0	EspRemoveAllRulesForClient
1800fbaf3	string	15	0	PartA_PrivTags
1800fbb02	string	13	0	 wilActivity
1800fbb11	string	8	0	hresult
1800fbb1a	string	9	0	threadId
1800fbb33	string	27	0	EspRemoveAllRulesForClient
1800fbb4e	string	15	0	PartA_PrivTags
1800fbb5d	string	16	0	 PartA_PrivTags
1800fbb6d	string	13	0	 wilActivity
1800fbb7c	string	8	0	hresult
1800fbb85	string	9	0	fileName
1800fbb8f	string	11	0	lineNumber
1800fbb9b	string	7	0	module
1800fbba3	string	12	0	failureType
1800fbbb0	string	8	0	message
1800fbbb9	string	9	0	threadId
1800fbbc3	string	12	0	callContext
1800fbbd0	string	21	0	originatingContextId
1800fbbe6	string	23	0	originatingContextName
1800fbbfe	string	26	0	originatingContextMessage
1800fbc19	string	17	0	currentContextId
1800fbc2b	string	19	0	currentContextName
1800fbc3f	string	22	0	currentContextMessage
1800fbc56	string	10	0	failureId
1800fbc61	string	13	0	failureCount
1800fbc6f	string	9	0	function
1800fbc88	string	15	0	EspUpdateRules
1800fbc97	string	15	0	PartA_PrivTags
1800fbca6	string	13	0	 wilActivity
1800fbcb5	string	9	0	threadId
1800fbcbf	string	9	0	ClientId
1800fbcc9	string	6	0	Flags
1800fbcd0	string	13	0	EntriesCount
1800fbced	string	15	0	EspUpdateRules
1800fbcfc	string	15	0	PartA_PrivTags
1800fbd0b	string	13	0	 wilActivity
1800fbd1a	string	8	0	hresult
1800fbd23	string	9	0	threadId
1800fbd3c	string	15	0	EspUpdateRules
1800fbd4b	string	15	0	PartA_PrivTags
1800fbd5a	string	16	0	 PartA_PrivTags
1800fbd6a	string	13	0	 wilActivity
1800fbd79	string	8	0	hresult
1800fbd82	string	9	0	fileName
1800fbd8c	string	11	0	lineNumber
1800fbd98	string	7	0	module
1800fbda0	string	12	0	failureType
1800fbdad	string	8	0	message
1800fbdb6	string	9	0	threadId
1800fbdc0	string	12	0	callContext
1800fbdcd	string	21	0	originatingContextId
1800fbde3	string	23	0	originatingContextName
1800fbdfb	string	26	0	originatingContextMessage
1800fbe16	string	17	0	currentContextId
1800fbe28	string	19	0	currentContextName
1800fbe3c	string	22	0	currentContextMessage
1800fbe53	string	10	0	failureId
1800fbe5e	string	13	0	failureCount
1800fbe6c	string	9	0	function
1800fbe85	string	13	0	EspGetRuleId
1800fbe92	string	15	0	PartA_PrivTags
1800fbea1	string	13	0	 wilActivity
1800fbeb0	string	8	0	hresult
1800fbeb9	string	9	0	threadId
1800fbec3	string	7	0	RuleId
1800fbeda	string	13	0	EspGetRuleId
1800fbee7	string	15	0	PartA_PrivTags
1800fbef6	string	16	0	 PartA_PrivTags
1800fbf06	string	13	0	 wilActivity
1800fbf15	string	8	0	hresult
1800fbf1e	string	9	0	fileName
1800fbf28	string	11	0	lineNumber
1800fbf34	string	7	0	module
1800fbf3c	string	12	0	failureType
1800fbf49	string	8	0	message
1800fbf52	string	9	0	threadId
1800fbf5c	string	12	0	callContext
1800fbf69	string	21	0	originatingContextId
1800fbf7f	string	23	0	originatingContextName
1800fbf97	string	26	0	originatingContextMessage
1800fbfb2	string	17	0	currentContextId
1800fbfc4	string	19	0	currentContextName
1800fbfd8	string	22	0	currentContextMessage
1800fbfef	string	10	0	failureId
1800fbffa	string	13	0	failureCount
1800fc008	string	9	0	function
1800fc012	string	7	0	RuleId
1800fc029	string	13	0	EspGetRuleId
1800fc036	string	15	0	PartA_PrivTags
1800fc045	string	13	0	 wilActivity
1800fc054	string	9	0	threadId
1800fc06d	string	13	0	EspGetRuleId
1800fc07a	string	15	0	PartA_PrivTags
1800fc089	string	13	0	 wilActivity
1800fc098	string	8	0	hresult
1800fc0a1	string	9	0	threadId
1800fc0ba	string	13	0	EspGetRuleId
1800fc0c7	string	15	0	PartA_PrivTags
1800fc0d6	string	16	0	 PartA_PrivTags
1800fc0e6	string	13	0	 wilActivity
1800fc0f5	string	8	0	hresult
1800fc0fe	string	9	0	fileName
1800fc108	string	11	0	lineNumber
1800fc114	string	7	0	module
1800fc11c	string	12	0	failureType
1800fc129	string	8	0	message
1800fc132	string	9	0	threadId
1800fc13c	string	12	0	callContext
1800fc149	string	21	0	originatingContextId
1800fc15f	string	23	0	originatingContextName
1800fc177	string	26	0	originatingContextMessage
1800fc192	string	17	0	currentContextId
1800fc1a4	string	19	0	currentContextName
1800fc1b8	string	22	0	currentContextMessage
1800fc1cf	string	10	0	failureId
1800fc1da	string	13	0	failureCount
1800fc1e8	string	9	0	function
1800fc201	string	13	0	EspCloseRule
1800fc20e	string	15	0	PartA_PrivTags
1800fc21d	string	13	0	 wilActivity
1800fc22c	string	9	0	threadId
1800fc245	string	13	0	EspCloseRule
1800fc252	string	15	0	PartA_PrivTags
1800fc261	string	13	0	 wilActivity
1800fc270	string	8	0	hresult
1800fc279	string	9	0	threadId
1800fc292	string	13	0	EspCloseRule
1800fc29f	string	15	0	PartA_PrivTags
1800fc2ae	string	16	0	 PartA_PrivTags
1800fc2be	string	13	0	 wilActivity
1800fc2cd	string	8	0	hresult
1800fc2d6	string	9	0	fileName
1800fc2e0	string	11	0	lineNumber
1800fc2ec	string	7	0	module
1800fc2f4	string	12	0	failureType
1800fc301	string	8	0	message
1800fc30a	string	9	0	threadId
1800fc314	string	12	0	callContext
1800fc321	string	21	0	originatingContextId
1800fc337	string	23	0	originatingContextName
1800fc34f	string	26	0	originatingContextMessage
1800fc36a	string	17	0	currentContextId
1800fc37c	string	19	0	currentContextName
1800fc390	string	22	0	currentContextMessage
1800fc3a7	string	10	0	failureId
1800fc3b2	string	13	0	failureCount
1800fc3c0	string	9	0	function
1800fc3d9	string	14	0	EspCreateRule
1800fc3e7	string	15	0	PartA_PrivTags
1800fc3f6	string	13	0	 wilActivity
1800fc405	string	9	0	threadId
1800fc41e	string	14	0	EspCreateRule
1800fc42c	string	15	0	PartA_PrivTags
1800fc43b	string	13	0	 wilActivity
1800fc44a	string	8	0	hresult
1800fc453	string	9	0	threadId
1800fc46c	string	14	0	EspCreateRule
1800fc47a	string	15	0	PartA_PrivTags
1800fc489	string	16	0	 PartA_PrivTags
1800fc499	string	13	0	 wilActivity
1800fc4a8	string	8	0	hresult
1800fc4b1	string	9	0	fileName
1800fc4bb	string	11	0	lineNumber
1800fc4c7	string	7	0	module
1800fc4cf	string	12	0	failureType
1800fc4dc	string	8	0	message
1800fc4e5	string	9	0	threadId
1800fc4ef	string	12	0	callContext
1800fc4fc	string	21	0	originatingContextId
1800fc512	string	23	0	originatingContextName
1800fc52a	string	26	0	originatingContextMessage
1800fc545	string	17	0	currentContextId
1800fc557	string	19	0	currentContextName
1800fc56b	string	22	0	currentContextMessage
1800fc582	string	10	0	failureId
1800fc58d	string	13	0	failureCount
1800fc59b	string	9	0	function
1800fc5b4	string	15	0	EspCloseFilter
1800fc5c3	string	15	0	PartA_PrivTags
1800fc5d2	string	13	0	 wilActivity
1800fc5e1	string	9	0	threadId
1800fc5fa	string	15	0	EspCloseFilter
1800fc609	string	15	0	PartA_PrivTags
1800fc618	string	13	0	 wilActivity
1800fc627	string	8	0	hresult
1800fc630	string	9	0	threadId
1800fc649	string	15	0	EspCloseFilter
1800fc658	string	15	0	PartA_PrivTags
1800fc667	string	16	0	 PartA_PrivTags
1800fc677	string	13	0	 wilActivity
1800fc686	string	8	0	hresult
1800fc68f	string	9	0	fileName
1800fc699	string	11	0	lineNumber
1800fc6a5	string	7	0	module
1800fc6ad	string	12	0	failureType
1800fc6ba	string	8	0	message
1800fc6c3	string	9	0	threadId
1800fc6cd	string	12	0	callContext
1800fc6da	string	21	0	originatingContextId
1800fc6f0	string	23	0	originatingContextName
1800fc708	string	26	0	originatingContextMessage
1800fc723	string	17	0	currentContextId
1800fc735	string	19	0	currentContextName
1800fc749	string	22	0	currentContextMessage
1800fc760	string	10	0	failureId
1800fc76b	string	13	0	failureCount
1800fc779	string	9	0	function
1800fc792	string	19	0	EspCreateNOTFilter
1800fc7a5	string	15	0	PartA_PrivTags
1800fc7b4	string	13	0	 wilActivity
1800fc7c3	string	9	0	threadId
1800fc7dc	string	19	0	EspCreateNOTFilter
1800fc7ef	string	15	0	PartA_PrivTags
1800fc7fe	string	13	0	 wilActivity
1800fc80d	string	8	0	hresult
1800fc816	string	9	0	threadId
1800fc82f	string	19	0	EspCreateNOTFilter
1800fc842	string	15	0	PartA_PrivTags
1800fc851	string	16	0	 PartA_PrivTags
1800fc861	string	13	0	 wilActivity
1800fc870	string	8	0	hresult
1800fc879	string	9	0	fileName
1800fc883	string	11	0	lineNumber
1800fc88f	string	7	0	module
1800fc897	string	12	0	failureType
1800fc8a4	string	8	0	message
1800fc8ad	string	9	0	threadId
1800fc8b7	string	12	0	callContext
1800fc8c4	string	21	0	originatingContextId
1800fc8da	string	23	0	originatingContextName
1800fc8f2	string	26	0	originatingContextMessage
1800fc90d	string	17	0	currentContextId
1800fc91f	string	19	0	currentContextName
1800fc933	string	22	0	currentContextMessage
1800fc94a	string	10	0	failureId
1800fc955	string	13	0	failureCount
1800fc963	string	9	0	function
1800fc97c	string	19	0	EspCreateXORFilter
1800fc98f	string	15	0	PartA_PrivTags
1800fc99e	string	13	0	 wilActivity
1800fc9ad	string	9	0	threadId
1800fc9c6	string	19	0	EspCreateXORFilter
1800fc9d9	string	15	0	PartA_PrivTags
1800fc9e8	string	13	0	 wilActivity
1800fc9f7	string	8	0	hresult
1800fca00	string	9	0	threadId
1800fca19	string	19	0	EspCreateXORFilter
1800fca2c	string	15	0	PartA_PrivTags
1800fca3b	string	16	0	 PartA_PrivTags
1800fca4b	string	13	0	 wilActivity
1800fca5a	string	8	0	hresult
1800fca63	string	9	0	fileName
1800fca6d	string	11	0	lineNumber
1800fca79	string	7	0	module
1800fca81	string	12	0	failureType
1800fca8e	string	8	0	message
1800fca97	string	9	0	threadId
1800fcaa1	string	12	0	callContext
1800fcaae	string	21	0	originatingContextId
1800fcac4	string	23	0	originatingContextName
1800fcadc	string	26	0	originatingContextMessage
1800fcaf7	string	17	0	currentContextId
1800fcb09	string	19	0	currentContextName
1800fcb1d	string	22	0	currentContextMessage
1800fcb34	string	10	0	failureId
1800fcb3f	string	13	0	failureCount
1800fcb4d	string	9	0	function
1800fcb66	string	18	0	EspCreateORFilter
1800fcb78	string	15	0	PartA_PrivTags
1800fcb87	string	13	0	 wilActivity
1800fcb96	string	9	0	threadId
1800fcbaf	string	18	0	EspCreateORFilter
1800fcbc1	string	15	0	PartA_PrivTags
1800fcbd0	string	13	0	 wilActivity
1800fcbdf	string	8	0	hresult
1800fcbe8	string	9	0	threadId
1800fcc01	string	18	0	EspCreateORFilter
1800fcc13	string	15	0	PartA_PrivTags
1800fcc22	string	16	0	 PartA_PrivTags
1800fcc32	string	13	0	 wilActivity
1800fcc41	string	8	0	hresult
1800fcc4a	string	9	0	fileName
1800fcc54	string	11	0	lineNumber
1800fcc60	string	7	0	module
1800fcc68	string	12	0	failureType
1800fcc75	string	8	0	message
1800fcc7e	string	9	0	threadId
1800fcc88	string	12	0	callContext
1800fcc95	string	21	0	originatingContextId
1800fccab	string	23	0	originatingContextName
1800fccc3	string	26	0	originatingContextMessage
1800fccde	string	17	0	currentContextId
1800fccf0	string	19	0	currentContextName
1800fcd04	string	22	0	currentContextMessage
1800fcd1b	string	10	0	failureId
1800fcd26	string	13	0	failureCount
1800fcd34	string	9	0	function
1800fcd4d	string	19	0	EspCreateANDFilter
1800fcd60	string	15	0	PartA_PrivTags
1800fcd6f	string	13	0	 wilActivity
1800fcd7e	string	9	0	threadId
1800fcd97	string	19	0	EspCreateANDFilter
1800fcdaa	string	15	0	PartA_PrivTags
1800fcdb9	string	13	0	 wilActivity
1800fcdc8	string	8	0	hresult
1800fcdd1	string	9	0	threadId
1800fcdea	string	19	0	EspCreateANDFilter
1800fcdfd	string	15	0	PartA_PrivTags
1800fce0c	string	16	0	 PartA_PrivTags
1800fce1c	string	13	0	 wilActivity
1800fce2b	string	8	0	hresult
1800fce34	string	9	0	fileName
1800fce3e	string	11	0	lineNumber
1800fce4a	string	7	0	module
1800fce52	string	12	0	failureType
1800fce5f	string	8	0	message
1800fce68	string	9	0	threadId
1800fce72	string	12	0	callContext
1800fce7f	string	21	0	originatingContextId
1800fce95	string	23	0	originatingContextName
1800fcead	string	26	0	originatingContextMessage
1800fcec8	string	17	0	currentContextId
1800fceda	string	19	0	currentContextName
1800fceee	string	22	0	currentContextMessage
1800fcf05	string	10	0	failureId
1800fcf10	string	13	0	failureCount
1800fcf1e	string	9	0	function
1800fcf37	string	21	0	EspCreateEventFilter
1800fcf4c	string	15	0	PartA_PrivTags
1800fcf5b	string	13	0	 wilActivity
1800fcf6a	string	9	0	threadId
1800fcf74	string	11	0	PropertyId
1800fcf80	string	15	0	ComparisonType
1800fcf9f	string	21	0	EspCreateEventFilter
1800fcfb4	string	15	0	PartA_PrivTags
1800fcfc3	string	13	0	 wilActivity
1800fcfd2	string	8	0	hresult
1800fcfdb	string	9	0	threadId
1800fcff4	string	21	0	EspCreateEventFilter
1800fd009	string	15	0	PartA_PrivTags
1800fd018	string	16	0	 PartA_PrivTags
1800fd028	string	13	0	 wilActivity
1800fd037	string	8	0	hresult
1800fd040	string	9	0	fileName
1800fd04a	string	11	0	lineNumber
1800fd056	string	7	0	module
1800fd05e	string	12	0	failureType
1800fd06b	string	8	0	message
1800fd074	string	9	0	threadId
1800fd07e	string	12	0	callContext
1800fd08b	string	21	0	originatingContextId
1800fd0a1	string	23	0	originatingContextName
1800fd0b9	string	26	0	originatingContextMessage
1800fd0d4	string	17	0	currentContextId
1800fd0e6	string	19	0	currentContextName
1800fd0fa	string	22	0	currentContextMessage
1800fd111	string	10	0	failureId
1800fd11c	string	13	0	failureCount
1800fd12a	string	9	0	function
1800fd143	string	22	0	EspCreateClientFilter
1800fd159	string	15	0	PartA_PrivTags
1800fd168	string	13	0	 wilActivity
1800fd177	string	9	0	threadId
1800fd181	string	11	0	PropertyId
1800fd18d	string	15	0	ComparisonType
1800fd1ac	string	22	0	EspCreateClientFilter
1800fd1c2	string	15	0	PartA_PrivTags
1800fd1d1	string	13	0	 wilActivity
1800fd1e0	string	8	0	hresult
1800fd1e9	string	9	0	threadId
1800fd202	string	22	0	EspCreateClientFilter
1800fd218	string	15	0	PartA_PrivTags
1800fd227	string	16	0	 PartA_PrivTags
1800fd237	string	13	0	 wilActivity
1800fd246	string	8	0	hresult
1800fd24f	string	9	0	fileName
1800fd259	string	11	0	lineNumber
1800fd265	string	7	0	module
1800fd26d	string	12	0	failureType
1800fd27a	string	8	0	message
1800fd283	string	9	0	threadId
1800fd28d	string	12	0	callContext
1800fd29a	string	21	0	originatingContextId
1800fd2b0	string	23	0	originatingContextName
1800fd2c8	string	26	0	originatingContextMessage
1800fd2e3	string	17	0	currentContextId
1800fd2f5	string	19	0	currentContextName
1800fd309	string	22	0	currentContextMessage
1800fd320	string	10	0	failureId
1800fd32b	string	13	0	failureCount
1800fd339	string	9	0	function
1800fd352	string	21	0	EspCreateTokenFilter
1800fd367	string	15	0	PartA_PrivTags
1800fd376	string	13	0	 wilActivity
1800fd385	string	9	0	threadId
1800fd38f	string	11	0	PropertyId
1800fd39b	string	15	0	ComparisonType
1800fd3ba	string	21	0	EspCreateTokenFilter
1800fd3cf	string	15	0	PartA_PrivTags
1800fd3de	string	13	0	 wilActivity
1800fd3ed	string	8	0	hresult
1800fd3f6	string	9	0	threadId
1800fd40f	string	21	0	EspCreateTokenFilter
1800fd424	string	15	0	PartA_PrivTags
1800fd433	string	16	0	 PartA_PrivTags
1800fd443	string	13	0	 wilActivity
1800fd452	string	8	0	hresult
1800fd45b	string	9	0	fileName
1800fd465	string	11	0	lineNumber
1800fd471	string	7	0	module
1800fd479	string	12	0	failureType
1800fd486	string	8	0	message
1800fd48f	string	9	0	threadId
1800fd499	string	12	0	callContext
1800fd4a6	string	21	0	originatingContextId
1800fd4bc	string	23	0	originatingContextName
1800fd4d4	string	26	0	originatingContextMessage
1800fd4ef	string	17	0	currentContextId
1800fd501	string	19	0	currentContextName
1800fd515	string	22	0	currentContextMessage
1800fd52c	string	10	0	failureId
1800fd537	string	13	0	failureCount
1800fd545	string	9	0	function
1800fd55e	string	24	0	EspCreateMailslotFilter
1800fd576	string	15	0	PartA_PrivTags
1800fd585	string	13	0	 wilActivity
1800fd594	string	9	0	threadId
1800fd59e	string	11	0	PropertyId
1800fd5aa	string	15	0	ComparisonType
1800fd5c9	string	24	0	EspCreateMailslotFilter
1800fd5e1	string	15	0	PartA_PrivTags
1800fd5f0	string	13	0	 wilActivity
1800fd5ff	string	8	0	hresult
1800fd608	string	9	0	threadId
1800fd621	string	24	0	EspCreateMailslotFilter
1800fd639	string	15	0	PartA_PrivTags
1800fd648	string	16	0	 PartA_PrivTags
1800fd658	string	13	0	 wilActivity
1800fd667	string	8	0	hresult
1800fd670	string	9	0	fileName
1800fd67a	string	11	0	lineNumber
1800fd686	string	7	0	module
1800fd68e	string	12	0	failureType
1800fd69b	string	8	0	message
1800fd6a4	string	9	0	threadId
1800fd6ae	string	12	0	callContext
1800fd6bb	string	21	0	originatingContextId
1800fd6d1	string	23	0	originatingContextName
1800fd6e9	string	26	0	originatingContextMessage
1800fd704	string	17	0	currentContextId
1800fd716	string	19	0	currentContextName
1800fd72a	string	22	0	currentContextMessage
1800fd741	string	10	0	failureId
1800fd74c	string	13	0	failureCount
1800fd75a	string	9	0	function
1800fd773	string	20	0	EspCreatePipeFilter
1800fd787	string	15	0	PartA_PrivTags
1800fd796	string	13	0	 wilActivity
1800fd7a5	string	9	0	threadId
1800fd7af	string	11	0	PropertyId
1800fd7bb	string	15	0	ComparisonType
1800fd7da	string	20	0	EspCreatePipeFilter
1800fd7ee	string	15	0	PartA_PrivTags
1800fd7fd	string	13	0	 wilActivity
1800fd80c	string	8	0	hresult
1800fd815	string	9	0	threadId
1800fd82e	string	20	0	EspCreatePipeFilter
1800fd842	string	15	0	PartA_PrivTags
1800fd851	string	16	0	 PartA_PrivTags
1800fd861	string	13	0	 wilActivity
1800fd870	string	8	0	hresult
1800fd879	string	9	0	fileName
1800fd883	string	11	0	lineNumber
1800fd88f	string	7	0	module
1800fd897	string	12	0	failureType
1800fd8a4	string	8	0	message
1800fd8ad	string	9	0	threadId
1800fd8b7	string	12	0	callContext
1800fd8c4	string	21	0	originatingContextId
1800fd8da	string	23	0	originatingContextName
1800fd8f2	string	26	0	originatingContextMessage
1800fd90d	string	17	0	currentContextId
1800fd91f	string	19	0	currentContextName
1800fd933	string	22	0	currentContextMessage
1800fd94a	string	10	0	failureId
1800fd955	string	13	0	failureCount
1800fd963	string	9	0	function
1800fd97c	string	30	0	EspCreateKtmTransactionFilter
1800fd99a	string	15	0	PartA_PrivTags
1800fd9a9	string	13	0	 wilActivity
1800fd9b8	string	9	0	threadId
1800fd9c2	string	11	0	PropertyId
1800fd9ce	string	15	0	ComparisonType
1800fd9ed	string	30	0	EspCreateKtmTransactionFilter
1800fda0b	string	15	0	PartA_PrivTags
1800fda1a	string	13	0	 wilActivity
1800fda29	string	8	0	hresult
1800fda32	string	9	0	threadId
1800fda4b	string	30	0	EspCreateKtmTransactionFilter
1800fda69	string	15	0	PartA_PrivTags
1800fda78	string	16	0	 PartA_PrivTags
1800fda88	string	13	0	 wilActivity
1800fda97	string	8	0	hresult
1800fdaa0	string	9	0	fileName
1800fdaaa	string	11	0	lineNumber
1800fdab6	string	7	0	module
1800fdabe	string	12	0	failureType
1800fdacb	string	8	0	message
1800fdad4	string	9	0	threadId
1800fdade	string	12	0	callContext
1800fdaeb	string	21	0	originatingContextId
1800fdb01	string	23	0	originatingContextName
1800fdb19	string	26	0	originatingContextMessage
1800fdb34	string	17	0	currentContextId
1800fdb46	string	19	0	currentContextName
1800fdb5a	string	22	0	currentContextMessage
1800fdb71	string	10	0	failureId
1800fdb7c	string	13	0	failureCount
1800fdb8a	string	9	0	function
1800fdba3	string	23	0	EspCreateDesktopFilter
1800fdbba	string	15	0	PartA_PrivTags
1800fdbc9	string	13	0	 wilActivity
1800fdbd8	string	9	0	threadId
1800fdbe2	string	11	0	PropertyId
1800fdbee	string	15	0	ComparisonType
1800fdc0d	string	23	0	EspCreateDesktopFilter
1800fdc24	string	15	0	PartA_PrivTags
1800fdc33	string	13	0	 wilActivity
1800fdc42	string	8	0	hresult
1800fdc4b	string	9	0	threadId
1800fdc64	string	23	0	EspCreateDesktopFilter
1800fdc7b	string	15	0	PartA_PrivTags
1800fdc8a	string	16	0	 PartA_PrivTags
1800fdc9a	string	13	0	 wilActivity
1800fdca9	string	8	0	hresult
1800fdcb2	string	9	0	fileName
1800fdcbc	string	11	0	lineNumber
1800fdcc8	string	7	0	module
1800fdcd0	string	12	0	failureType
1800fdcdd	string	8	0	message
1800fdce6	string	9	0	threadId
1800fdcf0	string	12	0	callContext
1800fdcfd	string	21	0	originatingContextId
1800fdd13	string	23	0	originatingContextName
1800fdd2b	string	26	0	originatingContextMessage
1800fdd46	string	17	0	currentContextId
1800fdd58	string	19	0	currentContextName
1800fdd6c	string	22	0	currentContextMessage
1800fdd83	string	10	0	failureId
1800fdd8e	string	13	0	failureCount
1800fdd9c	string	9	0	function
1800fddb5	string	33	0	EspCreateRegistryKeyObjectFilter
1800fddd6	string	15	0	PartA_PrivTags
1800fdde5	string	13	0	 wilActivity
1800fddf4	string	9	0	threadId
1800fddfe	string	11	0	PropertyId
1800fde0a	string	15	0	ComparisonType
1800fde29	string	33	0	EspCreateRegistryKeyObjectFilter
1800fde4a	string	15	0	PartA_PrivTags
1800fde59	string	13	0	 wilActivity
1800fde68	string	8	0	hresult
1800fde71	string	9	0	threadId
1800fde8a	string	33	0	EspCreateRegistryKeyObjectFilter
1800fdeab	string	15	0	PartA_PrivTags
1800fdeba	string	16	0	 PartA_PrivTags
1800fdeca	string	13	0	 wilActivity
1800fded9	string	8	0	hresult
1800fdee2	string	9	0	fileName
1800fdeec	string	11	0	lineNumber
1800fdef8	string	7	0	module
1800fdf00	string	12	0	failureType
1800fdf0d	string	8	0	message
1800fdf16	string	9	0	threadId
1800fdf20	string	12	0	callContext
1800fdf2d	string	21	0	originatingContextId
1800fdf43	string	23	0	originatingContextName
1800fdf5b	string	26	0	originatingContextMessage
1800fdf76	string	17	0	currentContextId
1800fdf88	string	19	0	currentContextName
1800fdf9c	string	22	0	currentContextMessage
1800fdfb3	string	10	0	failureId
1800fdfbe	string	13	0	failureCount
1800fdfcc	string	9	0	function
1800fdfe5	string	27	0	EspCreateRegistryKeyFilter
1800fe000	string	15	0	PartA_PrivTags
1800fe00f	string	13	0	 wilActivity
1800fe01e	string	9	0	threadId
1800fe028	string	11	0	PropertyId
1800fe034	string	15	0	ComparisonType
1800fe053	string	27	0	EspCreateRegistryKeyFilter
1800fe06e	string	15	0	PartA_PrivTags
1800fe07d	string	13	0	 wilActivity
1800fe08c	string	8	0	hresult
1800fe095	string	9	0	threadId
1800fe0ae	string	27	0	EspCreateRegistryKeyFilter
1800fe0c9	string	15	0	PartA_PrivTags
1800fe0d8	string	16	0	 PartA_PrivTags
1800fe0e8	string	13	0	 wilActivity
1800fe0f7	string	8	0	hresult
1800fe100	string	9	0	fileName
1800fe10a	string	11	0	lineNumber
1800fe116	string	7	0	module
1800fe11e	string	12	0	failureType
1800fe12b	string	8	0	message
1800fe134	string	9	0	threadId
1800fe13e	string	12	0	callContext
1800fe14b	string	21	0	originatingContextId
1800fe161	string	23	0	originatingContextName
1800fe179	string	26	0	originatingContextMessage
1800fe194	string	17	0	currentContextId
1800fe1a6	string	19	0	currentContextName
1800fe1ba	string	22	0	currentContextMessage
1800fe1d1	string	10	0	failureId
1800fe1dc	string	13	0	failureCount
1800fe1ea	string	9	0	function
1800fe203	string	20	0	EspCreateDiskFilter
1800fe217	string	15	0	PartA_PrivTags
1800fe226	string	13	0	 wilActivity
1800fe235	string	9	0	threadId
1800fe23f	string	11	0	PropertyId
1800fe24b	string	15	0	ComparisonType
1800fe26a	string	20	0	EspCreateDiskFilter
1800fe27e	string	15	0	PartA_PrivTags
1800fe28d	string	13	0	 wilActivity
1800fe29c	string	8	0	hresult
1800fe2a5	string	9	0	threadId
1800fe2be	string	20	0	EspCreateDiskFilter
1800fe2d2	string	15	0	PartA_PrivTags
1800fe2e1	string	16	0	 PartA_PrivTags
1800fe2f1	string	13	0	 wilActivity
1800fe300	string	8	0	hresult
1800fe309	string	9	0	fileName
1800fe313	string	11	0	lineNumber
1800fe31f	string	7	0	module
1800fe327	string	12	0	failureType
1800fe334	string	8	0	message
1800fe33d	string	9	0	threadId
1800fe347	string	12	0	callContext
1800fe354	string	21	0	originatingContextId
1800fe36a	string	23	0	originatingContextName
1800fe382	string	26	0	originatingContextMessage
1800fe39d	string	17	0	currentContextId
1800fe3af	string	19	0	currentContextName
1800fe3c3	string	22	0	currentContextMessage
1800fe3da	string	10	0	failureId
1800fe3e5	string	13	0	failureCount
1800fe3f3	string	9	0	function
1800fe40c	string	22	0	EspCreateVolumeFilter
1800fe422	string	15	0	PartA_PrivTags
1800fe431	string	13	0	 wilActivity
1800fe440	string	9	0	threadId
1800fe44a	string	11	0	PropertyId
1800fe456	string	15	0	ComparisonType
1800fe475	string	22	0	EspCreateVolumeFilter
1800fe48b	string	15	0	PartA_PrivTags
1800fe49a	string	13	0	 wilActivity
1800fe4a9	string	8	0	hresult
1800fe4b2	string	9	0	threadId
1800fe4cb	string	22	0	EspCreateVolumeFilter
1800fe4e1	string	15	0	PartA_PrivTags
1800fe4f0	string	16	0	 PartA_PrivTags
1800fe500	string	13	0	 wilActivity
1800fe50f	string	8	0	hresult
1800fe518	string	9	0	fileName
1800fe522	string	11	0	lineNumber
1800fe52e	string	7	0	module
1800fe536	string	12	0	failureType
1800fe543	string	8	0	message
1800fe54c	string	9	0	threadId
1800fe556	string	12	0	callContext
1800fe563	string	21	0	originatingContextId
1800fe579	string	23	0	originatingContextName
1800fe591	string	26	0	originatingContextMessage
1800fe5ac	string	17	0	currentContextId
1800fe5be	string	19	0	currentContextName
1800fe5d2	string	22	0	currentContextMessage
1800fe5e9	string	10	0	failureId
1800fe5f4	string	13	0	failureCount
1800fe602	string	9	0	function
1800fe61b	string	26	0	EspCreateFileObjectFilter
1800fe635	string	15	0	PartA_PrivTags
1800fe644	string	13	0	 wilActivity
1800fe653	string	9	0	threadId
1800fe65d	string	11	0	PropertyId
1800fe669	string	15	0	ComparisonType
1800fe688	string	26	0	EspCreateFileObjectFilter
1800fe6a2	string	15	0	PartA_PrivTags
1800fe6b1	string	13	0	 wilActivity
1800fe6c0	string	8	0	hresult
1800fe6c9	string	9	0	threadId
1800fe6e2	string	26	0	EspCreateFileObjectFilter
1800fe6fc	string	15	0	PartA_PrivTags
1800fe70b	string	16	0	 PartA_PrivTags
1800fe71b	string	13	0	 wilActivity
1800fe72a	string	8	0	hresult
1800fe733	string	9	0	fileName
1800fe73d	string	11	0	lineNumber
1800fe749	string	7	0	module
1800fe751	string	12	0	failureType
1800fe75e	string	8	0	message
1800fe767	string	9	0	threadId
1800fe771	string	12	0	callContext
1800fe77e	string	21	0	originatingContextId
1800fe794	string	23	0	originatingContextName
1800fe7ac	string	26	0	originatingContextMessage
1800fe7c7	string	17	0	currentContextId
1800fe7d9	string	19	0	currentContextName
1800fe7ed	string	22	0	currentContextMessage
1800fe804	string	10	0	failureId
1800fe80f	string	13	0	failureCount
1800fe81d	string	9	0	function
1800fe836	string	20	0	EspCreateFileFilter
1800fe84a	string	15	0	PartA_PrivTags
1800fe859	string	13	0	 wilActivity
1800fe868	string	9	0	threadId
1800fe872	string	11	0	PropertyId
1800fe87e	string	15	0	ComparisonType
1800fe89d	string	20	0	EspCreateFileFilter
1800fe8b1	string	15	0	PartA_PrivTags
1800fe8c0	string	13	0	 wilActivity
1800fe8cf	string	8	0	hresult
1800fe8d8	string	9	0	threadId
1800fe8f1	string	20	0	EspCreateFileFilter
1800fe905	string	15	0	PartA_PrivTags
1800fe914	string	16	0	 PartA_PrivTags
1800fe924	string	13	0	 wilActivity
1800fe933	string	8	0	hresult
1800fe93c	string	9	0	fileName
1800fe946	string	11	0	lineNumber
1800fe952	string	7	0	module
1800fe95a	string	12	0	failureType
1800fe967	string	8	0	message
1800fe970	string	9	0	threadId
1800fe97a	string	12	0	callContext
1800fe987	string	21	0	originatingContextId
1800fe99d	string	23	0	originatingContextName
1800fe9b5	string	26	0	originatingContextMessage
1800fe9d0	string	17	0	currentContextId
1800fe9e2	string	19	0	currentContextName
1800fe9f6	string	22	0	currentContextMessage
1800fea0d	string	10	0	failureId
1800fea18	string	13	0	failureCount
1800fea26	string	9	0	function
1800fea3f	string	26	0	EspCreateFileStreamFilter
1800fea59	string	15	0	PartA_PrivTags
1800fea68	string	13	0	 wilActivity
1800fea77	string	9	0	threadId
1800fea81	string	11	0	PropertyId
1800fea8d	string	15	0	ComparisonType
1800feaac	string	26	0	EspCreateFileStreamFilter
1800feac6	string	15	0	PartA_PrivTags
1800fead5	string	13	0	 wilActivity
1800feae4	string	8	0	hresult
1800feaed	string	9	0	threadId
1800feb06	string	26	0	EspCreateFileStreamFilter
1800feb20	string	15	0	PartA_PrivTags
1800feb2f	string	16	0	 PartA_PrivTags
1800feb3f	string	13	0	 wilActivity
1800feb4e	string	8	0	hresult
1800feb57	string	9	0	fileName
1800feb61	string	11	0	lineNumber
1800feb6d	string	7	0	module
1800feb75	string	12	0	failureType
1800feb82	string	8	0	message
1800feb8b	string	9	0	threadId
1800feb95	string	12	0	callContext
1800feba2	string	21	0	originatingContextId
1800febb8	string	23	0	originatingContextName
1800febd0	string	26	0	originatingContextMessage
1800febeb	string	17	0	currentContextId
1800febfd	string	19	0	currentContextName
1800fec11	string	22	0	currentContextMessage
1800fec28	string	10	0	failureId
1800fec33	string	13	0	failureCount
1800fec41	string	9	0	function
1800fec5a	string	23	0	EspCreateProcessFilter
1800fec71	string	15	0	PartA_PrivTags
1800fec80	string	13	0	 wilActivity
1800fec8f	string	9	0	threadId
1800fec99	string	11	0	PropertyId
1800feca5	string	15	0	ComparisonType
1800fecc4	string	23	0	EspCreateProcessFilter
1800fecdb	string	15	0	PartA_PrivTags
1800fecea	string	13	0	 wilActivity
1800fecf9	string	8	0	hresult
1800fed02	string	9	0	threadId
1800fed1b	string	23	0	EspCreateProcessFilter
1800fed32	string	15	0	PartA_PrivTags
1800fed41	string	16	0	 PartA_PrivTags
1800fed51	string	13	0	 wilActivity
1800fed60	string	8	0	hresult
1800fed69	string	9	0	fileName
1800fed73	string	11	0	lineNumber
1800fed7f	string	7	0	module
1800fed87	string	12	0	failureType
1800fed94	string	8	0	message
1800fed9d	string	9	0	threadId
1800feda7	string	12	0	callContext
1800fedb4	string	21	0	originatingContextId
1800fedca	string	23	0	originatingContextName
1800fede2	string	26	0	originatingContextMessage
1800fedfd	string	17	0	currentContextId
1800fee0f	string	19	0	currentContextName
1800fee23	string	22	0	currentContextMessage
1800fee3a	string	10	0	failureId
1800fee45	string	13	0	failureCount
1800fee53	string	9	0	function
1800fee6c	string	22	0	EspCreateThreadFilter
1800fee82	string	15	0	PartA_PrivTags
1800fee91	string	13	0	 wilActivity
1800feea0	string	9	0	threadId
1800feeaa	string	11	0	PropertyId
1800feeb6	string	15	0	ComparisonType
1800feed5	string	22	0	EspCreateThreadFilter
1800feeeb	string	15	0	PartA_PrivTags
1800feefa	string	13	0	 wilActivity
1800fef09	string	8	0	hresult
1800fef12	string	9	0	threadId
1800fef2b	string	22	0	EspCreateThreadFilter
1800fef41	string	15	0	PartA_PrivTags
1800fef50	string	16	0	 PartA_PrivTags
1800fef60	string	13	0	 wilActivity
1800fef6f	string	8	0	hresult
1800fef78	string	9	0	fileName
1800fef82	string	11	0	lineNumber
1800fef8e	string	7	0	module
1800fef96	string	12	0	failureType
1800fefa3	string	8	0	message
1800fefac	string	9	0	threadId
1800fefb6	string	12	0	callContext
1800fefc3	string	21	0	originatingContextId
1800fefd9	string	23	0	originatingContextName
1800feff1	string	26	0	originatingContextMessage
1800ff00c	string	17	0	currentContextId
1800ff01e	string	19	0	currentContextName
1800ff032	string	22	0	currentContextMessage
1800ff049	string	10	0	failureId
1800ff054	string	13	0	failureCount
1800ff062	string	9	0	function
1800ff07b	string	16	0	EspCreateFilter
1800ff08b	string	15	0	PartA_PrivTags
1800ff09a	string	13	0	 wilActivity
1800ff0a9	string	9	0	threadId
1800ff0b3	string	15	0	ComparisonType
1800ff0d2	string	16	0	EspCreateFilter
1800ff0e2	string	15	0	PartA_PrivTags
1800ff0f1	string	13	0	 wilActivity
1800ff100	string	8	0	hresult
1800ff109	string	9	0	threadId
1800ff122	string	16	0	EspCreateFilter
1800ff132	string	15	0	PartA_PrivTags
1800ff141	string	16	0	 PartA_PrivTags
1800ff151	string	13	0	 wilActivity
1800ff160	string	8	0	hresult
1800ff169	string	9	0	fileName
1800ff173	string	11	0	lineNumber
1800ff17f	string	7	0	module
1800ff187	string	12	0	failureType
1800ff194	string	8	0	message
1800ff19d	string	9	0	threadId
1800ff1a7	string	12	0	callContext
1800ff1b4	string	21	0	originatingContextId
1800ff1ca	string	23	0	originatingContextName
1800ff1e2	string	26	0	originatingContextMessage
1800ff1fd	string	17	0	currentContextId
1800ff20f	string	19	0	currentContextName
1800ff223	string	22	0	currentContextMessage
1800ff23a	string	10	0	failureId
1800ff245	string	13	0	failureCount
1800ff253	string	9	0	function
1800ff26c	string	19	0	EspGetEventQueueId
1800ff27f	string	15	0	PartA_PrivTags
1800ff28e	string	13	0	 wilActivity
1800ff29d	string	8	0	hresult
1800ff2a6	string	9	0	threadId
1800ff2c8	string	19	0	EspGetEventQueueId
1800ff2db	string	15	0	PartA_PrivTags
1800ff2ea	string	16	0	 PartA_PrivTags
1800ff2fa	string	13	0	 wilActivity
1800ff309	string	8	0	hresult
1800ff312	string	9	0	fileName
1800ff31c	string	11	0	lineNumber
1800ff328	string	7	0	module
1800ff330	string	12	0	failureType
1800ff33d	string	8	0	message
1800ff346	string	9	0	threadId
1800ff350	string	12	0	callContext
1800ff35d	string	21	0	originatingContextId
1800ff373	string	23	0	originatingContextName
1800ff38b	string	26	0	originatingContextMessage
1800ff3a6	string	17	0	currentContextId
1800ff3b8	string	19	0	currentContextName
1800ff3cc	string	22	0	currentContextMessage
1800ff3e3	string	10	0	failureId
1800ff3ee	string	13	0	failureCount
1800ff3fc	string	9	0	function
1800ff41e	string	19	0	EspGetEventQueueId
1800ff431	string	15	0	PartA_PrivTags
1800ff440	string	13	0	 wilActivity
1800ff44f	string	9	0	threadId
1800ff468	string	19	0	EspGetEventQueueId
1800ff47b	string	15	0	PartA_PrivTags
1800ff48a	string	13	0	 wilActivity
1800ff499	string	8	0	hresult
1800ff4a2	string	9	0	threadId
1800ff4bb	string	19	0	EspGetEventQueueId
1800ff4ce	string	15	0	PartA_PrivTags
1800ff4dd	string	16	0	 PartA_PrivTags
1800ff4ed	string	13	0	 wilActivity
1800ff4fc	string	8	0	hresult
1800ff505	string	9	0	fileName
1800ff50f	string	11	0	lineNumber
1800ff51b	string	7	0	module
1800ff523	string	12	0	failureType
1800ff530	string	8	0	message
1800ff539	string	9	0	threadId
1800ff543	string	12	0	callContext
1800ff550	string	21	0	originatingContextId
1800ff566	string	23	0	originatingContextName
1800ff57e	string	26	0	originatingContextMessage
1800ff599	string	17	0	currentContextId
1800ff5ab	string	19	0	currentContextName
1800ff5bf	string	22	0	currentContextMessage
1800ff5d6	string	10	0	failureId
1800ff5e1	string	13	0	failureCount
1800ff5ef	string	9	0	function
1800ff608	string	39	0	EspRemoveEventQueueStateChangeCallback
1800ff62f	string	15	0	PartA_PrivTags
1800ff63e	string	13	0	 wilActivity
1800ff64d	string	9	0	threadId
1800ff66f	string	39	0	EspRemoveEventQueueStateChangeCallback
1800ff696	string	15	0	PartA_PrivTags
1800ff6a5	string	13	0	 wilActivity
1800ff6b4	string	8	0	hresult
1800ff6bd	string	9	0	threadId
1800ff6d6	string	39	0	EspRemoveEventQueueStateChangeCallback
1800ff6fd	string	15	0	PartA_PrivTags
1800ff70c	string	16	0	 PartA_PrivTags
1800ff71c	string	13	0	 wilActivity
1800ff72b	string	8	0	hresult
1800ff734	string	9	0	fileName
1800ff73e	string	11	0	lineNumber
1800ff74a	string	7	0	module
1800ff752	string	12	0	failureType
1800ff75f	string	8	0	message
1800ff768	string	9	0	threadId
1800ff772	string	12	0	callContext
1800ff77f	string	21	0	originatingContextId
1800ff795	string	23	0	originatingContextName
1800ff7ad	string	26	0	originatingContextMessage
1800ff7c8	string	17	0	currentContextId
1800ff7da	string	19	0	currentContextName
1800ff7ee	string	22	0	currentContextMessage
1800ff805	string	10	0	failureId
1800ff810	string	13	0	failureCount
1800ff81e	string	9	0	function
1800ff837	string	36	0	EspSetEventQueueStateChangeCallback
1800ff85b	string	15	0	PartA_PrivTags
1800ff86a	string	13	0	 wilActivity
1800ff879	string	9	0	threadId
1800ff88c	string	23	0	MemoryThresholdPercent
1800ff8a4	string	25	0	RecoveryThresholdPercent
1800ff8cd	string	36	0	EspSetEventQueueStateChangeCallback
1800ff8f1	string	15	0	PartA_PrivTags
1800ff900	string	13	0	 wilActivity
1800ff90f	string	8	0	hresult
1800ff918	string	9	0	threadId
1800ff931	string	36	0	EspSetEventQueueStateChangeCallback
1800ff955	string	15	0	PartA_PrivTags
1800ff964	string	16	0	 PartA_PrivTags
1800ff974	string	13	0	 wilActivity
1800ff983	string	8	0	hresult
1800ff98c	string	9	0	fileName
1800ff996	string	11	0	lineNumber
1800ff9a2	string	7	0	module
1800ff9aa	string	12	0	failureType
1800ff9b7	string	8	0	message
1800ff9c0	string	9	0	threadId
1800ff9ca	string	12	0	callContext
1800ff9d7	string	21	0	originatingContextId
1800ff9ed	string	23	0	originatingContextName
1800ffa05	string	26	0	originatingContextMessage
1800ffa20	string	17	0	currentContextId
1800ffa32	string	19	0	currentContextName
1800ffa46	string	22	0	currentContextMessage
1800ffa5d	string	10	0	failureId
1800ffa68	string	13	0	failureCount
1800ffa76	string	9	0	function
1800ffa8f	string	19	0	EspClearEventQueue
1800ffaa2	string	15	0	PartA_PrivTags
1800ffab1	string	13	0	 wilActivity
1800ffac0	string	9	0	threadId
1800ffae2	string	19	0	EspClearEventQueue
1800ffaf5	string	15	0	PartA_PrivTags
1800ffb04	string	13	0	 wilActivity
1800ffb13	string	8	0	hresult
1800ffb1c	string	9	0	threadId
1800ffb35	string	19	0	EspClearEventQueue
1800ffb48	string	15	0	PartA_PrivTags
1800ffb57	string	16	0	 PartA_PrivTags
1800ffb67	string	13	0	 wilActivity
1800ffb76	string	8	0	hresult
1800ffb7f	string	9	0	fileName
1800ffb89	string	11	0	lineNumber
1800ffb95	string	7	0	module
1800ffb9d	string	12	0	failureType
1800ffbaa	string	8	0	message
1800ffbb3	string	9	0	threadId
1800ffbbd	string	12	0	callContext
1800ffbca	string	21	0	originatingContextId
1800ffbe0	string	23	0	originatingContextName
1800ffbf8	string	26	0	originatingContextMessage
1800ffc13	string	17	0	currentContextId
1800ffc25	string	19	0	currentContextName
1800ffc39	string	22	0	currentContextMessage
1800ffc50	string	10	0	failureId
1800ffc5b	string	13	0	failureCount
1800ffc69	string	9	0	function
1800ffc82	string	24	0	EspDisconnectEventQueue
1800ffc9a	string	15	0	PartA_PrivTags
1800ffca9	string	13	0	 wilActivity
1800ffcb8	string	9	0	threadId
1800ffcda	string	24	0	EspDisconnectEventQueue
1800ffcf2	string	15	0	PartA_PrivTags
1800ffd01	string	13	0	 wilActivity
1800ffd10	string	8	0	hresult
1800ffd19	string	9	0	threadId
1800ffd32	string	24	0	EspDisconnectEventQueue
1800ffd4a	string	15	0	PartA_PrivTags
1800ffd59	string	16	0	 PartA_PrivTags
1800ffd69	string	13	0	 wilActivity
1800ffd78	string	8	0	hresult
1800ffd81	string	9	0	fileName
1800ffd8b	string	11	0	lineNumber
1800ffd97	string	7	0	module
1800ffd9f	string	12	0	failureType
1800ffdac	string	8	0	message
1800ffdb5	string	9	0	threadId
1800ffdbf	string	12	0	callContext
1800ffdcc	string	21	0	originatingContextId
1800ffde2	string	23	0	originatingContextName
1800ffdfa	string	26	0	originatingContextMessage
1800ffe15	string	17	0	currentContextId
1800ffe27	string	19	0	currentContextName
1800ffe3b	string	22	0	currentContextMessage
1800ffe52	string	10	0	failureId
1800ffe5d	string	13	0	failureCount
1800ffe6b	string	9	0	function
1800ffe84	string	18	0	EspOpenEventQueue
1800ffe96	string	15	0	PartA_PrivTags
1800ffea5	string	13	0	 wilActivity
1800ffeb4	string	8	0	hresult
1800ffebd	string	9	0	threadId
1800ffedf	string	18	0	EspOpenEventQueue
1800ffef1	string	15	0	PartA_PrivTags
1800fff00	string	16	0	 PartA_PrivTags
1800fff10	string	13	0	 wilActivity
1800fff1f	string	8	0	hresult
1800fff28	string	9	0	fileName
1800fff32	string	11	0	lineNumber
1800fff3e	string	7	0	module
1800fff46	string	12	0	failureType
1800fff53	string	8	0	message
1800fff5c	string	9	0	threadId
1800fff66	string	12	0	callContext
1800fff73	string	21	0	originatingContextId
1800fff89	string	23	0	originatingContextName
1800fffa1	string	26	0	originatingContextMessage
1800fffbc	string	17	0	currentContextId
1800fffce	string	19	0	currentContextName
1800fffe2	string	22	0	currentContextMessage
1800ffff9	string	10	0	failureId
180100004	string	13	0	failureCount
180100012	string	9	0	function
180100034	string	18	0	EspOpenEventQueue
180100046	string	15	0	PartA_PrivTags
180100055	string	13	0	 wilActivity
180100064	string	9	0	threadId
18010006e	string	9	0	ClientId
180100090	string	18	0	EspOpenEventQueue
1801000a2	string	15	0	PartA_PrivTags
1801000b1	string	13	0	 wilActivity
1801000c0	string	8	0	hresult
1801000c9	string	9	0	threadId
1801000e2	string	18	0	EspOpenEventQueue
1801000f4	string	15	0	PartA_PrivTags
180100103	string	16	0	 PartA_PrivTags
180100113	string	13	0	 wilActivity
180100122	string	8	0	hresult
18010012b	string	9	0	fileName
180100135	string	11	0	lineNumber
180100141	string	7	0	module
180100149	string	12	0	failureType
180100156	string	8	0	message
18010015f	string	9	0	threadId
180100169	string	12	0	callContext
180100176	string	21	0	originatingContextId
18010018c	string	23	0	originatingContextName
1801001a4	string	26	0	originatingContextMessage
1801001bf	string	17	0	currentContextId
1801001d1	string	19	0	currentContextName
1801001e5	string	22	0	currentContextMessage
1801001fc	string	10	0	failureId
180100207	string	13	0	failureCount
180100215	string	9	0	function
18010022e	string	19	0	EspCloseEventQueue
180100241	string	15	0	PartA_PrivTags
180100250	string	13	0	 wilActivity
18010025f	string	9	0	threadId
180100281	string	19	0	EspCloseEventQueue
180100294	string	15	0	PartA_PrivTags
1801002a3	string	13	0	 wilActivity
1801002b2	string	8	0	hresult
1801002bb	string	9	0	threadId
1801002d4	string	19	0	EspCloseEventQueue
1801002e7	string	15	0	PartA_PrivTags
1801002f6	string	16	0	 PartA_PrivTags
180100306	string	13	0	 wilActivity
180100315	string	8	0	hresult
18010031e	string	9	0	fileName
180100328	string	11	0	lineNumber
180100334	string	7	0	module
18010033c	string	12	0	failureType
180100349	string	8	0	message
180100352	string	9	0	threadId
18010035c	string	12	0	callContext
180100369	string	21	0	originatingContextId
18010037f	string	23	0	originatingContextName
180100397	string	26	0	originatingContextMessage
1801003b2	string	17	0	currentContextId
1801003c4	string	19	0	currentContextName
1801003d8	string	22	0	currentContextMessage
1801003ef	string	10	0	failureId
1801003fa	string	13	0	failureCount
180100408	string	9	0	function
180100421	string	20	0	EspCreateEventQueue
180100435	string	15	0	PartA_PrivTags
180100444	string	13	0	 wilActivity
180100453	string	8	0	hresult
18010045c	string	9	0	threadId
18010047e	string	20	0	EspCreateEventQueue
180100492	string	15	0	PartA_PrivTags
1801004a1	string	16	0	 PartA_PrivTags
1801004b1	string	13	0	 wilActivity
1801004c0	string	8	0	hresult
1801004c9	string	9	0	fileName
1801004d3	string	11	0	lineNumber
1801004df	string	7	0	module
1801004e7	string	12	0	failureType
1801004f4	string	8	0	message
1801004fd	string	9	0	threadId
180100507	string	12	0	callContext
180100514	string	21	0	originatingContextId
18010052a	string	23	0	originatingContextName
180100542	string	26	0	originatingContextMessage
18010055d	string	17	0	currentContextId
18010056f	string	19	0	currentContextName
180100583	string	22	0	currentContextMessage
18010059a	string	10	0	failureId
1801005a5	string	13	0	failureCount
1801005b3	string	9	0	function
1801005d5	string	20	0	EspCreateEventQueue
1801005e9	string	15	0	PartA_PrivTags
1801005f8	string	13	0	 wilActivity
180100607	string	9	0	threadId
180100611	string	9	0	ClientId
18010061b	string	10	0	QueueType
180100626	string	9	0	Lifetime
180100630	string	17	0	MaxCapacityBytes
180100642	string	20	0	NotificationVersion
180100666	string	20	0	EspCreateEventQueue
18010067a	string	15	0	PartA_PrivTags
180100689	string	13	0	 wilActivity
180100698	string	8	0	hresult
1801006a1	string	9	0	threadId
1801006ba	string	20	0	EspCreateEventQueue
1801006ce	string	15	0	PartA_PrivTags
1801006dd	string	16	0	 PartA_PrivTags
1801006ed	string	13	0	 wilActivity
1801006fc	string	8	0	hresult
180100705	string	9	0	fileName
18010070f	string	11	0	lineNumber
18010071b	string	7	0	module
180100723	string	12	0	failureType
180100730	string	8	0	message
180100739	string	9	0	threadId
180100743	string	12	0	callContext
180100750	string	21	0	originatingContextId
180100766	string	23	0	originatingContextName
18010077e	string	26	0	originatingContextMessage
180100799	string	17	0	currentContextId
1801007ab	string	19	0	currentContextName
1801007bf	string	22	0	currentContextMessage
1801007d6	string	10	0	failureId
1801007e1	string	13	0	failureCount
1801007ef	string	9	0	function
180100808	string	29	0	EspCompleteEventNotification
180100825	string	15	0	PartA_PrivTags
180100834	string	13	0	 wilActivity
180100843	string	9	0	threadId
18010085c	string	29	0	EspCompleteEventNotification
180100879	string	15	0	PartA_PrivTags
180100888	string	13	0	 wilActivity
180100897	string	8	0	hresult
1801008a0	string	9	0	threadId
1801008b9	string	29	0	EspCompleteEventNotification
1801008d6	string	15	0	PartA_PrivTags
1801008e5	string	16	0	 PartA_PrivTags
1801008f5	string	13	0	 wilActivity
180100904	string	8	0	hresult
18010090d	string	9	0	fileName
180100917	string	11	0	lineNumber
180100923	string	7	0	module
18010092b	string	12	0	failureType
180100938	string	8	0	message
180100941	string	9	0	threadId
18010094b	string	12	0	callContext
180100958	string	21	0	originatingContextId
18010096e	string	23	0	originatingContextName
180100986	string	26	0	originatingContextMessage
1801009a1	string	17	0	currentContextId
1801009b3	string	19	0	currentContextName
1801009c7	string	22	0	currentContextMessage
1801009de	string	10	0	failureId
1801009e9	string	13	0	failureCount
1801009f7	string	9	0	function
180100a10	string	24	0	EspArmEventNotification
180100a28	string	15	0	PartA_PrivTags
180100a37	string	13	0	 wilActivity
180100a46	string	9	0	threadId
180100a68	string	24	0	EspArmEventNotification
180100a80	string	15	0	PartA_PrivTags
180100a8f	string	13	0	 wilActivity
180100a9e	string	8	0	hresult
180100aa7	string	9	0	threadId
180100ac0	string	24	0	EspArmEventNotification
180100ad8	string	15	0	PartA_PrivTags
180100ae7	string	16	0	 PartA_PrivTags
180100af7	string	13	0	 wilActivity
180100b06	string	8	0	hresult
180100b0f	string	9	0	fileName
180100b19	string	11	0	lineNumber
180100b25	string	7	0	module
180100b2d	string	12	0	failureType
180100b3a	string	8	0	message
180100b43	string	9	0	threadId
180100b4d	string	12	0	callContext
180100b5a	string	21	0	originatingContextId
180100b70	string	23	0	originatingContextName
180100b88	string	26	0	originatingContextMessage
180100ba3	string	17	0	currentContextId
180100bb5	string	19	0	currentContextName
180100bc9	string	22	0	currentContextMessage
180100be0	string	10	0	failureId
180100beb	string	13	0	failureCount
180100bf9	string	9	0	function
180100c12	string	25	0	EspFreeEventNotification
180100c2b	string	15	0	PartA_PrivTags
180100c3a	string	13	0	 wilActivity
180100c49	string	9	0	threadId
180100c62	string	25	0	EspFreeEventNotification
180100c7b	string	15	0	PartA_PrivTags
180100c8a	string	13	0	 wilActivity
180100c99	string	8	0	hresult
180100ca2	string	9	0	threadId
180100cbb	string	25	0	EspFreeEventNotification
180100cd4	string	15	0	PartA_PrivTags
180100ce3	string	16	0	 PartA_PrivTags
180100cf3	string	13	0	 wilActivity
180100d02	string	8	0	hresult
180100d0b	string	9	0	fileName
180100d15	string	11	0	lineNumber
180100d21	string	7	0	module
180100d29	string	12	0	failureType
180100d36	string	8	0	message
180100d3f	string	9	0	threadId
180100d49	string	12	0	callContext
180100d56	string	21	0	originatingContextId
180100d6c	string	23	0	originatingContextName
180100d84	string	26	0	originatingContextMessage
180100d9f	string	17	0	currentContextId
180100db1	string	19	0	currentContextName
180100dc5	string	22	0	currentContextMessage
180100ddc	string	10	0	failureId
180100de7	string	13	0	failureCount
180100df5	string	9	0	function
180100e0e	string	29	0	EspAllocateEventNotification
180100e2b	string	15	0	PartA_PrivTags
180100e3a	string	13	0	 wilActivity
180100e49	string	9	0	threadId
180100e62	string	29	0	EspAllocateEventNotification
180100e7f	string	15	0	PartA_PrivTags
180100e8e	string	13	0	 wilActivity
180100e9d	string	8	0	hresult
180100ea6	string	9	0	threadId
180100ebf	string	29	0	EspAllocateEventNotification
180100edc	string	15	0	PartA_PrivTags
180100eeb	string	16	0	 PartA_PrivTags
180100efb	string	13	0	 wilActivity
180100f0a	string	8	0	hresult
180100f13	string	9	0	fileName
180100f1d	string	11	0	lineNumber
180100f29	string	7	0	module
180100f31	string	12	0	failureType
180100f3e	string	8	0	message
180100f47	string	9	0	threadId
180100f51	string	12	0	callContext
180100f5e	string	21	0	originatingContextId
180100f74	string	23	0	originatingContextName
180100f8c	string	26	0	originatingContextMessage
180100fa7	string	17	0	currentContextId
180100fb9	string	19	0	currentContextName
180100fcd	string	22	0	currentContextMessage
180100fe4	string	10	0	failureId
180100fef	string	13	0	failureCount
180100ffd	string	9	0	function
180101016	string	25	0	EspQueryClientDescriptor
18010102f	string	15	0	PartA_PrivTags
18010103e	string	13	0	 wilActivity
18010104d	string	9	0	threadId
180101057	string	9	0	ClientId
180101070	string	25	0	EspQueryClientDescriptor
180101089	string	15	0	PartA_PrivTags
180101098	string	13	0	 wilActivity
1801010a7	string	8	0	hresult
1801010b0	string	9	0	threadId
1801010c9	string	25	0	EspQueryClientDescriptor
1801010e2	string	15	0	PartA_PrivTags
1801010f1	string	16	0	 PartA_PrivTags
180101101	string	13	0	 wilActivity
180101110	string	8	0	hresult
180101119	string	9	0	fileName
180101123	string	11	0	lineNumber
18010112f	string	7	0	module
180101137	string	12	0	failureType
180101144	string	8	0	message
18010114d	string	9	0	threadId
180101157	string	12	0	callContext
180101164	string	21	0	originatingContextId
18010117a	string	23	0	originatingContextName
180101192	string	26	0	originatingContextMessage
1801011ad	string	17	0	currentContextId
1801011bf	string	19	0	currentContextName
1801011d3	string	22	0	currentContextMessage
1801011ea	string	10	0	failureId
1801011f5	string	13	0	failureCount
180101203	string	9	0	function
18010121c	string	29	0	EspEnumerateConnectedClients
180101239	string	15	0	PartA_PrivTags
180101248	string	13	0	 wilActivity
180101257	string	8	0	hresult
180101260	string	9	0	threadId
18010126a	string	15	0	ClientIdsCount
180101289	string	29	0	EspEnumerateConnectedClients
1801012a6	string	15	0	PartA_PrivTags
1801012b5	string	16	0	 PartA_PrivTags
1801012c5	string	13	0	 wilActivity
1801012d4	string	8	0	hresult
1801012dd	string	9	0	fileName
1801012e7	string	11	0	lineNumber
1801012f3	string	7	0	module
1801012fb	string	12	0	failureType
180101308	string	8	0	message
180101311	string	9	0	threadId
18010131b	string	12	0	callContext
180101328	string	21	0	originatingContextId
18010133e	string	23	0	originatingContextName
180101356	string	26	0	originatingContextMessage
180101371	string	17	0	currentContextId
180101383	string	19	0	currentContextName
180101397	string	22	0	currentContextMessage
1801013ae	string	10	0	failureId
1801013b9	string	13	0	failureCount
1801013c7	string	9	0	function
1801013d1	string	15	0	ClientIdsCount
1801013f0	string	29	0	EspEnumerateConnectedClients
18010140d	string	15	0	PartA_PrivTags
18010141c	string	13	0	 wilActivity
18010142b	string	9	0	threadId
180101444	string	29	0	EspEnumerateConnectedClients
180101461	string	15	0	PartA_PrivTags
180101470	string	13	0	 wilActivity
18010147f	string	8	0	hresult
180101488	string	9	0	threadId
1801014a1	string	29	0	EspEnumerateConnectedClients
1801014be	string	15	0	PartA_PrivTags
1801014cd	string	16	0	 PartA_PrivTags
1801014dd	string	13	0	 wilActivity
1801014ec	string	8	0	hresult
1801014f5	string	9	0	fileName
1801014ff	string	11	0	lineNumber
18010150b	string	7	0	module
180101513	string	12	0	failureType
180101520	string	8	0	message
180101529	string	9	0	threadId
180101533	string	12	0	callContext
180101540	string	21	0	originatingContextId
180101556	string	23	0	originatingContextName
18010156e	string	26	0	originatingContextMessage
180101589	string	17	0	currentContextId
18010159b	string	19	0	currentContextName
1801015af	string	22	0	currentContextMessage
1801015c6	string	10	0	failureId
1801015d1	string	13	0	failureCount
1801015df	string	9	0	function
1801015f8	string	30	0	EspEnumerateRegisteredClients
180101616	string	15	0	PartA_PrivTags
180101625	string	13	0	 wilActivity
180101634	string	8	0	hresult
18010163d	string	9	0	threadId
180101647	string	15	0	ClientIdsCount
180101666	string	30	0	EspEnumerateRegisteredClients
180101684	string	15	0	PartA_PrivTags
180101693	string	16	0	 PartA_PrivTags
1801016a3	string	13	0	 wilActivity
1801016b2	string	8	0	hresult
1801016bb	string	9	0	fileName
1801016c5	string	11	0	lineNumber
1801016d1	string	7	0	module
1801016d9	string	12	0	failureType
1801016e6	string	8	0	message
1801016ef	string	9	0	threadId
1801016f9	string	12	0	callContext
180101706	string	21	0	originatingContextId
18010171c	string	23	0	originatingContextName
180101734	string	26	0	originatingContextMessage
18010174f	string	17	0	currentContextId
180101761	string	19	0	currentContextName
180101775	string	22	0	currentContextMessage
18010178c	string	10	0	failureId
180101797	string	13	0	failureCount
1801017a5	string	9	0	function
1801017af	string	15	0	ClientIdsCount
1801017ce	string	30	0	EspEnumerateRegisteredClients
1801017ec	string	15	0	PartA_PrivTags
1801017fb	string	13	0	 wilActivity
18010180a	string	9	0	threadId
180101823	string	30	0	EspEnumerateRegisteredClients
180101841	string	15	0	PartA_PrivTags
180101850	string	13	0	 wilActivity
18010185f	string	8	0	hresult
180101868	string	9	0	threadId
180101881	string	30	0	EspEnumerateRegisteredClients
18010189f	string	15	0	PartA_PrivTags
1801018ae	string	16	0	 PartA_PrivTags
1801018be	string	13	0	 wilActivity
1801018cd	string	8	0	hresult
1801018d6	string	9	0	fileName
1801018e0	string	11	0	lineNumber
1801018ec	string	7	0	module
1801018f4	string	12	0	failureType
180101901	string	8	0	message
18010190a	string	9	0	threadId
180101914	string	12	0	callContext
180101921	string	21	0	originatingContextId
180101937	string	23	0	originatingContextName
18010194f	string	26	0	originatingContextMessage
18010196a	string	17	0	currentContextId
18010197c	string	19	0	currentContextName
180101990	string	22	0	currentContextMessage
1801019a7	string	10	0	failureId
1801019b2	string	13	0	failureCount
1801019c0	string	9	0	function
1801019d9	string	20	0	EspDisconnectClient
1801019ed	string	15	0	PartA_PrivTags
1801019fc	string	13	0	 wilActivity
180101a0b	string	9	0	threadId
180101a15	string	9	0	ClientId
180101a2e	string	20	0	EspDisconnectClient
180101a42	string	15	0	PartA_PrivTags
180101a51	string	13	0	 wilActivity
180101a60	string	8	0	hresult
180101a69	string	9	0	threadId
180101a82	string	20	0	EspDisconnectClient
180101a96	string	15	0	PartA_PrivTags
180101aa5	string	16	0	 PartA_PrivTags
180101ab5	string	13	0	 wilActivity
180101ac4	string	8	0	hresult
180101acd	string	9	0	fileName
180101ad7	string	11	0	lineNumber
180101ae3	string	7	0	module
180101aeb	string	12	0	failureType
180101af8	string	8	0	message
180101b01	string	9	0	threadId
180101b0b	string	12	0	callContext
180101b18	string	21	0	originatingContextId
180101b2e	string	23	0	originatingContextName
180101b46	string	26	0	originatingContextMessage
180101b61	string	17	0	currentContextId
180101b73	string	19	0	currentContextName
180101b87	string	22	0	currentContextMessage
180101b9e	string	10	0	failureId
180101ba9	string	13	0	failureCount
180101bb7	string	9	0	function
180101bd0	string	17	0	EspConnectClient
180101be1	string	15	0	PartA_PrivTags
180101bf0	string	13	0	 wilActivity
180101bff	string	9	0	threadId
180101c09	string	9	0	ClientId
180101c22	string	17	0	EspConnectClient
180101c33	string	15	0	PartA_PrivTags
180101c42	string	13	0	 wilActivity
180101c51	string	8	0	hresult
180101c5a	string	9	0	threadId
180101c73	string	17	0	EspConnectClient
180101c84	string	15	0	PartA_PrivTags
180101c93	string	16	0	 PartA_PrivTags
180101ca3	string	13	0	 wilActivity
180101cb2	string	8	0	hresult
180101cbb	string	9	0	fileName
180101cc5	string	11	0	lineNumber
180101cd1	string	7	0	module
180101cd9	string	12	0	failureType
180101ce6	string	8	0	message
180101cef	string	9	0	threadId
180101cf9	string	12	0	callContext
180101d06	string	21	0	originatingContextId
180101d1c	string	23	0	originatingContextName
180101d34	string	26	0	originatingContextMessage
180101d4f	string	17	0	currentContextId
180101d61	string	19	0	currentContextName
180101d75	string	22	0	currentContextMessage
180101d8c	string	10	0	failureId
180101d97	string	13	0	failureCount
180101da5	string	9	0	function
180101dbe	string	20	0	EspUnregisterClient
180101dd2	string	15	0	PartA_PrivTags
180101de1	string	13	0	 wilActivity
180101df0	string	9	0	threadId
180101dfa	string	9	0	ClientId
180101e13	string	20	0	EspUnregisterClient
180101e27	string	15	0	PartA_PrivTags
180101e36	string	13	0	 wilActivity
180101e45	string	8	0	hresult
180101e4e	string	9	0	threadId
180101e67	string	20	0	EspUnregisterClient
180101e7b	string	15	0	PartA_PrivTags
180101e8a	string	16	0	 PartA_PrivTags
180101e9a	string	13	0	 wilActivity
180101ea9	string	8	0	hresult
180101eb2	string	9	0	fileName
180101ebc	string	11	0	lineNumber
180101ec8	string	7	0	module
180101ed0	string	12	0	failureType
180101edd	string	8	0	message
180101ee6	string	9	0	threadId
180101ef0	string	12	0	callContext
180101efd	string	21	0	originatingContextId
180101f13	string	23	0	originatingContextName
180101f2b	string	26	0	originatingContextMessage
180101f46	string	17	0	currentContextId
180101f58	string	19	0	currentContextName
180101f6c	string	22	0	currentContextMessage
180101f83	string	10	0	failureId
180101f8e	string	13	0	failureCount
180101f9c	string	9	0	function
180101fb5	string	18	0	EspRegisterClient
180101fc7	string	15	0	PartA_PrivTags
180101fd6	string	13	0	 wilActivity
180101fe5	string	9	0	threadId
180101fef	string	11	0	ClientName
180101ffb	string	9	0	ClientId
180102005	string	9	0	Altitude
18010201e	string	18	0	EspRegisterClient
180102030	string	15	0	PartA_PrivTags
18010203f	string	13	0	 wilActivity
18010204e	string	8	0	hresult
180102057	string	9	0	threadId
180102070	string	18	0	EspRegisterClient
180102082	string	15	0	PartA_PrivTags
180102091	string	16	0	 PartA_PrivTags
1801020a1	string	13	0	 wilActivity
1801020b0	string	8	0	hresult
1801020b9	string	9	0	fileName
1801020c3	string	11	0	lineNumber
1801020cf	string	7	0	module
1801020d7	string	12	0	failureType
1801020e4	string	8	0	message
1801020ed	string	9	0	threadId
1801020f7	string	12	0	callContext
180102104	string	21	0	originatingContextId
18010211a	string	23	0	originatingContextName
180102132	string	26	0	originatingContextMessage
18010214d	string	17	0	currentContextId
18010215f	string	19	0	currentContextName
180102173	string	22	0	currentContextMessage
18010218a	string	10	0	failureId
180102195	string	13	0	failureCount
1801021a3	string	9	0	function
1801021bc	string	14	0	FallbackError
1801021ca	string	15	0	PartA_PrivTags
1801021d9	string	11	0	 wilResult
1801021e6	string	8	0	hresult
1801021ef	string	9	0	fileName
1801021f9	string	11	0	lineNumber
180102205	string	7	0	module
18010220d	string	12	0	failureType
18010221a	string	8	0	message
180102223	string	9	0	threadId
18010222d	string	12	0	callContext
18010223a	string	21	0	originatingContextId
180102250	string	23	0	originatingContextName
180102268	string	26	0	originatingContextMessage
180102283	string	17	0	currentContextId
180102295	string	19	0	currentContextName
1801022a9	string	22	0	currentContextMessage
1801022c0	string	10	0	failureId
1801022cb	string	13	0	failureCount
1801022d9	string	9	0	function
1801022f2	string	14	0	FallbackError
180102300	string	15	0	PartA_PrivTags
18010230f	string	16	0	 PartA_PrivTags
18010231f	string	11	0	 wilResult
18010232c	string	8	0	hresult
180102335	string	9	0	fileName
18010233f	string	11	0	lineNumber
18010234b	string	7	0	module
180102353	string	12	0	failureType
180102360	string	8	0	message
180102369	string	9	0	threadId
180102373	string	12	0	callContext
180102380	string	21	0	originatingContextId
180102396	string	23	0	originatingContextName
1801023ae	string	26	0	originatingContextMessage
1801023c9	string	17	0	currentContextId
1801023db	string	19	0	currentContextName
1801023ef	string	22	0	currentContextMessage
180102415	string	10	0	wil_error
18010241f	string	8	0	message
18010242e	string	12	0	line_number
180102452	string	30	0	Microsoft.Windows.WESP.Client
180102538	string	16	0	.text$unlikely
18010264c	string	12	0	.gehcont
180102670	string	8	0	.rdata
1801026a8	string	16	0	.rdata$voltmd
1801026d8	string	16	0	.rdata$zETW1
1801026f0	string	16	0	.rdata$zETW2
1801027ac	string	8	0	.edata
18010280c	string	8	0	.data
180102850	string	8	0	.pdata
180108438	TerminatedCString	14	1	espclient.dll
180108446	TerminatedCString	29	1	EspAllocateEventNotification
180108463	TerminatedCString	24	1	EspArmEventNotification
18010847b	TerminatedCString	19	1	EspClearEventQueue
18010848e	TerminatedCString	19	1	EspCloseCollection
1801084a1	TerminatedCString	29	1	EspCloseEventObjectReference
1801084be	TerminatedCString	19	1	EspCloseEventQueue
1801084d1	TerminatedCString	15	1	EspCloseFilter
1801084e0	TerminatedCString	13	1	EspCloseRule
1801084ed	TerminatedCString	29	1	EspCompleteEventNotification
18010850a	TerminatedCString	17	1	EspConnectClient
18010851b	TerminatedCString	33	1	EspConnectEventQueueWithCallback
18010853c	TerminatedCString	29	1	EspConnectEventQueueWithIocp
180108559	TerminatedCString	19	1	EspCreateAndFilter
18010856c	TerminatedCString	22	1	EspCreateClientFilter
180108582	TerminatedCString	20	1	EspCreateCollection
180108596	TerminatedCString	23	1	EspCreateDesktopFilter
1801085ad	TerminatedCString	26	1	EspCreateDesktopReference
1801085c7	TerminatedCString	20	1	EspCreateDiskFilter
1801085db	TerminatedCString	23	1	EspCreateDiskReference
1801085f2	TerminatedCString	21	1	EspCreateEventFilter
180108607	TerminatedCString	30	1	EspCreateEventObjectReference
180108625	TerminatedCString	34	1	EspCreateEventObjectReferenceById
180108647	TerminatedCString	20	1	EspCreateEventQueue
18010865b	TerminatedCString	20	1	EspCreateFileFilter
18010866f	TerminatedCString	26	1	EspCreateFileObjectFilter
180108689	TerminatedCString	27	1	EspCreateFileReferenceById
1801086a4	TerminatedCString	29	1	EspCreateFileReferenceByPath
1801086c1	TerminatedCString	26	1	EspCreateFileStreamFilter
1801086db	TerminatedCString	33	1	EspCreateFileStreamReferenceById
1801086fc	TerminatedCString	35	1	EspCreateFileStreamReferenceByPath
18010871f	TerminatedCString	16	1	EspCreateFilter
18010872f	TerminatedCString	30	1	EspCreateKtmTransactionFilter
18010874d	TerminatedCString	24	1	EspCreateMailslotFilter
180108765	TerminatedCString	27	1	EspCreateMailslotReference
180108780	TerminatedCString	19	1	EspCreateNotFilter
180108793	TerminatedCString	18	1	EspCreateOrFilter
1801087a5	TerminatedCString	20	1	EspCreatePipeFilter
1801087b9	TerminatedCString	23	1	EspCreatePipeReference
1801087d0	TerminatedCString	23	1	EspCreateProcessFilter
1801087e7	TerminatedCString	26	1	EspCreateProcessReference
180108801	TerminatedCString	31	1	EspCreateProcessTokenReference
180108820	TerminatedCString	27	1	EspCreateRegistryKeyFilter
18010883b	TerminatedCString	33	1	EspCreateRegistryKeyObjectFilter
18010885c	TerminatedCString	30	1	EspCreateRegistryKeyReference
18010887a	TerminatedCString	14	1	EspCreateRule
180108888	TerminatedCString	22	1	EspCreateThreadFilter
18010889e	TerminatedCString	25	1	EspCreateThreadReference
1801088b7	TerminatedCString	30	1	EspCreateThreadTokenReference
1801088d5	TerminatedCString	21	1	EspCreateTokenFilter
1801088ea	TerminatedCString	22	1	EspCreateVolumeFilter
180108900	TerminatedCString	25	1	EspCreateVolumeReference
180108919	TerminatedCString	19	1	EspCreateXorFilter
18010892c	TerminatedCString	20	1	EspDisconnectClient
180108940	TerminatedCString	24	1	EspDisconnectEventQueue
180108958	TerminatedCString	33	1	EspDuplicateEventObjectReference
180108979	TerminatedCString	33	1	EspEnumerateAllClientContextKeys
18010899a	TerminatedCString	38	1	EspEnumerateAllEventObjectContextKeys
1801089c0	TerminatedCString	30	1	EspEnumerateAllRulesForClient
1801089de	TerminatedCString	30	1	EspEnumerateCollectionEntries
1801089fc	TerminatedCString	26	1	EspEnumerateCollectionIds
180108a16	TerminatedCString	29	1	EspEnumerateConnectedClients
180108a33	TerminatedCString	26	1	EspEnumerateEventQueueIds
180108a4d	TerminatedCString	30	1	EspEnumerateRegisteredClients
180108a6b	TerminatedCString	20	1	EspEnumerateRuleIds
180108a7f	TerminatedCString	25	1	EspFreeEventNotification
180108a98	TerminatedCString	14	1	EspFreeMemory
180108aa6	TerminatedCString	19	1	EspGetCollectionId
180108ab9	TerminatedCString	21	1	EspGetCollectionType
180108ace	TerminatedCString	24	1	EspGetEventCapabilities
180108ae6	TerminatedCString	31	1	EspGetEventObjectFromReference
180108b05	TerminatedCString	20	1	EspGetEventObjectId
180108b19	TerminatedCString	22	1	EspGetEventObjectType
180108b2f	TerminatedCString	19	1	EspGetEventQueueId
180108b42	TerminatedCString	13	1	EspGetRuleId
180108b4f	TerminatedCString	21	1	EspInitUnicodeString
180108b64	TerminatedCString	29	1	EspIsClientPropertySupported
180108b81	TerminatedCString	30	1	EspIsDesktopPropertySupported
180108b9f	TerminatedCString	27	1	EspIsDiskPropertySupported
180108bba	TerminatedCString	28	1	EspIsEventPropertySupported
180108bd6	TerminatedCString	33	1	EspIsFileObjectPropertySupported
180108bf7	TerminatedCString	27	1	EspIsFilePropertySupported
180108c12	TerminatedCString	33	1	EspIsFileStreamPropertySupported
180108c33	TerminatedCString	37	1	EspIsKtmTransactionPropertySupported
180108c58	TerminatedCString	31	1	EspIsMailslotPropertySupported
180108c77	TerminatedCString	27	1	EspIsPipePropertySupported
180108c92	TerminatedCString	30	1	EspIsProcessPropertySupported
180108cb0	TerminatedCString	40	1	EspIsRegistryKeyObjectPropertySupported
180108cd8	TerminatedCString	34	1	EspIsRegistryKeyPropertySupported
180108cfa	TerminatedCString	29	1	EspIsThreadPropertySupported
180108d17	TerminatedCString	28	1	EspIsTokenPropertySupported
180108d33	TerminatedCString	29	1	EspIsVolumePropertySupported
180108d50	TerminatedCString	18	1	EspOpenCollection
180108d62	TerminatedCString	18	1	EspOpenEventQueue
180108d74	TerminatedCString	25	1	EspQueryClientDescriptor
180108d8d	TerminatedCString	25	1	EspQueryClientProperties
180108da6	TerminatedCString	26	1	EspQueryDesktopProperties
180108dc0	TerminatedCString	23	1	EspQueryDiskProperties
180108dd7	TerminatedCString	29	1	EspQueryFileObjectProperties
180108df4	TerminatedCString	23	1	EspQueryFileProperties
180108e0b	TerminatedCString	29	1	EspQueryFileStreamProperties
180108e28	TerminatedCString	33	1	EspQueryKtmTransactionProperties
180108e49	TerminatedCString	27	1	EspQueryMailslotProperties
180108e64	TerminatedCString	23	1	EspQueryPipeProperties
180108e7b	TerminatedCString	26	1	EspQueryProcessProperties
180108e95	TerminatedCString	36	1	EspQueryRegistryKeyObjectProperties
180108eb9	TerminatedCString	30	1	EspQueryRegistryKeyProperties
180108ed7	TerminatedCString	25	1	EspQueryThreadProperties
180108ef0	TerminatedCString	24	1	EspQueryTokenProperties
180108f08	TerminatedCString	25	1	EspQueryVolumeProperties
180108f21	TerminatedCString	18	1	EspRegisterClient
180108f33	TerminatedCString	27	1	EspRemoveAllRulesForClient
180108f4e	TerminatedCString	39	1	EspRemoveEventQueueStateChangeCallback
180108f75	TerminatedCString	24	1	EspRemoveRulesForClient
180108f8d	TerminatedCString	23	1	EspSetClientContextKey
180108fa4	TerminatedCString	28	1	EspSetEventObjectContextKey
180108fc0	TerminatedCString	36	1	EspSetEventQueueStateChangeCallback
180108fe4	TerminatedCString	24	1	EspStringMatchesPattern
180108ffc	TerminatedCString	20	1	EspUnregisterClient
180109010	TerminatedCString	20	1	EspUpdateCollection
180109024	TerminatedCString	15	1	EspUpdateRules
1801094aa	TerminatedCString	16	0	EventUnregister
1801094bc	TerminatedCString	14	0	EventRegister
1801094cc	TerminatedCString	20	0	EventSetInformation
1801094e2	TerminatedCString	19	0	EventWriteTransfer
1801094f8	TerminatedCString	12	0	CloseHandle
180109506	TerminatedCString	19	0	OutputDebugStringW
18010951c	TerminatedCString	19	0	GetCurrentThreadId
180109532	TerminatedCString	15	0	FormatMessageW
180109544	TerminatedCString	18	0	IsDebuggerPresent
180109558	TerminatedCString	13	0	GetLastError
180109568	TerminatedCString	13	0	SetLastError
180109578	TerminatedCString	20	0	WaitForSingleObject
18010958e	TerminatedCString	17	0	ReleaseSemaphore
1801095a2	TerminatedCString	15	0	OpenSemaphoreW
1801095b4	TerminatedCString	9	0	HeapFree
1801095c0	TerminatedCString	15	0	GetProcessHeap
1801095d2	TerminatedCString	15	0	GetProcAddress
1801095e4	TerminatedCString	17	0	GetModuleHandleW
1801095f8	TerminatedCString	10	0	HeapAlloc
180109604	TerminatedCString	23	0	EventActivityIdControl
18010961e	TerminatedCString	24	0	ReleaseSRWLockExclusive
180109638	TerminatedCString	24	0	AcquireSRWLockExclusive
180109652	TerminatedCString	24	0	InitOnceBeginInitialize
18010966c	TerminatedCString	17	0	InitOnceComplete
180109680	TerminatedCString	20	0	GetCurrentProcessId
180109696	TerminatedCString	15	0	CreateMutexExW
1801096a8	TerminatedCString	13	0	ReleaseMutex
1801096b8	TerminatedCString	19	0	CreateSemaphoreExW
1801096ce	TerminatedCString	22	0	WaitForSingleObjectEx
1801096e6	TerminatedCString	19	0	GetModuleFileNameA
1801096fc	TerminatedCString	19	0	GetModuleHandleExW
180109712	TerminatedCString	26	0	DisableThreadLibraryCalls
18010972e	TerminatedCString	20	0	WideCharToMultiByte
180109744	TerminatedCString	11	0	DebugBreak
180109750	TerminatedCString	13	0	ADVAPI32.dll
18010975e	TerminatedCString	13	0	KERNEL32.dll
18010976e	TerminatedCString	7	0	memset
180109778	TerminatedCString	24	0	_o___std_exception_copy
180109792	TerminatedCString	27	0	_o___std_exception_destroy
1801097b0	TerminatedCString	28	0	_o___stdio_common_vswprintf
1801097ce	TerminatedCString	13	0	_o__callnewh
1801097de	TerminatedCString	16	0	_o__calloc_base
1801097f0	TerminatedCString	10	0	_o__cexit
1801097fc	TerminatedCString	26	0	_o__configure_narrow_argv
180109818	TerminatedCString	15	0	_o__crt_atexit
18010982a	TerminatedCString	10	0	_o__errno
180109836	TerminatedCString	25	0	_o__execute_onexit_table
180109852	TerminatedCString	14	0	_o__free_base
180109862	TerminatedCString	34	0	_o__initialize_narrow_environment
180109886	TerminatedCString	28	0	_o__initialize_onexit_table
1801098a4	TerminatedCString	29	0	_o__invalid_parameter_noinfo
1801098c4	TerminatedCString	29	0	_o__register_onexit_function
1801098e4	TerminatedCString	19	0	_o__seh_filter_dll
1801098fa	TerminatedCString	13	0	_o__wcsnicmp
18010990a	TerminatedCString	9	0	_o_abort
180109916	TerminatedCString	8	0	_o_free
180109920	TerminatedCString	10	0	_o_malloc
18010992c	TerminatedCString	13	0	_o_terminate
18010993a	TerminatedCString	33	0	api-ms-win-crt-string-l1-1-0.dll
18010995c	TerminatedCString	34	0	api-ms-win-crt-private-l1-1-0.dll
180109980	TerminatedCString	18	0	FilterSendMessage
180109994	TerminatedCString	31	0	FilterConnectCommunicationPort
1801099b6	TerminatedCString	17	0	FilterGetMessage
1801099c8	TerminatedCString	11	0	FLTLIB.DLL
1801099d6	TerminatedCString	23	0	ConvertStringSidToSidW
1801099f0	TerminatedCString	10	0	LocalFree
1801099fc	TerminatedCString	11	0	IsValidSid
180109a0a	TerminatedCString	13	0	GetLengthSid
180109a1a	TerminatedCString	8	0	CopySid
180109a24	TerminatedCString	11	0	UuidCreate
180109a32	TerminatedCString	24	0	QueryPerformanceCounter
180109a4c	TerminatedCString	24	0	GetSystemTimeAsFileTime
180109a66	TerminatedCString	20	0	InitializeSListHead
180109a7c	TerminatedCString	23	0	RtlLookupFunctionEntry
180109a96	TerminatedCString	12	0	RtlUnwindEx
180109aa4	TerminatedCString	18	0	RtlPcToFileHeader
180109ab8	TerminatedCString	15	0	RaiseException
180109aca	TerminatedCString	9	0	FlsAlloc
180109ad6	TerminatedCString	12	0	FlsGetValue
180109ae4	TerminatedCString	12	0	FlsSetValue
180109af2	TerminatedCString	8	0	FlsFree
180109afc	TerminatedCString	14	0	EncodePointer
180109b0c	TerminatedCString	28	0	InitializeCriticalSectionEx
180109b2a	TerminatedCString	22	0	DeleteCriticalSection
180109b42	TerminatedCString	22	0	InterlockedFlushSList
180109b5a	TerminatedCString	13	0	OpenDesktopW
180109b6a	TerminatedCString	13	0	CloseDesktop
180109b7a	TerminatedCString	21	0	RtlFreeUnicodeString
180109b92	TerminatedCString	29	0	WaitForThreadpoolIoCallbacks
180109bb2	TerminatedCString	18	0	CloseThreadpoolIo
180109bc6	TerminatedCString	21	0	ReleaseSRWLockShared
180109bde	TerminatedCString	21	0	AcquireSRWLockShared
180109bf6	TerminatedCString	16	0	CloseThreadpool
180109c08	TerminatedCString	23	0	CreateIoCompletionPort
180109c22	TerminatedCString	16	0	DuplicateHandle
180109c34	TerminatedCString	18	0	GetCurrentProcess
180109c48	TerminatedCString	27	0	PostQueuedCompletionStatus
180109c66	TerminatedCString	17	0	CreateThreadpool
180109c7a	TerminatedCString	14	0	GetSystemInfo
180109c8a	TerminatedCString	27	0	SetThreadpoolThreadMaximum
180109ca8	TerminatedCString	19	0	CreateThreadpoolIo
180109cbe	TerminatedCString	11	0	CancelIoEx
180109ccc	TerminatedCString	18	0	StartThreadpoolIo
180109ce0	TerminatedCString	19	0	CancelThreadpoolIo
180109cf6	TerminatedCString	27	0	QueryUnbiasedInterruptTime
180109d14	TerminatedCString	20	0	WakeByAddressSingle
180109d2a	TerminatedCString	14	0	WaitOnAddress
180109d38	TerminatedCString	11	0	RPCRT4.dll
180109d44	TerminatedCString	11	0	USER32.dll
180109d50	TerminatedCString	10	0	ntdll.dll
180109d5a	TerminatedCString	33	0	api-ms-win-core-synch-l1-2-0.dll
180109d7e	TerminatedCString	40	0	RtlDosPathNameToNtPathName_U_WithStatus
180109da8	TerminatedCString	10	0	_initterm
180109db4	TerminatedCString	12	0	_initterm_e
180109dc0	TerminatedCString	34	0	api-ms-win-crt-runtime-l1-1-0.dll
18010a150	char[32]	32	0	.?AVbad_array_new_length@std@@
18010a180	char[24]	24	0	.?AVbad_exception@std@@
18010a1a8	char[24]	24	0	.?AVbad_alloc@std@@
18010a1d0	char[32]	32	0	.?AVResultException@wil@@
18010a200	char[24]	24	0	.?AVexception@std@@
18010a230	char[16]	16	0	.?AVtype_info@@
18010a250	char[56]	56	0	.?AVEspStringMatchesPattern@WespClientProvider@@
18010a2a0	char[56]	56	0	.?AVEspEnumerateEventQueueIds@WespClientProvider@@
18010a2f0	char[56]	56	0	.?AVEspEnumerateCollectionEntries@WespClientProvider@@
18010a338	char[48]	48	0	.?AVEspUpdateCollection@WespClientProvider@@
18010a378	char[48]	48	0	.?AVEspCloseCollection@WespClientProvider@@
18010a3c0	char[56]	56	0	.?AVEspEnumerateCollectionIds@WespClientProvider@@
18010a408	char[48]	48	0	.?AVEspOpenCollection@WespClientProvider@@
18010a448	char[48]	48	0	.?AVEspGetCollectionType@WespClientProvider@@
18010a488	char[48]	48	0	.?AVEspGetCollectionId@WespClientProvider@@
18010a4c8	char[48]	48	0	.?AVEspCreateCollection@WespClientProvider@@
18010a508	char[40]	40	0	.?AVEspFreeMemory@WespClientProvider@@
18010a540	char[56]	56	0	.?AVEspGetEventCapabilities@WespClientProvider@@
18010a590	char[64]	64	0	.?AVEspEnumerateAllEventObjectContextKeys@WespClientProvider@@
18010a5e0	char[64]	64	0	.?AVEspEnumerateAllClientContextKeys@WespClientProvider@@
18010a630	char[48]	48	0	.?AVEspSetClientContextKey@WespClientProvider@@
18010a670	char[56]	56	0	.?AVEspSetEventObjectContextKey@WespClientProvider@@
18010a6c0	char[56]	56	0	.?AVEspCloseEventObjectReference@WespClientProvider@@
18010a710	char[56]	56	0	.?AVEspGetEventObjectFromReference@WespClientProvider@@
18010a760	char[56]	56	0	.?AVEspCreateMailslotReference@WespClientProvider@@
18010a7b0	char[48]	48	0	.?AVEspCreatePipeReference@WespClientProvider@@
18010a7f0	char[56]	56	0	.?AVEspCreateDesktopReference@WespClientProvider@@
18010a840	char[56]	56	0	.?AVEspCreateRegistryKeyReference@WespClientProvider@@
18010a890	char[48]	48	0	.?AVEspCreateDiskReference@WespClientProvider@@
18010a8d0	char[56]	56	0	.?AVEspCreateVolumeReference@WespClientProvider@@
18010a920	char[64]	64	0	.?AVEspCreateFileStreamReferenceById@WespClientProvider@@
18010a970	char[64]	64	0	.?AVEspCreateFileStreamReferenceByPath@WespClientProvider@@
18010a9c0	char[56]	56	0	.?AVEspCreateFileReferenceById@WespClientProvider@@
18010aa10	char[56]	56	0	.?AVEspCreateFileReferenceByPath@WespClientProvider@@
18010aa60	char[56]	56	0	.?AVEspCreateThreadTokenReference@WespClientProvider@@
18010aab0	char[56]	56	0	.?AVEspCreateProcessTokenReference@WespClientProvider@@
18010ab00	char[56]	56	0	.?AVEspCreateProcessReference@WespClientProvider@@
18010ab50	char[56]	56	0	.?AVEspCreateThreadReference@WespClientProvider@@
18010aba0	char[64]	64	0	.?AVEspDuplicateEventObjectReference@WespClientProvider@@
18010abf0	char[64]	64	0	.?AVEspCreateEventObjectReferenceById@WespClientProvider@@
18010ac40	char[56]	56	0	.?AVEspCreateEventObjectReference@WespClientProvider@@
18010ac88	char[48]	48	0	.?AVEspGetEventObjectType@WespClientProvider@@
18010acc8	char[48]	48	0	.?AVEspGetEventObjectId@WespClientProvider@@
18010ad10	char[56]	56	0	.?AVproperty_supported_query@WespClientProvider@@
18010ad60	char[56]	56	0	.?AVEspQueryDesktopProperties@WespClientProvider@@
18010adb0	char[56]	56	0	.?AVEspQueryClientProperties@WespClientProvider@@
18010ae00	char[56]	56	0	.?AVEspQueryTokenProperties@WespClientProvider@@
18010ae50	char[56]	56	0	.?AVEspQueryMailslotProperties@WespClientProvider@@
18010aea0	char[48]	48	0	.?AVEspQueryPipeProperties@WespClientProvider@@
18010aee0	char[48]	48	0	.?AVEspQueryDiskProperties@WespClientProvider@@
18010af20	char[64]	64	0	.?AVEspQueryKtmTransactionProperties@WespClientProvider@@
18010af70	char[56]	56	0	.?AVEspQueryVolumeProperties@WespClientProvider@@
18010afc0	char[48]	48	0	.?AVEspQueryFileProperties@WespClientProvider@@
18010b000	char[56]	56	0	.?AVEspQueryFileStreamProperties@WespClientProvider@@
18010b050	char[56]	56	0	.?AVEspQueryFileObjectProperties@WespClientProvider@@
18010b0a0	char[64]	64	0	.?AVEspQueryRegistryKeyObjectProperties@WespClientProvider@@
18010b0f0	char[56]	56	0	.?AVEspQueryRegistryKeyProperties@WespClientProvider@@
18010b140	char[56]	56	0	.?AVEspQueryThreadProperties@WespClientProvider@@
18010b190	char[56]	56	0	.?AVEspQueryProcessProperties@WespClientProvider@@
18010b1d8	char[48]	48	0	.?AVEspEnumerateRuleIds@WespClientProvider@@
18010b220	char[56]	56	0	.?AVEspEnumerateAllRulesForClient@WespClientProvider@@
18010b270	char[56]	56	0	.?AVEspRemoveRulesForClient@WespClientProvider@@
18010b2c0	char[56]	56	0	.?AVEspRemoveAllRulesForClient@WespClientProvider@@
18010b308	char[40]	40	0	.?AVEspUpdateRules@WespClientProvider@@
18010b340	char[40]	40	0	.?AVEspGetRuleId@WespClientProvider@@
18010b378	char[40]	40	0	.?AVEspCloseRule@WespClientProvider@@
18010b3b0	char[40]	40	0	.?AVEspCreateRule@WespClientProvider@@
18010b3e8	char[40]	40	0	.?AVEspCloseFilter@WespClientProvider@@
18010b420	char[48]	48	0	.?AVEspCreateNOTFilter@WespClientProvider@@
18010b460	char[48]	48	0	.?AVEspCreateXORFilter@WespClientProvider@@
18010b4a0	char[48]	48	0	.?AVEspCreateORFilter@WespClientProvider@@
18010b4e0	char[48]	48	0	.?AVEspCreateANDFilter@WespClientProvider@@
18010b520	char[48]	48	0	.?AVEspCreateEventFilter@WespClientProvider@@
18010b560	char[48]	48	0	.?AVEspCreateClientFilter@WespClientProvider@@
18010b5a0	char[48]	48	0	.?AVEspCreateTokenFilter@WespClientProvider@@
18010b5e0	char[56]	56	0	.?AVEspCreateMailslotFilter@WespClientProvider@@
18010b628	char[48]	48	0	.?AVEspCreatePipeFilter@WespClientProvider@@
18010b670	char[56]	56	0	.?AVEspCreateKtmTransactionFilter@WespClientProvider@@
18010b6c0	char[48]	48	0	.?AVEspCreateDesktopFilter@WespClientProvider@@
18010b700	char[64]	64	0	.?AVEspCreateRegistryKeyObjectFilter@WespClientProvider@@
18010b750	char[56]	56	0	.?AVEspCreateRegistryKeyFilter@WespClientProvider@@
18010b798	char[48]	48	0	.?AVEspCreateDiskFilter@WespClientProvider@@
18010b7d8	char[48]	48	0	.?AVEspCreateVolumeFilter@WespClientProvider@@
18010b820	char[56]	56	0	.?AVEspCreateFileObjectFilter@WespClientProvider@@
18010b868	char[48]	48	0	.?AVEspCreateFileFilter@WespClientProvider@@
18010b8b0	char[56]	56	0	.?AVEspCreateFileStreamFilter@WespClientProvider@@
18010b900	char[48]	48	0	.?AVEspCreateProcessFilter@WespClientProvider@@
18010b940	char[48]	48	0	.?AVEspCreateThreadFilter@WespClientProvider@@
18010b980	char[48]	48	0	.?AVEspCreateFilter@WespClientProvider@@
18010b9c0	char[48]	48	0	.?AVEspGetEventQueueId@WespClientProvider@@
18010ba00	char[64]	64	0	.?AVEspRemoveEventQueueStateChangeCallback@WespClientProvider@@
18010ba50	char[64]	64	0	.?AVEspSetEventQueueStateChangeCallback@WespClientProvider@@
18010baa0	char[48]	48	0	.?AVEspClearEventQueue@WespClientProvider@@
18010bae0	char[56]	56	0	.?AVEspDisconnectEventQueue@WespClientProvider@@
18010bb28	char[48]	48	0	.?AVEspOpenEventQueue@WespClientProvider@@
18010bb68	char[48]	48	0	.?AVEspCloseEventQueue@WespClientProvider@@
18010bba8	char[48]	48	0	.?AVEspCreateEventQueue@WespClientProvider@@
18010bbf0	char[56]	56	0	.?AVEspCompleteEventNotification@WespClientProvider@@
18010bc40	char[56]	56	0	.?AVEspArmEventNotification@WespClientProvider@@
18010bc90	char[56]	56	0	.?AVEspFreeEventNotification@WespClientProvider@@
18010bce0	char[104]	104	0	.?AV?$ActivityBase@VWespClientProvider@@$0A@$0A@$04$0A@U_TlgReflectorTag_Param0IsProviderType@@@wil@@
18010bd60	char[56]	56	0	.?AVEspAllocateEventNotification@WespClientProvider@@
18010bdb0	char[56]	56	0	.?AVEspQueryClientDescriptor@WespClientProvider@@
18010be00	char[56]	56	0	.?AVEspEnumerateConnectedClients@WespClientProvider@@
18010be50	char[56]	56	0	.?AVEspEnumerateRegisteredClients@WespClientProvider@@
18010be98	char[48]	48	0	.?AVEspDisconnectClient@WespClientProvider@@
18010bed8	char[48]	48	0	.?AVEspConnectClient@WespClientProvider@@
18010bf18	char[48]	48	0	.?AVEspUnregisterClient@WespClientProvider@@
18010bf60	char[104]	104	0	.?AV?$ActivityBase@VWespClientProvider@@$0A@$0A@$03$0A@U_TlgReflectorTag_Param0IsProviderType@@@wil@@
18010bfd8	char[48]	48	0	.?AVEspRegisterClient@WespClientProvider@@
18010c018	char[32]	32	0	.?AVWespClientProvider@@
18010c048	char[32]	32	0	.?AVTraceLoggingProvider@wil@@
18010c078	char[40]	40	0	.?AUIFailureCallback@details@wil@@
18010c0b0	char[104]	104	0	.?AU?$_RefCountVtable@V?$_RefCountStored@VCollection@Esp@@V?$allocator@H@utl@@$0A@@utl@@$0A@@utl@@
18010c130	char[112]	112	0	.?AU?$_RefCountVtable@V?$_RefCountStored@VEventObjectReference@Esp@@V?$allocator@H@utl@@$0A@@utl@@$0A@@utl@@
18010c1b0	char[96]	96	0	.?AU?$_RefCountVtable@V?$_RefCountStored@VRule@Esp@@V?$allocator@H@utl@@$0A@@utl@@$0A@@utl@@
18010c220	char[96]	96	0	.?AU?$_RefCountVtable@V?$_RefCountStored@VFilter@Esp@@V?$allocator@H@utl@@$0A@@utl@@$0A@@utl@@
18010c290	char[104]	104	0	.?AU?$_RefCountVtable@V?$_RefCountStored@U_EspFilter@Esp@@V?$allocator@H@utl@@$0A@@utl@@$0A@@utl@@
18010c310	char[104]	104	0	.?AU?$_RefCountVtable@V?$_RefCountStored@VEventQueue@Esp@@V?$allocator@H@utl@@$0A@@utl@@$0A@@utl@@
18010c390	char[104]	104	0	.?AU?$_RefCountVtable@V?$_RefCountStored@VClientObject@Esp@@V?$allocator@H@utl@@$0A@@utl@@$0A@@utl@@
18010c408	char[32]	32	0	.?AU_RefCountVtableBase@utl@@
18010c440	char[152]	152	0	.?AV?$_FuncSmall@V<lambda_1>@?0??EnumerateEventQueueIds@ClientObject@Esp@@QEBAJW4ESP_EVENT_QUEUE_LIFETIME@@PEAIPEAPEAU_GUID@@@Z@JPEAEIPEAI@utl@@
18010c4f0	char[152]	152	0	.?AV?$_FuncSmall@V<lambda_1>@?0??EnumerateCollectionEntries@ClientObject@Esp@@QEBAJAEBU_GUID@@PEAIPEAPEATESP_COLLECTION_ENTRY@@@Z@JPEAEIPEAI@utl@@
18010c5a0	char[144]	144	0	.?AV?$_FuncSmall@V<lambda_1>@?0??EnumerateCollectionIds@ClientObject@Esp@@QEBAJW4ESP_COLLECTION_LIFETIME@@PEAIPEAPEAU_GUID@@@Z@JPEAEIPEAI@utl@@
18010c640	char[152]	152	0	.?AV?$_FuncSmall@V<lambda_1>@?0??EnumerateRules@ClientObject@Esp@@QEAAJV?$optional@W4ESP_RULE_LIFETIME@@@utl@@PEAIPEAPEAU_GUID@@@Z@JPEAEIPEAI@utl@@
18010c6f0	char[152]	152	0	.?AV?$_FuncSmall@V<lambda_1>@?0??EnumerateAllEventObjectContextKeys@ClientObject@Esp@@QEBAJ_KPEAIPEAPEAUESP_CONTEXT_KEY_INFO@@@Z@JPEAEIPEAI@utl@@
18010c7a0	char[144]	144	0	.?AV?$_FuncSmall@V<lambda_1>@?0??EnumerateAllClientContextKeys@ClientObject@Esp@@QEBAJPEAIPEAPEAUESP_CONTEXT_KEY_INFO@@@Z@JPEAEIPEAI@utl@@
18010c840	char[136]	136	0	.?AV?$_FuncSmall@V<lambda_1>@?0??QueryDescriptor@ClientObject@Esp@@SAJAEBU_GUID@@PEAPEAUESP_CLIENT_DESCRIPTOR@@@Z@JPEAEIPEAI@utl@@
18010c8e0	char[128]	128	0	.?AV?$_FuncSmall@V<lambda_2>@?0??Enumerate@ClientObject@Esp@@SAJW4EnumerateType@34@PEAIPEAPEAU_GUID@@@Z@JPEAEIPEAI@utl@@
18010c970	char[128]	128	0	.?AV?$_FuncSmall@V<lambda_1>@?0??Enumerate@ClientObject@Esp@@SAJW4EnumerateType@34@PEAIPEAPEAU_GUID@@@Z@JPEAEIPEAI@utl@@
18010ca00	char[40]	40	0	.?AV?$_FuncEmpty@JPEAEIPEAI@utl@@
18010ca38	char[40]	40	0	.?AV?$_FuncBase@JPEAEIPEAI@utl@@
180111102	TerminatedUnicode	30	0	StringFileInfo
180111126	TerminatedUnicode	18	0	040904B0
18011113e	TerminatedUnicode	24	0	CompanyName
180111158	TerminatedUnicode	44	0	Microsoft Corporation
18011118a	TerminatedUnicode	32	0	FileDescription
1801111ac	TerminatedUnicode	92	0	Windows Endpoint Security Platform Client Dll
18011120e	TerminatedUnicode	24	0	FileVersion
180111228	TerminatedUnicode	32	0	0.1.0.156346177
18011124e	TerminatedUnicode	26	0	InternalName
180111268	TerminatedUnicode	28	0	espclient.dll
18011128a	TerminatedUnicode	30	0	LegalCopyright
1801112a8	TerminatedUnicode	92	0	© Microsoft Corporation. All rights reserved.
18011130a	TerminatedUnicode	34	0	OriginalFilename
18011132c	TerminatedUnicode	28	0	espclient.dll
18011134e	TerminatedUnicode	24	0	ProductName
180111368	TerminatedUnicode	70	0	Windows Endpoint Security Platform
1801113b6	TerminatedUnicode	30	0	ProductVersion
1801113d4	TerminatedUnicode	50	0	0.1.0.156346177+c3490e8c
18011140e	TerminatedUnicode	24	0	VarFileInfo
18011142e	TerminatedUnicode	24	0	Translation
180111450	TerminatedCString	382	0	<?xml version='1.0' encoding='UTF-8' standalone='yes'?>  <assembly xmlns='urn:schemas-microsoft-com:asm.v1' manifestVersion='1.0'>    <trustInfo xmlns="urn:schemas-microsoft-com:asm.v3">      <security>        <requestedPrivileges>          <requestedExecutionLevel level='asInvoker' uiAccess='false' />        </requestedPrivileges>      </security>    </trustInfo>  </assembly>  
ff000002d0	uchar[24]	24	0	
ff000002ee	uchar[2]	2	0	
ff00001268	wchar16[261]	522	0	
ff00001710	GUID	16	0	00000000-0000-0000-0000-000000000000
