address	name	reason
1801ab3b0	wesp_lib::event::Event<wesp_lib::event::fs::file::SetEa>::volume_argument_from_source<wesp_lib::event::fs::file::SetEa>	skipped known malformed Rust monomorphization range
1801ab5f0	wesp_lib::event::Event<wesp_lib::event::fs::file::SetEa>::file_argument_from_source<wesp_lib::event::fs::file::SetEa>	skipped known malformed Rust monomorphization range
1801ab800	wesp_lib::event::Event<wesp_lib::event::fs::file::SetEa>::file_object_argument_from_source<wesp_lib::event::fs::file::SetEa>	skipped known malformed Rust monomorphization range
1801ab970	wesp_lib::event::Event<wesp_lib::event::fs::file::SetEa>::file_stream_argument_from_source<wesp_lib::event::fs::file::SetEa>	skipped known malformed Rust monomorphization range
1801abbc0	wesp_lib::event::Event<wesp_lib::event::fs::file::SetEa>::process_argument_from_source<wesp_lib::event::fs::file::SetEa>	skipped known malformed Rust monomorphization range
1801abe30	wesp_lib::event::Event<wesp_lib::event::fs::file::SetEa>::thread_argument_from_source<wesp_lib::event::fs::file::SetEa>	skipped known malformed Rust monomorphization range
1801abfb0	wesp_lib::event::Event<wesp_lib::event::registry::RegDeleteKey>::volume_argument_from_source<wesp_lib::event::registry::RegDeleteKey>	skipped known malformed Rust monomorphization range
1801ac240	wesp_lib::event::Event<wesp_lib::event::registry::RegDeleteKey>::file_stream_argument_from_source<wesp_lib::event::registry::RegDeleteKey>	skipped known malformed Rust monomorphization range
1801ac3f0	wesp_lib::event::Event<wesp_lib::event::registry::RegDeleteKey>::process_argument_from_source<wesp_lib::event::registry::RegDeleteKey>	skipped known malformed Rust monomorphization range
1801ac5e0	wesp_lib::event::Event<wesp_lib::event::fs::file::KtmTransactionCommit>::disk_argument_from_source<wesp_lib::event::fs::file::KtmTransactionCommit>	skipped known malformed Rust monomorphization range
1801ac6f0	wesp_lib::event::Event<wesp_lib::event::fs::file::KtmTransactionCommit>::volume_argument_from_source<wesp_lib::event::fs::file::KtmTransactionCommit>	skipped known malformed Rust monomorphization range
1801ac960	wesp_lib::event::Event<wesp_lib::event::fs::file::KtmTransactionCommit>::file_stream_argument_from_source<wesp_lib::event::fs::file::KtmTransactionCommit>	skipped known malformed Rust monomorphization range
1801acb00	wesp_lib::event::Event<wesp_lib::event::fs::file::KtmTransactionCommit>::process_argument_from_source<wesp_lib::event::fs::file::KtmTransactionCommit>	skipped known malformed Rust monomorphization range
1801accd0	wesp_lib::event::Event<wesp_lib::event::registry::RegEnumKey>::disk_argument_from_source<wesp_lib::event::registry::RegEnumKey>	skipped known malformed Rust monomorphization range
1801ace40	wesp_lib::event::Event<wesp_lib::event::registry::RegEnumKey>::volume_argument_from_source<wesp_lib::event::registry::RegEnumKey>	skipped known malformed Rust monomorphization range
1801ad0d0	wesp_lib::event::Event<wesp_lib::event::registry::RegEnumKey>::file_argument_from_source<wesp_lib::event::registry::RegEnumKey>	skipped known malformed Rust monomorphization range
1801ad230	wesp_lib::event::Event<wesp_lib::event::registry::RegEnumKey>::file_stream_argument_from_source<wesp_lib::event::registry::RegEnumKey>	skipped known malformed Rust monomorphization range
1801ad4d0	wesp_lib::event::Event<wesp_lib::event::registry::RegEnumKey>::process_argument_from_source<wesp_lib::event::registry::RegEnumKey>	skipped known malformed Rust monomorphization range
1801ad790	wesp_lib::event::Event<wesp_lib::event::fs::volume::VolumeDismount>::volume_argument_from_source<wesp_lib::event::fs::volume::VolumeDismount>	skipped known malformed Rust monomorphization range
1801ada00	wesp_lib::event::Event<wesp_lib::event::fs::volume::VolumeDismount>::file_stream_argument_from_source<wesp_lib::event::fs::volume::VolumeDismount>	skipped known malformed Rust monomorphization range
1801adbb0	wesp_lib::event::Event<wesp_lib::event::fs::volume::VolumeDismount>::process_argument_from_source<wesp_lib::event::fs::volume::VolumeDismount>	skipped known malformed Rust monomorphization range
1801adda0	wesp_lib::event::Event<wesp_lib::event::fs::file::FileCreateSection>::disk_argument_from_source<wesp_lib::event::fs::file::FileCreateSection>	skipped known malformed Rust monomorphization range
1801ae030	wesp_lib::event::Event<wesp_lib::event::fs::file::FileCreateSection>::volume_argument_from_source<wesp_lib::event::fs::file::FileCreateSection>	skipped known malformed Rust monomorphization range
1801ae2f0	wesp_lib::event::Event<wesp_lib::event::fs::file::FileCreateSection>::file_argument_from_source<wesp_lib::event::fs::file::FileCreateSection>	skipped known malformed Rust monomorphization range
1801ae560	wesp_lib::event::Event<wesp_lib::event::fs::file::FileCreateSection>::file_object_argument_from_source<wesp_lib::event::fs::file::FileCreateSection>	skipped known malformed Rust monomorphization range
1801ae790	wesp_lib::event::Event<wesp_lib::event::fs::file::FileCreateSection>::file_stream_argument_from_source<wesp_lib::event::fs::file::FileCreateSection>	skipped known malformed Rust monomorphization range
1801aea60	wesp_lib::event::Event<wesp_lib::event::fs::file::FileCreateSection>::process_argument_from_source<wesp_lib::event::fs::file::FileCreateSection>	skipped known malformed Rust monomorphization range
1801aed80	wesp_lib::event::Event<wesp_lib::event::fs::file::FileCreateSection>::thread_argument_from_source<wesp_lib::event::fs::file::FileCreateSection>	skipped known malformed Rust monomorphization range
1801aefc0	wesp_lib::event::Event<wesp_lib::event::registry::RegSetKeySecurity>::disk_argument_from_source<wesp_lib::event::registry::RegSetKeySecurity>	skipped known malformed Rust monomorphization range
1801af100	wesp_lib::event::Event<wesp_lib::event::registry::RegSetKeySecurity>::volume_argument_from_source<wesp_lib::event::registry::RegSetKeySecurity>	skipped known malformed Rust monomorphization range
1801af340	wesp_lib::event::Event<wesp_lib::event::registry::RegSetKeySecurity>::file_argument_from_source<wesp_lib::event::registry::RegSetKeySecurity>	skipped known malformed Rust monomorphization range
1801af470	wesp_lib::event::Event<wesp_lib::event::registry::RegSetKeySecurity>::file_stream_argument_from_source<wesp_lib::event::registry::RegSetKeySecurity>	skipped known malformed Rust monomorphization range
1801af6c0	wesp_lib::event::Event<wesp_lib::event::registry::RegSetKeySecurity>::process_argument_from_source<wesp_lib::event::registry::RegSetKeySecurity>	skipped known malformed Rust monomorphization range
1801af930	wesp_lib::event::Event<wesp_lib::event::fs::file::FileQueryDirectoryInformation>::disk_argument_from_source<wesp_lib::event::fs::file::FileQueryDirectoryInformation>	skipped known malformed Rust monomorphization range
1801afbe0	wesp_lib::event::Event<wesp_lib::event::fs::file::FileQueryDirectoryInformation>::volume_argument_from_source<wesp_lib::event::fs::file::FileQueryDirectoryInformation>	skipped known malformed Rust monomorphization range
1801afeb0	wesp_lib::event::Event<wesp_lib::event::fs::file::FileQueryDirectoryInformation>::file_argument_from_source<wesp_lib::event::fs::file::FileQueryDirectoryInformation>	skipped known malformed Rust monomorphization range
1801b0140	wesp_lib::event::Event<wesp_lib::event::fs::file::FileQueryDirectoryInformation>::file_object_argument_from_source<wesp_lib::event::fs::file::FileQueryDirectoryInformation>	skipped known malformed Rust monomorphization range
1801b0370	wesp_lib::event::Event<wesp_lib::event::fs::file::FileQueryDirectoryInformation>::file_stream_argument_from_source<wesp_lib::event::fs::file::FileQueryDirectoryInformation>	skipped known malformed Rust monomorphization range
1801b0650	wesp_lib::event::Event<wesp_lib::event::fs::file::FileQueryDirectoryInformation>::process_argument_from_source<wesp_lib::event::fs::file::FileQueryDirectoryInformation>	skipped known malformed Rust monomorphization range
1801b0980	wesp_lib::event::Event<wesp_lib::event::fs::file::FileQueryDirectoryInformation>::thread_argument_from_source<wesp_lib::event::fs::file::FileQueryDirectoryInformation>	skipped known malformed Rust monomorphization range
1801b0bd0	wesp_lib::event::Event<wesp_lib::event::thread::ThreadCreate>::disk_argument_from_source<wesp_lib::event::thread::ThreadCreate>	skipped known malformed Rust monomorphization range
1801b0d30	wesp_lib::event::Event<wesp_lib::event::thread::ThreadCreate>::volume_argument_from_source<wesp_lib::event::thread::ThreadCreate>	skipped known malformed Rust monomorphization range
1801b0f60	wesp_lib::event::Event<wesp_lib::event::thread::ThreadCreate>::file_argument_from_source<wesp_lib::event::thread::ThreadCreate>	skipped known malformed Rust monomorphization range
1801b10a0	wesp_lib::event::Event<wesp_lib::event::thread::ThreadCreate>::file_stream_argument_from_source<wesp_lib::event::thread::ThreadCreate>	skipped known malformed Rust monomorphization range
1801b12e0	wesp_lib::event::Event<wesp_lib::event::thread::ThreadCreate>::process_argument_from_source<wesp_lib::event::thread::ThreadCreate>	skipped known malformed Rust monomorphization range
1801b1490	wesp_lib::event::Event<wesp_lib::event::thread::ThreadCreate>::thread_argument_from_source<wesp_lib::event::thread::ThreadCreate>	skipped known malformed Rust monomorphization range
1801b1590	wesp_lib::event::Event<wesp_lib::event::registry::RegQueryValueKey>::disk_argument_from_source<wesp_lib::event::registry::RegQueryValueKey>	skipped known malformed Rust monomorphization range
1801b16f0	wesp_lib::event::Event<wesp_lib::event::registry::RegQueryValueKey>::volume_argument_from_source<wesp_lib::event::registry::RegQueryValueKey>	skipped known malformed Rust monomorphization range
1801b1960	wesp_lib::event::Event<wesp_lib::event::registry::RegQueryValueKey>::file_argument_from_source<wesp_lib::event::registry::RegQueryValueKey>	skipped known malformed Rust monomorphization range
1801b1ab0	wesp_lib::event::Event<wesp_lib::event::registry::RegQueryValueKey>::file_stream_argument_from_source<wesp_lib::event::registry::RegQueryValueKey>	skipped known malformed Rust monomorphization range
1801b1d30	wesp_lib::event::Event<wesp_lib::event::registry::RegQueryValueKey>::process_argument_from_source<wesp_lib::event::registry::RegQueryValueKey>	skipped known malformed Rust monomorphization range
1801b1fd0	wesp_lib::event::Event<wesp_lib::event::registry::RegQueryKey>::disk_argument_from_source<wesp_lib::event::registry::RegQueryKey>	skipped known malformed Rust monomorphization range
1801b2130	wesp_lib::event::Event<wesp_lib::event::registry::RegQueryKey>::volume_argument_from_source<wesp_lib::event::registry::RegQueryKey>	skipped known malformed Rust monomorphization range
1801b2380	wesp_lib::event::Event<wesp_lib::event::registry::RegQueryKey>::file_argument_from_source<wesp_lib::event::registry::RegQueryKey>	skipped known malformed Rust monomorphization range
1801b24d0	wesp_lib::event::Event<wesp_lib::event::registry::RegQueryKey>::file_stream_argument_from_source<wesp_lib::event::registry::RegQueryKey>	skipped known malformed Rust monomorphization range
1801b2720	wesp_lib::event::Event<wesp_lib::event::registry::RegQueryKey>::process_argument_from_source<wesp_lib::event::registry::RegQueryKey>	skipped known malformed Rust monomorphization range
1801b29b0	wesp_lib::event::Event<wesp_lib::event::fs::file::FileQueryOpen>::disk_argument_from_source<wesp_lib::event::fs::file::FileQueryOpen>	skipped known malformed Rust monomorphization range
1801b2c20	wesp_lib::event::Event<wesp_lib::event::fs::file::FileQueryOpen>::volume_argument_from_source<wesp_lib::event::fs::file::FileQueryOpen>	skipped known malformed Rust monomorphization range
1801b2eb0	wesp_lib::event::Event<wesp_lib::event::fs::file::FileQueryOpen>::file_argument_from_source<wesp_lib::event::fs::file::FileQueryOpen>	skipped known malformed Rust monomorphization range
1801b3100	wesp_lib::event::Event<wesp_lib::event::fs::file::FileQueryOpen>::file_object_argument_from_source<wesp_lib::event::fs::file::FileQueryOpen>	skipped known malformed Rust monomorphization range
1801b3300	wesp_lib::event::Event<wesp_lib::event::fs::file::FileQueryOpen>::file_stream_argument_from_source<wesp_lib::event::fs::file::FileQueryOpen>	skipped known malformed Rust monomorphization range
1801b35a0	wesp_lib::event::Event<wesp_lib::event::fs::file::FileQueryOpen>::process_argument_from_source<wesp_lib::event::fs::file::FileQueryOpen>	skipped known malformed Rust monomorphization range
1801b3890	wesp_lib::event::Event<wesp_lib::event::fs::file::FileQueryOpen>::thread_argument_from_source<wesp_lib::event::fs::file::FileQueryOpen>	skipped known malformed Rust monomorphization range
1801b3aa0	wesp_lib::event::Event<wesp_lib::event::fs::file::FileFsctl>::disk_argument_from_source<wesp_lib::event::fs::file::FileFsctl>	skipped known malformed Rust monomorphization range
1801b3d30	wesp_lib::event::Event<wesp_lib::event::fs::file::FileFsctl>::volume_argument_from_source<wesp_lib::event::fs::file::FileFsctl>	skipped known malformed Rust monomorphization range
1801b3ff0	wesp_lib::event::Event<wesp_lib::event::fs::file::FileFsctl>::file_argument_from_source<wesp_lib::event::fs::file::FileFsctl>	skipped known malformed Rust monomorphization range
1801b4260	wesp_lib::event::Event<wesp_lib::event::fs::file::FileFsctl>::file_object_argument_from_source<wesp_lib::event::fs::file::FileFsctl>	skipped known malformed Rust monomorphization range
1801b4490	wesp_lib::event::Event<wesp_lib::event::fs::file::FileFsctl>::file_stream_argument_from_source<wesp_lib::event::fs::file::FileFsctl>	skipped known malformed Rust monomorphization range
1801b4760	wesp_lib::event::Event<wesp_lib::event::fs::file::FileFsctl>::process_argument_from_source<wesp_lib::event::fs::file::FileFsctl>	skipped known malformed Rust monomorphization range
1801b4a90	wesp_lib::event::Event<wesp_lib::event::fs::file::FileFsctl>::thread_argument_from_source<wesp_lib::event::fs::file::FileFsctl>	skipped known malformed Rust monomorphization range
1801b4ce0	wesp_lib::event::Event<wesp_lib::event::fs::file::FileQueryInformation>::disk_argument_from_source<wesp_lib::event::fs::file::FileQueryInformation>	skipped known malformed Rust monomorphization range
1801b4f40	wesp_lib::event::Event<wesp_lib::event::fs::file::FileQueryInformation>::volume_argument_from_source<wesp_lib::event::fs::file::FileQueryInformation>	skipped known malformed Rust monomorphization range
1801b51d0	wesp_lib::event::Event<wesp_lib::event::fs::file::FileQueryInformation>::file_argument_from_source<wesp_lib::event::fs::file::FileQueryInformation>	skipped known malformed Rust monomorphization range
1801b5420	wesp_lib::event::Event<wesp_lib::event::fs::file::FileQueryInformation>::file_object_argument_from_source<wesp_lib::event::fs::file::FileQueryInformation>	skipped known malformed Rust monomorphization range
1801b5610	wesp_lib::event::Event<wesp_lib::event::fs::file::FileQueryInformation>::file_stream_argument_from_source<wesp_lib::event::fs::file::FileQueryInformation>	skipped known malformed Rust monomorphization range
1801b58b0	wesp_lib::event::Event<wesp_lib::event::fs::file::FileQueryInformation>::process_argument_from_source<wesp_lib::event::fs::file::FileQueryInformation>	skipped known malformed Rust monomorphization range
1801b5ba0	wesp_lib::event::Event<wesp_lib::event::fs::file::FileQueryInformation>::thread_argument_from_source<wesp_lib::event::fs::file::FileQueryInformation>	skipped known malformed Rust monomorphization range
1801b5db0	wesp_lib::event::Event<wesp_lib::event::registry::RegSetValueKey>::disk_argument_from_source<wesp_lib::event::registry::RegSetValueKey>	skipped known malformed Rust monomorphization range
1801b5fc0	wesp_lib::event::Event<wesp_lib::event::registry::RegSetValueKey>::volume_argument_from_source<wesp_lib::event::registry::RegSetValueKey>	skipped known malformed Rust monomorphization range
1801b6200	wesp_lib::event::Event<wesp_lib::event::registry::RegSetValueKey>::file_argument_from_source<wesp_lib::event::registry::RegSetValueKey>	skipped known malformed Rust monomorphization range
1801b6410	wesp_lib::event::Event<wesp_lib::event::registry::RegSetValueKey>::file_object_argument_from_source<wesp_lib::event::registry::RegSetValueKey>	skipped known malformed Rust monomorphization range
1801b6580	wesp_lib::event::Event<wesp_lib::event::registry::RegSetValueKey>::file_stream_argument_from_source<wesp_lib::event::registry::RegSetValueKey>	skipped known malformed Rust monomorphization range
1801b67d0	wesp_lib::event::Event<wesp_lib::event::registry::RegSetValueKey>::process_argument_from_source<wesp_lib::event::registry::RegSetValueKey>	skipped known malformed Rust monomorphization range
1801b6a40	wesp_lib::event::Event<wesp_lib::event::registry::RegSetValueKey>::thread_argument_from_source<wesp_lib::event::registry::RegSetValueKey>	skipped known malformed Rust monomorphization range
1801b6bc0	wesp_lib::event::Event<wesp_lib::event::object_manager::ObHandleDuplicate>::disk_argument_from_source<wesp_lib::event::object_manager::ObHandleDuplicate>	skipped known malformed Rust monomorphization range
1801b6dd0	wesp_lib::event::Event<wesp_lib::event::object_manager::ObHandleDuplicate>::volume_argument_from_source<wesp_lib::event::object_manager::ObHandleDuplicate>	skipped known malformed Rust monomorphization range
1801b7010	wesp_lib::event::Event<wesp_lib::event::object_manager::ObHandleDuplicate>::file_argument_from_source<wesp_lib::event::object_manager::ObHandleDuplicate>	skipped known malformed Rust monomorphization range
1801b7220	wesp_lib::event::Event<wesp_lib::event::object_manager::ObHandleDuplicate>::file_object_argument_from_source<wesp_lib::event::object_manager::ObHandleDuplicate>	skipped known malformed Rust monomorphization range
1801b7390	wesp_lib::event::Event<wesp_lib::event::object_manager::ObHandleDuplicate>::file_stream_argument_from_source<wesp_lib::event::object_manager::ObHandleDuplicate>	skipped known malformed Rust monomorphization range
1801b75e0	wesp_lib::event::Event<wesp_lib::event::object_manager::ObHandleDuplicate>::process_argument_from_source<wesp_lib::event::object_manager::ObHandleDuplicate>	skipped known malformed Rust monomorphization range
1801b7850	wesp_lib::event::Event<wesp_lib::event::object_manager::ObHandleDuplicate>::thread_argument_from_source<wesp_lib::event::object_manager::ObHandleDuplicate>	skipped known malformed Rust monomorphization range
1801b79d0	wesp_lib::event::Event<wesp_lib::event::registry::RegEnumValueKey>::disk_argument_from_source<wesp_lib::event::registry::RegEnumValueKey>	skipped known malformed Rust monomorphization range
1801b7b40	wesp_lib::event::Event<wesp_lib::event::registry::RegEnumValueKey>::volume_argument_from_source<wesp_lib::event::registry::RegEnumValueKey>	skipped known malformed Rust monomorphization range
1801b7dd0	wesp_lib::event::Event<wesp_lib::event::registry::RegEnumValueKey>::file_argument_from_source<wesp_lib::event::registry::RegEnumValueKey>	skipped known malformed Rust monomorphization range
1801b7f30	wesp_lib::event::Event<wesp_lib::event::registry::RegEnumValueKey>::file_stream_argument_from_source<wesp_lib::event::registry::RegEnumValueKey>	skipped known malformed Rust monomorphization range
1801b81d0	wesp_lib::event::Event<wesp_lib::event::registry::RegEnumValueKey>::process_argument_from_source<wesp_lib::event::registry::RegEnumValueKey>	skipped known malformed Rust monomorphization range
1801b8490	wesp_lib::event::Event<wesp_lib::event::registry::RegRenameKey>::disk_argument_from_source<wesp_lib::event::registry::RegRenameKey>	skipped known malformed Rust monomorphization range
1801b85d0	wesp_lib::event::Event<wesp_lib::event::registry::RegRenameKey>::volume_argument_from_source<wesp_lib::event::registry::RegRenameKey>	skipped known malformed Rust monomorphization range
1801b88e0	wesp_lib::event::Event<wesp_lib::event::registry::RegRenameKey>::file_stream_argument_from_source<wesp_lib::event::registry::RegRenameKey>	skipped known malformed Rust monomorphization range
1801b8ae0	wesp_lib::event::Event<wesp_lib::event::registry::RegRenameKey>::process_argument_from_source<wesp_lib::event::registry::RegRenameKey>	skipped known malformed Rust monomorphization range
1801b8d00	wesp_lib::event::Event<wesp_lib::event::registry::save_restore::RegRestoreKey>::disk_argument_from_source<wesp_lib::event::registry::save_restore::RegRestoreKey>	skipped known malformed Rust monomorphization range
1801b8f00	wesp_lib::event::Event<wesp_lib::event::registry::save_restore::RegRestoreKey>::volume_argument_from_source<wesp_lib::event::registry::save_restore::RegRestoreKey>	skipped known malformed Rust monomorphization range
1801b9140	wesp_lib::event::Event<wesp_lib::event::registry::save_restore::RegRestoreKey>::file_argument_from_source<wesp_lib::event::registry::save_restore::RegRestoreKey>	skipped known malformed Rust monomorphization range
1801b9330	wesp_lib::event::Event<wesp_lib::event::registry::save_restore::RegRestoreKey>::file_object_argument_from_source<wesp_lib::event::registry::save_restore::RegRestoreKey>	skipped known malformed Rust monomorphization range
1801b94a0	wesp_lib::event::Event<wesp_lib::event::registry::save_restore::RegRestoreKey>::file_stream_argument_from_source<wesp_lib::event::registry::save_restore::RegRestoreKey>	skipped known malformed Rust monomorphization range
1801b96e0	wesp_lib::event::Event<wesp_lib::event::registry::save_restore::RegRestoreKey>::process_argument_from_source<wesp_lib::event::registry::save_restore::RegRestoreKey>	skipped known malformed Rust monomorphization range
1801b9920	wesp_lib::event::Event<wesp_lib::event::registry::save_restore::RegRestoreKey>::thread_argument_from_source<wesp_lib::event::registry::save_restore::RegRestoreKey>	skipped known malformed Rust monomorphization range
1801b9aa0	wesp_lib::event::Event<wesp_lib::event::registry::RegLoadKey>::disk_argument_from_source<wesp_lib::event::registry::RegLoadKey>	skipped known malformed Rust monomorphization range
1801b9d10	wesp_lib::event::Event<wesp_lib::event::registry::RegLoadKey>::volume_argument_from_source<wesp_lib::event::registry::RegLoadKey>	skipped known malformed Rust monomorphization range
1801b9fc0	wesp_lib::event::Event<wesp_lib::event::registry::RegLoadKey>::file_argument_from_source<wesp_lib::event::registry::RegLoadKey>	skipped known malformed Rust monomorphization range
1801ba220	wesp_lib::event::Event<wesp_lib::event::registry::RegLoadKey>::file_object_argument_from_source<wesp_lib::event::registry::RegLoadKey>	skipped known malformed Rust monomorphization range
1801ba410	wesp_lib::event::Event<wesp_lib::event::registry::RegLoadKey>::file_stream_argument_from_source<wesp_lib::event::registry::RegLoadKey>	skipped known malformed Rust monomorphization range
1801ba6c0	wesp_lib::event::Event<wesp_lib::event::registry::RegLoadKey>::process_argument_from_source<wesp_lib::event::registry::RegLoadKey>	skipped known malformed Rust monomorphization range
1801ba980	wesp_lib::event::Event<wesp_lib::event::registry::RegLoadKey>::thread_argument_from_source<wesp_lib::event::registry::RegLoadKey>	skipped known malformed Rust monomorphization range
1801baba0	wesp_lib::event::Event<wesp_lib::event::object_manager::ObHandleCreate>::disk_argument_from_source<wesp_lib::event::object_manager::ObHandleCreate>	skipped known malformed Rust monomorphization range
1801badb0	wesp_lib::event::Event<wesp_lib::event::object_manager::ObHandleCreate>::volume_argument_from_source<wesp_lib::event::object_manager::ObHandleCreate>	skipped known malformed Rust monomorphization range
1801baff0	wesp_lib::event::Event<wesp_lib::event::object_manager::ObHandleCreate>::file_argument_from_source<wesp_lib::event::object_manager::ObHandleCreate>	skipped known malformed Rust monomorphization range
1801bb200	wesp_lib::event::Event<wesp_lib::event::object_manager::ObHandleCreate>::file_object_argument_from_source<wesp_lib::event::object_manager::ObHandleCreate>	skipped known malformed Rust monomorphization range
1801bb370	wesp_lib::event::Event<wesp_lib::event::object_manager::ObHandleCreate>::file_stream_argument_from_source<wesp_lib::event::object_manager::ObHandleCreate>	skipped known malformed Rust monomorphization range
1801bb5c0	wesp_lib::event::Event<wesp_lib::event::object_manager::ObHandleCreate>::process_argument_from_source<wesp_lib::event::object_manager::ObHandleCreate>	skipped known malformed Rust monomorphization range
1801bb830	wesp_lib::event::Event<wesp_lib::event::object_manager::ObHandleCreate>::thread_argument_from_source<wesp_lib::event::object_manager::ObHandleCreate>	skipped known malformed Rust monomorphization range
1801bb9b0	wesp_lib::event::Event<wesp_lib::event::fs::file::FileOpen>::disk_argument_from_source<wesp_lib::event::fs::file::FileOpen>	skipped known malformed Rust monomorphization range
1801bbbc0	wesp_lib::event::Event<wesp_lib::event::fs::file::FileOpen>::volume_argument_from_source<wesp_lib::event::fs::file::FileOpen>	skipped known malformed Rust monomorphization range
1801bbe00	wesp_lib::event::Event<wesp_lib::event::fs::file::FileOpen>::file_argument_from_source<wesp_lib::event::fs::file::FileOpen>	skipped known malformed Rust monomorphization range
1801bc010	wesp_lib::event::Event<wesp_lib::event::fs::file::FileOpen>::file_object_argument_from_source<wesp_lib::event::fs::file::FileOpen>	skipped known malformed Rust monomorphization range
1801bc180	wesp_lib::event::Event<wesp_lib::event::fs::file::FileOpen>::file_stream_argument_from_source<wesp_lib::event::fs::file::FileOpen>	skipped known malformed Rust monomorphization range
1801bc3d0	wesp_lib::event::Event<wesp_lib::event::fs::file::FileOpen>::process_argument_from_source<wesp_lib::event::fs::file::FileOpen>	skipped known malformed Rust monomorphization range
1801bc640	wesp_lib::event::Event<wesp_lib::event::fs::file::FileOpen>::thread_argument_from_source<wesp_lib::event::fs::file::FileOpen>	skipped known malformed Rust monomorphization range
1801bc7c0	wesp_lib::event::Event<wesp_lib::event::process::ProcessCreate>::disk_argument_from_source<wesp_lib::event::process::ProcessCreate>	skipped known malformed Rust monomorphization range
1801bc9c0	wesp_lib::event::Event<wesp_lib::event::process::ProcessCreate>::volume_argument_from_source<wesp_lib::event::process::ProcessCreate>	skipped known malformed Rust monomorphization range
1801bcc00	wesp_lib::event::Event<wesp_lib::event::process::ProcessCreate>::file_argument_from_source<wesp_lib::event::process::ProcessCreate>	skipped known malformed Rust monomorphization range
1801bcde0	wesp_lib::event::Event<wesp_lib::event::process::ProcessCreate>::file_object_argument_from_source<wesp_lib::event::process::ProcessCreate>	skipped known malformed Rust monomorphization range
1801bcf70	wesp_lib::event::Event<wesp_lib::event::process::ProcessCreate>::file_stream_argument_from_source<wesp_lib::event::process::ProcessCreate>	skipped known malformed Rust monomorphization range
1801bd1b0	wesp_lib::event::Event<wesp_lib::event::process::ProcessCreate>::process_argument_from_source<wesp_lib::event::process::ProcessCreate>	skipped known malformed Rust monomorphization range
1801bd430	wesp_lib::event::Event<wesp_lib::event::process::ProcessCreate>::thread_argument_from_source<wesp_lib::event::process::ProcessCreate>	skipped known malformed Rust monomorphization range
1801bd5e0	wesp_lib::event::Event<wesp_lib::event::fs::file::FileCreate>::disk_argument_from_source<wesp_lib::event::fs::file::FileCreate>	skipped known malformed Rust monomorphization range
1801bd7f0	wesp_lib::event::Event<wesp_lib::event::fs::file::FileCreate>::volume_argument_from_source<wesp_lib::event::fs::file::FileCreate>	skipped known malformed Rust monomorphization range
1801bda30	wesp_lib::event::Event<wesp_lib::event::fs::file::FileCreate>::file_argument_from_source<wesp_lib::event::fs::file::FileCreate>	skipped known malformed Rust monomorphization range
1801bdc40	wesp_lib::event::Event<wesp_lib::event::fs::file::FileCreate>::file_object_argument_from_source<wesp_lib::event::fs::file::FileCreate>	skipped known malformed Rust monomorphization range
1801bddb0	wesp_lib::event::Event<wesp_lib::event::fs::file::FileCreate>::file_stream_argument_from_source<wesp_lib::event::fs::file::FileCreate>	skipped known malformed Rust monomorphization range
1801be000	wesp_lib::event::Event<wesp_lib::event::fs::file::FileCreate>::process_argument_from_source<wesp_lib::event::fs::file::FileCreate>	skipped known malformed Rust monomorphization range
1801be270	wesp_lib::event::Event<wesp_lib::event::fs::file::FileCreate>::thread_argument_from_source<wesp_lib::event::fs::file::FileCreate>	skipped known malformed Rust monomorphization range
1801be3f0	wesp_lib::event::Event<wesp_lib::event::fs::file::FileOpen>::pipe_argument_from_source<wesp_lib::event::fs::file::FileOpen>	skipped known malformed Rust monomorphization range
1801be600	wesp_lib::event::Event<wesp_lib::event::registry::save_restore::RegSaveKey>::pipe_argument_from_source<wesp_lib::event::registry::save_restore::RegSaveKey>	skipped known malformed Rust monomorphization range
1801be7e0	wesp_lib::event::Event<wesp_lib::event::fs::file::SetEa>::pipe_argument_from_source<wesp_lib::event::fs::file::SetEa>	skipped known malformed Rust monomorphization range
1801be9f0	wesp_lib::event::Event<wesp_lib::event::registry::RegOpenKey>::pipe_argument_from_source<wesp_lib::event::registry::RegOpenKey>	skipped known malformed Rust monomorphization range
1801bebd0	wesp_lib::event::Event<wesp_lib::event::fs::file::FileSetInformation>::pipe_argument_from_source<wesp_lib::event::fs::file::FileSetInformation>	skipped known malformed Rust monomorphization range
1801bede0	wesp_lib::event::Event<wesp_lib::event::fs::file::FileLock>::pipe_argument_from_source<wesp_lib::event::fs::file::FileLock>	skipped known malformed Rust monomorphization range
1801beff0	wesp_lib::event::Event<wesp_lib::event::registry::RegSetKeySecurity>::pipe_argument_from_source<wesp_lib::event::registry::RegSetKeySecurity>	skipped known malformed Rust monomorphization range
1801bf1b0	wesp_lib::event::Event<wesp_lib::event::registry::RegQueryValueKey>::pipe_argument_from_source<wesp_lib::event::registry::RegQueryValueKey>	skipped known malformed Rust monomorphization range
1801bf3a0	wesp_lib::event::Event<wesp_lib::event::registry::RegEnumKey>::pipe_argument_from_source<wesp_lib::event::registry::RegEnumKey>	skipped known malformed Rust monomorphization range
1801bf5b0	wesp_lib::event::Event<wesp_lib::event::object_manager::ObHandleCreate>::pipe_argument_from_source<wesp_lib::event::object_manager::ObHandleCreate>	skipped known malformed Rust monomorphization range
1801bf7c0	wesp_lib::event::Event<wesp_lib::event::fs::volume::VolumeFsctl>::pipe_argument_from_source<wesp_lib::event::fs::volume::VolumeFsctl>	skipped known malformed Rust monomorphization range
1801bfa60	wesp_lib::event::Event<wesp_lib::event::fs::file::FileCreateSection>::pipe_argument_from_source<wesp_lib::event::fs::file::FileCreateSection>	skipped known malformed Rust monomorphization range
1801bfce0	wesp_lib::event::Event<wesp_lib::event::thread::ThreadCreate>::pipe_argument_from_source<wesp_lib::event::thread::ThreadCreate>	skipped known malformed Rust monomorphization range
1801bfe90	wesp_lib::event::Event<wesp_lib::event::fs::file::FileFsctl>::pipe_argument_from_source<wesp_lib::event::fs::file::FileFsctl>	skipped known malformed Rust monomorphization range
1801c0110	wesp_lib::event::Event<wesp_lib::event::registry::save_restore::RegRestoreKey>::pipe_argument_from_source<wesp_lib::event::registry::save_restore::RegRestoreKey>	skipped known malformed Rust monomorphization range
1801c02f0	wesp_lib::event::Event<wesp_lib::event::object_manager::ObHandleDuplicate>::pipe_argument_from_source<wesp_lib::event::object_manager::ObHandleDuplicate>	skipped known malformed Rust monomorphization range
1801c0500	wesp_lib::event::Event<wesp_lib::event::fs::pipe::PipeCreate>::pipe_argument_from_source<wesp_lib::event::fs::pipe::PipeCreate>	skipped known malformed Rust monomorphization range
1801c0710	wesp_lib::event::Event<wesp_lib::event::registry::RegSetValueKey>::pipe_argument_from_source<wesp_lib::event::registry::RegSetValueKey>	skipped known malformed Rust monomorphization range
1801c0920	wesp_lib::event::Event<wesp_lib::event::fs::file::FileQueryInformation>::pipe_argument_from_source<wesp_lib::event::fs::file::FileQueryInformation>	skipped known malformed Rust monomorphization range
1801c0b70	wesp_lib::event::Event<wesp_lib::event::process::ProcessCreate>::pipe_argument_from_source<wesp_lib::event::process::ProcessCreate>	skipped known malformed Rust monomorphization range
1801c0d50	wesp_lib::event::Event<wesp_lib::event::fs::file::FileCleanup>::pipe_argument_from_source<wesp_lib::event::fs::file::FileCleanup>	skipped known malformed Rust monomorphization range
1801c0f70	wesp_lib::event::Event<wesp_lib::event::registry::RegEnumValueKey>::pipe_argument_from_source<wesp_lib::event::registry::RegEnumValueKey>	skipped known malformed Rust monomorphization range
1801c1180	wesp_lib::event::Event<wesp_lib::event::fs::file::FileQueryDirectoryInformation>::pipe_argument_from_source<wesp_lib::event::fs::file::FileQueryDirectoryInformation>	skipped known malformed Rust monomorphization range
1801c1420	wesp_lib::event::Event<wesp_lib::event::registry::RegReplaceKey>::pipe_argument_from_source<wesp_lib::event::registry::RegReplaceKey>	skipped known malformed Rust monomorphization range
1801c1680	wesp_lib::event::Event<wesp_lib::event::fs::file::FileCreate>::pipe_argument_from_source<wesp_lib::event::fs::file::FileCreate>	skipped known malformed Rust monomorphization range
1801c1890	wesp_lib::event::Event<wesp_lib::event::fs::file::FileRead>::pipe_argument_from_source<wesp_lib::event::fs::file::FileRead>	skipped known malformed Rust monomorphization range
1801c1af0	wesp_lib::event::Event<wesp_lib::event::fs::file::FileUnlock>::pipe_argument_from_source<wesp_lib::event::fs::file::FileUnlock>	skipped known malformed Rust monomorphization range
1801c1d00	wesp_lib::event::Event<wesp_lib::event::registry::RegLoadKey>::pipe_argument_from_source<wesp_lib::event::registry::RegLoadKey>	skipped known malformed Rust monomorphization range
1801c1f50	wesp_lib::event::Event<wesp_lib::event::fs::volume::VolumeMount>::pipe_argument_from_source<wesp_lib::event::fs::volume::VolumeMount>	skipped known malformed Rust monomorphization range
1801c21c0	wesp_lib::event::Event<wesp_lib::event::fs::file::FileWrite>::pipe_argument_from_source<wesp_lib::event::fs::file::FileWrite>	skipped known malformed Rust monomorphization range
1801c2460	wesp_lib::event::Event<wesp_lib::event::process::ProcessLoadImage>::pipe_argument_from_source<wesp_lib::event::process::ProcessLoadImage>	skipped known malformed Rust monomorphization range
1801c2670	wesp_lib::event::Event<wesp_lib::event::registry::RegQueryKey>::pipe_argument_from_source<wesp_lib::event::registry::RegQueryKey>	skipped known malformed Rust monomorphization range
1801c2830	wesp_lib::event::Event<wesp_lib::event::fs::mailslot::MailslotCreate>::pipe_argument_from_source<wesp_lib::event::fs::mailslot::MailslotCreate>	skipped known malformed Rust monomorphization range
1801c2a40	wesp_lib::event::Event<wesp_lib::event::registry::RegCreateKey>::pipe_argument_from_source<wesp_lib::event::registry::RegCreateKey>	skipped known malformed Rust monomorphization range
1801c2c80	wesp_lib::event::Event<wesp_lib::event::fs::file::FileSetSecurity>::pipe_argument_from_source<wesp_lib::event::fs::file::FileSetSecurity>	skipped known malformed Rust monomorphization range
1801c2f00	wesp_lib::event::Event<wesp_lib::event::fs::file::FileQueryOpen>::pipe_argument_from_source<wesp_lib::event::fs::file::FileQueryOpen>	skipped known malformed Rust monomorphization range
1801c3160	wesp_lib::event::Event<wesp_lib::event::registry::RegDeleteValueKey>::pipe_argument_from_source<wesp_lib::event::registry::RegDeleteValueKey>	skipped known malformed Rust monomorphization range
1801c3370	core::ptr::drop_in_place<wesp_lib::event::args::thread::ThreadArgument>	skipped known malformed Rust monomorphization range
1801c3440	core::ptr::drop_in_place<wesp_lib::event::args::process::ProcessArgument>	skipped known malformed Rust monomorphization range
1801c3750	wesp_lib::event::Event<wesp_lib::event::fs::file::FileFsctl>::token_argument_from_source<wesp_lib::event::fs::file::FileFsctl>	skipped known malformed Rust monomorphization range
1801c3a80	wesp_lib::event::Event<wesp_lib::event::registry::RegSetKeySecurity>::token_argument_from_source<wesp_lib::event::registry::RegSetKeySecurity>	skipped known malformed Rust monomorphization range
1801c3d40	wesp_lib::event::Event<wesp_lib::event::fs::file::FileCreateSection>::token_argument_from_source<wesp_lib::event::fs::file::FileCreateSection>	skipped known malformed Rust monomorphization range
1801c4080	wesp_lib::event::Event<wesp_lib::event::registry::RegLoadKey>::token_argument_from_source<wesp_lib::event::registry::RegLoadKey>	skipped known malformed Rust monomorphization range
1801c43e0	wesp_lib::event::Event<wesp_lib::event::fs::file::FileQueryInformation>::token_argument_from_source<wesp_lib::event::fs::file::FileQueryInformation>	skipped known malformed Rust monomorphization range
1801c46e0	wesp_lib::event::Event<wesp_lib::event::fs::file::SetEa>::token_argument_from_source<wesp_lib::event::fs::file::SetEa>	skipped known malformed Rust monomorphization range
1801c49a0	wesp_lib::event::Event<wesp_lib::event::fs::file::FileWrite>::token_argument_from_source<wesp_lib::event::fs::file::FileWrite>	skipped known malformed Rust monomorphization range
1801c4d00	wesp_lib::event::Event<wesp_lib::event::registry::RegSetValueKey>::token_argument_from_source<wesp_lib::event::registry::RegSetValueKey>	skipped known malformed Rust monomorphization range
1801c4fc0	wesp_lib::event::Event<wesp_lib::event::fs::volume::VolumeMount>::token_argument_from_source<wesp_lib::event::fs::volume::VolumeMount>	skipped known malformed Rust monomorphization range
1801c5300	wesp_lib::event::Event<wesp_lib::event::registry::RegDeleteValueKey>::token_argument_from_source<wesp_lib::event::registry::RegDeleteValueKey>	skipped known malformed Rust monomorphization range
1801c55c0	wesp_lib::event::Event<wesp_lib::event::registry::RegRenameKey>::token_argument_from_source<wesp_lib::event::registry::RegRenameKey>	skipped known malformed Rust monomorphization range
1801c5840	wesp_lib::event::Event<wesp_lib::event::registry::RegCreateKey>::token_argument_from_source<wesp_lib::event::registry::RegCreateKey>	skipped known malformed Rust monomorphization range
1801c5b50	wesp_lib::event::Event<wesp_lib::event::object_manager::ObHandleDuplicate>::token_argument_from_source<wesp_lib::event::object_manager::ObHandleDuplicate>	skipped known malformed Rust monomorphization range
1801c5e10	wesp_lib::event::Event<wesp_lib::event::registry::RegReplaceKey>::token_argument_from_source<wesp_lib::event::registry::RegReplaceKey>	skipped known malformed Rust monomorphization range
1801c6170	wesp_lib::event::Event<wesp_lib::event::fs::volume::VolumeDismount>::token_argument_from_source<wesp_lib::event::fs::volume::VolumeDismount>	skipped known malformed Rust monomorphization range
1801c63a0	wesp_lib::event::Event<wesp_lib::event::fs::file::KtmTransactionCommit>::token_argument_from_source<wesp_lib::event::fs::file::KtmTransactionCommit>	skipped known malformed Rust monomorphization range
1801c65c0	wesp_lib::event::Event<wesp_lib::event::fs::file::FileRead>::token_argument_from_source<wesp_lib::event::fs::file::FileRead>	skipped known malformed Rust monomorphization range
1801c68d0	wesp_lib::event::Event<wesp_lib::event::process::ProcessLoadImage>::token_argument_from_source<wesp_lib::event::process::ProcessLoadImage>	skipped known malformed Rust monomorphization range
1801c6b90	wesp_lib::event::Event<wesp_lib::event::fs::file::FileQueryOpen>::token_argument_from_source<wesp_lib::event::fs::file::FileQueryOpen>	skipped known malformed Rust monomorphization range
1801c6ea0	wesp_lib::event::Event<wesp_lib::event::registry::RegEnumKey>::token_argument_from_source<wesp_lib::event::registry::RegEnumKey>	skipped known malformed Rust monomorphization range
1801c71b0	wesp_lib::event::Event<wesp_lib::event::process::ProcessTerminate>::token_argument_from_source<wesp_lib::event::process::ProcessTerminate>	skipped known malformed Rust monomorphization range
1801c73e0	wesp_lib::event::Event<wesp_lib::event::registry::RegQueryValueKey>::token_argument_from_source<wesp_lib::event::registry::RegQueryValueKey>	skipped known malformed Rust monomorphization range
1801c76d0	wesp_lib::event::Event<wesp_lib::event::registry::save_restore::RegRestoreKey>::token_argument_from_source<wesp_lib::event::registry::save_restore::RegRestoreKey>	skipped known malformed Rust monomorphization range
1801c7990	wesp_lib::event::Event<wesp_lib::event::registry::RegDeleteKey>::token_argument_from_source<wesp_lib::event::registry::RegDeleteKey>	skipped known malformed Rust monomorphization range
1801c7bc0	wesp_lib::event::Event<wesp_lib::event::registry::RegOpenKey>::token_argument_from_source<wesp_lib::event::registry::RegOpenKey>	skipped known malformed Rust monomorphization range
1801c7e70	wesp_lib::event::Event<wesp_lib::event::fs::file::FileLock>::token_argument_from_source<wesp_lib::event::fs::file::FileLock>	skipped known malformed Rust monomorphization range
1801c8130	wesp_lib::event::Event<wesp_lib::event::fs::file::FileCleanup>::token_argument_from_source<wesp_lib::event::fs::file::FileCleanup>	skipped known malformed Rust monomorphization range
1801c8410	wesp_lib::event::Event<wesp_lib::event::thread::ThreadTerminate>::token_argument_from_source<wesp_lib::event::thread::ThreadTerminate>	skipped known malformed Rust monomorphization range
1801c8610	wesp_lib::event::Event<wesp_lib::event::fs::file::FileOpen>::token_argument_from_source<wesp_lib::event::fs::file::FileOpen>	skipped known malformed Rust monomorphization range
1801c88d0	wesp_lib::event::Event<wesp_lib::event::fs::volume::VolumeFsctl>::token_argument_from_source<wesp_lib::event::fs::volume::VolumeFsctl>	skipped known malformed Rust monomorphization range
1801c8c40	wesp_lib::event::Event<wesp_lib::event::thread::ThreadCreate>::token_argument_from_source<wesp_lib::event::thread::ThreadCreate>	skipped known malformed Rust monomorphization range
1801c8e50	wesp_lib::event::Event<wesp_lib::event::registry::RegQueryKey>::token_argument_from_source<wesp_lib::event::registry::RegQueryKey>	skipped known malformed Rust monomorphization range
1801c9120	wesp_lib::event::Event<wesp_lib::event::fs::file::FileQueryDirectoryInformation>::token_argument_from_source<wesp_lib::event::fs::file::FileQueryDirectoryInformation>	skipped known malformed Rust monomorphization range
1801c9480	wesp_lib::event::Event<wesp_lib::event::fs::file::FileCreate>::token_argument_from_source<wesp_lib::event::fs::file::FileCreate>	skipped known malformed Rust monomorphization range
1801c9740	wesp_lib::event::Event<wesp_lib::event::fs::file::FileSetInformation>::token_argument_from_source<wesp_lib::event::fs::file::FileSetInformation>	skipped known malformed Rust monomorphization range
1801c9a00	wesp_lib::event::Event<wesp_lib::event::registry::save_restore::RegSaveKey>::token_argument_from_source<wesp_lib::event::registry::save_restore::RegSaveKey>	skipped known malformed Rust monomorphization range
1801c9cc0	wesp_lib::event::Event<wesp_lib::event::registry::RegEnumValueKey>::token_argument_from_source<wesp_lib::event::registry::RegEnumValueKey>	skipped known malformed Rust monomorphization range
1801c9fd0	wesp_lib::event::Event<wesp_lib::event::fs::file::FileSetSecurity>::token_argument_from_source<wesp_lib::event::fs::file::FileSetSecurity>	skipped known malformed Rust monomorphization range
1801ca300	wesp_lib::event::Event<wesp_lib::event::fs::mailslot::MailslotCreate>::token_argument_from_source<wesp_lib::event::fs::mailslot::MailslotCreate>	skipped known malformed Rust monomorphization range
1801ca5c0	wesp_lib::event::Event<wesp_lib::event::fs::pipe::PipeCreate>::token_argument_from_source<wesp_lib::event::fs::pipe::PipeCreate>	skipped known malformed Rust monomorphization range
1801ca880	wesp_lib::event::Event<wesp_lib::event::fs::file::KtmTransactionRollback>::token_argument_from_source<wesp_lib::event::fs::file::KtmTransactionRollback>	skipped known malformed Rust monomorphization range
1801caaa0	wesp_lib::event::Event<wesp_lib::event::object_manager::ObHandleCreate>::token_argument_from_source<wesp_lib::event::object_manager::ObHandleCreate>	skipped known malformed Rust monomorphization range
1801cad60	wesp_lib::event::Event<wesp_lib::event::fs::file::FileUnlock>::token_argument_from_source<wesp_lib::event::fs::file::FileUnlock>	skipped known malformed Rust monomorphization range
1801cb020	wesp_lib::event::Event<wesp_lib::event::thread::ThreadStart>::token_argument_from_source<wesp_lib::event::thread::ThreadStart>	skipped known malformed Rust monomorphization range
1801cb220	wesp_lib::event::Event<wesp_lib::event::process::ProcessCreate>::token_argument_from_source<wesp_lib::event::process::ProcessCreate>	skipped known malformed Rust monomorphization range
1801cb4d0	wesp_lib::event::Event<wesp_lib::event::registry::RegSetValueKey>::desktop_argument_from_source<wesp_lib::event::registry::RegSetValueKey>	skipped known malformed Rust monomorphization range
1801cb640	wesp_lib::event::Event<wesp_lib::event::fs::file::FileCreate>::desktop_argument_from_source<wesp_lib::event::fs::file::FileCreate>	skipped known malformed Rust monomorphization range
1801cb7b0	wesp_lib::event::Event<wesp_lib::event::fs::file::FileOpen>::desktop_argument_from_source<wesp_lib::event::fs::file::FileOpen>	skipped known malformed Rust monomorphization range
1801cb920	wesp_lib::event::Event<wesp_lib::event::fs::file::FileWrite>::desktop_argument_from_source<wesp_lib::event::fs::file::FileWrite>	skipped known malformed Rust monomorphization range
1801cbb50	wesp_lib::event::Event<wesp_lib::event::registry::save_restore::RegRestoreKey>::desktop_argument_from_source<wesp_lib::event::registry::save_restore::RegRestoreKey>	skipped known malformed Rust monomorphization range
1801cbcb0	wesp_lib::event::Event<wesp_lib::event::object_manager::ObHandleDuplicate>::desktop_argument_from_source<wesp_lib::event::object_manager::ObHandleDuplicate>	skipped known malformed Rust monomorphization range
1801cbe20	wesp_lib::event::Event<wesp_lib::event::fs::file::SetEa>::desktop_argument_from_source<wesp_lib::event::fs::file::SetEa>	skipped known malformed Rust monomorphization range
1801cbf90	wesp_lib::event::Event<wesp_lib::event::fs::file::FileFsctl>::desktop_argument_from_source<wesp_lib::event::fs::file::FileFsctl>	skipped known malformed Rust monomorphization range
1801cc190	wesp_lib::event::Event<wesp_lib::event::fs::mailslot::MailslotCreate>::desktop_argument_from_source<wesp_lib::event::fs::mailslot::MailslotCreate>	skipped known malformed Rust monomorphization range
1801cc300	wesp_lib::event::Event<wesp_lib::event::fs::pipe::PipeCreate>::desktop_argument_from_source<wesp_lib::event::fs::pipe::PipeCreate>	skipped known malformed Rust monomorphization range
1801cc470	wesp_lib::event::Event<wesp_lib::event::fs::file::FileLock>::desktop_argument_from_source<wesp_lib::event::fs::file::FileLock>	skipped known malformed Rust monomorphization range
1801cc5e0	wesp_lib::event::Event<wesp_lib::event::registry::RegLoadKey>::desktop_argument_from_source<wesp_lib::event::registry::RegLoadKey>	skipped known malformed Rust monomorphization range
1801cc7d0	wesp_lib::event::Event<wesp_lib::event::fs::file::FileRead>::desktop_argument_from_source<wesp_lib::event::fs::file::FileRead>	skipped known malformed Rust monomorphization range
1801cc9b0	wesp_lib::event::Event<wesp_lib::event::fs::file::FileQueryDirectoryInformation>::desktop_argument_from_source<wesp_lib::event::fs::file::FileQueryDirectoryInformation>	skipped known malformed Rust monomorphization range
1801ccbc0	wesp_lib::event::Event<wesp_lib::event::fs::file::FileUnlock>::desktop_argument_from_source<wesp_lib::event::fs::file::FileUnlock>	skipped known malformed Rust monomorphization range
1801ccd30	wesp_lib::event::Event<wesp_lib::event::fs::volume::VolumeMount>::desktop_argument_from_source<wesp_lib::event::fs::volume::VolumeMount>	skipped known malformed Rust monomorphization range
1801ccf20	wesp_lib::event::Event<wesp_lib::event::fs::volume::VolumeFsctl>::desktop_argument_from_source<wesp_lib::event::fs::volume::VolumeFsctl>	skipped known malformed Rust monomorphization range
1801cd150	wesp_lib::event::Event<wesp_lib::event::process::ProcessCreate>::desktop_argument_from_source<wesp_lib::event::process::ProcessCreate>	skipped known malformed Rust monomorphization range
1801cd2c0	wesp_lib::event::Event<wesp_lib::event::registry::RegCreateKey>::desktop_argument_from_source<wesp_lib::event::registry::RegCreateKey>	skipped known malformed Rust monomorphization range
1801cd490	wesp_lib::event::Event<wesp_lib::event::fs::file::FileCleanup>::desktop_argument_from_source<wesp_lib::event::fs::file::FileCleanup>	skipped known malformed Rust monomorphization range
1801cd640	wesp_lib::event::Event<wesp_lib::event::registry::RegDeleteValueKey>::desktop_argument_from_source<wesp_lib::event::registry::RegDeleteValueKey>	skipped known malformed Rust monomorphization range
1801cd7b0	wesp_lib::event::Event<wesp_lib::event::process::ProcessLoadImage>::desktop_argument_from_source<wesp_lib::event::process::ProcessLoadImage>	skipped known malformed Rust monomorphization range
1801cd920	wesp_lib::event::Event<wesp_lib::event::registry::RegOpenKey>::desktop_argument_from_source<wesp_lib::event::registry::RegOpenKey>	skipped known malformed Rust monomorphization range
1801cda90	wesp_lib::event::Event<wesp_lib::event::object_manager::ObHandleCreate>::desktop_argument_from_source<wesp_lib::event::object_manager::ObHandleCreate>	skipped known malformed Rust monomorphization range
1801cdc00	wesp_lib::event::Event<wesp_lib::event::fs::file::FileSetSecurity>::desktop_argument_from_source<wesp_lib::event::fs::file::FileSetSecurity>	skipped known malformed Rust monomorphization range
1801cde00	wesp_lib::event::Event<wesp_lib::event::fs::file::FileQueryOpen>::desktop_argument_from_source<wesp_lib::event::fs::file::FileQueryOpen>	skipped known malformed Rust monomorphization range
1801cdfe0	wesp_lib::event::Event<wesp_lib::event::fs::file::FileQueryInformation>::desktop_argument_from_source<wesp_lib::event::fs::file::FileQueryInformation>	skipped known malformed Rust monomorphization range
1801ce1b0	wesp_lib::event::Event<wesp_lib::event::fs::file::FileCreateSection>::desktop_argument_from_source<wesp_lib::event::fs::file::FileCreateSection>	skipped known malformed Rust monomorphization range
1801ce3b0	wesp_lib::event::Event<wesp_lib::event::fs::file::FileSetInformation>::desktop_argument_from_source<wesp_lib::event::fs::file::FileSetInformation>	skipped known malformed Rust monomorphization range
1801ce520	wesp_lib::event::Event<wesp_lib::event::registry::save_restore::RegSaveKey>::desktop_argument_from_source<wesp_lib::event::registry::save_restore::RegSaveKey>	skipped known malformed Rust monomorphization range
1801ce680	wesp_lib::event::Event<wesp_lib::event::fs::volume::VolumeFsctl>::mailslot_argument_from_source<wesp_lib::event::fs::volume::VolumeFsctl>	skipped known malformed Rust monomorphization range
1801ce920	wesp_lib::event::Event<wesp_lib::event::registry::RegQueryValueKey>::mailslot_argument_from_source<wesp_lib::event::registry::RegQueryValueKey>	skipped known malformed Rust monomorphization range
1801ceb10	wesp_lib::event::Event<wesp_lib::event::object_manager::ObHandleDuplicate>::mailslot_argument_from_source<wesp_lib::event::object_manager::ObHandleDuplicate>	skipped known malformed Rust monomorphization range
1801ced20	wesp_lib::event::Event<wesp_lib::event::registry::RegCreateKey>::mailslot_argument_from_source<wesp_lib::event::registry::RegCreateKey>	skipped known malformed Rust monomorphization range
1801cef60	wesp_lib::event::Event<wesp_lib::event::registry::save_restore::RegSaveKey>::mailslot_argument_from_source<wesp_lib::event::registry::save_restore::RegSaveKey>	skipped known malformed Rust monomorphization range
1801cf140	wesp_lib::event::Event<wesp_lib::event::fs::file::FileLock>::mailslot_argument_from_source<wesp_lib::event::fs::file::FileLock>	skipped known malformed Rust monomorphization range
1801cf350	wesp_lib::event::Event<wesp_lib::event::thread::ThreadCreate>::mailslot_argument_from_source<wesp_lib::event::thread::ThreadCreate>	skipped known malformed Rust monomorphization range
1801cf500	wesp_lib::event::Event<wesp_lib::event::fs::file::FileSetInformation>::mailslot_argument_from_source<wesp_lib::event::fs::file::FileSetInformation>	skipped known malformed Rust monomorphization range
1801cf710	wesp_lib::event::Event<wesp_lib::event::fs::file::FileCreateSection>::mailslot_argument_from_source<wesp_lib::event::fs::file::FileCreateSection>	skipped known malformed Rust monomorphization range
1801cf990	wesp_lib::event::Event<wesp_lib::event::fs::mailslot::MailslotCreate>::mailslot_argument_from_source<wesp_lib::event::fs::mailslot::MailslotCreate>	skipped known malformed Rust monomorphization range
1801cfba0	wesp_lib::event::Event<wesp_lib::event::fs::file::FileWrite>::mailslot_argument_from_source<wesp_lib::event::fs::file::FileWrite>	skipped known malformed Rust monomorphization range
1801cfe40	wesp_lib::event::Event<wesp_lib::event::fs::file::FileRead>::mailslot_argument_from_source<wesp_lib::event::fs::file::FileRead>	skipped known malformed Rust monomorphization range
1801d00a0	wesp_lib::event::Event<wesp_lib::event::fs::file::FileSetSecurity>::mailslot_argument_from_source<wesp_lib::event::fs::file::FileSetSecurity>	skipped known malformed Rust monomorphization range
1801d0320	wesp_lib::event::Event<wesp_lib::event::registry::RegEnumValueKey>::mailslot_argument_from_source<wesp_lib::event::registry::RegEnumValueKey>	skipped known malformed Rust monomorphization range
1801d0530	wesp_lib::event::Event<wesp_lib::event::fs::file::SetEa>::mailslot_argument_from_source<wesp_lib::event::fs::file::SetEa>	skipped known malformed Rust monomorphization range
1801d0740	wesp_lib::event::Event<wesp_lib::event::registry::save_restore::RegRestoreKey>::mailslot_argument_from_source<wesp_lib::event::registry::save_restore::RegRestoreKey>	skipped known malformed Rust monomorphization range
1801d0920	wesp_lib::event::Event<wesp_lib::event::object_manager::ObHandleCreate>::mailslot_argument_from_source<wesp_lib::event::object_manager::ObHandleCreate>	skipped known malformed Rust monomorphization range
1801d0b30	wesp_lib::event::Event<wesp_lib::event::registry::RegLoadKey>::mailslot_argument_from_source<wesp_lib::event::registry::RegLoadKey>	skipped known malformed Rust monomorphization range
1801d0d80	wesp_lib::event::Event<wesp_lib::event::fs::file::FileCleanup>::mailslot_argument_from_source<wesp_lib::event::fs::file::FileCleanup>	skipped known malformed Rust monomorphization range
1801d0fa0	wesp_lib::event::Event<wesp_lib::event::registry::RegSetKeySecurity>::mailslot_argument_from_source<wesp_lib::event::registry::RegSetKeySecurity>	skipped known malformed Rust monomorphization range
1801d1160	wesp_lib::event::Event<wesp_lib::event::fs::pipe::PipeCreate>::mailslot_argument_from_source<wesp_lib::event::fs::pipe::PipeCreate>	skipped known malformed Rust monomorphization range
1801d1370	wesp_lib::event::Event<wesp_lib::event::registry::RegReplaceKey>::mailslot_argument_from_source<wesp_lib::event::registry::RegReplaceKey>	skipped known malformed Rust monomorphization range
1801d15d0	wesp_lib::event::Event<wesp_lib::event::process::ProcessCreate>::mailslot_argument_from_source<wesp_lib::event::process::ProcessCreate>	skipped known malformed Rust monomorphization range
1801d17b0	wesp_lib::event::Event<wesp_lib::event::fs::file::FileUnlock>::mailslot_argument_from_source<wesp_lib::event::fs::file::FileUnlock>	skipped known malformed Rust monomorphization range
1801d19c0	wesp_lib::event::Event<wesp_lib::event::fs::file::FileQueryDirectoryInformation>::mailslot_argument_from_source<wesp_lib::event::fs::file::FileQueryDirectoryInformation>	skipped known malformed Rust monomorphization range
1801d1c60	wesp_lib::event::Event<wesp_lib::event::registry::RegOpenKey>::mailslot_argument_from_source<wesp_lib::event::registry::RegOpenKey>	skipped known malformed Rust monomorphization range
1801d1e40	wesp_lib::event::Event<wesp_lib::event::process::ProcessLoadImage>::mailslot_argument_from_source<wesp_lib::event::process::ProcessLoadImage>	skipped known malformed Rust monomorphization range
1801d2050	wesp_lib::event::Event<wesp_lib::event::fs::file::FileQueryInformation>::mailslot_argument_from_source<wesp_lib::event::fs::file::FileQueryInformation>	skipped known malformed Rust monomorphization range
1801d22a0	wesp_lib::event::Event<wesp_lib::event::fs::file::FileQueryOpen>::mailslot_argument_from_source<wesp_lib::event::fs::file::FileQueryOpen>	skipped known malformed Rust monomorphization range
1801d2500	wesp_lib::event::Event<wesp_lib::event::registry::RegSetValueKey>::mailslot_argument_from_source<wesp_lib::event::registry::RegSetValueKey>	skipped known malformed Rust monomorphization range
1801d2710	wesp_lib::event::Event<wesp_lib::event::fs::volume::VolumeMount>::mailslot_argument_from_source<wesp_lib::event::fs::volume::VolumeMount>	skipped known malformed Rust monomorphization range
1801d2980	wesp_lib::event::Event<wesp_lib::event::fs::file::FileCreate>::mailslot_argument_from_source<wesp_lib::event::fs::file::FileCreate>	skipped known malformed Rust monomorphization range
1801d2b90	wesp_lib::event::Event<wesp_lib::event::registry::RegDeleteValueKey>::mailslot_argument_from_source<wesp_lib::event::registry::RegDeleteValueKey>	skipped known malformed Rust monomorphization range
1801d2da0	wesp_lib::event::Event<wesp_lib::event::registry::RegEnumKey>::mailslot_argument_from_source<wesp_lib::event::registry::RegEnumKey>	skipped known malformed Rust monomorphization range
1801d2fb0	wesp_lib::event::Event<wesp_lib::event::fs::file::FileOpen>::mailslot_argument_from_source<wesp_lib::event::fs::file::FileOpen>	skipped known malformed Rust monomorphization range
1801d31c0	wesp_lib::event::Event<wesp_lib::event::registry::RegQueryKey>::mailslot_argument_from_source<wesp_lib::event::registry::RegQueryKey>	skipped known malformed Rust monomorphization range
1801d3380	wesp_lib::event::Event<wesp_lib::event::fs::file::FileFsctl>::mailslot_argument_from_source<wesp_lib::event::fs::file::FileFsctl>	skipped known malformed Rust monomorphization range
1801d3600	wesp_lib::event::Event<wesp_lib::event::registry::RegCreateKey>::event_object_argument_from_source<wesp_lib::event::registry::RegCreateKey>	skipped known malformed Rust monomorphization range
1801d3890	wesp_lib::event::Event<wesp_lib::event::registry::RegCreateKey>::registry_key_argument_from_source<wesp_lib::event::registry::RegCreateKey>	skipped known malformed Rust monomorphization range
1801d3af0	wesp_lib::event::Event<wesp_lib::event::registry::RegCreateKey>::registry_key_object_argument_from_source<wesp_lib::event::registry::RegCreateKey>	skipped known malformed Rust monomorphization range
1801d3ce0	wesp_lib::event::Event<wesp_lib::event::registry::RegCreateKey>::ktm_transaction_argument_from_source<wesp_lib::event::registry::RegCreateKey>	skipped known malformed Rust monomorphization range
1801d3fb0	wesp_lib::event::Event<wesp_lib::event::object_manager::ObHandleDuplicate>::event_object_argument_from_source<wesp_lib::event::object_manager::ObHandleDuplicate>	skipped known malformed Rust monomorphization range
1801d4240	wesp_lib::event::Event<wesp_lib::event::object_manager::ObHandleDuplicate>::registry_key_argument_from_source<wesp_lib::event::object_manager::ObHandleDuplicate>	skipped known malformed Rust monomorphization range
1801d4450	wesp_lib::event::Event<wesp_lib::event::object_manager::ObHandleDuplicate>::registry_key_object_argument_from_source<wesp_lib::event::object_manager::ObHandleDuplicate>	skipped known malformed Rust monomorphization range
1801d45b0	wesp_lib::event::Event<wesp_lib::event::object_manager::ObHandleDuplicate>::ktm_transaction_argument_from_source<wesp_lib::event::object_manager::ObHandleDuplicate>	skipped known malformed Rust monomorphization range
1801d4830	wesp_lib::event::Event<wesp_lib::event::fs::file::FileUnlock>::event_object_argument_from_source<wesp_lib::event::fs::file::FileUnlock>	skipped known malformed Rust monomorphization range
1801d4ac0	wesp_lib::event::Event<wesp_lib::event::fs::file::FileUnlock>::registry_key_argument_from_source<wesp_lib::event::fs::file::FileUnlock>	skipped known malformed Rust monomorphization range
1801d4cd0	wesp_lib::event::Event<wesp_lib::event::fs::file::FileUnlock>::registry_key_object_argument_from_source<wesp_lib::event::fs::file::FileUnlock>	skipped known malformed Rust monomorphization range
1801d4e30	wesp_lib::event::Event<wesp_lib::event::fs::file::FileUnlock>::ktm_transaction_argument_from_source<wesp_lib::event::fs::file::FileUnlock>	skipped known malformed Rust monomorphization range
1801d50b0	wesp_lib::event::Event<wesp_lib::event::fs::volume::VolumeFsctl>::event_object_argument_from_source<wesp_lib::event::fs::volume::VolumeFsctl>	skipped known malformed Rust monomorphization range
1801d5340	wesp_lib::event::Event<wesp_lib::event::fs::volume::VolumeFsctl>::registry_key_argument_from_source<wesp_lib::event::fs::volume::VolumeFsctl>	skipped known malformed Rust monomorphization range
1801d55f0	wesp_lib::event::Event<wesp_lib::event::fs::volume::VolumeFsctl>::registry_key_object_argument_from_source<wesp_lib::event::fs::volume::VolumeFsctl>	skipped known malformed Rust monomorphization range
1801d5820	wesp_lib::event::Event<wesp_lib::event::fs::volume::VolumeFsctl>::ktm_transaction_argument_from_source<wesp_lib::event::fs::volume::VolumeFsctl>	skipped known malformed Rust monomorphization range
1801d5b60	wesp_lib::event::Event<wesp_lib::event::process::ProcessLoadImage>::event_object_argument_from_source<wesp_lib::event::process::ProcessLoadImage>	skipped known malformed Rust monomorphization range
1801d5df0	wesp_lib::event::Event<wesp_lib::event::process::ProcessLoadImage>::registry_key_argument_from_source<wesp_lib::event::process::ProcessLoadImage>	skipped known malformed Rust monomorphization range
1801d6000	wesp_lib::event::Event<wesp_lib::event::process::ProcessLoadImage>::registry_key_object_argument_from_source<wesp_lib::event::process::ProcessLoadImage>	skipped known malformed Rust monomorphization range
1801d6160	wesp_lib::event::Event<wesp_lib::event::process::ProcessLoadImage>::ktm_transaction_argument_from_source<wesp_lib::event::process::ProcessLoadImage>	skipped known malformed Rust monomorphization range
1801d63e0	wesp_lib::event::Event<wesp_lib::event::thread::ThreadTerminate>::event_object_argument_from_source<wesp_lib::event::thread::ThreadTerminate>	skipped known malformed Rust monomorphization range
1801d6dc0	wesp_lib::event::Event<wesp_lib::event::thread::ThreadTerminate>::ktm_transaction_argument_from_source<wesp_lib::event::thread::ThreadTerminate>	skipped known malformed Rust monomorphization range
1801d6f70	wesp_lib::event::Event<wesp_lib::event::fs::file::KtmTransactionRollback>::event_object_argument_from_source<wesp_lib::event::fs::file::KtmTransactionRollback>	skipped known malformed Rust monomorphization range
1801d77e0	wesp_lib::event::Event<wesp_lib::event::fs::file::KtmTransactionRollback>::ktm_transaction_argument_from_source<wesp_lib::event::fs::file::KtmTransactionRollback>	skipped known malformed Rust monomorphization range
1801d7950	wesp_lib::event::Event<wesp_lib::event::fs::volume::VolumeMount>::event_object_argument_from_source<wesp_lib::event::fs::volume::VolumeMount>	skipped known malformed Rust monomorphization range
1801d7be0	wesp_lib::event::Event<wesp_lib::event::fs::volume::VolumeMount>::registry_key_argument_from_source<wesp_lib::event::fs::volume::VolumeMount>	skipped known malformed Rust monomorphization range
1801d7e60	wesp_lib::event::Event<wesp_lib::event::fs::volume::VolumeMount>::registry_key_object_argument_from_source<wesp_lib::event::fs::volume::VolumeMount>	skipped known malformed Rust monomorphization range
1801d8050	wesp_lib::event::Event<wesp_lib::event::fs::volume::VolumeMount>::ktm_transaction_argument_from_source<wesp_lib::event::fs::volume::VolumeMount>	skipped known malformed Rust monomorphization range
1801d8360	wesp_lib::event::Event<wesp_lib::event::fs::file::FileSetSecurity>::event_object_argument_from_source<wesp_lib::event::fs::file::FileSetSecurity>	skipped known malformed Rust monomorphization range
1801d85f0	wesp_lib::event::Event<wesp_lib::event::fs::file::FileSetSecurity>::registry_key_argument_from_source<wesp_lib::event::fs::file::FileSetSecurity>	skipped known malformed Rust monomorphization range
1801d8870	wesp_lib::event::Event<wesp_lib::event::fs::file::FileSetSecurity>::registry_key_object_argument_from_source<wesp_lib::event::fs::file::FileSetSecurity>	skipped known malformed Rust monomorphization range
1801d8a70	wesp_lib::event::Event<wesp_lib::event::fs::file::FileSetSecurity>::ktm_transaction_argument_from_source<wesp_lib::event::fs::file::FileSetSecurity>	skipped known malformed Rust monomorphization range
1801d8d80	wesp_lib::event::Event<wesp_lib::event::registry::RegQueryValueKey>::event_object_argument_from_source<wesp_lib::event::registry::RegQueryValueKey>	skipped known malformed Rust monomorphization range
1801d92d0	wesp_lib::event::Event<wesp_lib::event::registry::RegQueryValueKey>::registry_key_argument_from_source<wesp_lib::event::registry::RegQueryValueKey>	skipped known malformed Rust monomorphization range
1801d9420	wesp_lib::event::Event<wesp_lib::event::registry::RegQueryValueKey>::registry_key_object_argument_from_source<wesp_lib::event::registry::RegQueryValueKey>	skipped known malformed Rust monomorphization range
1801d9540	wesp_lib::event::Event<wesp_lib::event::registry::RegQueryValueKey>::ktm_transaction_argument_from_source<wesp_lib::event::registry::RegQueryValueKey>	skipped known malformed Rust monomorphization range
1801d97b0	wesp_lib::event::Event<wesp_lib::event::registry::save_restore::RegRestoreKey>::event_object_argument_from_source<wesp_lib::event::registry::save_restore::RegRestoreKey>	skipped known malformed Rust monomorphization range
1801d9a40	wesp_lib::event::Event<wesp_lib::event::registry::save_restore::RegRestoreKey>::registry_key_argument_from_source<wesp_lib::event::registry::save_restore::RegRestoreKey>	skipped known malformed Rust monomorphization range
1801d9c30	wesp_lib::event::Event<wesp_lib::event::registry::save_restore::RegRestoreKey>::registry_key_object_argument_from_source<wesp_lib::event::registry::save_restore::RegRestoreKey>	skipped known malformed Rust monomorphization range
1801d9da0	wesp_lib::event::Event<wesp_lib::event::registry::save_restore::RegRestoreKey>::ktm_transaction_argument_from_source<wesp_lib::event::registry::save_restore::RegRestoreKey>	skipped known malformed Rust monomorphization range
1801da010	wesp_lib::event::Event<wesp_lib::event::fs::file::FileQueryInformation>::event_object_argument_from_source<wesp_lib::event::fs::file::FileQueryInformation>	skipped known malformed Rust monomorphization range
1801da2a0	wesp_lib::event::Event<wesp_lib::event::fs::file::FileQueryInformation>::registry_key_argument_from_source<wesp_lib::event::fs::file::FileQueryInformation>	skipped known malformed Rust monomorphization range
1801da4f0	wesp_lib::event::Event<wesp_lib::event::fs::file::FileQueryInformation>::registry_key_object_argument_from_source<wesp_lib::event::fs::file::FileQueryInformation>	skipped known malformed Rust monomorphization range
1801da6c0	wesp_lib::event::Event<wesp_lib::event::fs::file::FileQueryInformation>::ktm_transaction_argument_from_source<wesp_lib::event::fs::file::FileQueryInformation>	skipped known malformed Rust monomorphization range
1801da990	wesp_lib::event::Event<wesp_lib::event::fs::file::FileQueryDirectoryInformation>::event_object_argument_from_source<wesp_lib::event::fs::file::FileQueryDirectoryInformation>	skipped known malformed Rust monomorphization range
1801dac20	wesp_lib::event::Event<wesp_lib::event::fs::file::FileQueryDirectoryInformation>::registry_key_argument_from_source<wesp_lib::event::fs::file::FileQueryDirectoryInformation>	skipped known malformed Rust monomorphization range
1801daec0	wesp_lib::event::Event<wesp_lib::event::fs::file::FileQueryDirectoryInformation>::registry_key_object_argument_from_source<wesp_lib::event::fs::file::FileQueryDirectoryInformation>	skipped known malformed Rust monomorphization range
1801db0d0	wesp_lib::event::Event<wesp_lib::event::fs::file::FileQueryDirectoryInformation>::ktm_transaction_argument_from_source<wesp_lib::event::fs::file::FileQueryDirectoryInformation>	skipped known malformed Rust monomorphization range
1801db400	wesp_lib::event::Event<wesp_lib::event::thread::ThreadCreate>::event_object_argument_from_source<wesp_lib::event::thread::ThreadCreate>	skipped known malformed Rust monomorphization range
1801db8a0	wesp_lib::event::Event<wesp_lib::event::thread::ThreadCreate>::registry_key_argument_from_source<wesp_lib::event::thread::ThreadCreate>	skipped known malformed Rust monomorphization range
1801dba50	wesp_lib::event::Event<wesp_lib::event::thread::ThreadCreate>::ktm_transaction_argument_from_source<wesp_lib::event::thread::ThreadCreate>	skipped known malformed Rust monomorphization range
1801dbce0	wesp_lib::event::Event<wesp_lib::event::fs::file::FileFsctl>::event_object_argument_from_source<wesp_lib::event::fs::file::FileFsctl>	skipped known malformed Rust monomorphization range
1801dbf70	wesp_lib::event::Event<wesp_lib::event::fs::file::FileFsctl>::registry_key_argument_from_source<wesp_lib::event::fs::file::FileFsctl>	skipped known malformed Rust monomorphization range
1801dc1f0	wesp_lib::event::Event<wesp_lib::event::fs::file::FileFsctl>::registry_key_object_argument_from_source<wesp_lib::event::fs::file::FileFsctl>	skipped known malformed Rust monomorphization range
1801dc3f0	wesp_lib::event::Event<wesp_lib::event::fs::file::FileFsctl>::ktm_transaction_argument_from_source<wesp_lib::event::fs::file::FileFsctl>	skipped known malformed Rust monomorphization range
1801dc700	wesp_lib::event::Event<wesp_lib::event::fs::file::FileWrite>::event_object_argument_from_source<wesp_lib::event::fs::file::FileWrite>	skipped known malformed Rust monomorphization range
1801dc990	wesp_lib::event::Event<wesp_lib::event::fs::file::FileWrite>::registry_key_argument_from_source<wesp_lib::event::fs::file::FileWrite>	skipped known malformed Rust monomorphization range
1801dcc30	wesp_lib::event::Event<wesp_lib::event::fs::file::FileWrite>::registry_key_object_argument_from_source<wesp_lib::event::fs::file::FileWrite>	skipped known malformed Rust monomorphization range
1801dce60	wesp_lib::event::Event<wesp_lib::event::fs::file::FileWrite>::ktm_transaction_argument_from_source<wesp_lib::event::fs::file::FileWrite>	skipped known malformed Rust monomorphization range
1801dd190	wesp_lib::event::Event<wesp_lib::event::fs::file::KtmTransactionCommit>::event_object_argument_from_source<wesp_lib::event::fs::file::KtmTransactionCommit>	skipped known malformed Rust monomorphization range
1801dda00	wesp_lib::event::Event<wesp_lib::event::fs::file::KtmTransactionCommit>::ktm_transaction_argument_from_source<wesp_lib::event::fs::file::KtmTransactionCommit>	skipped known malformed Rust monomorphization range
1801ddb70	wesp_lib::event::Event<wesp_lib::event::registry::RegLoadKey>::event_object_argument_from_source<wesp_lib::event::registry::RegLoadKey>	skipped known malformed Rust monomorphization range
1801dde00	wesp_lib::event::Event<wesp_lib::event::registry::RegLoadKey>::registry_key_argument_from_source<wesp_lib::event::registry::RegLoadKey>	skipped known malformed Rust monomorphization range
1801de060	wesp_lib::event::Event<wesp_lib::event::registry::RegLoadKey>::registry_key_object_argument_from_source<wesp_lib::event::registry::RegLoadKey>	skipped known malformed Rust monomorphization range
1801de290	wesp_lib::event::Event<wesp_lib::event::registry::RegLoadKey>::ktm_transaction_argument_from_source<wesp_lib::event::registry::RegLoadKey>	skipped known malformed Rust monomorphization range
1801de580	wesp_lib::event::Event<wesp_lib::event::registry::RegEnumValueKey>::event_object_argument_from_source<wesp_lib::event::registry::RegEnumValueKey>	skipped known malformed Rust monomorphization range
1801deac0	wesp_lib::event::Event<wesp_lib::event::registry::RegEnumValueKey>::registry_key_argument_from_source<wesp_lib::event::registry::RegEnumValueKey>	skipped known malformed Rust monomorphization range
1801dec20	wesp_lib::event::Event<wesp_lib::event::registry::RegEnumValueKey>::registry_key_object_argument_from_source<wesp_lib::event::registry::RegEnumValueKey>	skipped known malformed Rust monomorphization range
1801ded20	wesp_lib::event::Event<wesp_lib::event::registry::RegEnumValueKey>::ktm_transaction_argument_from_source<wesp_lib::event::registry::RegEnumValueKey>	skipped known malformed Rust monomorphization range
1801defb0	wesp_lib::event::Event<wesp_lib::event::registry::RegEnumKey>::event_object_argument_from_source<wesp_lib::event::registry::RegEnumKey>	skipped known malformed Rust monomorphization range
1801df4f0	wesp_lib::event::Event<wesp_lib::event::registry::RegEnumKey>::registry_key_argument_from_source<wesp_lib::event::registry::RegEnumKey>	skipped known malformed Rust monomorphization range
1801df650	wesp_lib::event::Event<wesp_lib::event::registry::RegEnumKey>::registry_key_object_argument_from_source<wesp_lib::event::registry::RegEnumKey>	skipped known malformed Rust monomorphization range
1801df750	wesp_lib::event::Event<wesp_lib::event::registry::RegEnumKey>::ktm_transaction_argument_from_source<wesp_lib::event::registry::RegEnumKey>	skipped known malformed Rust monomorphization range
1801df9e0	wesp_lib::event::Event<wesp_lib::event::fs::file::FileSetInformation>::event_object_argument_from_source<wesp_lib::event::fs::file::FileSetInformation>	skipped known malformed Rust monomorphization range
1801dfc70	wesp_lib::event::Event<wesp_lib::event::fs::file::FileSetInformation>::registry_key_argument_from_source<wesp_lib::event::fs::file::FileSetInformation>	skipped known malformed Rust monomorphization range
1801dfe80	wesp_lib::event::Event<wesp_lib::event::fs::file::FileSetInformation>::registry_key_object_argument_from_source<wesp_lib::event::fs::file::FileSetInformation>	skipped known malformed Rust monomorphization range
1801dffe0	wesp_lib::event::Event<wesp_lib::event::fs::file::FileSetInformation>::ktm_transaction_argument_from_source<wesp_lib::event::fs::file::FileSetInformation>	skipped known malformed Rust monomorphization range
1801e0260	wesp_lib::event::Event<wesp_lib::event::fs::pipe::PipeCreate>::event_object_argument_from_source<wesp_lib::event::fs::pipe::PipeCreate>	skipped known malformed Rust monomorphization range
1801e04f0	wesp_lib::event::Event<wesp_lib::event::fs::pipe::PipeCreate>::registry_key_argument_from_source<wesp_lib::event::fs::pipe::PipeCreate>	skipped known malformed Rust monomorphization range
1801e0700	wesp_lib::event::Event<wesp_lib::event::fs::pipe::PipeCreate>::registry_key_object_argument_from_source<wesp_lib::event::fs::pipe::PipeCreate>	skipped known malformed Rust monomorphization range
1801e0860	wesp_lib::event::Event<wesp_lib::event::fs::pipe::PipeCreate>::ktm_transaction_argument_from_source<wesp_lib::event::fs::pipe::PipeCreate>	skipped known malformed Rust monomorphization range
1801e0ae0	wesp_lib::event::Event<wesp_lib::event::thread::ThreadStart>::event_object_argument_from_source<wesp_lib::event::thread::ThreadStart>	skipped known malformed Rust monomorphization range
1801e14c0	wesp_lib::event::Event<wesp_lib::event::thread::ThreadStart>::ktm_transaction_argument_from_source<wesp_lib::event::thread::ThreadStart>	skipped known malformed Rust monomorphization range
1801e1670	wesp_lib::event::Event<wesp_lib::event::process::ProcessCreate>::event_object_argument_from_source<wesp_lib::event::process::ProcessCreate>	skipped known malformed Rust monomorphization range
1801e1900	wesp_lib::event::Event<wesp_lib::event::process::ProcessCreate>::registry_key_argument_from_source<wesp_lib::event::process::ProcessCreate>	skipped known malformed Rust monomorphization range
1801e1af0	wesp_lib::event::Event<wesp_lib::event::process::ProcessCreate>::registry_key_object_argument_from_source<wesp_lib::event::process::ProcessCreate>	skipped known malformed Rust monomorphization range
1801e1c60	wesp_lib::event::Event<wesp_lib::event::process::ProcessCreate>::ktm_transaction_argument_from_source<wesp_lib::event::process::ProcessCreate>	skipped known malformed Rust monomorphization range
1801e1ed0	wesp_lib::event::Event<wesp_lib::event::registry::RegDeleteValueKey>::event_object_argument_from_source<wesp_lib::event::registry::RegDeleteValueKey>	skipped known malformed Rust monomorphization range
1801e2160	wesp_lib::event::Event<wesp_lib::event::registry::RegDeleteValueKey>::registry_key_argument_from_source<wesp_lib::event::registry::RegDeleteValueKey>	skipped known malformed Rust monomorphization range
1801e2370	wesp_lib::event::Event<wesp_lib::event::registry::RegDeleteValueKey>::registry_key_object_argument_from_source<wesp_lib::event::registry::RegDeleteValueKey>	skipped known malformed Rust monomorphization range
1801e24e0	wesp_lib::event::Event<wesp_lib::event::registry::RegDeleteValueKey>::ktm_transaction_argument_from_source<wesp_lib::event::registry::RegDeleteValueKey>	skipped known malformed Rust monomorphization range
1801e2770	wesp_lib::event::Event<wesp_lib::event::registry::RegSetValueKey>::event_object_argument_from_source<wesp_lib::event::registry::RegSetValueKey>	skipped known malformed Rust monomorphization range
1801e2a00	wesp_lib::event::Event<wesp_lib::event::registry::RegSetValueKey>::registry_key_argument_from_source<wesp_lib::event::registry::RegSetValueKey>	skipped known malformed Rust monomorphization range
1801e2c10	wesp_lib::event::Event<wesp_lib::event::registry::RegSetValueKey>::registry_key_object_argument_from_source<wesp_lib::event::registry::RegSetValueKey>	skipped known malformed Rust monomorphization range
1801e2d70	wesp_lib::event::Event<wesp_lib::event::registry::RegSetValueKey>::ktm_transaction_argument_from_source<wesp_lib::event::registry::RegSetValueKey>	skipped known malformed Rust monomorphization range
1801e2ff0	wesp_lib::event::Event<wesp_lib::event::fs::file::FileCleanup>::event_object_argument_from_source<wesp_lib::event::fs::file::FileCleanup>	skipped known malformed Rust monomorphization range
1801e3280	wesp_lib::event::Event<wesp_lib::event::fs::file::FileCleanup>::registry_key_argument_from_source<wesp_lib::event::fs::file::FileCleanup>	skipped known malformed Rust monomorphization range
1801e34a0	wesp_lib::event::Event<wesp_lib::event::fs::file::FileCleanup>::registry_key_object_argument_from_source<wesp_lib::event::fs::file::FileCleanup>	skipped known malformed Rust monomorphization range
1801e3650	wesp_lib::event::Event<wesp_lib::event::fs::file::FileCleanup>::ktm_transaction_argument_from_source<wesp_lib::event::fs::file::FileCleanup>	skipped known malformed Rust monomorphization range
1801e3900	wesp_lib::event::Event<wesp_lib::event::fs::file::FileCreateSection>::event_object_argument_from_source<wesp_lib::event::fs::file::FileCreateSection>	skipped known malformed Rust monomorphization range
1801e3b90	wesp_lib::event::Event<wesp_lib::event::fs::file::FileCreateSection>::registry_key_argument_from_source<wesp_lib::event::fs::file::FileCreateSection>	skipped known malformed Rust monomorphization range
1801e3e10	wesp_lib::event::Event<wesp_lib::event::fs::file::FileCreateSection>::registry_key_object_argument_from_source<wesp_lib::event::fs::file::FileCreateSection>	skipped known malformed Rust monomorphization range
1801e4010	wesp_lib::event::Event<wesp_lib::event::fs::file::FileCreateSection>::ktm_transaction_argument_from_source<wesp_lib::event::fs::file::FileCreateSection>	skipped known malformed Rust monomorphization range
1801e4320	wesp_lib::event::Event<wesp_lib::event::fs::file::FileRead>::event_object_argument_from_source<wesp_lib::event::fs::file::FileRead>	skipped known malformed Rust monomorphization range
1801e45b0	wesp_lib::event::Event<wesp_lib::event::fs::file::FileRead>::registry_key_argument_from_source<wesp_lib::event::fs::file::FileRead>	skipped known malformed Rust monomorphization range
1801e4800	wesp_lib::event::Event<wesp_lib::event::fs::file::FileRead>::registry_key_object_argument_from_source<wesp_lib::event::fs::file::FileRead>	skipped known malformed Rust monomorphization range
1801e49e0	wesp_lib::event::Event<wesp_lib::event::fs::file::FileRead>::ktm_transaction_argument_from_source<wesp_lib::event::fs::file::FileRead>	skipped known malformed Rust monomorphization range
1801e4cd0	wesp_lib::event::Event<wesp_lib::event::registry::save_restore::RegSaveKey>::event_object_argument_from_source<wesp_lib::event::registry::save_restore::RegSaveKey>	skipped known malformed Rust monomorphization range
1801e4f60	wesp_lib::event::Event<wesp_lib::event::registry::save_restore::RegSaveKey>::registry_key_argument_from_source<wesp_lib::event::registry::save_restore::RegSaveKey>	skipped known malformed Rust monomorphization range
1801e5150	wesp_lib::event::Event<wesp_lib::event::registry::save_restore::RegSaveKey>::registry_key_object_argument_from_source<wesp_lib::event::registry::save_restore::RegSaveKey>	skipped known malformed Rust monomorphization range
1801e52c0	wesp_lib::event::Event<wesp_lib::event::registry::save_restore::RegSaveKey>::ktm_transaction_argument_from_source<wesp_lib::event::registry::save_restore::RegSaveKey>	skipped known malformed Rust monomorphization range
1801e5530	wesp_lib::event::Event<wesp_lib::event::fs::file::FileCreate>::event_object_argument_from_source<wesp_lib::event::fs::file::FileCreate>	skipped known malformed Rust monomorphization range
1801e57c0	wesp_lib::event::Event<wesp_lib::event::fs::file::FileCreate>::registry_key_argument_from_source<wesp_lib::event::fs::file::FileCreate>	skipped known malformed Rust monomorphization range
1801e59d0	wesp_lib::event::Event<wesp_lib::event::fs::file::FileCreate>::registry_key_object_argument_from_source<wesp_lib::event::fs::file::FileCreate>	skipped known malformed Rust monomorphization range
1801e5b30	wesp_lib::event::Event<wesp_lib::event::fs::file::FileCreate>::ktm_transaction_argument_from_source<wesp_lib::event::fs::file::FileCreate>	skipped known malformed Rust monomorphization range
1801e5db0	wesp_lib::event::Event<wesp_lib::event::registry::RegSetKeySecurity>::event_object_argument_from_source<wesp_lib::event::registry::RegSetKeySecurity>	skipped known malformed Rust monomorphization range
1801e62c0	wesp_lib::event::Event<wesp_lib::event::registry::RegSetKeySecurity>::registry_key_argument_from_source<wesp_lib::event::registry::RegSetKeySecurity>	skipped known malformed Rust monomorphization range
1801e63f0	wesp_lib::event::Event<wesp_lib::event::registry::RegSetKeySecurity>::registry_key_object_argument_from_source<wesp_lib::event::registry::RegSetKeySecurity>	skipped known malformed Rust monomorphization range
1801e6520	wesp_lib::event::Event<wesp_lib::event::registry::RegSetKeySecurity>::ktm_transaction_argument_from_source<wesp_lib::event::registry::RegSetKeySecurity>	skipped known malformed Rust monomorphization range
1801e6770	wesp_lib::event::Event<wesp_lib::event::object_manager::ObHandleCreate>::event_object_argument_from_source<wesp_lib::event::object_manager::ObHandleCreate>	skipped known malformed Rust monomorphization range
1801e6a00	wesp_lib::event::Event<wesp_lib::event::object_manager::ObHandleCreate>::registry_key_argument_from_source<wesp_lib::event::object_manager::ObHandleCreate>	skipped known malformed Rust monomorphization range
1801e6c10	wesp_lib::event::Event<wesp_lib::event::object_manager::ObHandleCreate>::registry_key_object_argument_from_source<wesp_lib::event::object_manager::ObHandleCreate>	skipped known malformed Rust monomorphization range
1801e6d70	wesp_lib::event::Event<wesp_lib::event::object_manager::ObHandleCreate>::ktm_transaction_argument_from_source<wesp_lib::event::object_manager::ObHandleCreate>	skipped known malformed Rust monomorphization range
1801e6ff0	wesp_lib::event::Event<wesp_lib::event::registry::RegDeleteKey>::event_object_argument_from_source<wesp_lib::event::registry::RegDeleteKey>	skipped known malformed Rust monomorphization range
1801e7a00	wesp_lib::event::Event<wesp_lib::event::registry::RegDeleteKey>::ktm_transaction_argument_from_source<wesp_lib::event::registry::RegDeleteKey>	skipped known malformed Rust monomorphization range
1801e7bd0	wesp_lib::event::Event<wesp_lib::event::fs::file::FileQueryOpen>::event_object_argument_from_source<wesp_lib::event::fs::file::FileQueryOpen>	skipped known malformed Rust monomorphization range
1801e7e60	wesp_lib::event::Event<wesp_lib::event::fs::file::FileQueryOpen>::registry_key_argument_from_source<wesp_lib::event::fs::file::FileQueryOpen>	skipped known malformed Rust monomorphization range
1801e80c0	wesp_lib::event::Event<wesp_lib::event::fs::file::FileQueryOpen>::registry_key_object_argument_from_source<wesp_lib::event::fs::file::FileQueryOpen>	skipped known malformed Rust monomorphization range
1801e82a0	wesp_lib::event::Event<wesp_lib::event::fs::file::FileQueryOpen>::ktm_transaction_argument_from_source<wesp_lib::event::fs::file::FileQueryOpen>	skipped known malformed Rust monomorphization range
1801e8590	wesp_lib::event::Event<wesp_lib::event::registry::RegQueryKey>::event_object_argument_from_source<wesp_lib::event::registry::RegQueryKey>	skipped known malformed Rust monomorphization range
1801e8a70	wesp_lib::event::Event<wesp_lib::event::registry::RegQueryKey>::registry_key_argument_from_source<wesp_lib::event::registry::RegQueryKey>	skipped known malformed Rust monomorphization range
1801e8bc0	wesp_lib::event::Event<wesp_lib::event::registry::RegQueryKey>::registry_key_object_argument_from_source<wesp_lib::event::registry::RegQueryKey>	skipped known malformed Rust monomorphization range
1801e8ca0	wesp_lib::event::Event<wesp_lib::event::registry::RegQueryKey>::ktm_transaction_argument_from_source<wesp_lib::event::registry::RegQueryKey>	skipped known malformed Rust monomorphization range
1801e8ef0	wesp_lib::event::Event<wesp_lib::event::registry::RegOpenKey>::event_object_argument_from_source<wesp_lib::event::registry::RegOpenKey>	skipped known malformed Rust monomorphization range
1801e9180	wesp_lib::event::Event<wesp_lib::event::registry::RegOpenKey>::registry_key_argument_from_source<wesp_lib::event::registry::RegOpenKey>	skipped known malformed Rust monomorphization range
1801e9370	wesp_lib::event::Event<wesp_lib::event::registry::RegOpenKey>::registry_key_object_argument_from_source<wesp_lib::event::registry::RegOpenKey>	skipped known malformed Rust monomorphization range
1801e94f0	wesp_lib::event::Event<wesp_lib::event::registry::RegOpenKey>::ktm_transaction_argument_from_source<wesp_lib::event::registry::RegOpenKey>	skipped known malformed Rust monomorphization range
1801e9760	wesp_lib::event::Event<wesp_lib::event::fs::file::FileLock>::event_object_argument_from_source<wesp_lib::event::fs::file::FileLock>	skipped known malformed Rust monomorphization range
1801e99f0	wesp_lib::event::Event<wesp_lib::event::fs::file::FileLock>::registry_key_argument_from_source<wesp_lib::event::fs::file::FileLock>	skipped known malformed Rust monomorphization range
1801e9c00	wesp_lib::event::Event<wesp_lib::event::fs::file::FileLock>::registry_key_object_argument_from_source<wesp_lib::event::fs::file::FileLock>	skipped known malformed Rust monomorphization range
1801e9d60	wesp_lib::event::Event<wesp_lib::event::fs::file::FileLock>::ktm_transaction_argument_from_source<wesp_lib::event::fs::file::FileLock>	skipped known malformed Rust monomorphization range
1801e9fe0	wesp_lib::event::Event<wesp_lib::event::fs::mailslot::MailslotCreate>::event_object_argument_from_source<wesp_lib::event::fs::mailslot::MailslotCreate>	skipped known malformed Rust monomorphization range
1801ea270	wesp_lib::event::Event<wesp_lib::event::fs::mailslot::MailslotCreate>::registry_key_argument_from_source<wesp_lib::event::fs::mailslot::MailslotCreate>	skipped known malformed Rust monomorphization range
1801ea480	wesp_lib::event::Event<wesp_lib::event::fs::mailslot::MailslotCreate>::registry_key_object_argument_from_source<wesp_lib::event::fs::mailslot::MailslotCreate>	skipped known malformed Rust monomorphization range
1801ea5e0	wesp_lib::event::Event<wesp_lib::event::fs::mailslot::MailslotCreate>::ktm_transaction_argument_from_source<wesp_lib::event::fs::mailslot::MailslotCreate>	skipped known malformed Rust monomorphization range
1801ea860	wesp_lib::event::Event<wesp_lib::event::fs::volume::VolumeDismount>::event_object_argument_from_source<wesp_lib::event::fs::volume::VolumeDismount>	skipped known malformed Rust monomorphization range
1801eb290	wesp_lib::event::Event<wesp_lib::event::fs::volume::VolumeDismount>::ktm_transaction_argument_from_source<wesp_lib::event::fs::volume::VolumeDismount>	skipped known malformed Rust monomorphization range
1801eb440	wesp_lib::event::Event<wesp_lib::event::fs::file::FileOpen>::event_object_argument_from_source<wesp_lib::event::fs::file::FileOpen>	skipped known malformed Rust monomorphization range
1801eb6d0	wesp_lib::event::Event<wesp_lib::event::fs::file::FileOpen>::registry_key_argument_from_source<wesp_lib::event::fs::file::FileOpen>	skipped known malformed Rust monomorphization range
1801eb8e0	wesp_lib::event::Event<wesp_lib::event::fs::file::FileOpen>::registry_key_object_argument_from_source<wesp_lib::event::fs::file::FileOpen>	skipped known malformed Rust monomorphization range
1801eba40	wesp_lib::event::Event<wesp_lib::event::fs::file::FileOpen>::ktm_transaction_argument_from_source<wesp_lib::event::fs::file::FileOpen>	skipped known malformed Rust monomorphization range
1801ebcc0	wesp_lib::event::Event<wesp_lib::event::registry::RegReplaceKey>::event_object_argument_from_source<wesp_lib::event::registry::RegReplaceKey>	skipped known malformed Rust monomorphization range
1801ec200	wesp_lib::event::Event<wesp_lib::event::registry::RegReplaceKey>::registry_key_argument_from_source<wesp_lib::event::registry::RegReplaceKey>	skipped known malformed Rust monomorphization range
1801ec390	wesp_lib::event::Event<wesp_lib::event::registry::RegReplaceKey>::registry_key_object_argument_from_source<wesp_lib::event::registry::RegReplaceKey>	skipped known malformed Rust monomorphization range
1801ec4b0	wesp_lib::event::Event<wesp_lib::event::registry::RegReplaceKey>::ktm_transaction_argument_from_source<wesp_lib::event::registry::RegReplaceKey>	skipped known malformed Rust monomorphization range
1801ec790	wesp_lib::event::Event<wesp_lib::event::registry::RegRenameKey>::event_object_argument_from_source<wesp_lib::event::registry::RegRenameKey>	skipped known malformed Rust monomorphization range
1801ed020	wesp_lib::event::Event<wesp_lib::event::registry::RegRenameKey>::registry_key_object_argument_from_source<wesp_lib::event::registry::RegRenameKey>	skipped known malformed Rust monomorphization range
1801ed0d0	wesp_lib::event::Event<wesp_lib::event::registry::RegRenameKey>::ktm_transaction_argument_from_source<wesp_lib::event::registry::RegRenameKey>	skipped known malformed Rust monomorphization range
1801ed2c0	wesp_lib::event::Event<wesp_lib::event::process::ProcessTerminate>::event_object_argument_from_source<wesp_lib::event::process::ProcessTerminate>	skipped known malformed Rust monomorphization range
1801edcf0	wesp_lib::event::Event<wesp_lib::event::process::ProcessTerminate>::ktm_transaction_argument_from_source<wesp_lib::event::process::ProcessTerminate>	skipped known malformed Rust monomorphization range
1801edea0	wesp_lib::event::Event<wesp_lib::event::fs::file::SetEa>::event_object_argument_from_source<wesp_lib::event::fs::file::SetEa>	skipped known malformed Rust monomorphization range
1801ee130	wesp_lib::event::Event<wesp_lib::event::fs::file::SetEa>::registry_key_argument_from_source<wesp_lib::event::fs::file::SetEa>	skipped known malformed Rust monomorphization range
1801ee340	wesp_lib::event::Event<wesp_lib::event::fs::file::SetEa>::registry_key_object_argument_from_source<wesp_lib::event::fs::file::SetEa>	skipped known malformed Rust monomorphization range
1801ee4a0	wesp_lib::event::Event<wesp_lib::event::fs::file::SetEa>::ktm_transaction_argument_from_source<wesp_lib::event::fs::file::SetEa>	skipped known malformed Rust monomorphization range
1801ee720	wesp_lib::event::PostOperationClientMap::get	skipped known malformed Rust monomorphization range
1801ee8e0	wesp_lib::event::PostOperationClientMap::insert	skipped known malformed Rust monomorphization range
1801eed40	wesp_lib::filter::stored::impl$53::from	skipped known malformed Rust monomorphization range
1801eeed0	wesp_lib::filter::stored::impl$51::try_from	skipped known malformed Rust monomorphization range
1801ef140	wesp_lib::filter::stored::impl$52::try_from	skipped known malformed Rust monomorphization range
1801ef430	wesp_lib::filter::stored::impl$50::try_from	skipped known malformed Rust monomorphization range
1801ef6d0	enum2$<wesp_lib::filter::property::MemoryAddressBasicEventObjectProperty>::read<wesp_lib::event::registry::RegSetKeySecurity>	skipped known malformed Rust monomorphization range
1801ef800	enum2$<wesp_lib::filter::property::MemoryAddressBasicEventObjectProperty>::read<wesp_lib::event::registry::RegEnumValueKey>	skipped known malformed Rust monomorphization range
1801ef950	enum2$<wesp_lib::filter::property::MemoryAddressBasicEventObjectProperty>::read<wesp_lib::event::registry::RegReplaceKey>	skipped known malformed Rust monomorphization range
1801efac0	enum2$<wesp_lib::filter::property::MemoryAddressBasicEventObjectProperty>::read<wesp_lib::event::registry::RegQueryKey>	skipped known malformed Rust monomorphization range
1801efbe0	enum2$<wesp_lib::filter::property::MemoryAddressBasicEventObjectProperty>::read<wesp_lib::event::registry::RegQueryValueKey>	skipped known malformed Rust monomorphization range
1801efd20	enum2$<wesp_lib::filter::property::MemoryAddressBasicEventObjectProperty>::read<wesp_lib::event::registry::RegEnumKey>	skipped known malformed Rust monomorphization range
1801efe70	enum2$<wesp_lib::filter::property::SecurityDescriptorEventObjectProperty>::read<wesp_lib::event::registry::RegSetKeySecurity>	skipped known malformed Rust monomorphization range
1801eff60	enum2$<wesp_lib::filter::property::SecurityDescriptorEventObjectProperty>::read<wesp_lib::event::registry::RegRenameKey>	skipped known malformed Rust monomorphization range
1801f1e10	wesp_lib::rule::engine::RuleEngine::process_event_internal<wesp_lib::event::fs::file::FileFsctl>	Exception while decompiling 1801f1e10: process: timeout 
1801f8360	wesp_lib::rule::engine::RuleEngine::process_event_internal<wesp_lib::event::fs::file::FileRead>	Exception while decompiling 1801f8360: process: timeout 
180200670	wesp_lib::rule::engine::RuleEngine::process_event_internal<wesp_lib::event::registry::RegSetKeySecurity>	Exception while decompiling 180200670: process: timeout 
1802055f0	wesp_lib::rule::engine::RuleEngine::process_event_internal<wesp_lib::event::fs::file::FileSetSecurity>	Exception while decompiling 1802055f0: process: timeout 
18020ad00	wesp_lib::rule::engine::RuleEngine::process_event_internal<wesp_lib::event::fs::mailslot::MailslotCreate>	Exception while decompiling 18020ad00: process: timeout 
180210630	wesp_lib::rule::engine::RuleEngine::process_event_internal<wesp_lib::event::fs::volume::VolumeFsctl>	Exception while decompiling 180210630: process: timeout 
180216240	wesp_lib::rule::engine::RuleEngine::process_event_internal<wesp_lib::event::fs::file::KtmTransactionCommit>	Exception while decompiling 180216240: process: timeout 
18021d400	wesp_lib::rule::engine::RuleEngine::process_event_internal<wesp_lib::event::thread::ThreadTerminate>	Exception while decompiling 18021d400: process: timeout 
180221450	wesp_lib::rule::engine::RuleEngine::process_event_internal<wesp_lib::event::registry::RegSetValueKey>	Exception while decompiling 180221450: process: timeout 
180226930	wesp_lib::rule::engine::RuleEngine::process_event_internal<wesp_lib::event::fs::pipe::PipeCreate>	Exception while decompiling 180226930: process: timeout 
18022f090	wesp_lib::rule::engine::RuleEngine::process_event_internal<wesp_lib::event::process::ProcessTerminate>	Exception while decompiling 18022f090: process: timeout 
180233690	wesp_lib::rule::engine::RuleEngine::process_event_internal<wesp_lib::event::fs::file::FileLock>	Exception while decompiling 180233690: process: timeout 
180238af0	wesp_lib::rule::engine::RuleEngine::process_event_internal<wesp_lib::event::fs::file::FileWrite>	Exception while decompiling 180238af0: process: timeout 
18023e450	wesp_lib::rule::engine::RuleEngine::process_event_internal<wesp_lib::event::fs::file::FileCreateSection>	Exception while decompiling 18023e450: process: timeout 
180243710	wesp_lib::rule::engine::RuleEngine::process_event_internal<wesp_lib::event::registry::RegDeleteKey>	Exception while decompiling 180243710: process: timeout 
180248320	wesp_lib::rule::engine::RuleEngine::process_event_internal<wesp_lib::event::fs::file::FileQueryOpen>	Exception while decompiling 180248320: process: timeout 
18024d6b0	wesp_lib::rule::engine::RuleEngine::process_event_internal<wesp_lib::event::fs::volume::VolumeDismount>	Exception while decompiling 18024d6b0: process: timeout 
180251b20	wesp_lib::rule::engine::RuleEngine::process_event_internal<wesp_lib::event::fs::volume::VolumeMount>	Exception while decompiling 180251b20: process: timeout 
180256f50	wesp_lib::rule::engine::RuleEngine::process_event_internal<wesp_lib::event::registry::RegDeleteValueKey>	Exception while decompiling 180256f50: process: timeout 
18025c5c0	wesp_lib::rule::engine::RuleEngine::process_event_internal<wesp_lib::event::registry::save_restore::RegSaveKey>	Exception while decompiling 18025c5c0: process: timeout 
180262270	wesp_lib::rule::engine::RuleEngine::process_event_internal<wesp_lib::event::object_manager::ObHandleDuplicate>	Exception while decompiling 180262270: process: timeout 
180266ce0	wesp_lib::rule::engine::RuleEngine::process_event_internal<wesp_lib::event::thread::ThreadStart>	Exception while decompiling 180266ce0: process: timeout 
18026ad30	wesp_lib::rule::engine::RuleEngine::process_event_internal<wesp_lib::event::object_manager::ObHandleCreate>	Exception while decompiling 18026ad30: process: timeout 
18026f520	wesp_lib::rule::engine::RuleEngine::process_event_internal<wesp_lib::event::fs::file::FileQueryDirectoryInformation>	Exception while decompiling 18026f520: process: timeout 
180274a60	wesp_lib::rule::engine::RuleEngine::process_event_internal<wesp_lib::event::process::ProcessLoadImage>	Exception while decompiling 180274a60: process: timeout 
18027ab60	wesp_lib::rule::engine::RuleEngine::process_event_internal<wesp_lib::event::registry::RegReplaceKey>	Exception while decompiling 18027ab60: process: timeout 
18027f900	wesp_lib::rule::engine::RuleEngine::process_event_internal<wesp_lib::event::fs::file::FileQueryInformation>	Exception while decompiling 18027f900: process: timeout 
180284c20	wesp_lib::rule::engine::RuleEngine::process_event_internal<wesp_lib::event::registry::RegQueryValueKey>	Exception while decompiling 180284c20: process: timeout 
180289d70	wesp_lib::rule::engine::RuleEngine::process_event_internal<wesp_lib::event::registry::RegEnumValueKey>	Exception while decompiling 180289d70: process: timeout 
18028ea90	wesp_lib::rule::engine::RuleEngine::process_event_internal<wesp_lib::event::fs::file::FileCleanup>	Exception while decompiling 18028ea90: process: timeout 
180293c20	wesp_lib::rule::engine::RuleEngine::process_event_internal<wesp_lib::event::thread::ThreadCreate>	Exception while decompiling 180293c20: process: timeout 
180297bf0	wesp_lib::rule::engine::RuleEngine::process_event_internal<wesp_lib::event::registry::RegOpenKey>	Exception while decompiling 180297bf0: process: timeout 
18029caa0	wesp_lib::rule::engine::RuleEngine::process_event_internal<wesp_lib::event::registry::RegCreateKey>	Exception while decompiling 18029caa0: process: timeout 
1802a2100	wesp_lib::rule::engine::RuleEngine::process_event_internal<wesp_lib::event::registry::RegQueryKey>	Exception while decompiling 1802a2100: process: timeout 
1802a6e10	wesp_lib::rule::engine::RuleEngine::process_event_internal<wesp_lib::event::registry::save_restore::RegRestoreKey>	Exception while decompiling 1802a6e10: process: timeout 
1802acac0	wesp_lib::rule::engine::RuleEngine::process_event_internal<wesp_lib::event::fs::file::KtmTransactionRollback>	Exception while decompiling 1802acac0: process: timeout 
1802b1040	wesp_lib::rule::engine::RuleEngine::process_event_internal<wesp_lib::event::registry::RegLoadKey>	Exception while decompiling 1802b1040: process: timeout 
1802b65c0	wesp_lib::rule::engine::RuleEngine::process_event_internal<wesp_lib::event::process::ProcessCreate>	Exception while decompiling 1802b65c0: process: timeout 
1802bb780	wesp_lib::rule::engine::RuleEngine::process_event_internal<wesp_lib::event::registry::RegRenameKey>	Exception while decompiling 1802bb780: process: timeout 
1802c06c0	wesp_lib::rule::engine::RuleEngine::process_event_internal<wesp_lib::event::fs::file::FileSetInformation>	Exception while decompiling 1802c06c0: process: timeout 
1802c5830	wesp_lib::rule::engine::RuleEngine::process_event_internal<wesp_lib::event::fs::file::FileUnlock>	Exception while decompiling 1802c5830: process: timeout 
1802cadc0	wesp_lib::rule::engine::RuleEngine::process_event_internal<wesp_lib::event::registry::RegEnumKey>	Exception while decompiling 1802cadc0: process: timeout 
1802d6c60	wesp_api_types::external::_ESP_EVENT_TYPE::to_index	Exception while decompiling 1802d6c60: process: timeout 
1802e1aa0	wesp_api_types::external::impl$156::fmt	Exception while decompiling 1802e1aa0: process: timeout 
1802e80f0	wesp_lib::event::args::disk::DiskArgument::read_string_property	Exception while decompiling 1802e80f0: process: timeout 
1802e86d0	wesp_lib::event::args::disk::DiskArgument::read_numeric_property	Exception while decompiling 1802e86d0: process: timeout 
1802eb540	wesp_lib::event::args::volume::VolumeArgument::read_string_property	Exception while decompiling 1802eb540: process: timeout 
1802ebb80	wesp_lib::event::args::volume::VolumeArgument::read_boolean_property	Exception while decompiling 1802ebb80: process: timeout 
1802ebe50	wesp_lib::event::args::volume::VolumeArgument::read_numeric_property	Exception while decompiling 1802ebe50: process: timeout 
1802fa330	core::slice::cmp::impl$4::equal_same_length<nt_types::arc::Arc<wesp_lib::filter::Filter>,nt_types::arc::Arc<wesp_lib::filter::Filter>_>	skipped malformed/discontiguous body: bytes=705, span=8504
180312210	wesp_lib::incoming::rule::Rule::from_stored	Exception while decompiling 180312210: process: timeout 
180322120	wesp_lib::rule::Rule::build	skipped malformed/discontiguous body: bytes=2062, span=31173
180345bb0	wesp_lib::validation::field::field_value_kind	Exception while decompiling 180345bb0: process: timeout 
180363450	enum2$<wesp_lib::path::Path>::format	skipped malformed/discontiguous body: bytes=530, span=8817
18036d940	wesp_lib::incoming::notification::NotificationConfig::from_message	skipped malformed/discontiguous body: bytes=4147, span=14925
180372f60	wesp_lib::context_key::update::impl$18::eq	Exception while decompiling 180372f60: Decompiler process died 
1803c1520	wesp_lib::persistence::store::PersistedStore::enum_rules	Exception while decompiling 1803c1520: process: timeout 
