address	size	name	signature	thunk	external	noreturn
180001000	776	DriverEntry	undefined DriverEntry(void)	false	false	false
180001310	39	wesp::panic	undefined panic(void)	false	false	false
180001340	12217	wesp::impl$0::main	int __cdecl main(int _Argc, char * * _Argv, char * * _Env)	false	false	false
180004440	162	core::ptr::drop_in_place<enum2$<wesp_lib::collection::CollectionEntries>_>	undefined drop_in_place<enum2$<wesp_lib::collection::CollectionEntries>_>(void)	false	false	false
1800044f0	162	core::ptr::drop_in_place<enum2$<wesp_lib::collection::CollectionUpdates>_>	undefined drop_in_place<enum2$<wesp_lib::collection::CollectionUpdates>_>(void)	false	false	false
1800045a0	51	core::ptr::drop_in_place<enum2$<wesp::port_message::message::ClientMessage>_>	undefined drop_in_place<enum2$<wesp::port_message::message::ClientMessage>_>(void)	false	false	false
180004840	194	core::ptr::drop_in_place<wesp_lib::incoming::collection::Collection>	undefined drop_in_place<wesp_lib::incoming::collection::Collection>(void)	false	false	false
180004920	17	core::ptr::drop_in_place<enum2$<wesp_lib::property_query::OwnedPropertyQuery>_>	undefined drop_in_place<enum2$<wesp_lib::property_query::OwnedPropertyQuery>_>(void)	false	false	false
180004940	81	core::ptr::drop_in_place<wesp_lib::context_key::update::ContextKeyUpdate>	undefined drop_in_place<wesp_lib::context_key::update::ContextKeyUpdate>(void)	false	false	false
1800049a0	61	core::ptr::drop_in_place<enum2$<wesp_lib::event_object::ReferenceEventObjectKey>_>	undefined drop_in_place<enum2$<wesp_lib::event_object::ReferenceEventObjectKey>_>(void)	false	false	false
180004a00	90	core::ptr::drop_in_place<enum2$<core::option::Option<wesp_lib::recovery::BootMonitor>_>_>	undefined drop_in_place<enum2$<core::option::Option<wesp_lib::recovery::BootMonitor>_>_>(void)	false	false	false
180004a60	288	wesp::server::write_array<wesp_api_types::typedefs::_GUID,buffer::User>	undefined write_array<wesp_api_types::typedefs::_GUID,buffer::User>(void)	false	false	false
180004b80	509	wesp::server::impl$0::message<buffer::User,buffer::User>	undefined message<buffer::User,buffer::User>(void)	false	false	false
180007ba0	96	buffer::impl$1::write_at_offset	undefined write_at_offset(void)	false	false	false
180007c00	186	buffer::impl$1::write_ptr_to_offset	undefined write_ptr_to_offset(void)	false	false	false
180007cc0	339	cm::CmKeyHandle::query_security_descriptor	undefined query_security_descriptor(void)	false	false	false
180007e20	18	FUN_180007e20	undefined FUN_180007e20(void)	false	false	false
180007e40	22	FUN_180007e40	undefined FUN_180007e40(void)	false	false	false
180007e60	21	FUN_180007e60	undefined FUN_180007e60(void)	false	false	false
180007e80	482	FUN_180007e80	undefined FUN_180007e80(void)	false	false	false
180008070	2220	FUN_180008070	undefined FUN_180008070(void)	false	false	false
180008a00	475	FUN_180008a00	undefined FUN_180008a00(void)	false	false	false
180008ca0	106	FUN_180008ca0	undefined FUN_180008ca0(void)	false	false	false
180008d10	656	FUN_180008d10	undefined FUN_180008d10(void)	false	false	false
180008fe0	113	FUN_180008fe0	undefined FUN_180008fe0(void)	false	false	false
180009060	18	FUN_180009060	undefined FUN_180009060(void)	false	false	false
180009080	303	FUN_180009080	undefined FUN_180009080(void)	false	false	false
1800091b0	469	FUN_1800091b0	undefined FUN_1800091b0(void)	false	false	false
180009390	318	FUN_180009390	undefined FUN_180009390(void)	false	false	false
1800094d0	360	FUN_1800094d0	undefined FUN_1800094d0(void)	false	false	false
180009640	292	FUN_180009640	undefined FUN_180009640(void)	false	false	false
180009770	159	FUN_180009770	undefined FUN_180009770(void)	false	false	false
180009810	199	FUN_180009810	undefined FUN_180009810(void)	false	false	false
1800098e0	322	FUN_1800098e0	undefined FUN_1800098e0(void)	false	false	false
180009a30	156	FUN_180009a30	undefined FUN_180009a30(void)	false	false	false
180009ad0	158	FUN_180009ad0	undefined FUN_180009ad0(void)	false	false	false
180009b70	50	FUN_180009b70	undefined FUN_180009b70(void)	false	false	false
180009bb0	80	fltmgr::Filter::start_filtering	undefined start_filtering(void)	false	false	false
180009c00	1167	fs::fileobject::FsFileObjectApi::stream_names<fs::fileobject::FsFileObjectWithInstance>	undefined stream_names<fs::fileobject::FsFileObjectWithInstance>(void)	false	false	false
18000a0a0	1168	fs::fileobject::FsFileObjectApi::stream_names<fs::fileobject::FsEventFileObject>	undefined stream_names<fs::fileobject::FsEventFileObject>(void)	false	false	false
18000a530	661	fs::fileobject::FsFileObjectApi::fs_control_file<fs::fileobject::FsFileObjectWithInstance>	undefined fs_control_file<fs::fileobject::FsFileObjectWithInstance>(void)	false	false	false
18000a7d0	659	fs::fileobject::FsFileObjectApi::fs_control_file<fs::fileobject::FsEventFileObject>	undefined fs_control_file<fs::fileobject::FsEventFileObject>(void)	false	false	false
18000aa70	206	fs::fileobject::FsFileObjectApi::normalized_nt_path<fs::fileobject::FsFileObjectWithInstance>	undefined normalized_nt_path<fs::fileobject::FsFileObjectWithInstance>(void)	false	false	false
18000ab40	1003	fs::fileobject::normalize_ads_names	undefined normalize_ads_names(void)	false	false	false
18000af60	408	fs::fileobject::FsEventFileObject::from_callback_data	undefined from_callback_data(void)	false	false	false
18000b110	178	fs::fileobject::impl$19::stream_name	undefined stream_name(void)	false	false	false
18000b1d0	201	fs::fileobject::impl$19::relative_path	undefined relative_path(void)	false	false	false
18000b2a0	145	fs::fileobject::impl$19::opened_nt_path	undefined opened_nt_path(void)	false	false	false
18000b340	178	fs::fileobject::impl$19::final_component	undefined final_component(void)	false	false	false
18000b400	145	fs::fileobject::impl$19::normalized_nt_path	undefined normalized_nt_path(void)	false	false	false
18000b4a0	116	fs::fileobject::impl$19::cached_signing_level	undefined cached_signing_level(void)	false	false	false
18000b520	178	fs::fileobject::impl$19::extension	undefined extension(void)	false	false	false
18000b5e0	86	fs::fileobject::impl$18::volume	undefined volume(void)	false	false	false
18000b640	86	fs::fileobject::impl$16::volume	undefined volume(void)	false	false	false
18000b6a0	31	core::fmt::impl$48::fmt	undefined fmt(void)	false	false	false
18000b6c0	16	core::ptr::drop_in_place<nt_types::unicode::FixedUnicodeStringWriter>	undefined drop_in_place<nt_types::unicode::FixedUnicodeStringWriter>(void)	false	false	false
18000b6d0	272	fs::open::open_file_by_path	undefined open_file_by_path(void)	false	false	false
18000b7e0	172	fs::open::open_file_by_id_with_options	undefined open_file_by_id_with_options(void)	false	false	false
18000b890	207	fs::open::open_file_by_path_with_options	undefined open_file_by_path_with_options(void)	false	false	false
18000b960	16	core::ptr::drop_in_place<enum2$<core::result::Result<ref$<enum2$<core::result::Result<fs::espflt_types::EspFltString,i32>_>_>,tuple$<ref$<enum2$<core::result::Result<fs::espflt_types::EspFltString,i32>_>_>,enum2$<core::result::Result<fs::espflt_types::EspFltString,i32>_>_>_>_>_>	undefined drop_in_place<enum2$<core::result::Result<ref$<enum2$<core::result::Result<fs::espflt_types::EspFltString,i32>_>_>,tuple$<ref$<enum2$<core::result::Result<fs::espflt_types::EspFltString,i32>_>_>,enum2$<core::result::Result<fs::espflt_types::EspFltString,i32>_>_>_>_>_>(void)	false	false	false
18000b970	16	core::ptr::drop_in_place<enum2$<core::result::Result<ref$<enum2$<core::result::Result<fs::disk::StorageDescriptor,i32>_>_>,tuple$<ref$<enum2$<core::result::Result<fs::disk::StorageDescriptor,i32>_>_>,enum2$<core::result::Result<fs::disk::StorageDescriptor,i32>_>_>_>_>_>	undefined drop_in_place<enum2$<core::result::Result<ref$<enum2$<core::result::Result<fs::disk::StorageDescriptor,i32>_>_>,tuple$<ref$<enum2$<core::result::Result<fs::disk::StorageDescriptor,i32>_>_>,enum2$<core::result::Result<fs::disk::StorageDescriptor,i32>_>_>_>_>_>(void)	false	false	false
18000b980	183	alloc::raw_vec::RawVecInner<alloc::alloc::Global>::try_reserve<alloc::alloc::Global>	undefined try_reserve<alloc::alloc::Global>(void)	false	false	false
18000ba40	944	fs::ealist::FsEaList::from_ea_buffer	undefined from_ea_buffer(void)	false	false	false
18000bdf0	36	enum2$<fs::iobuffers::FsIoBuffer>::read_into_at	undefined read_into_at(void)	false	false	false
18000bf30	239	enum2$<fs::iobuffers::FsIoBuffer>::capture	undefined capture(void)	false	false	false
18000c020	931	fs::loopback::loopback_ea_name	undefined loopback_ea_name(void)	false	false	false
18000c3d0	414	fs::loopback::encode_loopback_reply	undefined encode_loopback_reply(void)	false	false	false
18000c570	531	fs::loopback::parse_loopback_ea_result	undefined parse_loopback_ea_result(void)	false	false	false
18000c790	58	fs::impl$10::normalized_nt_path	undefined normalized_nt_path(void)	false	false	false
18000c7d0	258	fs::impl$9::is_symlink	undefined is_symlink(void)	false	false	false
18000c8e0	241	fs::impl$9::change_time	undefined change_time(void)	false	false	false
18000c9e0	262	fs::impl$9::reparse_tag	undefined reparse_tag(void)	false	false	false
18000caf0	154	fs::impl$9::is_directory	undefined is_directory(void)	false	false	false
18000cb90	58	fs::impl$9::stream_names	undefined stream_names(void)	false	false	false
18000cbd0	241	fs::impl$9::creation_time	undefined creation_time(void)	false	false	false
18000ccd0	154	fs::impl$9::reparse_buffer	undefined reparse_buffer(void)	false	false	false
18000cd70	240	fs::impl$9::file_attributes	undefined file_attributes(void)	false	false	false
18000ce60	241	fs::impl$9::last_write_time	undefined last_write_time(void)	false	false	false
18000cf60	240	fs::impl$9::number_of_links	undefined number_of_links(void)	false	false	false
18000d050	248	fs::impl$9::is_reparse_point	undefined is_reparse_point(void)	false	false	false
18000d150	241	fs::impl$9::last_access_time	undefined last_access_time(void)	false	false	false
18000d250	734	fs::impl$9::security_descriptor	undefined security_descriptor(void)	false	false	false
18000d530	158	fs::impl$9::cached_signing_level	undefined cached_signing_level(void)	false	false	false
18000d5d0	275	fs::impl$9::is_directory_case_sensitive	undefined is_directory_case_sensitive(void)	false	false	false
18000d6f0	252	fs::impl$9::usn	undefined usn(void)	false	false	false
18000d7f0	816	fs::impl$9::ea_list	undefined ea_list(void)	false	false	false
18000db20	207	fs::impl$9::file_id	undefined file_id(void)	false	false	false
18000dbf0	169	fs::impl$9::ads_names	undefined ads_names(void)	false	false	false
18000dca0	262	fs::impl$8::stream_name	undefined stream_name(void)	false	false	false
18000ddb0	241	fs::impl$8::stream_size	undefined stream_size(void)	false	false	false
18000deb0	241	fs::impl$8::stream_allocation_size	undefined stream_allocation_size(void)	false	false	false
18000dfb0	157	fs::impl$8::is_alternate_data_stream	undefined is_alternate_data_stream(void)	false	false	false
18000e050	194	nt_types::system_thread::thread_entry<fs::disk::impl$1::query_disk_instance_id::closure_env$0>	undefined thread_entry<fs::disk::impl$1::query_disk_instance_id::closure_env$0>(void)	false	false	false
18000e120	283	fs::filename::FsFileNameInformation::relative_path	undefined relative_path(void)	false	false	false
18000e240	132	fs::filename::FsFileNameInformation::from_callback_data	undefined from_callback_data(void)	false	false	false
18000e2d0	407	core::fmt::Write::write_char<nt_types::unicode::FixedUnicodeStringWriter>	undefined write_char<nt_types::unicode::FixedUnicodeStringWriter>(void)	false	false	false
18000e480	18	core::fmt::Write::write_fmt<nt_types::unicode::FixedUnicodeStringWriter>	undefined write_fmt<nt_types::unicode::FixedUnicodeStringWriter>(void)	false	false	false
18000e4a0	496	core::fmt::impl$80::fmt<u32>	undefined fmt<u32>(void)	false	false	false
18000e690	390	ktm::KtmTransaction::basic_info	undefined basic_info(void)	false	false	false
18000e820	246	nt_types::unicode::impl$12::write_str	undefined write_str(void)	false	false	false
18000e920	172	nt_types::look_aside::FixedLookasideList::new	undefined new(void)	false	false	false
18000e9d0	135	nt_types::sid::Sid::new	undefined new(void)	false	false	false
18000ea60	112	nt_types::condvar::Condvar::notify_one	undefined notify_one(void)	false	false	false
18000ead0	228	nt_types::unicode::UnicodeStringOwned::from_slice	undefined from_slice(void)	false	false	false
18000ebc0	636	ob::ObBorrow<ob::desktop::DesktopMarker>::query_name<ob::desktop::DesktopMarker>	undefined query_name<ob::desktop::DesktopMarker>(void)	false	false	false
18000ee40	88	ps::thread::PsThread::current	undefined current(void)	false	false	false
18000eea0	464	ps::process::PsProcessHandle::query_mapped_filename	undefined query_mapped_filename(void)	false	false	false
18000f080	137	ps::process::PsProcessHandle::query_memory_basic_info	undefined query_memory_basic_info(void)	false	false	false
18000f110	1982	string_match::StringPatternBuilder::add_pattern	undefined add_pattern(void)	false	false	false
18000f8e0	131	string_match::StringPatternMatcher::create_scratch	undefined create_scratch(void)	false	false	false
18000f970	1851	string_match::StringPatternMatcher::matches	undefined matches(void)	false	false	false
180010210	108	tracelogging::native::ProviderContextInner::outer_callback	undefined outer_callback(void)	false	false	false
180010280	3	fltmgr::callback::post_pnp_callback<wesp::EspState>	noreturn undefined post_pnp_callback<wesp::EspState>(void)	false	false	true
180010290	6	__CxxFrameHandler4	undefined __CxxFrameHandler4(void)	false	false	false
1800102a0	6	__GSHandlerCheck_EH4	undefined __GSHandlerCheck_EH4(void)	false	false	false
1800102b0	971	hashbrown::raw::impl$17::drop<tuple$<wesp_lib::types::EventId,wesp_lib::dispatcher::correlation::CorrelationData>,hashbrown::raw::alloc::inner::Global>	undefined drop<tuple$<wesp_lib::types::EventId,wesp_lib::dispatcher::correlation::CorrelationData>,hashbrown::raw::alloc::inner::Global>(void)	false	false	false
180010690	1180	wesp_lib::property_query::PropertyQueryWriter<buffer::User>::serialize<buffer::User>	undefined serialize<buffer::User>(void)	false	false	false
180010b40	60	wesp_lib::property_query::PropertyQueryWriter<buffer::User>::write_property_data<buffer::User>	undefined write_property_data<buffer::User>(void)	false	false	false
1800117c0	459	wesp_lib::property_query::PropertyQueryWriter<buffer::User>::write_unicode_string<buffer::User>	undefined write_unicode_string<buffer::User>(void)	false	false	false
180011990	423	wesp_lib::property_query::PropertyQueryWriter<buffer::User>::write_buffer<buffer::User>	undefined write_buffer<buffer::User>(void)	false	false	false
180011b40	510	wesp::server::TraceEventQueueClear::stop_error<i32>	undefined stop_error<i32>(void)	false	false	false
180011d40	197	wesp::server::TraceEventQueueClear::stop	undefined stop(void)	false	false	false
180011e10	467	wesp::server::TraceEventQueueClear::start	undefined start(void)	false	false	false
180011ff0	1233	wesp::server::write_collection_output<buffer::User>	undefined write_collection_output<buffer::User>(void)	false	false	false
1800124d0	1396	wesp::server::write_collection_entries<buffer::User>	undefined write_collection_entries<buffer::User>(void)	false	false	false
180012a50	1161	wesp::server::write_context_key_info_array<buffer::User>	undefined write_context_key_info_array<buffer::User>(void)	false	false	false
180012ef0	253	wesp::server::impl$0::connect::setup	undefined setup(void)	false	false	false
180016440	133	wesp::server::impl$0::message::closure$0::_tlg_write	undefined _tlg_write(void)	false	false	false
1800164d0	207	wesp::server::impl$4::drop	undefined drop(void)	false	false	false
1800165a0	1162	EspFsDeleteStream	undefined EspFsDeleteStream(void)	false	false	false
180016a30	2006	EspFsFilePostCleanup	undefined EspFsFilePostCleanup(void)	false	false	false
180017210	2832	EspFsFilePostCreate	undefined EspFsFilePostCreate(void)	false	false	false
180017d30	2895	EspFsFilePostFsctl	undefined EspFsFilePostFsctl(void)	false	false	false
180018880	3097	EspFsFilePostLockControl	undefined EspFsFilePostLockControl(void)	false	false	false
1800194a0	3228	EspFsFilePostOpen	undefined EspFsFilePostOpen(void)	false	false	false
18001a140	1784	EspFsFilePostQueryDirectoryInformation	undefined EspFsFilePostQueryDirectoryInformation(void)	false	false	false
18001a840	1829	EspFsFilePostQueryInformation	undefined EspFsFilePostQueryInformation(void)	false	false	false
18001af70	2194	EspFsFilePostQueryOpen	undefined EspFsFilePostQueryOpen(void)	false	false	false
18001b810	1836	EspFsFilePostRead	undefined EspFsFilePostRead(void)	false	false	false
18001bf40	1728	EspFsFilePostSetExtendedAttributes	undefined EspFsFilePostSetExtendedAttributes(void)	false	false	false
18001c610	2631	EspFsFilePostSetInformation	undefined EspFsFilePostSetInformation(void)	false	false	false
18001d060	1989	EspFsFilePostSetSecurity	undefined EspFsFilePostSetSecurity(void)	false	false	false
18001d830	1958	EspFsFilePostWrite	undefined EspFsFilePostWrite(void)	false	false	false
18001dfe0	2086	EspFsFilePreCleanup	undefined EspFsFilePreCleanup(void)	false	false	false
18001e810	2959	EspFsFilePreCreate	undefined EspFsFilePreCreate(void)	false	false	false
18001f3a0	4242	EspFsFilePreFsctl	undefined EspFsFilePreFsctl(void)	false	false	false
180020440	3383	EspFsFilePreLockControl	undefined EspFsFilePreLockControl(void)	false	false	false
180021180	2039	EspFsFilePreQueryDirectoryInformation	undefined EspFsFilePreQueryDirectoryInformation(void)	false	false	false
180021980	2111	EspFsFilePreQueryInformation	undefined EspFsFilePreQueryInformation(void)	false	false	false
1800221c0	2505	EspFsFilePreQueryOpen	undefined EspFsFilePreQueryOpen(void)	false	false	false
180022b90	2113	EspFsFilePreRead	undefined EspFsFilePreRead(void)	false	false	false
1800233e0	2122	EspFsFilePreSetExtendedAttributes	undefined EspFsFilePreSetExtendedAttributes(void)	false	false	false
180023c30	2858	EspFsFilePreSetInformation	undefined EspFsFilePreSetInformation(void)	false	false	false
180024760	2257	EspFsFilePreSetSecurity	undefined EspFsFilePreSetSecurity(void)	false	false	false
180025040	2316	EspFsFilePreWrite	undefined EspFsFilePreWrite(void)	false	false	false
180025950	371	EspFsFileReleaseCompletion	undefined EspFsFileReleaseCompletion(void)	false	false	false
180025ad0	511	EspFsHandleLoopbackEaQuery	undefined EspFsHandleLoopbackEaQuery(void)	false	false	false
180025cd0	2611	EspFsInstanceTeardownComplete	undefined EspFsInstanceTeardownComplete(void)	false	false	false
180026710	554	EspFsKtmTransactionContextDeleted	undefined EspFsKtmTransactionContextDeleted(void)	false	false	false
180026940	3982	EspFsMailslotPostCreate	undefined EspFsMailslotPostCreate(void)	false	false	false
1800278d0	256	EspFsMailslotPreCreate	undefined EspFsMailslotPreCreate(void)	false	false	false
1800279d0	4031	EspFsPipePostCreate	undefined EspFsPipePostCreate(void)	false	false	false
180028990	1879	EspFsSectionPostCreate	undefined EspFsSectionPostCreate(void)	false	false	false
1800290f0	2132	EspFsSectionPreCreate	undefined EspFsSectionPreCreate(void)	false	false	false
180029950	1553	EspFsVolumePostMount	undefined EspFsVolumePostMount(void)	false	false	false
180029f70	1915	EspFsVolumePreMount	undefined EspFsVolumePreMount(void)	false	false	false
18002a6f0	1669	EspKtmTransactionPreCommit	undefined EspKtmTransactionPreCommit(void)	false	false	false
18002ad80	1669	EspKtmTransactionPreRollback	undefined EspKtmTransactionPreRollback(void)	false	false	false
18002b410	360	EspfsRemoveFileObject	undefined EspfsRemoveFileObject(void)	false	false	false
18002b580	194	wesp::provider::filesystem::FsProvider::new	undefined new(void)	false	false	false
18002b650	136	nt_types::arc::impl$7::drop<wesp_elam_interop::queue::ElamQueue>	undefined drop<wesp_elam_interop::queue::ElamQueue>(void)	false	false	false
18002b6e0	216	nt_types::arc::impl$7::drop<wesp_lib::EspCore>	undefined drop<wesp_lib::EspCore>(void)	false	false	false
18002b7c0	556	core::ptr::drop_in_place<nt_types::arc::Strong<wesp_lib::client::manager::ClientManager>_>	undefined drop_in_place<nt_types::arc::Strong<wesp_lib::client::manager::ClientManager>_>(void)	false	false	false
18002ba10	2608	core::ptr::drop_in_place<nt_types::arc::Arc<wesp_lib::event_object::EventObjectManager>_>	undefined drop_in_place<nt_types::arc::Arc<wesp_lib::event_object::EventObjectManager>_>(void)	false	false	false
18002c4d0	1314	nt_types::arc::impl$7::drop<wesp_lib::client::ClientObject>	undefined drop<wesp_lib::client::ClientObject>(void)	false	false	false
18002ca20	72	nt_types::arc::impl$7::drop<wesp::EspState>	undefined drop<wesp::EspState>(void)	false	false	false
18002ca70	1254	nt_types::arc::impl$7::drop<wesp_lib::rule::Rule>	undefined drop<wesp_lib::rule::Rule>(void)	false	false	false
18002d6e0	741	nt_types::arc::impl$19::drop<wesp_lib::event_queue::EventQueue>	undefined drop<wesp_lib::event_queue::EventQueue>(void)	false	false	false
18002d9e0	42	nt_types::arc::impl$7::drop<wesp_lib::event_object::EventObject>	undefined drop<wesp_lib::event_object::EventObject>(void)	false	false	false
18002da10	630	core::ptr::drop_in_place<nt_types::arc::ArcData<wesp_lib::event_object::EventObject>_>	undefined drop_in_place<nt_types::arc::ArcData<wesp_lib::event_object::EventObject>_>(void)	false	false	false
18002dd60	130	nt_types::arc::AtomicOption<wesp_lib::event_object::strong_ref::EventObjectTableEntry>::decrement_strong<wesp_lib::event_object::strong_ref::EventObjectTableEntry>	undefined decrement_strong<wesp_lib::event_object::strong_ref::EventObjectTableEntry>(void)	false	false	false
18002ddf0	248	nt_types::arc::impl$7::drop<wesp_lib::event_queue::NotificationEntry>	undefined drop<wesp_lib::event_queue::NotificationEntry>(void)	false	false	false
18002df10	43	nt_types::arc::impl$19::drop<wesp_lib::event_object::strong_ref::EventObjectTableEntry>	undefined drop<wesp_lib::event_object::strong_ref::EventObjectTableEntry>(void)	false	false	false
18002df40	325	nt_types::arc::impl$19::drop<wesp_lib::client::context_keys::ClientContextKeys>	undefined drop<wesp_lib::client::context_keys::ClientContextKeys>(void)	false	false	false
18002e090	752	nt_types::arc::impl$19::drop<wesp_lib::collection::Collection>	undefined drop<wesp_lib::collection::Collection>(void)	false	false	false
18002e3a0	174	nt_types::arc::Arc<wesp::EspState>::new<wesp::EspState>	undefined new<wesp::EspState>(void)	false	false	false
18002e450	57	fltmgr::callback::post_volume_dismount_callback<wesp::EspState>	undefined post_volume_dismount_callback<wesp::EspState>(void)	false	false	false
18002e490	57	fltmgr::callback::post_volume_mount_callback<wesp::EspState>	undefined post_volume_mount_callback<wesp::EspState>(void)	false	false	false
18002e4d0	57	fltmgr::callback::post_query_open_callback<wesp::EspState>	undefined post_query_open_callback<wesp::EspState>(void)	false	false	false
18002e510	57	fltmgr::callback::post_acquire_for_section_synchronization_callback<wesp::EspState>	undefined post_acquire_for_section_synchronization_callback<wesp::EspState>(void)	false	false	false
18002e550	57	fltmgr::callback::post_create_callback<wesp::EspState>	undefined post_create_callback<wesp::EspState>(void)	false	false	false
18002e590	57	fltmgr::callback::post_create_named_pipe_callback<wesp::EspState>	undefined post_create_named_pipe_callback<wesp::EspState>(void)	false	false	false
18002e5d0	57	fltmgr::callback::post_read_callback<wesp::EspState>	undefined post_read_callback<wesp::EspState>(void)	false	false	false
18002e610	57	fltmgr::callback::post_write_callback<wesp::EspState>	undefined post_write_callback<wesp::EspState>(void)	false	false	false
18002e650	57	fltmgr::callback::post_query_information_callback<wesp::EspState>	undefined post_query_information_callback<wesp::EspState>(void)	false	false	false
18002e690	57	fltmgr::callback::post_set_information_callback<wesp::EspState>	undefined post_set_information_callback<wesp::EspState>(void)	false	false	false
18002e6d0	57	fltmgr::callback::post_query_ea_callback<wesp::EspState>	undefined post_query_ea_callback<wesp::EspState>(void)	false	false	false
18002e710	57	fltmgr::callback::post_set_ea_callback<wesp::EspState>	undefined post_set_ea_callback<wesp::EspState>(void)	false	false	false
18002e750	57	fltmgr::callback::post_directory_control_callback<wesp::EspState>	undefined post_directory_control_callback<wesp::EspState>(void)	false	false	false
18002e790	57	fltmgr::callback::post_file_system_control_callback<wesp::EspState>	undefined post_file_system_control_callback<wesp::EspState>(void)	false	false	false
18002e7d0	57	fltmgr::callback::post_lock_control_callback<wesp::EspState>	undefined post_lock_control_callback<wesp::EspState>(void)	false	false	false
18002e810	57	fltmgr::callback::post_cleanup_callback<wesp::EspState>	undefined post_cleanup_callback<wesp::EspState>(void)	false	false	false
18002e850	57	fltmgr::callback::post_create_mailslot_callback<wesp::EspState>	undefined post_create_mailslot_callback<wesp::EspState>(void)	false	false	false
18002e890	57	fltmgr::callback::post_set_security_callback<wesp::EspState>	undefined post_set_security_callback<wesp::EspState>(void)	false	false	false
18002e8d0	10	fltmgr::callback::pre_pnp_callback<wesp::EspState>	undefined pre_pnp_callback<wesp::EspState>(void)	false	false	false
18002e8e0	73	fltmgr::callback::pre_volume_dismount_callback<wesp::EspState>	undefined pre_volume_dismount_callback<wesp::EspState>(void)	false	false	false
18002e9b0	73	fltmgr::callback::pre_volume_mount_callback<wesp::EspState>	undefined pre_volume_mount_callback<wesp::EspState>(void)	false	false	false
18002ea80	73	fltmgr::callback::pre_query_open_callback<wesp::EspState>	undefined pre_query_open_callback<wesp::EspState>(void)	false	false	false
18002eb50	73	fltmgr::callback::pre_acquire_for_section_synchronization_callback<wesp::EspState>	undefined pre_acquire_for_section_synchronization_callback<wesp::EspState>(void)	false	false	false
18002ec20	73	fltmgr::callback::pre_create_callback<wesp::EspState>	undefined pre_create_callback<wesp::EspState>(void)	false	false	false
18002ecf0	73	fltmgr::callback::pre_create_named_pipe_callback<wesp::EspState>	undefined pre_create_named_pipe_callback<wesp::EspState>(void)	false	false	false
18002edc0	73	fltmgr::callback::pre_read_callback<wesp::EspState>	undefined pre_read_callback<wesp::EspState>(void)	false	false	false
18002ee90	73	fltmgr::callback::pre_write_callback<wesp::EspState>	undefined pre_write_callback<wesp::EspState>(void)	false	false	false
18002ef60	73	fltmgr::callback::pre_query_information_callback<wesp::EspState>	undefined pre_query_information_callback<wesp::EspState>(void)	false	false	false
18002f030	73	fltmgr::callback::pre_set_information_callback<wesp::EspState>	undefined pre_set_information_callback<wesp::EspState>(void)	false	false	false
18002f100	73	fltmgr::callback::pre_query_ea_callback<wesp::EspState>	undefined pre_query_ea_callback<wesp::EspState>(void)	false	false	false
18002f1d0	73	fltmgr::callback::pre_set_ea_callback<wesp::EspState>	undefined pre_set_ea_callback<wesp::EspState>(void)	false	false	false
18002f2a0	73	fltmgr::callback::pre_directory_control_callback<wesp::EspState>	undefined pre_directory_control_callback<wesp::EspState>(void)	false	false	false
18002f370	73	fltmgr::callback::pre_file_system_control_callback<wesp::EspState>	undefined pre_file_system_control_callback<wesp::EspState>(void)	false	false	false
18002f440	73	fltmgr::callback::pre_lock_control_callback<wesp::EspState>	undefined pre_lock_control_callback<wesp::EspState>(void)	false	false	false
18002f510	73	fltmgr::callback::pre_cleanup_callback<wesp::EspState>	undefined pre_cleanup_callback<wesp::EspState>(void)	false	false	false
18002f5e0	73	fltmgr::callback::pre_create_mailslot_callback<wesp::EspState>	undefined pre_create_mailslot_callback<wesp::EspState>(void)	false	false	false
18002f6b0	73	fltmgr::callback::pre_set_security_callback<wesp::EspState>	undefined pre_set_security_callback<wesp::EspState>(void)	false	false	false
18002f780	21	core::fmt::impl$30::fmt	undefined fmt(void)	false	false	false
18002f7a0	186	alloc::vec::into_iter::impl$16::drop<wesp_elam_interop::notification::ElamNotification,alloc::alloc::Global>	undefined drop<wesp_elam_interop::notification::ElamNotification,alloc::alloc::Global>(void)	false	false	false
18002f870	239	static_cleanup::StaticCleanup<nt_types::arc::Arc<wesp::EspState>_>::with_rundown<nt_types::arc::Arc<wesp::EspState>_>	undefined with_rundown<nt_types::arc::Arc<wesp::EspState>_>(void)	false	false	false
18002f960	112	wesp_api_types::message::user_ptr::UserPtr<enum2$<wesp_api_types::message::rule::RuleUpdate>_>::probe_elems<enum2$<wesp_api_types::message::rule::RuleUpdate>_>	undefined probe_elems<enum2$<wesp_api_types::message::rule::RuleUpdate>_>(void)	false	false	false
18002f9d0	242	wesp::elam::elam_sync::wait_for_elam_cm_stop	undefined wait_for_elam_cm_stop(void)	false	false	false
18002fad0	106	static_cleanup::impl$1::drop<nt_types::arc::Arc<wesp::EspState>_>	undefined drop<nt_types::arc::Arc<wesp::EspState>_>(void)	false	false	false
18002fb40	5	fltmgr::context::instance_context_cleanup_callback<wesp::EspState>	undefined instance_context_cleanup_callback<wesp::EspState>(void)	true	false	false
18002fb50	5	fltmgr::context::stream_context_cleanup_callback<wesp::EspState>	undefined stream_context_cleanup_callback<wesp::EspState>(void)	true	false	false
18002fb60	1	fltmgr::context::streamhandle_context_cleanup_callback<wesp::EspState>	undefined streamhandle_context_cleanup_callback<wesp::EspState>(void)	false	false	false
18002fb70	5	fltmgr::context::transaction_context_cleanup_callback<wesp::EspState>	undefined transaction_context_cleanup_callback<wesp::EspState>(void)	true	false	false
18002fb80	5	fltmgr::context::section_context_cleanup_callback<wesp::EspState>	undefined section_context_cleanup_callback<wesp::EspState>(void)	true	false	false
18002fb90	99	alloc::vec::impl$26::drop<wesp_lib::property_query::PropertyQueryResult,alloc::alloc::Global>	undefined drop<wesp_lib::property_query::PropertyQueryResult,alloc::alloc::Global>(void)	false	false	false
18002fce0	204	core::ptr::drop_in_place<enum2$<wesp_lib::filter::comparand::StringComparandSource>_>	undefined drop_in_place<enum2$<wesp_lib::filter::comparand::StringComparandSource>_>(void)	false	false	false
18002fe20	154	core::ptr::drop_in_place<enum2$<core::option::Option<wesp_lib::filter::comparison::NumericRhsComparison>_>_>	undefined drop_in_place<enum2$<core::option::Option<wesp_lib::filter::comparison::NumericRhsComparison>_>_>(void)	false	false	false
18002fec0	211	alloc::vec::impl$26::drop<wesp_lib::rule::config::process::ProcessNotificationConfig,alloc::alloc::Global>	undefined drop<wesp_lib::rule::config::process::ProcessNotificationConfig,alloc::alloc::Global>(void)	false	false	false
18002ffa0	60	alloc::vec::impl$26::drop<enum2$<wesp_lib::rule::RuleUpdateCommand>,alloc::alloc::Global>	undefined drop<enum2$<wesp_lib::rule::RuleUpdateCommand>,alloc::alloc::Global>(void)	false	false	false
18002fff0	56	alloc::vec::impl$26::drop<enum2$<wesp_elam_interop::notification::ElamKernelObjectRef>,alloc::alloc::Global>	undefined drop<enum2$<wesp_elam_interop::notification::ElamKernelObjectRef>,alloc::alloc::Global>(void)	false	false	false
180030030	113	alloc::vec::impl$26::drop<tuple$<wesp_lib::types::ContextKey,nt_types::arc::Arc<wesp_lib::context_key::ContextKeyInfo>_>,alloc::alloc::Global>	undefined drop<tuple$<wesp_lib::types::ContextKey,nt_types::arc::Arc<wesp_lib::context_key::ContextKeyInfo>_>,alloc::alloc::Global>(void)	false	false	false
1800300b0	160	nt_types::system_thread::SystemThread::spawn<i32_(*)()>	undefined spawn<i32_(*)()>(void)	false	false	false
180030150	5941	nt_types::system_thread::thread_entry<i32_(*)()>	undefined thread_entry<i32_(*)()>(void)	false	false	false
180032000	155	cm::callback::register_callback<wesp::EspState,nt_types::unicode::UnicodeStringBorrow>	undefined register_callback<wesp::EspState,nt_types::unicode::UnicodeStringBorrow>(void)	false	false	false
1800320a0	139	cm::callback::registry_callback<wesp::EspState>	undefined registry_callback<wesp::EspState>(void)	false	false	false
18003c7f0	289	ob::register_callback<wesp::EspState,nt_types::unicode::UnicodeStringBorrow>	undefined register_callback<wesp::EspState,nt_types::unicode::UnicodeStringBorrow>(void)	false	false	false
18003c920	3398	ob::pre_ob_operation_callback<wesp::EspState>	undefined pre_ob_operation_callback<wesp::EspState>(void)	false	false	false
18003d670	2866	ob::post_ob_operation_callback<wesp::EspState>	undefined post_ob_operation_callback<wesp::EspState>(void)	false	false	false
18003e1b0	130	wesp_api_types::external::impl$166::is_bit_valid<enum2$<zerocopy::pointer::invariant::Exclusive>_>	undefined is_bit_valid<enum2$<zerocopy::pointer::invariant::Exclusive>_>(void)	false	false	false
18003e240	496	core::fmt::impl$80::fmt<u32>	undefined fmt<u32>(void)	false	false	false
18003e430	29	wesp_api_types::message::rule::impl$54::is_bit_valid<enum2$<zerocopy::pointer::invariant::Exclusive>_>	undefined is_bit_valid<enum2$<zerocopy::pointer::invariant::Exclusive>_>(void)	false	false	false
18003e4a0	6516	ps::create_process_notify<wesp_lib::EspCore>	undefined create_process_notify<wesp_lib::EspCore>(void)	false	false	false
18003fe20	167	ps::register_ps_notify_routines<wesp_lib::EspCore>	undefined register_ps_notify_routines<wesp_lib::EspCore>(void)	false	false	false
18003fed0	3821	ps::create_thread_notify_subsystems<wesp_lib::EspCore>	undefined create_thread_notify_subsystems<wesp_lib::EspCore>(void)	false	false	false
180040dc0	1790	ps::create_thread_notify_nonsystem<wesp_lib::EspCore>	undefined create_thread_notify_nonsystem<wesp_lib::EspCore>(void)	false	false	false
1800414c0	2349	ps::load_image_notify<wesp_lib::EspCore>	undefined load_image_notify<wesp_lib::EspCore>(void)	false	false	false
180041df0	35	wesp::port_message::message::impl$7::from	undefined from(void)	false	false	false
180041e90	134	enum2$<wesp::port_message::message::ClientMessage>::verify_capabilities	undefined verify_capabilities(void)	false	false	false
180041f90	208	enum2$<wesp::port_message::message::ClientMessage>::try_read<buffer::User>	undefined try_read<buffer::User>(void)	false	false	false
180042900	21	fltmgr::registration::instance_setup_callback<wesp::EspState>	undefined instance_setup_callback<wesp::EspState>(void)	false	false	false
180042920	6	fltmgr::registration::instance_query_teardown_callback<wesp::EspState>	undefined instance_query_teardown_callback<wesp::EspState>(void)	false	false	false
180042930	16	fltmgr::registration::transaction_notification_callback<wesp::EspState>	undefined transaction_notification_callback<wesp::EspState>(void)	false	false	false
180042940	5	fltmgr::registration::instance_complete_teardown_callback<wesp::EspState>	undefined instance_complete_teardown_callback<wesp::EspState>(void)	true	false	false
180042950	61	ps::impl$2::drop<wesp_lib::EspCore>	undefined drop<wesp_lib::EspCore>(void)	false	false	false
180042990	252	wesp_lib::common::ReadIntoType::read_type<buffer::User,enum2$<wesp_api_types::message::port::ClientRequest>_>	undefined read_type<buffer::User,enum2$<wesp_api_types::message::port::ClientRequest>_>(void)	false	false	false
180042b80	258	wesp_lib::common::ReadIntoType::read_type<buffer::User,enum2$<wesp_api_types::message::rule::RuleUpdate>_>	undefined read_type<buffer::User,enum2$<wesp_api_types::message::rule::RuleUpdate>_>(void)	false	false	false
180042d50	596	core::fmt::impl$80::fmt<enum2$<fltmgr::MessageError>_>	undefined fmt<enum2$<fltmgr::MessageError>_>(void)	false	false	false
180042fb0	18	core::fmt::Write::write_fmt<wesp_tracing::TracedString<128>_>	undefined write_fmt<wesp_tracing::TracedString<128>_>(void)	false	false	false
180042fd0	163	alloc::raw_vec::RawVecInner<alloc::alloc::Global>::try_reserve<alloc::alloc::Global>	undefined try_reserve<alloc::alloc::Global>(void)	false	false	false
180043080	84	fltmgr::impl$5::drop<nt_types::arc::Arc<wesp::EspState>_>	undefined drop<nt_types::arc::Arc<wesp::EspState>_>(void)	false	false	false
1800430e0	541	fltmgr::Filter::create_port<wesp::EspState,nt_types::unicode::UnicodeStringBorrow>	undefined create_port<wesp::EspState,nt_types::unicode::UnicodeStringBorrow>(void)	false	false	false
180043300	285	fltmgr::connect_callback<wesp::EspState>	undefined connect_callback<wesp::EspState>(void)	false	false	false
180044220	198	fltmgr::disconnect_callback<wesp::EspState>	undefined disconnect_callback<wesp::EspState>(void)	false	false	false
180046cb0	197	fltmgr::message_notify_callback<wesp::EspState>	undefined message_notify_callback<wesp::EspState>(void)	false	false	false
180046d80	164	wesp_api_types::schema::filter::impl$97::read	int __cdecl read(int _FileHandle, void * _DstBuf, uint _MaxCharCount)	false	false	false
180049460	175	wesp_api_types::schema::filter::impl$76::read	int __cdecl read(int _FileHandle, void * _DstBuf, uint _MaxCharCount)	false	false	false
18004a2e0	287	wesp_api_types::schema::filter::impl$82::read	int __cdecl read(int _FileHandle, void * _DstBuf, uint _MaxCharCount)	false	false	false
18004a400	338	wesp_api_types::schema::filter::impl$94::read	int __cdecl read(int _FileHandle, void * _DstBuf, uint _MaxCharCount)	false	false	false
18004a560	175	wesp_api_types::schema::filter::impl$75::read	int __cdecl read(int _FileHandle, void * _DstBuf, uint _MaxCharCount)	false	false	false
18004b640	52	core::ptr::drop_in_place<enum2$<wesp_api_types::schema::filter::StoredNumericComparand>_>	undefined drop_in_place<enum2$<wesp_api_types::schema::filter::StoredNumericComparand>_>(void)	false	false	false
18004b680	169	wesp_api_types::schema::filter::impl$77::read	int __cdecl read(int _FileHandle, void * _DstBuf, uint _MaxCharCount)	false	false	false
18004c4a0	175	wesp_api_types::schema::filter::impl$78::read	int __cdecl read(int _FileHandle, void * _DstBuf, uint _MaxCharCount)	false	false	false
18004cfe0	47	core::ptr::drop_in_place<enum2$<wesp_api_types::schema::filter::StoredBinaryComparand>_>	undefined drop_in_place<enum2$<wesp_api_types::schema::filter::StoredBinaryComparand>_>(void)	false	false	false
18004d010	404	wesp_api_types::schema::filter::impl$91::read	int __cdecl read(int _FileHandle, void * _DstBuf, uint _MaxCharCount)	false	false	false
18004d1b0	169	wesp_api_types::schema::filter::impl$79::read	int __cdecl read(int _FileHandle, void * _DstBuf, uint _MaxCharCount)	false	false	false
18004d680	344	wesp_api_types::schema::filter::impl$80::read	int __cdecl read(int _FileHandle, void * _DstBuf, uint _MaxCharCount)	false	false	false
18004d7e0	2710	wesp_api_types::schema::filter::impl$90::read	int __cdecl read(int _FileHandle, void * _DstBuf, uint _MaxCharCount)	false	false	false
18004e280	1032	wesp_api_types::schema::filter::impl$85::read	int __cdecl read(int _FileHandle, void * _DstBuf, uint _MaxCharCount)	false	false	false
18004e690	298	wesp_api_types::schema::filter::impl$84::read	int __cdecl read(int _FileHandle, void * _DstBuf, uint _MaxCharCount)	false	false	false
18004e7c0	242	wesp_api_types::schema::filter::impl$67::read	int __cdecl read(int _FileHandle, void * _DstBuf, uint _MaxCharCount)	false	false	false
18004e8c0	711	wesp_api_types::schema::filter::impl$65::read	int __cdecl read(int _FileHandle, void * _DstBuf, uint _MaxCharCount)	false	false	false
18004eb90	212	wesp_api_types::schema::filter::impl$92::read	int __cdecl read(int _FileHandle, void * _DstBuf, uint _MaxCharCount)	false	false	false
18004ec70	662	wesp_api_types::schema::filter::impl$83::read	int __cdecl read(int _FileHandle, void * _DstBuf, uint _MaxCharCount)	false	false	false
18004ef10	424	wesp_api_types::schema::filter::impl$93::read	int __cdecl read(int _FileHandle, void * _DstBuf, uint _MaxCharCount)	false	false	false
18004f0c0	163	wesp_api_types::schema::filter::impl$81::read	int __cdecl read(int _FileHandle, void * _DstBuf, uint _MaxCharCount)	false	false	false
18004f850	308	wesp_api_types::schema::filter::impl$50::read	int __cdecl read(int _FileHandle, void * _DstBuf, uint _MaxCharCount)	false	false	false
18004f990	212	wesp_api_types::schema::filter::impl$95::read	int __cdecl read(int _FileHandle, void * _DstBuf, uint _MaxCharCount)	false	false	false
18004fa70	798	wesp_api_types::schema::filter::impl$88::read	int __cdecl read(int _FileHandle, void * _DstBuf, uint _MaxCharCount)	false	false	false
18004fd90	716	wesp_api_types::schema::filter::impl$56::read	int __cdecl read(int _FileHandle, void * _DstBuf, uint _MaxCharCount)	false	false	false
180050060	434	wesp_api_types::schema::filter::impl$52::read	int __cdecl read(int _FileHandle, void * _DstBuf, uint _MaxCharCount)	false	false	false
180050220	130	wesp_api_types::schema::filter::impl$66::read	int __cdecl read(int _FileHandle, void * _DstBuf, uint _MaxCharCount)	false	false	false
1800506e0	240	wesp_api_types::schema::filter::impl$51::read	int __cdecl read(int _FileHandle, void * _DstBuf, uint _MaxCharCount)	false	false	false
1800507d0	184	wesp_api_types::schema::filter::impl$53::read	int __cdecl read(int _FileHandle, void * _DstBuf, uint _MaxCharCount)	false	false	false
180050890	463	wesp_api_types::schema::filter::impl$55::read	int __cdecl read(int _FileHandle, void * _DstBuf, uint _MaxCharCount)	false	false	false
180050a60	182	wesp_api_types::schema::filter::impl$54::read	int __cdecl read(int _FileHandle, void * _DstBuf, uint _MaxCharCount)	false	false	false
180050b20	340	wesp_api_types::schema::filter::impl$57::read	int __cdecl read(int _FileHandle, void * _DstBuf, uint _MaxCharCount)	false	false	false
180050c80	182	wesp_api_types::schema::filter::impl$58::read	int __cdecl read(int _FileHandle, void * _DstBuf, uint _MaxCharCount)	false	false	false
180050d40	826	wesp_api_types::schema::filter::impl$59::read	int __cdecl read(int _FileHandle, void * _DstBuf, uint _MaxCharCount)	false	false	false
180051080	340	wesp_api_types::schema::filter::impl$60::read	int __cdecl read(int _FileHandle, void * _DstBuf, uint _MaxCharCount)	false	false	false
1800511e0	463	wesp_api_types::schema::filter::impl$61::read	int __cdecl read(int _FileHandle, void * _DstBuf, uint _MaxCharCount)	false	false	false
1800513b0	463	wesp_api_types::schema::filter::impl$62::read	int __cdecl read(int _FileHandle, void * _DstBuf, uint _MaxCharCount)	false	false	false
180051580	182	wesp_api_types::schema::filter::impl$64::read	int __cdecl read(int _FileHandle, void * _DstBuf, uint _MaxCharCount)	false	false	false
180051640	580	wesp_api_types::schema::filter::impl$63::read	int __cdecl read(int _FileHandle, void * _DstBuf, uint _MaxCharCount)	false	false	false
180051890	643	wesp_api_types::schema::filter::impl$87::read	int __cdecl read(int _FileHandle, void * _DstBuf, uint _MaxCharCount)	false	false	false
180051b20	382	wesp_api_types::schema::filter::impl$73::read	int __cdecl read(int _FileHandle, void * _DstBuf, uint _MaxCharCount)	false	false	false
180051ca0	60	wesp_api_types::schema::filter::impl$75::write	int __cdecl write(int _Filehandle, void * _Buf, uint _MaxCharCount)	false	false	false
180052d90	333	wesp_api_types::schema::filter::impl$96::write	int __cdecl write(int _Filehandle, void * _Buf, uint _MaxCharCount)	false	false	false
180052ef0	59	wesp_api_types::schema::filter::impl$76::write	int __cdecl write(int _Filehandle, void * _Buf, uint _MaxCharCount)	false	false	false
180053df0	64	wesp_api_types::schema::filter::impl$77::write	int __cdecl write(int _Filehandle, void * _Buf, uint _MaxCharCount)	false	false	false
180055180	42	wesp_api_types::schema::filter::impl$78::write	int __cdecl write(int _Filehandle, void * _Buf, uint _MaxCharCount)	false	false	false
1800560c0	396	wesp_api_types::schema::filter::impl$91::write	int __cdecl write(int _Filehandle, void * _Buf, uint _MaxCharCount)	false	false	false
180056250	65	wesp_api_types::schema::filter::impl$79::write	int __cdecl write(int _Filehandle, void * _Buf, uint _MaxCharCount)	false	false	false
180056c40	1255	wesp_api_types::schema::filter::impl$80::write	int __cdecl write(int _Filehandle, void * _Buf, uint _MaxCharCount)	false	false	false
180057130	1521	wesp_api_types::schema::filter::impl$82::write	int __cdecl write(int _Filehandle, void * _Buf, uint _MaxCharCount)	false	false	false
180057730	1568	wesp_api_types::schema::filter::impl$90::write	int __cdecl write(int _Filehandle, void * _Buf, uint _MaxCharCount)	false	false	false
180057d50	1521	wesp_api_types::schema::filter::impl$85::write	int __cdecl write(int _Filehandle, void * _Buf, uint _MaxCharCount)	false	false	false
180058350	236	wesp_api_types::schema::filter::impl$84::write	int __cdecl write(int _Filehandle, void * _Buf, uint _MaxCharCount)	false	false	false
180058440	523	wesp_api_types::schema::filter::impl$67::write	int __cdecl write(int _Filehandle, void * _Buf, uint _MaxCharCount)	false	false	false
180058650	50	wesp_api_types::schema::filter::impl$81::write	int __cdecl write(int _Filehandle, void * _Buf, uint _MaxCharCount)	false	false	false
180059140	1741	wesp_api_types::schema::filter::impl$94::write	int __cdecl write(int _Filehandle, void * _Buf, uint _MaxCharCount)	false	false	false
180059810	257	wesp_api_types::schema::filter::impl$92::write	int __cdecl write(int _Filehandle, void * _Buf, uint _MaxCharCount)	false	false	false
180059920	310	wesp_api_types::schema::filter::impl$93::write	int __cdecl write(int _Filehandle, void * _Buf, uint _MaxCharCount)	false	false	false
180059a60	1601	wesp_api_types::schema::filter::impl$65::write	int __cdecl write(int _Filehandle, void * _Buf, uint _MaxCharCount)	false	false	false
18005a0b0	635	wesp_api_types::schema::filter::impl$83::write	int __cdecl write(int _Filehandle, void * _Buf, uint _MaxCharCount)	false	false	false
18005a330	1010	wesp_api_types::schema::filter::impl$50::write	int __cdecl write(int _Filehandle, void * _Buf, uint _MaxCharCount)	false	false	false
18005a730	257	wesp_api_types::schema::filter::impl$95::write	int __cdecl write(int _Filehandle, void * _Buf, uint _MaxCharCount)	false	false	false
18005a840	1501	wesp_api_types::schema::filter::impl$88::write	int __cdecl write(int _Filehandle, void * _Buf, uint _MaxCharCount)	false	false	false
18005ae20	1347	wesp_api_types::schema::filter::impl$57::write	int __cdecl write(int _Filehandle, void * _Buf, uint _MaxCharCount)	false	false	false
18005b370	1594	wesp_api_types::schema::filter::impl$56::write	int __cdecl write(int _Filehandle, void * _Buf, uint _MaxCharCount)	false	false	false
18005b9b0	1514	wesp_api_types::schema::filter::impl$52::write	int __cdecl write(int _Filehandle, void * _Buf, uint _MaxCharCount)	false	false	false
18005bfa0	1268	wesp_api_types::schema::filter::impl$51::write	int __cdecl write(int _Filehandle, void * _Buf, uint _MaxCharCount)	false	false	false
18005c4a0	43	wesp_api_types::schema::filter::impl$66::write	int __cdecl write(int _Filehandle, void * _Buf, uint _MaxCharCount)	false	false	false
18005cf30	1563	wesp_api_types::schema::filter::impl$59::write	int __cdecl write(int _Filehandle, void * _Buf, uint _MaxCharCount)	false	false	false
18005d550	1347	wesp_api_types::schema::filter::impl$60::write	int __cdecl write(int _Filehandle, void * _Buf, uint _MaxCharCount)	false	false	false
18005daa0	1368	wesp_api_types::schema::filter::impl$61::write	int __cdecl write(int _Filehandle, void * _Buf, uint _MaxCharCount)	false	false	false
18005e000	1529	wesp_api_types::schema::filter::impl$63::write	int __cdecl write(int _Filehandle, void * _Buf, uint _MaxCharCount)	false	false	false
18005e600	1124	wesp_api_types::schema::filter::impl$64::write	int __cdecl write(int _Filehandle, void * _Buf, uint _MaxCharCount)	false	false	false
18005ea70	380	wesp_api_types::schema::filter::impl$99::read	int __cdecl read(int _FileHandle, void * _DstBuf, uint _MaxCharCount)	false	false	false
18005ebf0	1297	wesp_api_types::schema::filter::StoredFilter::to_bytes	undefined to_bytes(void)	false	false	false
180060970	236	wesp_api_types::schema::binary_format::try_clone_u16s	undefined try_clone_u16s(void)	false	false	false
180060a60	235	wesp_api_types::schema::binary_format::try_clone_bytes	undefined try_clone_bytes(void)	false	false	false
180060b50	341	wesp_api_types::schema::binary_format::Reader::read_bytes	undefined read_bytes(void)	false	false	false
180060cb0	318	wesp_api_types::schema::binary_format::Reader::read_u16_vec	undefined read_u16_vec(void)	false	false	false
180060df0	53	wesp_api_types::schema::binary_format::Reader::read_zerocopy<wesp_api_types::message::predicate::ThreadBooleanProperty>	undefined read_zerocopy<wesp_api_types::message::predicate::ThreadBooleanProperty>(void)	false	false	false
180060e30	53	wesp_api_types::schema::binary_format::Reader::read_zerocopy<wesp_api_types::message::predicate::ProcessStringProperty>	undefined read_zerocopy<wesp_api_types::message::predicate::ProcessStringProperty>(void)	false	false	false
180060e70	53	wesp_api_types::schema::binary_format::Reader::read_zerocopy<wesp_api_types::message::predicate::TokenNumericProperty>	undefined read_zerocopy<wesp_api_types::message::predicate::TokenNumericProperty>(void)	false	false	false
180060eb0	54	wesp_api_types::schema::binary_format::Reader::read_zerocopy<wesp_api_types::message::predicate::FileStreamBooleanProperty>	undefined read_zerocopy<wesp_api_types::message::predicate::FileStreamBooleanProperty>(void)	false	false	false
180060ef0	53	wesp_api_types::schema::binary_format::Reader::read_zerocopy<wesp_api_types::message::predicate::FileNumericProperty>	undefined read_zerocopy<wesp_api_types::message::predicate::FileNumericProperty>(void)	false	false	false
180060f30	53	wesp_api_types::schema::binary_format::Reader::read_zerocopy<wesp_api_types::message::comparison::IpAddressOperator>	undefined read_zerocopy<wesp_api_types::message::comparison::IpAddressOperator>(void)	false	false	false
180060f70	53	wesp_api_types::schema::binary_format::Reader::read_zerocopy<wesp_api_types::message::predicate::VolumeNumericProperty>	undefined read_zerocopy<wesp_api_types::message::predicate::VolumeNumericProperty>(void)	false	false	false
180060fb0	53	wesp_api_types::schema::binary_format::Reader::read_zerocopy<wesp_api_types::message::predicate::ProcessNumericProperty>	undefined read_zerocopy<wesp_api_types::message::predicate::ProcessNumericProperty>(void)	false	false	false
180060ff0	53	wesp_api_types::schema::binary_format::Reader::read_zerocopy<wesp_api_types::message::predicate::FileObjectStringProperty>	undefined read_zerocopy<wesp_api_types::message::predicate::FileObjectStringProperty>(void)	false	false	false
180061030	53	wesp_api_types::schema::binary_format::Reader::read_zerocopy<wesp_api_types::message::comparison::NumericOperator>	undefined read_zerocopy<wesp_api_types::message::comparison::NumericOperator>(void)	false	false	false
180061070	53	wesp_api_types::schema::binary_format::Reader::read_zerocopy<wesp_api_types::message::predicate::FileObjectBooleanProperty>	undefined read_zerocopy<wesp_api_types::message::predicate::FileObjectBooleanProperty>(void)	false	false	false
1800610b0	52	wesp_api_types::schema::binary_format::Reader::read_zerocopy<wesp_api_types::message::ContextKey>	undefined read_zerocopy<wesp_api_types::message::ContextKey>(void)	false	false	false
1800610f0	543	wesp_api_types::schema::binary_format::Reader::read_zerocopy_vec<enum2$<wesp_api_types::message::primitives::NumericTransform>_>	undefined read_zerocopy_vec<enum2$<wesp_api_types::message::primitives::NumericTransform>_>(void)	false	false	false
180061310	593	wesp_api_types::schema::binary_format::Reader::read_zerocopy_vec<enum2$<wesp_api_types::message::bdd::BddNode>_>	undefined read_zerocopy_vec<enum2$<wesp_api_types::message::bdd::BddNode>_>(void)	false	false	false
180061570	188	wesp_api_types::schema::binary_format::Writer::write_bool	undefined write_bool(void)	false	false	false
180061630	514	wesp_api_types::schema::binary_format::Writer::write_bytes	undefined write_bytes(void)	false	false	false
180061840	241	wesp_api_types::schema::binary_format::Writer::write_zerocopy<wesp_api_types::message::ContextKey>	undefined write_zerocopy<wesp_api_types::message::ContextKey>(void)	false	false	false
180061940	253	wesp_api_types::schema::binary_format::Writer::write_zerocopy<wesp_api_types::typedefs::_GUID>	undefined write_zerocopy<wesp_api_types::typedefs::_GUID>(void)	false	false	false
180061a40	212	wesp_api_types::schema::binary_format::Writer::write_zerocopy<wesp_api_types::message::comparison::StringOperator>	undefined write_zerocopy<wesp_api_types::message::comparison::StringOperator>(void)	false	false	false
180061b20	247	wesp_api_types::schema::binary_format::Writer::write_zerocopy<wesp_api_types::message::rule::ContextKeyLifetime>	undefined write_zerocopy<wesp_api_types::message::rule::ContextKeyLifetime>(void)	false	false	false
180061c20	507	wesp_api_types::schema::binary_format::Writer::write_u16_slice	undefined write_u16_slice(void)	false	false	false
180061e20	269	wesp_api_types::schema::binary_format::Writer::write_raw	undefined write_raw(void)	false	false	false
180061f30	1074	wesp_api_types::schema::notification::file::impl$31::read	int __cdecl read(int _FileHandle, void * _DstBuf, uint _MaxCharCount)	false	false	false
180062370	773	wesp_api_types::schema::notification::file::impl$31::write	int __cdecl write(int _Filehandle, void * _Buf, uint _MaxCharCount)	false	false	false
180062680	1191	wesp_api_types::schema::notification::file::impl$19::read	int __cdecl read(int _FileHandle, void * _DstBuf, uint _MaxCharCount)	false	false	false
180062cb0	245	wesp_api_types::schema::notification::file::impl$25::read	int __cdecl read(int _FileHandle, void * _DstBuf, uint _MaxCharCount)	false	false	false
180062db0	1139	wesp_api_types::schema::notification::file::impl$24::read	int __cdecl read(int _FileHandle, void * _DstBuf, uint _MaxCharCount)	false	false	false
180063230	942	wesp_api_types::schema::notification::file::impl$19::write	int __cdecl write(int _Filehandle, void * _Buf, uint _MaxCharCount)	false	false	false
1800635f0	241	wesp_api_types::schema::notification::file::impl$25::write	int __cdecl write(int _Filehandle, void * _Buf, uint _MaxCharCount)	false	false	false
1800636f0	815	wesp_api_types::schema::notification::file::impl$24::write	int __cdecl write(int _Filehandle, void * _Buf, uint _MaxCharCount)	false	false	false
180063a20	200	wesp_api_types::schema::notification::file::impl$37::read	int __cdecl read(int _FileHandle, void * _DstBuf, uint _MaxCharCount)	false	false	false
180063af0	813	wesp_api_types::schema::notification::file::impl$36::read	int __cdecl read(int _FileHandle, void * _DstBuf, uint _MaxCharCount)	false	false	false
180063e20	780	wesp_api_types::schema::notification::file::impl$37::write	int __cdecl write(int _Filehandle, void * _Buf, uint _MaxCharCount)	false	false	false
180064130	200	wesp_api_types::schema::notification::file::impl$43::read	int __cdecl read(int _FileHandle, void * _DstBuf, uint _MaxCharCount)	false	false	false
180064200	813	wesp_api_types::schema::notification::file::impl$42::read	int __cdecl read(int _FileHandle, void * _DstBuf, uint _MaxCharCount)	false	false	false
180064530	1458	wesp_api_types::schema::notification::file::impl$7::read	int __cdecl read(int _FileHandle, void * _DstBuf, uint _MaxCharCount)	false	false	false
180064c30	155	wesp_api_types::schema::notification::file::impl$2::read	int __cdecl read(int _FileHandle, void * _DstBuf, uint _MaxCharCount)	false	false	false
180064f20	719	wesp_api_types::schema::notification::file::impl$49::read	int __cdecl read(int _FileHandle, void * _DstBuf, uint _MaxCharCount)	false	false	false
1800652d0	41	core::ptr::drop_in_place<enum2$<core::option::Option<enum2$<wesp_api_types::schema::notification::file::FoTargetObjectNotificationConfig>_>_>_>	undefined drop_in_place<enum2$<core::option::Option<enum2$<wesp_api_types::schema::notification::file::FoTargetObjectNotificationConfig>_>_>_>(void)	false	false	false
1800653c0	1048	wesp_api_types::schema::notification::file::impl$12::read	int __cdecl read(int _FileHandle, void * _DstBuf, uint _MaxCharCount)	false	false	false
1800658c0	1315	wesp_api_types::schema::notification::file::impl$7::write	int __cdecl write(int _Filehandle, void * _Buf, uint _MaxCharCount)	false	false	false
180065f30	792	wesp_api_types::schema::notification::file::impl$12::write	int __cdecl write(int _Filehandle, void * _Buf, uint _MaxCharCount)	false	false	false
180066250	311	wesp_api_types::schema::notification::file::impl$13::read	int __cdecl read(int _FileHandle, void * _DstBuf, uint _MaxCharCount)	false	false	false
180066390	241	wesp_api_types::schema::notification::file::impl$13::write	int __cdecl write(int _Filehandle, void * _Buf, uint _MaxCharCount)	false	false	false
180066490	240	wesp_api_types::schema::context_key::impl$13::read	int __cdecl read(int _FileHandle, void * _DstBuf, uint _MaxCharCount)	false	false	false
180066580	167	wesp_api_types::schema::context_key::impl$12::read	int __cdecl read(int _FileHandle, void * _DstBuf, uint _MaxCharCount)	false	false	false
180066f30	158	wesp_api_types::schema::context_key::impl$8::read	int __cdecl read(int _FileHandle, void * _DstBuf, uint _MaxCharCount)	false	false	false
1800672a0	51	wesp_api_types::schema::context_key::impl$13::write	int __cdecl write(int _Filehandle, void * _Buf, uint _MaxCharCount)	false	false	false
1800672e0	50	wesp_api_types::schema::context_key::impl$12::write	int __cdecl write(int _Filehandle, void * _Buf, uint _MaxCharCount)	false	false	false
1800678e0	42	wesp_api_types::schema::context_key::impl$8::write	int __cdecl write(int _Filehandle, void * _Buf, uint _MaxCharCount)	false	false	false
180067c30	613	wesp_api_types::schema::context_key::StoredContextKeyUpdates::to_bytes	undefined to_bytes(void)	false	false	false
180067ea0	343	core::array::impl$27::fmt	undefined fmt(void)	false	false	false
180068000	347	wesp_api_types::schema::notification::field::impl$6::read	int __cdecl read(int _FileHandle, void * _DstBuf, uint _MaxCharCount)	false	false	false
180068500	617	wesp_api_types::schema::notification::field::impl$6::write	int __cdecl write(int _Filehandle, void * _Buf, uint _MaxCharCount)	false	false	false
180068af0	178	wesp_api_types::schema::notification::field::impl$8::read	int __cdecl read(int _FileHandle, void * _DstBuf, uint _MaxCharCount)	false	false	false
18006a150	716	wesp_api_types::schema::notification::token::impl$5::read	int __cdecl read(int _FileHandle, void * _DstBuf, uint _MaxCharCount)	false	false	false
18006a550	750	wesp_api_types::schema::notification::token::impl$5::write	int __cdecl write(int _Filehandle, void * _Buf, uint _MaxCharCount)	false	false	false
18006a840	1732	wesp_api_types::schema::notification::thread::impl$5::read	int __cdecl read(int _FileHandle, void * _DstBuf, uint _MaxCharCount)	false	false	false
18006b060	940	wesp_api_types::schema::notification::thread::impl$5::write	int __cdecl write(int _Filehandle, void * _Buf, uint _MaxCharCount)	false	false	false
18006b420	423	wesp_api_types::schema::modify::StoredAccessMaskModificationList::from_stored_bytes	undefined from_stored_bytes(void)	false	false	false
18006b5d0	277	alloc::vec::impl$26::drop<enum2$<wesp_api_types::schema::filter::StoredPredicate>,alloc::alloc::Global>	undefined drop<enum2$<wesp_api_types::schema::filter::StoredPredicate>,alloc::alloc::Global>(void)	false	false	false
18006c080	206	alloc::vec::impl$26::drop<enum2$<wesp_api_types::schema::notification::process::ProcessNotificationConfig>,alloc::alloc::Global>	undefined drop<enum2$<wesp_api_types::schema::notification::process::ProcessNotificationConfig>,alloc::alloc::Global>(void)	false	false	false
18006c150	152	alloc::vec::impl$26::drop<enum2$<wesp_api_types::schema::notification::field::FieldObjectNotificationConfig>,alloc::alloc::Global>	undefined drop<enum2$<wesp_api_types::schema::notification::field::FieldObjectNotificationConfig>,alloc::alloc::Global>(void)	false	false	false
18006c4c0	130	alloc::vec::impl$26::drop<wesp_api_types::schema::context_key::StoredContextKeyUpdate,alloc::alloc::Global>	undefined drop<wesp_api_types::schema::context_key::StoredContextKeyUpdate,alloc::alloc::Global>(void)	false	false	false
18006c5e0	62	alloc::vec::impl$26::drop<enum2$<wesp_api_types::schema::notification::field::FieldDataConfig>,alloc::alloc::Global>	undefined drop<enum2$<wesp_api_types::schema::notification::field::FieldDataConfig>,alloc::alloc::Global>(void)	false	false	false
18006c630	90	wesp_api_types::schema::notification::process::impl$3::read	int __cdecl read(int _FileHandle, void * _DstBuf, uint _MaxCharCount)	false	false	false
18006c7c0	882	wesp_api_types::schema::notification::desktop::impl$5::read	int __cdecl read(int _FileHandle, void * _DstBuf, uint _MaxCharCount)	false	false	false
18006cb40	751	wesp_api_types::schema::notification::desktop::impl$5::write	int __cdecl write(int _Filehandle, void * _Buf, uint _MaxCharCount)	false	false	false
18006ce30	1732	wesp_api_types::schema::notification::process::impl$5::read	int __cdecl read(int _FileHandle, void * _DstBuf, uint _MaxCharCount)	false	false	false
18006d500	1045	wesp_api_types::schema::notification::process::impl$5::write	int __cdecl write(int _Filehandle, void * _Buf, uint _MaxCharCount)	false	false	false
18006d920	112	wesp_api_types::message::primitives::NumericTransformList::probe	undefined probe(void)	false	false	false
18006d990	194	alloc::raw_vec::RawVecInner<alloc::alloc::Global>::try_reserve<alloc::alloc::Global>	undefined try_reserve<alloc::alloc::Global>(void)	false	false	false
18006da60	2732	enum2$<wesp_api_types::schema::notification::NotificationConfig>::to_bytes	undefined to_bytes(void)	false	false	false
18006e6a0	1083	wesp_api_types::schema::notification::registry::impl$8::read	int __cdecl read(int _FileHandle, void * _DstBuf, uint _MaxCharCount)	false	false	false
18006eae0	769	wesp_api_types::schema::notification::registry::impl$8::write	int __cdecl write(int _Filehandle, void * _Buf, uint _MaxCharCount)	false	false	false
18006edf0	1644	wesp_api_types::schema::notification::registry::impl$11::read	int __cdecl read(int _FileHandle, void * _DstBuf, uint _MaxCharCount)	false	false	false
18006f460	1101	wesp_api_types::schema::notification::registry::impl$11::write	int __cdecl write(int _Filehandle, void * _Buf, uint _MaxCharCount)	false	false	false
18006f8c0	148	alloc::raw_vec::RawVecInner<alloc::alloc::Global>::try_reserve<alloc::alloc::Global>	undefined try_reserve<alloc::alloc::Global>(void)	false	false	false
18006f960	63	core::fmt::impl$80::fmt<enum2$<wesp_lib::notification::NotificationBuilderError>_>	undefined fmt<enum2$<wesp_lib::notification::NotificationBuilderError>_>(void)	false	false	false
180070070	524	wesp_lib::notification::impl$30::write_at_offset<wesp_lib::event::registry::RegDeleteKey>	undefined write_at_offset<wesp_lib::event::registry::RegDeleteKey>(void)	false	false	false
180070280	34	wesp_lib::notification::impl$11::from	undefined from(void)	false	false	false
180070390	516	wesp_lib::notification::impl$30::write_ptr_to_offset<wesp_lib::event::fs::file::FileLock>	undefined write_ptr_to_offset<wesp_lib::event::fs::file::FileLock>(void)	false	false	false
1800705a0	698	wesp_lib::notification::RelatedObjectCollection::collect_volume	undefined collect_volume(void)	false	false	false
180070860	427	wesp_lib::notification::RelatedObjectCollection::collect_pipe	undefined collect_pipe(void)	false	false	false
180070a10	323	wesp_lib::notification::RelatedObjectCollection::collect_token	undefined collect_token(void)	false	false	false
180070b60	497	wesp_lib::notification::RelatedObjectCollection::collect_thread	undefined collect_thread(void)	false	false	false
180070d60	2084	wesp_lib::notification::RelatedObjectCollection::collect_process_chain	undefined collect_process_chain(void)	false	false	false
1800715b0	1013	wesp_lib::notification::RelatedObjectCollection::collect_file_stream	undefined collect_file_stream(void)	false	false	false
1800719b0	323	wesp_lib::notification::RelatedObjectCollection::collect_desktop	undefined collect_desktop(void)	false	false	false
180071b00	427	wesp_lib::notification::RelatedObjectCollection::collect_mailslot	undefined collect_mailslot(void)	false	false	false
180071cb0	642	wesp_lib::notification::RelatedObjectCollection::collect_file_object	undefined collect_file_object(void)	false	false	false
180071fc0	323	wesp_lib::notification::RelatedObjectCollection::collect_ktm_transaction	undefined collect_ktm_transaction(void)	false	false	false
180072110	323	wesp_lib::notification::RelatedObjectCollection::collect_registry_key	undefined collect_registry_key(void)	false	false	false
180072260	548	wesp_lib::notification::RelatedObjectCollection::collect_registry_key_object	undefined collect_registry_key_object(void)	false	false	false
180072490	530	wesp_lib::notification::NotificationBuilder<wesp_lib::event::registry::RegLoadKey>::init_string_internal<wesp_lib::event::registry::RegLoadKey>	undefined init_string_internal<wesp_lib::event::registry::RegLoadKey>(void)	false	false	false
1800726b0	930	wesp_lib::notification::NotificationBuilder<wesp_lib::event::registry::RegSetValueKey>::init_reg_data<wesp_lib::event::registry::RegSetValueKey>	undefined init_reg_data<wesp_lib::event::registry::RegSetValueKey>(void)	false	false	false
180072a60	443	wesp_lib::notification::NotificationBuilder<wesp_lib::event::fs::pipe::PipeCreate>::init_pipe_info<wesp_lib::event::fs::pipe::PipeCreate>	undefined init_pipe_info<wesp_lib::event::fs::pipe::PipeCreate>(void)	false	false	false
180072c20	772	wesp_lib::notification::NotificationBuilder<wesp_lib::event::fs::file::FileCreate>::init_buffer_ptr<wesp_lib::event::fs::file::FileCreate>	undefined init_buffer_ptr<wesp_lib::event::fs::file::FileCreate>(void)	false	false	false
180072f30	878	wesp_lib::notification::NotificationBuilder<wesp_lib::event::process::ProcessCreate>::init_thread_info<wesp_lib::event::process::ProcessCreate>	undefined init_thread_info<wesp_lib::event::process::ProcessCreate>(void)	false	false	false
1800732a0	2363	wesp_lib::notification::NotificationBuilder<wesp_lib::event::process::ProcessCreate>::init_process_chain<wesp_lib::event::process::ProcessCreate>	undefined init_process_chain<wesp_lib::event::process::ProcessCreate>(void)	false	false	false
180073c00	546	wesp_lib::notification::NotificationBuilder<wesp_lib::event::process::ProcessCreate>::init_token_info_ptr<wesp_lib::event::process::ProcessCreate>	undefined init_token_info_ptr<wesp_lib::event::process::ProcessCreate>(void)	false	false	false
180073e30	1773	wesp_lib::notification::NotificationBuilder<wesp_lib::event::process::ProcessCreate>::init_file_stream_info<wesp_lib::event::process::ProcessCreate>	undefined init_file_stream_info<wesp_lib::event::process::ProcessCreate>(void)	false	false	false
180074520	1021	wesp_lib::notification::NotificationBuilder<wesp_lib::event::process::ProcessCreate>::init_volume_info<wesp_lib::event::process::ProcessCreate>	undefined init_volume_info<wesp_lib::event::process::ProcessCreate>(void)	false	false	false
180074920	878	wesp_lib::notification::NotificationBuilder<wesp_lib::event::object_manager::ObHandleDuplicate>::init_thread_info<wesp_lib::event::object_manager::ObHandleDuplicate>	undefined init_thread_info<wesp_lib::event::object_manager::ObHandleDuplicate>(void)	false	false	false
180074c90	4941	wesp_lib::notification::NotificationBuilder<wesp_lib::event::object_manager::ObHandleDuplicate>::init_process_chain<wesp_lib::event::object_manager::ObHandleDuplicate>	undefined init_process_chain<wesp_lib::event::object_manager::ObHandleDuplicate>(void)	false	false	false
180076010	546	wesp_lib::notification::NotificationBuilder<wesp_lib::event::object_manager::ObHandleDuplicate>::init_token_info_ptr<wesp_lib::event::object_manager::ObHandleDuplicate>	undefined init_token_info_ptr<wesp_lib::event::object_manager::ObHandleDuplicate>(void)	false	false	false
180076240	878	wesp_lib::notification::NotificationBuilder<wesp_lib::event::thread::ThreadStart>::init_thread_info<wesp_lib::event::thread::ThreadStart>	undefined init_thread_info<wesp_lib::event::thread::ThreadStart>(void)	false	false	false
1800765b0	4941	wesp_lib::notification::NotificationBuilder<wesp_lib::event::thread::ThreadStart>::init_process_chain<wesp_lib::event::thread::ThreadStart>	undefined init_process_chain<wesp_lib::event::thread::ThreadStart>(void)	false	false	false
180077930	546	wesp_lib::notification::NotificationBuilder<wesp_lib::event::thread::ThreadStart>::init_token_info_ptr<wesp_lib::event::thread::ThreadStart>	undefined init_token_info_ptr<wesp_lib::event::thread::ThreadStart>(void)	false	false	false
180077b60	878	wesp_lib::notification::NotificationBuilder<wesp_lib::event::thread::ThreadTerminate>::init_thread_info<wesp_lib::event::thread::ThreadTerminate>	undefined init_thread_info<wesp_lib::event::thread::ThreadTerminate>(void)	false	false	false
180077ed0	4941	wesp_lib::notification::NotificationBuilder<wesp_lib::event::thread::ThreadTerminate>::init_process_chain<wesp_lib::event::thread::ThreadTerminate>	undefined init_process_chain<wesp_lib::event::thread::ThreadTerminate>(void)	false	false	false
180079250	546	wesp_lib::notification::NotificationBuilder<wesp_lib::event::thread::ThreadTerminate>::init_token_info_ptr<wesp_lib::event::thread::ThreadTerminate>	undefined init_token_info_ptr<wesp_lib::event::thread::ThreadTerminate>(void)	false	false	false
180079480	391	wesp_lib::notification::NotificationBuilder<wesp_lib::event::thread::ThreadTerminate>::add_event_object_argument<wesp_lib::event::thread::ThreadTerminate>	undefined add_event_object_argument<wesp_lib::event::thread::ThreadTerminate>(void)	false	false	false
180079610	878	wesp_lib::notification::NotificationBuilder<wesp_lib::event::object_manager::ObHandleCreate>::init_thread_info<wesp_lib::event::object_manager::ObHandleCreate>	undefined init_thread_info<wesp_lib::event::object_manager::ObHandleCreate>(void)	false	false	false
180079980	4941	wesp_lib::notification::NotificationBuilder<wesp_lib::event::object_manager::ObHandleCreate>::init_process_chain<wesp_lib::event::object_manager::ObHandleCreate>	undefined init_process_chain<wesp_lib::event::object_manager::ObHandleCreate>(void)	false	false	false
18007ad00	546	wesp_lib::notification::NotificationBuilder<wesp_lib::event::object_manager::ObHandleCreate>::init_token_info_ptr<wesp_lib::event::object_manager::ObHandleCreate>	undefined init_token_info_ptr<wesp_lib::event::object_manager::ObHandleCreate>(void)	false	false	false
18007af30	878	wesp_lib::notification::NotificationBuilder<wesp_lib::event::thread::ThreadCreate>::init_thread_info<wesp_lib::event::thread::ThreadCreate>	undefined init_thread_info<wesp_lib::event::thread::ThreadCreate>(void)	false	false	false
18007b2a0	4941	wesp_lib::notification::NotificationBuilder<wesp_lib::event::thread::ThreadCreate>::init_process_chain<wesp_lib::event::thread::ThreadCreate>	undefined init_process_chain<wesp_lib::event::thread::ThreadCreate>(void)	false	false	false
18007c620	546	wesp_lib::notification::NotificationBuilder<wesp_lib::event::thread::ThreadCreate>::init_token_info_ptr<wesp_lib::event::thread::ThreadCreate>	undefined init_token_info_ptr<wesp_lib::event::thread::ThreadCreate>(void)	false	false	false
18007c850	1021	wesp_lib::notification::NotificationBuilder<wesp_lib::event::fs::volume::VolumeMount>::init_volume_info<wesp_lib::event::fs::volume::VolumeMount>	undefined init_volume_info<wesp_lib::event::fs::volume::VolumeMount>(void)	false	false	false
18007cc50	1021	wesp_lib::notification::NotificationBuilder<wesp_lib::event::fs::volume::VolumeDismount>::init_volume_info<wesp_lib::event::fs::volume::VolumeDismount>	undefined init_volume_info<wesp_lib::event::fs::volume::VolumeDismount>(void)	false	false	false
18007d050	1021	wesp_lib::notification::NotificationBuilder<wesp_lib::event::fs::volume::VolumeFsctl>::init_volume_info<wesp_lib::event::fs::volume::VolumeFsctl>	undefined init_volume_info<wesp_lib::event::fs::volume::VolumeFsctl>(void)	false	false	false
18007d450	443	wesp_lib::notification::NotificationBuilder<wesp_lib::event::fs::mailslot::MailslotCreate>::init_mailslot_info<wesp_lib::event::fs::mailslot::MailslotCreate>	undefined init_mailslot_info<wesp_lib::event::fs::mailslot::MailslotCreate>(void)	false	false	false
18007d610	2363	wesp_lib::notification::NotificationBuilder<wesp_lib::event::fs::file::FileLock>::init_process_chain<wesp_lib::event::fs::file::FileLock>	undefined init_process_chain<wesp_lib::event::fs::file::FileLock>(void)	false	false	false
18007df70	1773	wesp_lib::notification::NotificationBuilder<wesp_lib::event::fs::file::FileLock>::init_file_stream_info<wesp_lib::event::fs::file::FileLock>	undefined init_file_stream_info<wesp_lib::event::fs::file::FileLock>(void)	false	false	false
18007e660	546	wesp_lib::notification::NotificationBuilder<wesp_lib::event::fs::file::FileLock>::init_token_info_ptr<wesp_lib::event::fs::file::FileLock>	undefined init_token_info_ptr<wesp_lib::event::fs::file::FileLock>(void)	false	false	false
18007e890	1021	wesp_lib::notification::NotificationBuilder<wesp_lib::event::fs::file::FileLock>::init_volume_info<wesp_lib::event::fs::file::FileLock>	undefined init_volume_info<wesp_lib::event::fs::file::FileLock>(void)	false	false	false
18007ec90	2363	wesp_lib::notification::NotificationBuilder<wesp_lib::event::process::ProcessLoadImage>::init_process_chain<wesp_lib::event::process::ProcessLoadImage>	undefined init_process_chain<wesp_lib::event::process::ProcessLoadImage>(void)	false	false	false
18007f5f0	1773	wesp_lib::notification::NotificationBuilder<wesp_lib::event::process::ProcessLoadImage>::init_file_stream_info<wesp_lib::event::process::ProcessLoadImage>	undefined init_file_stream_info<wesp_lib::event::process::ProcessLoadImage>(void)	false	false	false
18007fce0	546	wesp_lib::notification::NotificationBuilder<wesp_lib::event::process::ProcessLoadImage>::init_token_info_ptr<wesp_lib::event::process::ProcessLoadImage>	undefined init_token_info_ptr<wesp_lib::event::process::ProcessLoadImage>(void)	false	false	false
18007ff10	1021	wesp_lib::notification::NotificationBuilder<wesp_lib::event::process::ProcessLoadImage>::init_volume_info<wesp_lib::event::process::ProcessLoadImage>	undefined init_volume_info<wesp_lib::event::process::ProcessLoadImage>(void)	false	false	false
180080310	2363	wesp_lib::notification::NotificationBuilder<wesp_lib::event::fs::file::FileUnlock>::init_process_chain<wesp_lib::event::fs::file::FileUnlock>	undefined init_process_chain<wesp_lib::event::fs::file::FileUnlock>(void)	false	false	false
180080c70	1773	wesp_lib::notification::NotificationBuilder<wesp_lib::event::fs::file::FileUnlock>::init_file_stream_info<wesp_lib::event::fs::file::FileUnlock>	undefined init_file_stream_info<wesp_lib::event::fs::file::FileUnlock>(void)	false	false	false
180081360	546	wesp_lib::notification::NotificationBuilder<wesp_lib::event::fs::file::FileUnlock>::init_token_info_ptr<wesp_lib::event::fs::file::FileUnlock>	undefined init_token_info_ptr<wesp_lib::event::fs::file::FileUnlock>(void)	false	false	false
180081590	1021	wesp_lib::notification::NotificationBuilder<wesp_lib::event::fs::file::FileUnlock>::init_volume_info<wesp_lib::event::fs::file::FileUnlock>	undefined init_volume_info<wesp_lib::event::fs::file::FileUnlock>(void)	false	false	false
180081990	4941	wesp_lib::notification::NotificationBuilder<wesp_lib::event::process::ProcessTerminate>::init_process_chain<wesp_lib::event::process::ProcessTerminate>	undefined init_process_chain<wesp_lib::event::process::ProcessTerminate>(void)	false	false	false
180082d10	546	wesp_lib::notification::NotificationBuilder<wesp_lib::event::process::ProcessTerminate>::init_token_info_ptr<wesp_lib::event::process::ProcessTerminate>	undefined init_token_info_ptr<wesp_lib::event::process::ProcessTerminate>(void)	false	false	false
180082f40	546	wesp_lib::notification::NotificationBuilder<wesp_lib::event::fs::file::FileCreate>::init_token_info_ptr<wesp_lib::event::fs::file::FileCreate>	undefined init_token_info_ptr<wesp_lib::event::fs::file::FileCreate>(void)	false	false	false
180083170	546	wesp_lib::notification::NotificationBuilder<wesp_lib::event::fs::file::FileOpen>::init_token_info_ptr<wesp_lib::event::fs::file::FileOpen>	undefined init_token_info_ptr<wesp_lib::event::fs::file::FileOpen>(void)	false	false	false
1800833a0	546	wesp_lib::notification::NotificationBuilder<wesp_lib::event::fs::mailslot::MailslotCreate>::init_token_info_ptr<wesp_lib::event::fs::mailslot::MailslotCreate>	undefined init_token_info_ptr<wesp_lib::event::fs::mailslot::MailslotCreate>(void)	false	false	false
1800835d0	546	wesp_lib::notification::NotificationBuilder<wesp_lib::event::fs::pipe::PipeCreate>::init_token_info_ptr<wesp_lib::event::fs::pipe::PipeCreate>	undefined init_token_info_ptr<wesp_lib::event::fs::pipe::PipeCreate>(void)	false	false	false
180083800	358	wesp_lib::notification::NotificationBuilder<wesp_lib::event::fs::file::SetEa>::add_properties_query<wesp_lib::event::fs::file::SetEa>	undefined add_properties_query<wesp_lib::event::fs::file::SetEa>(void)	false	false	false
180083d40	1505	wesp_lib::notification::NotificationBuilder<wesp_lib::event::fs::file::SetEa>::add_properties_query_from_results<wesp_lib::event::fs::file::SetEa>	undefined add_properties_query_from_results<wesp_lib::event::fs::file::SetEa>(void)	false	false	false
180084330	358	wesp_lib::notification::NotificationBuilder<wesp_lib::event::registry::save_restore::RegSaveKey>::add_properties_query<wesp_lib::event::registry::save_restore::RegSaveKey>	undefined add_properties_query<wesp_lib::event::registry::save_restore::RegSaveKey>(void)	false	false	false
180084870	1505	wesp_lib::notification::NotificationBuilder<wesp_lib::event::registry::save_restore::RegSaveKey>::add_properties_query_from_results<wesp_lib::event::registry::save_restore::RegSaveKey>	undefined add_properties_query_from_results<wesp_lib::event::registry::save_restore::RegSaveKey>(void)	false	false	false
180084e60	358	wesp_lib::notification::NotificationBuilder<wesp_lib::event::registry::RegSetValueKey>::add_properties_query<wesp_lib::event::registry::RegSetValueKey>	undefined add_properties_query<wesp_lib::event::registry::RegSetValueKey>(void)	false	false	false
1800853a0	1505	wesp_lib::notification::NotificationBuilder<wesp_lib::event::registry::RegSetValueKey>::add_properties_query_from_results<wesp_lib::event::registry::RegSetValueKey>	undefined add_properties_query_from_results<wesp_lib::event::registry::RegSetValueKey>(void)	false	false	false
180085990	358	wesp_lib::notification::NotificationBuilder<wesp_lib::event::fs::file::FileQueryDirectoryInformation>::add_properties_query<wesp_lib::event::fs::file::FileQueryDirectoryInformation>	undefined add_properties_query<wesp_lib::event::fs::file::FileQueryDirectoryInformation>(void)	false	false	false
180085ed0	1505	wesp_lib::notification::NotificationBuilder<wesp_lib::event::fs::file::FileQueryDirectoryInformation>::add_properties_query_from_results<wesp_lib::event::fs::file::FileQueryDirectoryInformation>	undefined add_properties_query_from_results<wesp_lib::event::fs::file::FileQueryDirectoryInformation>(void)	false	false	false
1800864c0	358	wesp_lib::notification::NotificationBuilder<wesp_lib::event::registry::RegDeleteKey>::add_properties_query<wesp_lib::event::registry::RegDeleteKey>	undefined add_properties_query<wesp_lib::event::registry::RegDeleteKey>(void)	false	false	false
180086a00	1505	wesp_lib::notification::NotificationBuilder<wesp_lib::event::registry::RegDeleteKey>::add_properties_query_from_results<wesp_lib::event::registry::RegDeleteKey>	undefined add_properties_query_from_results<wesp_lib::event::registry::RegDeleteKey>(void)	false	false	false
180086ff0	358	wesp_lib::notification::NotificationBuilder<wesp_lib::event::fs::mailslot::MailslotCreate>::add_properties_query<wesp_lib::event::fs::mailslot::MailslotCreate>	undefined add_properties_query<wesp_lib::event::fs::mailslot::MailslotCreate>(void)	false	false	false
180087530	1505	wesp_lib::notification::NotificationBuilder<wesp_lib::event::fs::mailslot::MailslotCreate>::add_properties_query_from_results<wesp_lib::event::fs::mailslot::MailslotCreate>	undefined add_properties_query_from_results<wesp_lib::event::fs::mailslot::MailslotCreate>(void)	false	false	false
180087b20	358	wesp_lib::notification::NotificationBuilder<wesp_lib::event::registry::RegReplaceKey>::add_properties_query<wesp_lib::event::registry::RegReplaceKey>	undefined add_properties_query<wesp_lib::event::registry::RegReplaceKey>(void)	false	false	false
180088060	1505	wesp_lib::notification::NotificationBuilder<wesp_lib::event::registry::RegReplaceKey>::add_properties_query_from_results<wesp_lib::event::registry::RegReplaceKey>	undefined add_properties_query_from_results<wesp_lib::event::registry::RegReplaceKey>(void)	false	false	false
180088650	358	wesp_lib::notification::NotificationBuilder<wesp_lib::event::fs::file::FileWrite>::add_properties_query<wesp_lib::event::fs::file::FileWrite>	undefined add_properties_query<wesp_lib::event::fs::file::FileWrite>(void)	false	false	false
180088b90	1505	wesp_lib::notification::NotificationBuilder<wesp_lib::event::fs::file::FileWrite>::add_properties_query_from_results<wesp_lib::event::fs::file::FileWrite>	undefined add_properties_query_from_results<wesp_lib::event::fs::file::FileWrite>(void)	false	false	false
180089180	358	wesp_lib::notification::NotificationBuilder<wesp_lib::event::fs::file::FileQueryOpen>::add_properties_query<wesp_lib::event::fs::file::FileQueryOpen>	undefined add_properties_query<wesp_lib::event::fs::file::FileQueryOpen>(void)	false	false	false
1800896c0	1505	wesp_lib::notification::NotificationBuilder<wesp_lib::event::fs::file::FileQueryOpen>::add_properties_query_from_results<wesp_lib::event::fs::file::FileQueryOpen>	undefined add_properties_query_from_results<wesp_lib::event::fs::file::FileQueryOpen>(void)	false	false	false
180089cb0	358	wesp_lib::notification::NotificationBuilder<wesp_lib::event::fs::file::FileSetSecurity>::add_properties_query<wesp_lib::event::fs::file::FileSetSecurity>	undefined add_properties_query<wesp_lib::event::fs::file::FileSetSecurity>(void)	false	false	false
18008a1f0	1505	wesp_lib::notification::NotificationBuilder<wesp_lib::event::fs::file::FileSetSecurity>::add_properties_query_from_results<wesp_lib::event::fs::file::FileSetSecurity>	undefined add_properties_query_from_results<wesp_lib::event::fs::file::FileSetSecurity>(void)	false	false	false
18008a7e0	358	wesp_lib::notification::NotificationBuilder<wesp_lib::event::fs::file::FileCreateSection>::add_properties_query<wesp_lib::event::fs::file::FileCreateSection>	undefined add_properties_query<wesp_lib::event::fs::file::FileCreateSection>(void)	false	false	false
18008ad20	1505	wesp_lib::notification::NotificationBuilder<wesp_lib::event::fs::file::FileCreateSection>::add_properties_query_from_results<wesp_lib::event::fs::file::FileCreateSection>	undefined add_properties_query_from_results<wesp_lib::event::fs::file::FileCreateSection>(void)	false	false	false
18008b310	358	wesp_lib::notification::NotificationBuilder<wesp_lib::event::fs::file::FileSetInformation>::add_properties_query<wesp_lib::event::fs::file::FileSetInformation>	undefined add_properties_query<wesp_lib::event::fs::file::FileSetInformation>(void)	false	false	false
18008b850	1505	wesp_lib::notification::NotificationBuilder<wesp_lib::event::fs::file::FileSetInformation>::add_properties_query_from_results<wesp_lib::event::fs::file::FileSetInformation>	undefined add_properties_query_from_results<wesp_lib::event::fs::file::FileSetInformation>(void)	false	false	false
18008be40	358	wesp_lib::notification::NotificationBuilder<wesp_lib::event::fs::file::FileQueryInformation>::add_properties_query<wesp_lib::event::fs::file::FileQueryInformation>	undefined add_properties_query<wesp_lib::event::fs::file::FileQueryInformation>(void)	false	false	false
18008c380	1505	wesp_lib::notification::NotificationBuilder<wesp_lib::event::fs::file::FileQueryInformation>::add_properties_query_from_results<wesp_lib::event::fs::file::FileQueryInformation>	undefined add_properties_query_from_results<wesp_lib::event::fs::file::FileQueryInformation>(void)	false	false	false
18008c970	358	wesp_lib::notification::NotificationBuilder<wesp_lib::event::process::ProcessTerminate>::add_properties_query<wesp_lib::event::process::ProcessTerminate>	undefined add_properties_query<wesp_lib::event::process::ProcessTerminate>(void)	false	false	false
18008ceb0	1505	wesp_lib::notification::NotificationBuilder<wesp_lib::event::process::ProcessTerminate>::add_properties_query_from_results<wesp_lib::event::process::ProcessTerminate>	undefined add_properties_query_from_results<wesp_lib::event::process::ProcessTerminate>(void)	false	false	false
18008d4a0	358	wesp_lib::notification::NotificationBuilder<wesp_lib::event::fs::file::FileOpen>::add_properties_query<wesp_lib::event::fs::file::FileOpen>	undefined add_properties_query<wesp_lib::event::fs::file::FileOpen>(void)	false	false	false
18008d9e0	1505	wesp_lib::notification::NotificationBuilder<wesp_lib::event::fs::file::FileOpen>::add_properties_query_from_results<wesp_lib::event::fs::file::FileOpen>	undefined add_properties_query_from_results<wesp_lib::event::fs::file::FileOpen>(void)	false	false	false
18008dfd0	358	wesp_lib::notification::NotificationBuilder<wesp_lib::event::fs::file::FileUnlock>::add_properties_query<wesp_lib::event::fs::file::FileUnlock>	undefined add_properties_query<wesp_lib::event::fs::file::FileUnlock>(void)	false	false	false
18008e510	1505	wesp_lib::notification::NotificationBuilder<wesp_lib::event::fs::file::FileUnlock>::add_properties_query_from_results<wesp_lib::event::fs::file::FileUnlock>	undefined add_properties_query_from_results<wesp_lib::event::fs::file::FileUnlock>(void)	false	false	false
18008eb00	358	wesp_lib::notification::NotificationBuilder<wesp_lib::event::fs::volume::VolumeFsctl>::add_properties_query<wesp_lib::event::fs::volume::VolumeFsctl>	undefined add_properties_query<wesp_lib::event::fs::volume::VolumeFsctl>(void)	false	false	false
18008f040	1505	wesp_lib::notification::NotificationBuilder<wesp_lib::event::fs::volume::VolumeFsctl>::add_properties_query_from_results<wesp_lib::event::fs::volume::VolumeFsctl>	undefined add_properties_query_from_results<wesp_lib::event::fs::volume::VolumeFsctl>(void)	false	false	false
18008f630	358	wesp_lib::notification::NotificationBuilder<wesp_lib::event::thread::ThreadCreate>::add_properties_query<wesp_lib::event::thread::ThreadCreate>	undefined add_properties_query<wesp_lib::event::thread::ThreadCreate>(void)	false	false	false
18008fb70	1505	wesp_lib::notification::NotificationBuilder<wesp_lib::event::thread::ThreadCreate>::add_properties_query_from_results<wesp_lib::event::thread::ThreadCreate>	undefined add_properties_query_from_results<wesp_lib::event::thread::ThreadCreate>(void)	false	false	false
180090160	136	wesp_lib::notification::impl$12::add_properties_query::closure$0<wesp_lib::event::thread::ThreadCreate>	undefined closure$0<wesp_lib::event::thread::ThreadCreate>(void)	false	false	false
1800901f0	358	wesp_lib::notification::NotificationBuilder<wesp_lib::event::fs::file::KtmTransactionRollback>::add_properties_query<wesp_lib::event::fs::file::KtmTransactionRollback>	undefined add_properties_query<wesp_lib::event::fs::file::KtmTransactionRollback>(void)	false	false	false
180090730	1505	wesp_lib::notification::NotificationBuilder<wesp_lib::event::fs::file::KtmTransactionRollback>::add_properties_query_from_results<wesp_lib::event::fs::file::KtmTransactionRollback>	undefined add_properties_query_from_results<wesp_lib::event::fs::file::KtmTransactionRollback>(void)	false	false	false
180090d20	358	wesp_lib::notification::NotificationBuilder<wesp_lib::event::object_manager::ObHandleDuplicate>::add_properties_query<wesp_lib::event::object_manager::ObHandleDuplicate>	undefined add_properties_query<wesp_lib::event::object_manager::ObHandleDuplicate>(void)	false	false	false
180091260	1505	wesp_lib::notification::NotificationBuilder<wesp_lib::event::object_manager::ObHandleDuplicate>::add_properties_query_from_results<wesp_lib::event::object_manager::ObHandleDuplicate>	undefined add_properties_query_from_results<wesp_lib::event::object_manager::ObHandleDuplicate>(void)	false	false	false
180091850	358	wesp_lib::notification::NotificationBuilder<wesp_lib::event::thread::ThreadTerminate>::add_properties_query<wesp_lib::event::thread::ThreadTerminate>	undefined add_properties_query<wesp_lib::event::thread::ThreadTerminate>(void)	false	false	false
180091d90	1505	wesp_lib::notification::NotificationBuilder<wesp_lib::event::thread::ThreadTerminate>::add_properties_query_from_results<wesp_lib::event::thread::ThreadTerminate>	undefined add_properties_query_from_results<wesp_lib::event::thread::ThreadTerminate>(void)	false	false	false
180092380	358	wesp_lib::notification::NotificationBuilder<wesp_lib::event::registry::RegQueryKey>::add_properties_query<wesp_lib::event::registry::RegQueryKey>	undefined add_properties_query<wesp_lib::event::registry::RegQueryKey>(void)	false	false	false
1800928c0	1505	wesp_lib::notification::NotificationBuilder<wesp_lib::event::registry::RegQueryKey>::add_properties_query_from_results<wesp_lib::event::registry::RegQueryKey>	undefined add_properties_query_from_results<wesp_lib::event::registry::RegQueryKey>(void)	false	false	false
180092eb0	358	wesp_lib::notification::NotificationBuilder<wesp_lib::event::registry::save_restore::RegRestoreKey>::add_properties_query<wesp_lib::event::registry::save_restore::RegRestoreKey>	undefined add_properties_query<wesp_lib::event::registry::save_restore::RegRestoreKey>(void)	false	false	false
1800933f0	1505	wesp_lib::notification::NotificationBuilder<wesp_lib::event::registry::save_restore::RegRestoreKey>::add_properties_query_from_results<wesp_lib::event::registry::save_restore::RegRestoreKey>	undefined add_properties_query_from_results<wesp_lib::event::registry::save_restore::RegRestoreKey>(void)	false	false	false
1800939e0	358	wesp_lib::notification::NotificationBuilder<wesp_lib::event::fs::volume::VolumeMount>::add_properties_query<wesp_lib::event::fs::volume::VolumeMount>	undefined add_properties_query<wesp_lib::event::fs::volume::VolumeMount>(void)	false	false	false
180093f20	1505	wesp_lib::notification::NotificationBuilder<wesp_lib::event::fs::volume::VolumeMount>::add_properties_query_from_results<wesp_lib::event::fs::volume::VolumeMount>	undefined add_properties_query_from_results<wesp_lib::event::fs::volume::VolumeMount>(void)	false	false	false
180094510	358	wesp_lib::notification::NotificationBuilder<wesp_lib::event::registry::RegQueryValueKey>::add_properties_query<wesp_lib::event::registry::RegQueryValueKey>	undefined add_properties_query<wesp_lib::event::registry::RegQueryValueKey>(void)	false	false	false
180094a50	1505	wesp_lib::notification::NotificationBuilder<wesp_lib::event::registry::RegQueryValueKey>::add_properties_query_from_results<wesp_lib::event::registry::RegQueryValueKey>	undefined add_properties_query_from_results<wesp_lib::event::registry::RegQueryValueKey>(void)	false	false	false
180095040	358	wesp_lib::notification::NotificationBuilder<wesp_lib::event::fs::volume::VolumeDismount>::add_properties_query<wesp_lib::event::fs::volume::VolumeDismount>	undefined add_properties_query<wesp_lib::event::fs::volume::VolumeDismount>(void)	false	false	false
180095580	1505	wesp_lib::notification::NotificationBuilder<wesp_lib::event::fs::volume::VolumeDismount>::add_properties_query_from_results<wesp_lib::event::fs::volume::VolumeDismount>	undefined add_properties_query_from_results<wesp_lib::event::fs::volume::VolumeDismount>(void)	false	false	false
180095b70	358	wesp_lib::notification::NotificationBuilder<wesp_lib::event::fs::file::FileCleanup>::add_properties_query<wesp_lib::event::fs::file::FileCleanup>	undefined add_properties_query<wesp_lib::event::fs::file::FileCleanup>(void)	false	false	false
1800960b0	1505	wesp_lib::notification::NotificationBuilder<wesp_lib::event::fs::file::FileCleanup>::add_properties_query_from_results<wesp_lib::event::fs::file::FileCleanup>	undefined add_properties_query_from_results<wesp_lib::event::fs::file::FileCleanup>(void)	false	false	false
1800966a0	358	wesp_lib::notification::NotificationBuilder<wesp_lib::event::fs::pipe::PipeCreate>::add_properties_query<wesp_lib::event::fs::pipe::PipeCreate>	undefined add_properties_query<wesp_lib::event::fs::pipe::PipeCreate>(void)	false	false	false
180096be0	1505	wesp_lib::notification::NotificationBuilder<wesp_lib::event::fs::pipe::PipeCreate>::add_properties_query_from_results<wesp_lib::event::fs::pipe::PipeCreate>	undefined add_properties_query_from_results<wesp_lib::event::fs::pipe::PipeCreate>(void)	false	false	false
1800971d0	358	wesp_lib::notification::NotificationBuilder<wesp_lib::event::fs::file::KtmTransactionCommit>::add_properties_query<wesp_lib::event::fs::file::KtmTransactionCommit>	undefined add_properties_query<wesp_lib::event::fs::file::KtmTransactionCommit>(void)	false	false	false
180097710	1505	wesp_lib::notification::NotificationBuilder<wesp_lib::event::fs::file::KtmTransactionCommit>::add_properties_query_from_results<wesp_lib::event::fs::file::KtmTransactionCommit>	undefined add_properties_query_from_results<wesp_lib::event::fs::file::KtmTransactionCommit>(void)	false	false	false
180097d00	358	wesp_lib::notification::NotificationBuilder<wesp_lib::event::registry::RegEnumKey>::add_properties_query<wesp_lib::event::registry::RegEnumKey>	undefined add_properties_query<wesp_lib::event::registry::RegEnumKey>(void)	false	false	false
180098240	1505	wesp_lib::notification::NotificationBuilder<wesp_lib::event::registry::RegEnumKey>::add_properties_query_from_results<wesp_lib::event::registry::RegEnumKey>	undefined add_properties_query_from_results<wesp_lib::event::registry::RegEnumKey>(void)	false	false	false
180098830	358	wesp_lib::notification::NotificationBuilder<wesp_lib::event::object_manager::ObHandleCreate>::add_properties_query<wesp_lib::event::object_manager::ObHandleCreate>	undefined add_properties_query<wesp_lib::event::object_manager::ObHandleCreate>(void)	false	false	false
180098d70	1505	wesp_lib::notification::NotificationBuilder<wesp_lib::event::object_manager::ObHandleCreate>::add_properties_query_from_results<wesp_lib::event::object_manager::ObHandleCreate>	undefined add_properties_query_from_results<wesp_lib::event::object_manager::ObHandleCreate>(void)	false	false	false
180099360	358	wesp_lib::notification::NotificationBuilder<wesp_lib::event::registry::RegCreateKey>::add_properties_query<wesp_lib::event::registry::RegCreateKey>	undefined add_properties_query<wesp_lib::event::registry::RegCreateKey>(void)	false	false	false
1800998a0	1505	wesp_lib::notification::NotificationBuilder<wesp_lib::event::registry::RegCreateKey>::add_properties_query_from_results<wesp_lib::event::registry::RegCreateKey>	undefined add_properties_query_from_results<wesp_lib::event::registry::RegCreateKey>(void)	false	false	false
180099e90	358	wesp_lib::notification::NotificationBuilder<wesp_lib::event::fs::file::FileFsctl>::add_properties_query<wesp_lib::event::fs::file::FileFsctl>	undefined add_properties_query<wesp_lib::event::fs::file::FileFsctl>(void)	false	false	false
18009a3d0	1505	wesp_lib::notification::NotificationBuilder<wesp_lib::event::fs::file::FileFsctl>::add_properties_query_from_results<wesp_lib::event::fs::file::FileFsctl>	undefined add_properties_query_from_results<wesp_lib::event::fs::file::FileFsctl>(void)	false	false	false
18009a9c0	358	wesp_lib::notification::NotificationBuilder<wesp_lib::event::fs::file::FileLock>::add_properties_query<wesp_lib::event::fs::file::FileLock>	undefined add_properties_query<wesp_lib::event::fs::file::FileLock>(void)	false	false	false
18009af00	1505	wesp_lib::notification::NotificationBuilder<wesp_lib::event::fs::file::FileLock>::add_properties_query_from_results<wesp_lib::event::fs::file::FileLock>	undefined add_properties_query_from_results<wesp_lib::event::fs::file::FileLock>(void)	false	false	false
18009b4f0	358	wesp_lib::notification::NotificationBuilder<wesp_lib::event::process::ProcessLoadImage>::add_properties_query<wesp_lib::event::process::ProcessLoadImage>	undefined add_properties_query<wesp_lib::event::process::ProcessLoadImage>(void)	false	false	false
18009ba30	1505	wesp_lib::notification::NotificationBuilder<wesp_lib::event::process::ProcessLoadImage>::add_properties_query_from_results<wesp_lib::event::process::ProcessLoadImage>	undefined add_properties_query_from_results<wesp_lib::event::process::ProcessLoadImage>(void)	false	false	false
18009c020	358	wesp_lib::notification::NotificationBuilder<wesp_lib::event::thread::ThreadStart>::add_properties_query<wesp_lib::event::thread::ThreadStart>	undefined add_properties_query<wesp_lib::event::thread::ThreadStart>(void)	false	false	false
18009c560	1505	wesp_lib::notification::NotificationBuilder<wesp_lib::event::thread::ThreadStart>::add_properties_query_from_results<wesp_lib::event::thread::ThreadStart>	undefined add_properties_query_from_results<wesp_lib::event::thread::ThreadStart>(void)	false	false	false
18009cb50	358	wesp_lib::notification::NotificationBuilder<wesp_lib::event::registry::RegDeleteValueKey>::add_properties_query<wesp_lib::event::registry::RegDeleteValueKey>	undefined add_properties_query<wesp_lib::event::registry::RegDeleteValueKey>(void)	false	false	false
18009d090	1505	wesp_lib::notification::NotificationBuilder<wesp_lib::event::registry::RegDeleteValueKey>::add_properties_query_from_results<wesp_lib::event::registry::RegDeleteValueKey>	undefined add_properties_query_from_results<wesp_lib::event::registry::RegDeleteValueKey>(void)	false	false	false
18009d680	358	wesp_lib::notification::NotificationBuilder<wesp_lib::event::registry::RegLoadKey>::add_properties_query<wesp_lib::event::registry::RegLoadKey>	undefined add_properties_query<wesp_lib::event::registry::RegLoadKey>(void)	false	false	false
18009dbc0	1505	wesp_lib::notification::NotificationBuilder<wesp_lib::event::registry::RegLoadKey>::add_properties_query_from_results<wesp_lib::event::registry::RegLoadKey>	undefined add_properties_query_from_results<wesp_lib::event::registry::RegLoadKey>(void)	false	false	false
18009e1b0	358	wesp_lib::notification::NotificationBuilder<wesp_lib::event::registry::RegOpenKey>::add_properties_query<wesp_lib::event::registry::RegOpenKey>	undefined add_properties_query<wesp_lib::event::registry::RegOpenKey>(void)	false	false	false
18009e6f0	1505	wesp_lib::notification::NotificationBuilder<wesp_lib::event::registry::RegOpenKey>::add_properties_query_from_results<wesp_lib::event::registry::RegOpenKey>	undefined add_properties_query_from_results<wesp_lib::event::registry::RegOpenKey>(void)	false	false	false
18009ece0	358	wesp_lib::notification::NotificationBuilder<wesp_lib::event::process::ProcessCreate>::add_properties_query<wesp_lib::event::process::ProcessCreate>	undefined add_properties_query<wesp_lib::event::process::ProcessCreate>(void)	false	false	false
18009f220	1505	wesp_lib::notification::NotificationBuilder<wesp_lib::event::process::ProcessCreate>::add_properties_query_from_results<wesp_lib::event::process::ProcessCreate>	undefined add_properties_query_from_results<wesp_lib::event::process::ProcessCreate>(void)	false	false	false
18009f810	358	wesp_lib::notification::NotificationBuilder<wesp_lib::event::registry::RegSetKeySecurity>::add_properties_query<wesp_lib::event::registry::RegSetKeySecurity>	undefined add_properties_query<wesp_lib::event::registry::RegSetKeySecurity>(void)	false	false	false
18009fd50	1505	wesp_lib::notification::NotificationBuilder<wesp_lib::event::registry::RegSetKeySecurity>::add_properties_query_from_results<wesp_lib::event::registry::RegSetKeySecurity>	undefined add_properties_query_from_results<wesp_lib::event::registry::RegSetKeySecurity>(void)	false	false	false
1800a0340	358	wesp_lib::notification::NotificationBuilder<wesp_lib::event::registry::RegEnumValueKey>::add_properties_query<wesp_lib::event::registry::RegEnumValueKey>	undefined add_properties_query<wesp_lib::event::registry::RegEnumValueKey>(void)	false	false	false
1800a0880	1505	wesp_lib::notification::NotificationBuilder<wesp_lib::event::registry::RegEnumValueKey>::add_properties_query_from_results<wesp_lib::event::registry::RegEnumValueKey>	undefined add_properties_query_from_results<wesp_lib::event::registry::RegEnumValueKey>(void)	false	false	false
1800a0e70	358	wesp_lib::notification::NotificationBuilder<wesp_lib::event::registry::RegRenameKey>::add_properties_query<wesp_lib::event::registry::RegRenameKey>	undefined add_properties_query<wesp_lib::event::registry::RegRenameKey>(void)	false	false	false
1800a13b0	1505	wesp_lib::notification::NotificationBuilder<wesp_lib::event::registry::RegRenameKey>::add_properties_query_from_results<wesp_lib::event::registry::RegRenameKey>	undefined add_properties_query_from_results<wesp_lib::event::registry::RegRenameKey>(void)	false	false	false
1800a19a0	358	wesp_lib::notification::NotificationBuilder<wesp_lib::event::fs::file::FileCreate>::add_properties_query<wesp_lib::event::fs::file::FileCreate>	undefined add_properties_query<wesp_lib::event::fs::file::FileCreate>(void)	false	false	false
1800a1ee0	1505	wesp_lib::notification::NotificationBuilder<wesp_lib::event::fs::file::FileCreate>::add_properties_query_from_results<wesp_lib::event::fs::file::FileCreate>	undefined add_properties_query_from_results<wesp_lib::event::fs::file::FileCreate>(void)	false	false	false
1800a24d0	358	wesp_lib::notification::NotificationBuilder<wesp_lib::event::fs::file::FileRead>::add_properties_query<wesp_lib::event::fs::file::FileRead>	undefined add_properties_query<wesp_lib::event::fs::file::FileRead>(void)	false	false	false
1800a2a10	1505	wesp_lib::notification::NotificationBuilder<wesp_lib::event::fs::file::FileRead>::add_properties_query_from_results<wesp_lib::event::fs::file::FileRead>	undefined add_properties_query_from_results<wesp_lib::event::fs::file::FileRead>(void)	false	false	false
1800a3000	1345	wesp_lib::notification::NotificationBuilder<wesp_lib::event::fs::file::FileSetInformation>::init_file_object_info<wesp_lib::event::fs::file::FileSetInformation>	undefined init_file_object_info<wesp_lib::event::fs::file::FileSetInformation>(void)	false	false	false
1800a39e0	1773	wesp_lib::notification::NotificationBuilder<wesp_lib::event::fs::file::FileSetInformation>::init_file_stream_info<wesp_lib::event::fs::file::FileSetInformation>	undefined init_file_stream_info<wesp_lib::event::fs::file::FileSetInformation>(void)	false	false	false
1800a40d0	1021	wesp_lib::notification::NotificationBuilder<wesp_lib::event::fs::file::FileSetInformation>::init_volume_info<wesp_lib::event::fs::file::FileSetInformation>	undefined init_volume_info<wesp_lib::event::fs::file::FileSetInformation>(void)	false	false	false
1800a44d0	1773	wesp_lib::notification::NotificationBuilder<wesp_lib::event::registry::save_restore::RegRestoreKey>::init_file_stream_info<wesp_lib::event::registry::save_restore::RegRestoreKey>	undefined init_file_stream_info<wesp_lib::event::registry::save_restore::RegRestoreKey>(void)	false	false	false
1800a4bc0	1021	wesp_lib::notification::NotificationBuilder<wesp_lib::event::registry::save_restore::RegRestoreKey>::init_volume_info<wesp_lib::event::registry::save_restore::RegRestoreKey>	undefined init_volume_info<wesp_lib::event::registry::save_restore::RegRestoreKey>(void)	false	false	false
1800a4fc0	1773	wesp_lib::notification::NotificationBuilder<wesp_lib::event::registry::save_restore::RegSaveKey>::init_file_stream_info<wesp_lib::event::registry::save_restore::RegSaveKey>	undefined init_file_stream_info<wesp_lib::event::registry::save_restore::RegSaveKey>(void)	false	false	false
1800a56b0	1021	wesp_lib::notification::NotificationBuilder<wesp_lib::event::registry::save_restore::RegSaveKey>::init_volume_info<wesp_lib::event::registry::save_restore::RegSaveKey>	undefined init_volume_info<wesp_lib::event::registry::save_restore::RegSaveKey>(void)	false	false	false
1800a5ab0	1773	wesp_lib::notification::NotificationBuilder<wesp_lib::event::fs::mailslot::MailslotCreate>::init_file_stream_info<wesp_lib::event::fs::mailslot::MailslotCreate>	undefined init_file_stream_info<wesp_lib::event::fs::mailslot::MailslotCreate>(void)	false	false	false
1800a61a0	1021	wesp_lib::notification::NotificationBuilder<wesp_lib::event::fs::mailslot::MailslotCreate>::init_volume_info<wesp_lib::event::fs::mailslot::MailslotCreate>	undefined init_volume_info<wesp_lib::event::fs::mailslot::MailslotCreate>(void)	false	false	false
1800a65a0	2363	wesp_lib::notification::NotificationBuilder<wesp_lib::event::fs::mailslot::MailslotCreate>::init_process_chain<wesp_lib::event::fs::mailslot::MailslotCreate>	undefined init_process_chain<wesp_lib::event::fs::mailslot::MailslotCreate>(void)	false	false	false
1800a6f00	878	wesp_lib::notification::NotificationBuilder<wesp_lib::event::fs::mailslot::MailslotCreate>::init_thread_info<wesp_lib::event::fs::mailslot::MailslotCreate>	undefined init_thread_info<wesp_lib::event::fs::mailslot::MailslotCreate>(void)	false	false	false
1800a7270	1773	wesp_lib::notification::NotificationBuilder<wesp_lib::event::fs::file::FileSetSecurity>::init_file_stream_info<wesp_lib::event::fs::file::FileSetSecurity>	undefined init_file_stream_info<wesp_lib::event::fs::file::FileSetSecurity>(void)	false	false	false
1800a7960	1021	wesp_lib::notification::NotificationBuilder<wesp_lib::event::fs::file::FileSetSecurity>::init_volume_info<wesp_lib::event::fs::file::FileSetSecurity>	undefined init_volume_info<wesp_lib::event::fs::file::FileSetSecurity>(void)	false	false	false
1800a7d60	2363	wesp_lib::notification::NotificationBuilder<wesp_lib::event::fs::file::FileSetSecurity>::init_process_chain<wesp_lib::event::fs::file::FileSetSecurity>	undefined init_process_chain<wesp_lib::event::fs::file::FileSetSecurity>(void)	false	false	false
1800a86c0	878	wesp_lib::notification::NotificationBuilder<wesp_lib::event::fs::file::FileSetSecurity>::init_thread_info<wesp_lib::event::fs::file::FileSetSecurity>	undefined init_thread_info<wesp_lib::event::fs::file::FileSetSecurity>(void)	false	false	false
1800a8a30	546	wesp_lib::notification::NotificationBuilder<wesp_lib::event::fs::file::FileSetSecurity>::init_token_info_ptr<wesp_lib::event::fs::file::FileSetSecurity>	undefined init_token_info_ptr<wesp_lib::event::fs::file::FileSetSecurity>(void)	false	false	false
1800a8c60	1773	wesp_lib::notification::NotificationBuilder<wesp_lib::event::fs::file::FileWrite>::init_file_stream_info<wesp_lib::event::fs::file::FileWrite>	undefined init_file_stream_info<wesp_lib::event::fs::file::FileWrite>(void)	false	false	false
1800a9350	1021	wesp_lib::notification::NotificationBuilder<wesp_lib::event::fs::file::FileWrite>::init_volume_info<wesp_lib::event::fs::file::FileWrite>	undefined init_volume_info<wesp_lib::event::fs::file::FileWrite>(void)	false	false	false
1800a9750	2363	wesp_lib::notification::NotificationBuilder<wesp_lib::event::fs::file::FileWrite>::init_process_chain<wesp_lib::event::fs::file::FileWrite>	undefined init_process_chain<wesp_lib::event::fs::file::FileWrite>(void)	false	false	false
1800aa0b0	878	wesp_lib::notification::NotificationBuilder<wesp_lib::event::fs::file::FileWrite>::init_thread_info<wesp_lib::event::fs::file::FileWrite>	undefined init_thread_info<wesp_lib::event::fs::file::FileWrite>(void)	false	false	false
1800aa420	546	wesp_lib::notification::NotificationBuilder<wesp_lib::event::fs::file::FileWrite>::init_token_info_ptr<wesp_lib::event::fs::file::FileWrite>	undefined init_token_info_ptr<wesp_lib::event::fs::file::FileWrite>(void)	false	false	false
1800aa650	1773	wesp_lib::notification::NotificationBuilder<wesp_lib::event::fs::volume::VolumeMount>::init_file_stream_info<wesp_lib::event::fs::volume::VolumeMount>	undefined init_file_stream_info<wesp_lib::event::fs::volume::VolumeMount>(void)	false	false	false
1800aad40	2363	wesp_lib::notification::NotificationBuilder<wesp_lib::event::fs::volume::VolumeMount>::init_process_chain<wesp_lib::event::fs::volume::VolumeMount>	undefined init_process_chain<wesp_lib::event::fs::volume::VolumeMount>(void)	false	false	false
1800ab6a0	878	wesp_lib::notification::NotificationBuilder<wesp_lib::event::fs::volume::VolumeMount>::init_thread_info<wesp_lib::event::fs::volume::VolumeMount>	undefined init_thread_info<wesp_lib::event::fs::volume::VolumeMount>(void)	false	false	false
1800aba10	546	wesp_lib::notification::NotificationBuilder<wesp_lib::event::fs::volume::VolumeMount>::init_token_info_ptr<wesp_lib::event::fs::volume::VolumeMount>	undefined init_token_info_ptr<wesp_lib::event::fs::volume::VolumeMount>(void)	false	false	false
1800abc40	1773	wesp_lib::notification::NotificationBuilder<wesp_lib::event::fs::file::FileCreateSection>::init_file_stream_info<wesp_lib::event::fs::file::FileCreateSection>	undefined init_file_stream_info<wesp_lib::event::fs::file::FileCreateSection>(void)	false	false	false
1800ac330	1021	wesp_lib::notification::NotificationBuilder<wesp_lib::event::fs::file::FileCreateSection>::init_volume_info<wesp_lib::event::fs::file::FileCreateSection>	undefined init_volume_info<wesp_lib::event::fs::file::FileCreateSection>(void)	false	false	false
1800ac730	2363	wesp_lib::notification::NotificationBuilder<wesp_lib::event::fs::file::FileCreateSection>::init_process_chain<wesp_lib::event::fs::file::FileCreateSection>	undefined init_process_chain<wesp_lib::event::fs::file::FileCreateSection>(void)	false	false	false
1800ad090	878	wesp_lib::notification::NotificationBuilder<wesp_lib::event::fs::file::FileCreateSection>::init_thread_info<wesp_lib::event::fs::file::FileCreateSection>	undefined init_thread_info<wesp_lib::event::fs::file::FileCreateSection>(void)	false	false	false
1800ad400	546	wesp_lib::notification::NotificationBuilder<wesp_lib::event::fs::file::FileCreateSection>::init_token_info_ptr<wesp_lib::event::fs::file::FileCreateSection>	undefined init_token_info_ptr<wesp_lib::event::fs::file::FileCreateSection>(void)	false	false	false
1800ad630	1773	wesp_lib::notification::NotificationBuilder<wesp_lib::event::fs::file::SetEa>::init_file_stream_info<wesp_lib::event::fs::file::SetEa>	undefined init_file_stream_info<wesp_lib::event::fs::file::SetEa>(void)	false	false	false
1800add20	1021	wesp_lib::notification::NotificationBuilder<wesp_lib::event::fs::file::SetEa>::init_volume_info<wesp_lib::event::fs::file::SetEa>	undefined init_volume_info<wesp_lib::event::fs::file::SetEa>(void)	false	false	false
1800ae120	2363	wesp_lib::notification::NotificationBuilder<wesp_lib::event::fs::file::SetEa>::init_process_chain<wesp_lib::event::fs::file::SetEa>	undefined init_process_chain<wesp_lib::event::fs::file::SetEa>(void)	false	false	false
1800aea80	878	wesp_lib::notification::NotificationBuilder<wesp_lib::event::fs::file::SetEa>::init_thread_info<wesp_lib::event::fs::file::SetEa>	undefined init_thread_info<wesp_lib::event::fs::file::SetEa>(void)	false	false	false
1800aedf0	546	wesp_lib::notification::NotificationBuilder<wesp_lib::event::fs::file::SetEa>::init_token_info_ptr<wesp_lib::event::fs::file::SetEa>	undefined init_token_info_ptr<wesp_lib::event::fs::file::SetEa>(void)	false	false	false
1800af020	1773	wesp_lib::notification::NotificationBuilder<wesp_lib::event::fs::file::FileCreate>::init_file_stream_info<wesp_lib::event::fs::file::FileCreate>	undefined init_file_stream_info<wesp_lib::event::fs::file::FileCreate>(void)	false	false	false
1800af710	1021	wesp_lib::notification::NotificationBuilder<wesp_lib::event::fs::file::FileCreate>::init_volume_info<wesp_lib::event::fs::file::FileCreate>	undefined init_volume_info<wesp_lib::event::fs::file::FileCreate>(void)	false	false	false
1800afb10	2363	wesp_lib::notification::NotificationBuilder<wesp_lib::event::fs::file::FileCreate>::init_process_chain<wesp_lib::event::fs::file::FileCreate>	undefined init_process_chain<wesp_lib::event::fs::file::FileCreate>(void)	false	false	false
1800b0470	878	wesp_lib::notification::NotificationBuilder<wesp_lib::event::fs::file::FileCreate>::init_thread_info<wesp_lib::event::fs::file::FileCreate>	undefined init_thread_info<wesp_lib::event::fs::file::FileCreate>(void)	false	false	false
1800b07e0	2363	wesp_lib::notification::NotificationBuilder<wesp_lib::event::fs::file::FileSetInformation>::init_process_chain<wesp_lib::event::fs::file::FileSetInformation>	undefined init_process_chain<wesp_lib::event::fs::file::FileSetInformation>(void)	false	false	false
1800b1140	878	wesp_lib::notification::NotificationBuilder<wesp_lib::event::fs::file::FileSetInformation>::init_thread_info<wesp_lib::event::fs::file::FileSetInformation>	undefined init_thread_info<wesp_lib::event::fs::file::FileSetInformation>(void)	false	false	false
1800b14b0	546	wesp_lib::notification::NotificationBuilder<wesp_lib::event::fs::file::FileSetInformation>::init_token_info_ptr<wesp_lib::event::fs::file::FileSetInformation>	undefined init_token_info_ptr<wesp_lib::event::fs::file::FileSetInformation>(void)	false	false	false
1800b16e0	1773	wesp_lib::notification::NotificationBuilder<wesp_lib::event::fs::file::FileQueryDirectoryInformation>::init_file_stream_info<wesp_lib::event::fs::file::FileQueryDirectoryInformation>	undefined init_file_stream_info<wesp_lib::event::fs::file::FileQueryDirectoryInformation>(void)	false	false	false
1800b1dd0	1021	wesp_lib::notification::NotificationBuilder<wesp_lib::event::fs::file::FileQueryDirectoryInformation>::init_volume_info<wesp_lib::event::fs::file::FileQueryDirectoryInformation>	undefined init_volume_info<wesp_lib::event::fs::file::FileQueryDirectoryInformation>(void)	false	false	false
1800b21d0	2363	wesp_lib::notification::NotificationBuilder<wesp_lib::event::fs::file::FileQueryDirectoryInformation>::init_process_chain<wesp_lib::event::fs::file::FileQueryDirectoryInformation>	undefined init_process_chain<wesp_lib::event::fs::file::FileQueryDirectoryInformation>(void)	false	false	false
1800b2b30	878	wesp_lib::notification::NotificationBuilder<wesp_lib::event::fs::file::FileQueryDirectoryInformation>::init_thread_info<wesp_lib::event::fs::file::FileQueryDirectoryInformation>	undefined init_thread_info<wesp_lib::event::fs::file::FileQueryDirectoryInformation>(void)	false	false	false
1800b2ea0	546	wesp_lib::notification::NotificationBuilder<wesp_lib::event::fs::file::FileQueryDirectoryInformation>::init_token_info_ptr<wesp_lib::event::fs::file::FileQueryDirectoryInformation>	undefined init_token_info_ptr<wesp_lib::event::fs::file::FileQueryDirectoryInformation>(void)	false	false	false
1800b30d0	878	wesp_lib::notification::NotificationBuilder<wesp_lib::event::fs::file::FileLock>::init_thread_info<wesp_lib::event::fs::file::FileLock>	undefined init_thread_info<wesp_lib::event::fs::file::FileLock>(void)	false	false	false
1800b3440	1773	wesp_lib::notification::NotificationBuilder<wesp_lib::event::fs::pipe::PipeCreate>::init_file_stream_info<wesp_lib::event::fs::pipe::PipeCreate>	undefined init_file_stream_info<wesp_lib::event::fs::pipe::PipeCreate>(void)	false	false	false
1800b3b30	1021	wesp_lib::notification::NotificationBuilder<wesp_lib::event::fs::pipe::PipeCreate>::init_volume_info<wesp_lib::event::fs::pipe::PipeCreate>	undefined init_volume_info<wesp_lib::event::fs::pipe::PipeCreate>(void)	false	false	false
1800b3f30	2363	wesp_lib::notification::NotificationBuilder<wesp_lib::event::fs::pipe::PipeCreate>::init_process_chain<wesp_lib::event::fs::pipe::PipeCreate>	undefined init_process_chain<wesp_lib::event::fs::pipe::PipeCreate>(void)	false	false	false
1800b4890	878	wesp_lib::notification::NotificationBuilder<wesp_lib::event::fs::pipe::PipeCreate>::init_thread_info<wesp_lib::event::fs::pipe::PipeCreate>	undefined init_thread_info<wesp_lib::event::fs::pipe::PipeCreate>(void)	false	false	false
1800b4c00	1773	wesp_lib::notification::NotificationBuilder<wesp_lib::event::fs::file::FileQueryOpen>::init_file_stream_info<wesp_lib::event::fs::file::FileQueryOpen>	undefined init_file_stream_info<wesp_lib::event::fs::file::FileQueryOpen>(void)	false	false	false
1800b52f0	1021	wesp_lib::notification::NotificationBuilder<wesp_lib::event::fs::file::FileQueryOpen>::init_volume_info<wesp_lib::event::fs::file::FileQueryOpen>	undefined init_volume_info<wesp_lib::event::fs::file::FileQueryOpen>(void)	false	false	false
1800b56f0	2363	wesp_lib::notification::NotificationBuilder<wesp_lib::event::fs::file::FileQueryOpen>::init_process_chain<wesp_lib::event::fs::file::FileQueryOpen>	undefined init_process_chain<wesp_lib::event::fs::file::FileQueryOpen>(void)	false	false	false
1800b6050	878	wesp_lib::notification::NotificationBuilder<wesp_lib::event::fs::file::FileQueryOpen>::init_thread_info<wesp_lib::event::fs::file::FileQueryOpen>	undefined init_thread_info<wesp_lib::event::fs::file::FileQueryOpen>(void)	false	false	false
1800b63c0	546	wesp_lib::notification::NotificationBuilder<wesp_lib::event::fs::file::FileQueryOpen>::init_token_info_ptr<wesp_lib::event::fs::file::FileQueryOpen>	undefined init_token_info_ptr<wesp_lib::event::fs::file::FileQueryOpen>(void)	false	false	false
1800b65f0	1773	wesp_lib::notification::NotificationBuilder<wesp_lib::event::fs::file::FileRead>::init_file_stream_info<wesp_lib::event::fs::file::FileRead>	undefined init_file_stream_info<wesp_lib::event::fs::file::FileRead>(void)	false	false	false
1800b6ce0	1021	wesp_lib::notification::NotificationBuilder<wesp_lib::event::fs::file::FileRead>::init_volume_info<wesp_lib::event::fs::file::FileRead>	undefined init_volume_info<wesp_lib::event::fs::file::FileRead>(void)	false	false	false
1800b70e0	2363	wesp_lib::notification::NotificationBuilder<wesp_lib::event::fs::file::FileRead>::init_process_chain<wesp_lib::event::fs::file::FileRead>	undefined init_process_chain<wesp_lib::event::fs::file::FileRead>(void)	false	false	false
1800b7a40	878	wesp_lib::notification::NotificationBuilder<wesp_lib::event::fs::file::FileRead>::init_thread_info<wesp_lib::event::fs::file::FileRead>	undefined init_thread_info<wesp_lib::event::fs::file::FileRead>(void)	false	false	false
1800b7db0	546	wesp_lib::notification::NotificationBuilder<wesp_lib::event::fs::file::FileRead>::init_token_info_ptr<wesp_lib::event::fs::file::FileRead>	undefined init_token_info_ptr<wesp_lib::event::fs::file::FileRead>(void)	false	false	false
1800b7fe0	878	wesp_lib::notification::NotificationBuilder<wesp_lib::event::fs::file::FileUnlock>::init_thread_info<wesp_lib::event::fs::file::FileUnlock>	undefined init_thread_info<wesp_lib::event::fs::file::FileUnlock>(void)	false	false	false
1800b8350	1773	wesp_lib::notification::NotificationBuilder<wesp_lib::event::fs::file::FileOpen>::init_file_stream_info<wesp_lib::event::fs::file::FileOpen>	undefined init_file_stream_info<wesp_lib::event::fs::file::FileOpen>(void)	false	false	false
1800b8a40	1021	wesp_lib::notification::NotificationBuilder<wesp_lib::event::fs::file::FileOpen>::init_volume_info<wesp_lib::event::fs::file::FileOpen>	undefined init_volume_info<wesp_lib::event::fs::file::FileOpen>(void)	false	false	false
1800b8e40	2363	wesp_lib::notification::NotificationBuilder<wesp_lib::event::fs::file::FileOpen>::init_process_chain<wesp_lib::event::fs::file::FileOpen>	undefined init_process_chain<wesp_lib::event::fs::file::FileOpen>(void)	false	false	false
1800b97a0	878	wesp_lib::notification::NotificationBuilder<wesp_lib::event::fs::file::FileOpen>::init_thread_info<wesp_lib::event::fs::file::FileOpen>	undefined init_thread_info<wesp_lib::event::fs::file::FileOpen>(void)	false	false	false
1800b9b10	1773	wesp_lib::notification::NotificationBuilder<wesp_lib::event::fs::file::FileCleanup>::init_file_stream_info<wesp_lib::event::fs::file::FileCleanup>	undefined init_file_stream_info<wesp_lib::event::fs::file::FileCleanup>(void)	false	false	false
1800ba200	1021	wesp_lib::notification::NotificationBuilder<wesp_lib::event::fs::file::FileCleanup>::init_volume_info<wesp_lib::event::fs::file::FileCleanup>	undefined init_volume_info<wesp_lib::event::fs::file::FileCleanup>(void)	false	false	false
1800ba600	2363	wesp_lib::notification::NotificationBuilder<wesp_lib::event::fs::file::FileCleanup>::init_process_chain<wesp_lib::event::fs::file::FileCleanup>	undefined init_process_chain<wesp_lib::event::fs::file::FileCleanup>(void)	false	false	false
1800baf60	878	wesp_lib::notification::NotificationBuilder<wesp_lib::event::fs::file::FileCleanup>::init_thread_info<wesp_lib::event::fs::file::FileCleanup>	undefined init_thread_info<wesp_lib::event::fs::file::FileCleanup>(void)	false	false	false
1800bb2d0	546	wesp_lib::notification::NotificationBuilder<wesp_lib::event::fs::file::FileCleanup>::init_token_info_ptr<wesp_lib::event::fs::file::FileCleanup>	undefined init_token_info_ptr<wesp_lib::event::fs::file::FileCleanup>(void)	false	false	false
1800bb500	1773	wesp_lib::notification::NotificationBuilder<wesp_lib::event::fs::file::FileFsctl>::init_file_stream_info<wesp_lib::event::fs::file::FileFsctl>	undefined init_file_stream_info<wesp_lib::event::fs::file::FileFsctl>(void)	false	false	false
1800bbbf0	1021	wesp_lib::notification::NotificationBuilder<wesp_lib::event::fs::file::FileFsctl>::init_volume_info<wesp_lib::event::fs::file::FileFsctl>	undefined init_volume_info<wesp_lib::event::fs::file::FileFsctl>(void)	false	false	false
1800bbff0	2363	wesp_lib::notification::NotificationBuilder<wesp_lib::event::fs::file::FileFsctl>::init_process_chain<wesp_lib::event::fs::file::FileFsctl>	undefined init_process_chain<wesp_lib::event::fs::file::FileFsctl>(void)	false	false	false
1800bc950	878	wesp_lib::notification::NotificationBuilder<wesp_lib::event::fs::file::FileFsctl>::init_thread_info<wesp_lib::event::fs::file::FileFsctl>	undefined init_thread_info<wesp_lib::event::fs::file::FileFsctl>(void)	false	false	false
1800bccc0	546	wesp_lib::notification::NotificationBuilder<wesp_lib::event::fs::file::FileFsctl>::init_token_info_ptr<wesp_lib::event::fs::file::FileFsctl>	undefined init_token_info_ptr<wesp_lib::event::fs::file::FileFsctl>(void)	false	false	false
1800bcef0	1773	wesp_lib::notification::NotificationBuilder<wesp_lib::event::fs::file::FileQueryInformation>::init_file_stream_info<wesp_lib::event::fs::file::FileQueryInformation>	undefined init_file_stream_info<wesp_lib::event::fs::file::FileQueryInformation>(void)	false	false	false
1800bd5e0	1021	wesp_lib::notification::NotificationBuilder<wesp_lib::event::fs::file::FileQueryInformation>::init_volume_info<wesp_lib::event::fs::file::FileQueryInformation>	undefined init_volume_info<wesp_lib::event::fs::file::FileQueryInformation>(void)	false	false	false
1800bd9e0	2363	wesp_lib::notification::NotificationBuilder<wesp_lib::event::fs::file::FileQueryInformation>::init_process_chain<wesp_lib::event::fs::file::FileQueryInformation>	undefined init_process_chain<wesp_lib::event::fs::file::FileQueryInformation>(void)	false	false	false
1800be340	878	wesp_lib::notification::NotificationBuilder<wesp_lib::event::fs::file::FileQueryInformation>::init_thread_info<wesp_lib::event::fs::file::FileQueryInformation>	undefined init_thread_info<wesp_lib::event::fs::file::FileQueryInformation>(void)	false	false	false
1800be6b0	546	wesp_lib::notification::NotificationBuilder<wesp_lib::event::fs::file::FileQueryInformation>::init_token_info_ptr<wesp_lib::event::fs::file::FileQueryInformation>	undefined init_token_info_ptr<wesp_lib::event::fs::file::FileQueryInformation>(void)	false	false	false
1800be8e0	1773	wesp_lib::notification::NotificationBuilder<wesp_lib::event::fs::volume::VolumeFsctl>::init_file_stream_info<wesp_lib::event::fs::volume::VolumeFsctl>	undefined init_file_stream_info<wesp_lib::event::fs::volume::VolumeFsctl>(void)	false	false	false
1800befd0	2363	wesp_lib::notification::NotificationBuilder<wesp_lib::event::fs::volume::VolumeFsctl>::init_process_chain<wesp_lib::event::fs::volume::VolumeFsctl>	undefined init_process_chain<wesp_lib::event::fs::volume::VolumeFsctl>(void)	false	false	false
1800bf930	878	wesp_lib::notification::NotificationBuilder<wesp_lib::event::fs::volume::VolumeFsctl>::init_thread_info<wesp_lib::event::fs::volume::VolumeFsctl>	undefined init_thread_info<wesp_lib::event::fs::volume::VolumeFsctl>(void)	false	false	false
1800bfca0	546	wesp_lib::notification::NotificationBuilder<wesp_lib::event::fs::volume::VolumeFsctl>::init_token_info_ptr<wesp_lib::event::fs::volume::VolumeFsctl>	undefined init_token_info_ptr<wesp_lib::event::fs::volume::VolumeFsctl>(void)	false	false	false
1800bfed0	239	core::ptr::drop_in_place<enum2$<wesp_lib::path::Path>_>	undefined drop_in_place<enum2$<wesp_lib::path::Path>_>(void)	false	false	false
1800c00f0	11768	wesp_lib::notification::NotificationBuilder<wesp_lib::event::fs::file::FileCreate>::build<wesp_lib::event::fs::file::FileCreate>	undefined build<wesp_lib::event::fs::file::FileCreate>(void)	false	false	false
1800c3480	63	wesp_lib::notification::builder::NotificationRegionMaybeUninitSlice<wesp_api_types::internal::_ESP_POINTER_FIXUP>::offset<wesp_api_types::internal::_ESP_POINTER_FIXUP>	undefined offset<wesp_api_types::internal::_ESP_POINTER_FIXUP>(void)	false	false	false
1800c34c0	13185	wesp_lib::notification::NotificationBuilder<wesp_lib::event::fs::file::SetEa>::build<wesp_lib::event::fs::file::SetEa>	undefined build<wesp_lib::event::fs::file::SetEa>(void)	false	false	false
1800c6da0	4941	wesp_lib::notification::NotificationBuilder<wesp_lib::event::registry::RegOpenKey>::init_process_chain<wesp_lib::event::registry::RegOpenKey>	undefined init_process_chain<wesp_lib::event::registry::RegOpenKey>(void)	false	false	false
1800c8120	546	wesp_lib::notification::NotificationBuilder<wesp_lib::event::registry::RegOpenKey>::init_token_info_ptr<wesp_lib::event::registry::RegOpenKey>	undefined init_token_info_ptr<wesp_lib::event::registry::RegOpenKey>(void)	false	false	false
1800c8350	4941	wesp_lib::notification::NotificationBuilder<wesp_lib::event::registry::RegQueryKey>::init_process_chain<wesp_lib::event::registry::RegQueryKey>	undefined init_process_chain<wesp_lib::event::registry::RegQueryKey>(void)	false	false	false
1800c96d0	546	wesp_lib::notification::NotificationBuilder<wesp_lib::event::registry::RegQueryKey>::init_token_info_ptr<wesp_lib::event::registry::RegQueryKey>	undefined init_token_info_ptr<wesp_lib::event::registry::RegQueryKey>(void)	false	false	false
1800c9900	4941	wesp_lib::notification::NotificationBuilder<wesp_lib::event::fs::file::KtmTransactionCommit>::init_process_chain<wesp_lib::event::fs::file::KtmTransactionCommit>	undefined init_process_chain<wesp_lib::event::fs::file::KtmTransactionCommit>(void)	false	false	false
1800cac80	546	wesp_lib::notification::NotificationBuilder<wesp_lib::event::fs::file::KtmTransactionCommit>::init_token_info_ptr<wesp_lib::event::fs::file::KtmTransactionCommit>	undefined init_token_info_ptr<wesp_lib::event::fs::file::KtmTransactionCommit>(void)	false	false	false
1800caeb0	129	wesp_lib::notification::impl$12::build::closure$0<wesp_lib::event::fs::file::FileUnlock>	undefined closure$0<wesp_lib::event::fs::file::FileUnlock>(void)	false	false	false
1800caf40	4941	wesp_lib::notification::NotificationBuilder<wesp_lib::event::registry::RegSetValueKey>::init_process_chain<wesp_lib::event::registry::RegSetValueKey>	undefined init_process_chain<wesp_lib::event::registry::RegSetValueKey>(void)	false	false	false
1800cc2c0	546	wesp_lib::notification::NotificationBuilder<wesp_lib::event::registry::RegSetValueKey>::init_token_info_ptr<wesp_lib::event::registry::RegSetValueKey>	undefined init_token_info_ptr<wesp_lib::event::registry::RegSetValueKey>(void)	false	false	false
1800cc4f0	2363	wesp_lib::notification::NotificationBuilder<wesp_lib::event::registry::save_restore::RegRestoreKey>::init_process_chain<wesp_lib::event::registry::save_restore::RegRestoreKey>	undefined init_process_chain<wesp_lib::event::registry::save_restore::RegRestoreKey>(void)	false	false	false
1800cce50	546	wesp_lib::notification::NotificationBuilder<wesp_lib::event::registry::save_restore::RegRestoreKey>::init_token_info_ptr<wesp_lib::event::registry::save_restore::RegRestoreKey>	undefined init_token_info_ptr<wesp_lib::event::registry::save_restore::RegRestoreKey>(void)	false	false	false
1800cd080	4941	wesp_lib::notification::NotificationBuilder<wesp_lib::event::registry::RegQueryValueKey>::init_process_chain<wesp_lib::event::registry::RegQueryValueKey>	undefined init_process_chain<wesp_lib::event::registry::RegQueryValueKey>(void)	false	false	false
1800ce400	546	wesp_lib::notification::NotificationBuilder<wesp_lib::event::registry::RegQueryValueKey>::init_token_info_ptr<wesp_lib::event::registry::RegQueryValueKey>	undefined init_token_info_ptr<wesp_lib::event::registry::RegQueryValueKey>(void)	false	false	false
1800ce630	4941	wesp_lib::notification::NotificationBuilder<wesp_lib::event::registry::RegDeleteValueKey>::init_process_chain<wesp_lib::event::registry::RegDeleteValueKey>	undefined init_process_chain<wesp_lib::event::registry::RegDeleteValueKey>(void)	false	false	false
1800cf9b0	546	wesp_lib::notification::NotificationBuilder<wesp_lib::event::registry::RegDeleteValueKey>::init_token_info_ptr<wesp_lib::event::registry::RegDeleteValueKey>	undefined init_token_info_ptr<wesp_lib::event::registry::RegDeleteValueKey>(void)	false	false	false
1800cfbe0	4941	wesp_lib::notification::NotificationBuilder<wesp_lib::event::registry::RegReplaceKey>::init_process_chain<wesp_lib::event::registry::RegReplaceKey>	undefined init_process_chain<wesp_lib::event::registry::RegReplaceKey>(void)	false	false	false
1800d0f60	546	wesp_lib::notification::NotificationBuilder<wesp_lib::event::registry::RegReplaceKey>::init_token_info_ptr<wesp_lib::event::registry::RegReplaceKey>	undefined init_token_info_ptr<wesp_lib::event::registry::RegReplaceKey>(void)	false	false	false
1800d1190	4941	wesp_lib::notification::NotificationBuilder<wesp_lib::event::registry::RegCreateKey>::init_process_chain<wesp_lib::event::registry::RegCreateKey>	undefined init_process_chain<wesp_lib::event::registry::RegCreateKey>(void)	false	false	false
1800d2510	546	wesp_lib::notification::NotificationBuilder<wesp_lib::event::registry::RegCreateKey>::init_token_info_ptr<wesp_lib::event::registry::RegCreateKey>	undefined init_token_info_ptr<wesp_lib::event::registry::RegCreateKey>(void)	false	false	false
1800d2740	4941	wesp_lib::notification::NotificationBuilder<wesp_lib::event::registry::RegEnumValueKey>::init_process_chain<wesp_lib::event::registry::RegEnumValueKey>	undefined init_process_chain<wesp_lib::event::registry::RegEnumValueKey>(void)	false	false	false
1800d3ac0	546	wesp_lib::notification::NotificationBuilder<wesp_lib::event::registry::RegEnumValueKey>::init_token_info_ptr<wesp_lib::event::registry::RegEnumValueKey>	undefined init_token_info_ptr<wesp_lib::event::registry::RegEnumValueKey>(void)	false	false	false
1800d3cf0	4941	wesp_lib::notification::NotificationBuilder<wesp_lib::event::fs::file::KtmTransactionRollback>::init_process_chain<wesp_lib::event::fs::file::KtmTransactionRollback>	undefined init_process_chain<wesp_lib::event::fs::file::KtmTransactionRollback>(void)	false	false	false
1800d5070	546	wesp_lib::notification::NotificationBuilder<wesp_lib::event::fs::file::KtmTransactionRollback>::init_token_info_ptr<wesp_lib::event::fs::file::KtmTransactionRollback>	undefined init_token_info_ptr<wesp_lib::event::fs::file::KtmTransactionRollback>(void)	false	false	false
1800d52a0	4941	wesp_lib::notification::NotificationBuilder<wesp_lib::event::registry::RegDeleteKey>::init_process_chain<wesp_lib::event::registry::RegDeleteKey>	undefined init_process_chain<wesp_lib::event::registry::RegDeleteKey>(void)	false	false	false
1800d6620	546	wesp_lib::notification::NotificationBuilder<wesp_lib::event::registry::RegDeleteKey>::init_token_info_ptr<wesp_lib::event::registry::RegDeleteKey>	undefined init_token_info_ptr<wesp_lib::event::registry::RegDeleteKey>(void)	false	false	false
1800d6850	4941	wesp_lib::notification::NotificationBuilder<wesp_lib::event::registry::RegLoadKey>::init_process_chain<wesp_lib::event::registry::RegLoadKey>	undefined init_process_chain<wesp_lib::event::registry::RegLoadKey>(void)	false	false	false
1800d7bd0	546	wesp_lib::notification::NotificationBuilder<wesp_lib::event::registry::RegLoadKey>::init_token_info_ptr<wesp_lib::event::registry::RegLoadKey>	undefined init_token_info_ptr<wesp_lib::event::registry::RegLoadKey>(void)	false	false	false
1800d7e00	4941	wesp_lib::notification::NotificationBuilder<wesp_lib::event::registry::RegRenameKey>::init_process_chain<wesp_lib::event::registry::RegRenameKey>	undefined init_process_chain<wesp_lib::event::registry::RegRenameKey>(void)	false	false	false
1800d9180	546	wesp_lib::notification::NotificationBuilder<wesp_lib::event::registry::RegRenameKey>::init_token_info_ptr<wesp_lib::event::registry::RegRenameKey>	undefined init_token_info_ptr<wesp_lib::event::registry::RegRenameKey>(void)	false	false	false
1800d93b0	4941	wesp_lib::notification::NotificationBuilder<wesp_lib::event::registry::RegEnumKey>::init_process_chain<wesp_lib::event::registry::RegEnumKey>	undefined init_process_chain<wesp_lib::event::registry::RegEnumKey>(void)	false	false	false
1800da730	546	wesp_lib::notification::NotificationBuilder<wesp_lib::event::registry::RegEnumKey>::init_token_info_ptr<wesp_lib::event::registry::RegEnumKey>	undefined init_token_info_ptr<wesp_lib::event::registry::RegEnumKey>(void)	false	false	false
1800da960	11696	wesp_lib::notification::NotificationBuilder<wesp_lib::event::fs::file::FileOpen>::build<wesp_lib::event::fs::file::FileOpen>	undefined build<wesp_lib::event::fs::file::FileOpen>(void)	false	false	false
1800ddca0	4941	wesp_lib::notification::NotificationBuilder<wesp_lib::event::registry::RegSetKeySecurity>::init_process_chain<wesp_lib::event::registry::RegSetKeySecurity>	undefined init_process_chain<wesp_lib::event::registry::RegSetKeySecurity>(void)	false	false	false
1800df020	546	wesp_lib::notification::NotificationBuilder<wesp_lib::event::registry::RegSetKeySecurity>::init_token_info_ptr<wesp_lib::event::registry::RegSetKeySecurity>	undefined init_token_info_ptr<wesp_lib::event::registry::RegSetKeySecurity>(void)	false	false	false
1800df250	2363	wesp_lib::notification::NotificationBuilder<wesp_lib::event::registry::save_restore::RegSaveKey>::init_process_chain<wesp_lib::event::registry::save_restore::RegSaveKey>	undefined init_process_chain<wesp_lib::event::registry::save_restore::RegSaveKey>(void)	false	false	false
1800dfbb0	546	wesp_lib::notification::NotificationBuilder<wesp_lib::event::registry::save_restore::RegSaveKey>::init_token_info_ptr<wesp_lib::event::registry::save_restore::RegSaveKey>	undefined init_token_info_ptr<wesp_lib::event::registry::save_restore::RegSaveKey>(void)	false	false	false
1800dfde0	4117	wesp_lib::notification::NotificationBuilder<wesp_lib::event::fs::volume::VolumeDismount>::init_process_chain<wesp_lib::event::fs::volume::VolumeDismount>	undefined init_process_chain<wesp_lib::event::fs::volume::VolumeDismount>(void)	false	false	false
1800e0e30	546	wesp_lib::notification::NotificationBuilder<wesp_lib::event::fs::volume::VolumeDismount>::init_token_info_ptr<wesp_lib::event::fs::volume::VolumeDismount>	undefined init_token_info_ptr<wesp_lib::event::fs::volume::VolumeDismount>(void)	false	false	false
1800e1060	701	wesp_lib::notification::NotificationBuilder<wesp_lib::event::process::ProcessLoadImage>::init_path<wesp_lib::event::process::ProcessLoadImage>	undefined init_path<wesp_lib::event::process::ProcessLoadImage>(void)	false	false	false
1800e1320	52	core::fmt::impl$80::fmt<enum2$<wesp_lib::property_query::PropertyQueryError>_>	undefined fmt<enum2$<wesp_lib::property_query::PropertyQueryError>_>(void)	false	false	false
1800e18e0	23	wesp_lib::property_query::impl$4::from	undefined from(void)	false	false	false
1800e19b0	523	enum2$<wesp_lib::property_query::PropertyQuery>::execute_client	undefined execute_client(void)	false	false	false
1800e1bd0	115	enum2$<wesp_lib::property_query::PropertyQuery>::execute	undefined execute(void)	false	false	false
1800e48c0	55	enum2$<wesp_lib::property_query::OwnedPropertyQuery>::from_message	undefined from_message(void)	false	false	false
1800e53f0	24	enum2$<wesp_lib::property_query::OwnedPropertyQuery>::as_ref	undefined as_ref(void)	false	false	false
1800e55b0	33	enum2$<wesp_lib::property_query::PropertyQueriedData>::total_size	undefined total_size(void)	false	false	false
1800e5860	109	wesp_lib::property_query::PropertyQueryWriter<wesp_lib::notification::NotificationWriter<wesp_lib::event::registry::RegLoadKey>_>::total_size<wesp_lib::notification::NotificationWriter<wesp_lib::event::registry::RegLoadKey>_>	undefined total_size<wesp_lib::notification::NotificationWriter<wesp_lib::event::registry::RegLoadKey>_>(void)	false	false	false
1800e58e0	109	wesp_lib::property_query::PropertyQueryWriter<wesp_lib::notification::NotificationWriter<wesp_lib::event::registry::RegReplaceKey>_>::total_size<wesp_lib::notification::NotificationWriter<wesp_lib::event::registry::RegReplaceKey>_>	undefined total_size<wesp_lib::notification::NotificationWriter<wesp_lib::event::registry::RegReplaceKey>_>(void)	false	false	false
1800e5960	109	wesp_lib::property_query::PropertyQueryWriter<wesp_lib::notification::NotificationWriter<wesp_lib::event::registry::RegDeleteKey>_>::total_size<wesp_lib::notification::NotificationWriter<wesp_lib::event::registry::RegDeleteKey>_>	undefined total_size<wesp_lib::notification::NotificationWriter<wesp_lib::event::registry::RegDeleteKey>_>(void)	false	false	false
1800e59e0	109	wesp_lib::property_query::PropertyQueryWriter<wesp_lib::notification::NotificationWriter<wesp_lib::event::fs::file::FileQueryOpen>_>::total_size<wesp_lib::notification::NotificationWriter<wesp_lib::event::fs::file::FileQueryOpen>_>	undefined total_size<wesp_lib::notification::NotificationWriter<wesp_lib::event::fs::file::FileQueryOpen>_>(void)	false	false	false
1800e5a60	109	wesp_lib::property_query::PropertyQueryWriter<wesp_lib::notification::NotificationWriter<wesp_lib::event::fs::file::FileCreateSection>_>::total_size<wesp_lib::notification::NotificationWriter<wesp_lib::event::fs::file::FileCreateSection>_>	undefined total_size<wesp_lib::notification::NotificationWriter<wesp_lib::event::fs::file::FileCreateSection>_>(void)	false	false	false
1800e5ae0	109	wesp_lib::property_query::PropertyQueryWriter<wesp_lib::notification::NotificationWriter<wesp_lib::event::fs::file::FileWrite>_>::total_size<wesp_lib::notification::NotificationWriter<wesp_lib::event::fs::file::FileWrite>_>	undefined total_size<wesp_lib::notification::NotificationWriter<wesp_lib::event::fs::file::FileWrite>_>(void)	false	false	false
1800e5b60	109	wesp_lib::property_query::PropertyQueryWriter<wesp_lib::notification::NotificationWriter<wesp_lib::event::registry::RegSetKeySecurity>_>::total_size<wesp_lib::notification::NotificationWriter<wesp_lib::event::registry::RegSetKeySecurity>_>	undefined total_size<wesp_lib::notification::NotificationWriter<wesp_lib::event::registry::RegSetKeySecurity>_>(void)	false	false	false
1800e5be0	109	wesp_lib::property_query::PropertyQueryWriter<wesp_lib::notification::NotificationWriter<wesp_lib::event::fs::file::SetEa>_>::total_size<wesp_lib::notification::NotificationWriter<wesp_lib::event::fs::file::SetEa>_>	undefined total_size<wesp_lib::notification::NotificationWriter<wesp_lib::event::fs::file::SetEa>_>(void)	false	false	false
1800e5c60	109	wesp_lib::property_query::PropertyQueryWriter<wesp_lib::notification::NotificationWriter<wesp_lib::event::registry::RegCreateKey>_>::total_size<wesp_lib::notification::NotificationWriter<wesp_lib::event::registry::RegCreateKey>_>	undefined total_size<wesp_lib::notification::NotificationWriter<wesp_lib::event::registry::RegCreateKey>_>(void)	false	false	false
1800e5ce0	109	wesp_lib::property_query::PropertyQueryWriter<wesp_lib::notification::NotificationWriter<wesp_lib::event::fs::file::FileUnlock>_>::total_size<wesp_lib::notification::NotificationWriter<wesp_lib::event::fs::file::FileUnlock>_>	undefined total_size<wesp_lib::notification::NotificationWriter<wesp_lib::event::fs::file::FileUnlock>_>(void)	false	false	false
1800e5d60	109	wesp_lib::property_query::PropertyQueryWriter<wesp_lib::notification::NotificationWriter<wesp_lib::event::fs::file::FileRead>_>::total_size<wesp_lib::notification::NotificationWriter<wesp_lib::event::fs::file::FileRead>_>	undefined total_size<wesp_lib::notification::NotificationWriter<wesp_lib::event::fs::file::FileRead>_>(void)	false	false	false
1800e5de0	109	wesp_lib::property_query::PropertyQueryWriter<wesp_lib::notification::NotificationWriter<wesp_lib::event::thread::ThreadTerminate>_>::total_size<wesp_lib::notification::NotificationWriter<wesp_lib::event::thread::ThreadTerminate>_>	undefined total_size<wesp_lib::notification::NotificationWriter<wesp_lib::event::thread::ThreadTerminate>_>(void)	false	false	false
1800e5e60	109	wesp_lib::property_query::PropertyQueryWriter<wesp_lib::notification::NotificationWriter<wesp_lib::event::registry::save_restore::RegSaveKey>_>::total_size<wesp_lib::notification::NotificationWriter<wesp_lib::event::registry::save_restore::RegSaveKey>_>	undefined total_size<wesp_lib::notification::NotificationWriter<wesp_lib::event::registry::save_restore::RegSaveKey>_>(void)	false	false	false
1800e5ee0	109	wesp_lib::property_query::PropertyQueryWriter<wesp_lib::notification::NotificationWriter<wesp_lib::event::fs::file::FileQueryInformation>_>::total_size<wesp_lib::notification::NotificationWriter<wesp_lib::event::fs::file::FileQueryInformation>_>	undefined total_size<wesp_lib::notification::NotificationWriter<wesp_lib::event::fs::file::FileQueryInformation>_>(void)	false	false	false
1800e5f60	109	wesp_lib::property_query::PropertyQueryWriter<wesp_lib::notification::NotificationWriter<wesp_lib::event::fs::volume::VolumeMount>_>::total_size<wesp_lib::notification::NotificationWriter<wesp_lib::event::fs::volume::VolumeMount>_>	undefined total_size<wesp_lib::notification::NotificationWriter<wesp_lib::event::fs::volume::VolumeMount>_>(void)	false	false	false
1800e5fe0	109	wesp_lib::property_query::PropertyQueryWriter<wesp_lib::notification::NotificationWriter<wesp_lib::event::fs::file::FileSetSecurity>_>::total_size<wesp_lib::notification::NotificationWriter<wesp_lib::event::fs::file::FileSetSecurity>_>	undefined total_size<wesp_lib::notification::NotificationWriter<wesp_lib::event::fs::file::FileSetSecurity>_>(void)	false	false	false
1800e6060	109	wesp_lib::property_query::PropertyQueryWriter<wesp_lib::notification::NotificationWriter<wesp_lib::event::registry::RegDeleteValueKey>_>::total_size<wesp_lib::notification::NotificationWriter<wesp_lib::event::registry::RegDeleteValueKey>_>	undefined total_size<wesp_lib::notification::NotificationWriter<wesp_lib::event::registry::RegDeleteValueKey>_>(void)	false	false	false
1800e60e0	109	wesp_lib::property_query::PropertyQueryWriter<wesp_lib::notification::NotificationWriter<wesp_lib::event::fs::file::FileCleanup>_>::total_size<wesp_lib::notification::NotificationWriter<wesp_lib::event::fs::file::FileCleanup>_>	undefined total_size<wesp_lib::notification::NotificationWriter<wesp_lib::event::fs::file::FileCleanup>_>(void)	false	false	false
1800e6160	109	wesp_lib::property_query::PropertyQueryWriter<wesp_lib::notification::NotificationWriter<wesp_lib::event::fs::file::FileOpen>_>::total_size<wesp_lib::notification::NotificationWriter<wesp_lib::event::fs::file::FileOpen>_>	undefined total_size<wesp_lib::notification::NotificationWriter<wesp_lib::event::fs::file::FileOpen>_>(void)	false	false	false
1800e61e0	109	wesp_lib::property_query::PropertyQueryWriter<wesp_lib::notification::NotificationWriter<wesp_lib::event::process::ProcessCreate>_>::total_size<wesp_lib::notification::NotificationWriter<wesp_lib::event::process::ProcessCreate>_>	undefined total_size<wesp_lib::notification::NotificationWriter<wesp_lib::event::process::ProcessCreate>_>(void)	false	false	false
1800e6260	109	wesp_lib::property_query::PropertyQueryWriter<wesp_lib::notification::NotificationWriter<wesp_lib::event::fs::volume::VolumeFsctl>_>::total_size<wesp_lib::notification::NotificationWriter<wesp_lib::event::fs::volume::VolumeFsctl>_>	undefined total_size<wesp_lib::notification::NotificationWriter<wesp_lib::event::fs::volume::VolumeFsctl>_>(void)	false	false	false
1800e62e0	109	wesp_lib::property_query::PropertyQueryWriter<wesp_lib::notification::NotificationWriter<wesp_lib::event::object_manager::ObHandleCreate>_>::total_size<wesp_lib::notification::NotificationWriter<wesp_lib::event::object_manager::ObHandleCreate>_>	undefined total_size<wesp_lib::notification::NotificationWriter<wesp_lib::event::object_manager::ObHandleCreate>_>(void)	false	false	false
1800e6360	109	wesp_lib::property_query::PropertyQueryWriter<wesp_lib::notification::NotificationWriter<wesp_lib::event::fs::volume::VolumeDismount>_>::total_size<wesp_lib::notification::NotificationWriter<wesp_lib::event::fs::volume::VolumeDismount>_>	undefined total_size<wesp_lib::notification::NotificationWriter<wesp_lib::event::fs::volume::VolumeDismount>_>(void)	false	false	false
1800e63e0	109	wesp_lib::property_query::PropertyQueryWriter<wesp_lib::notification::NotificationWriter<wesp_lib::event::object_manager::ObHandleDuplicate>_>::total_size<wesp_lib::notification::NotificationWriter<wesp_lib::event::object_manager::ObHandleDuplicate>_>	undefined total_size<wesp_lib::notification::NotificationWriter<wesp_lib::event::object_manager::ObHandleDuplicate>_>(void)	false	false	false
1800e6460	109	wesp_lib::property_query::PropertyQueryWriter<wesp_lib::notification::NotificationWriter<wesp_lib::event::thread::ThreadStart>_>::total_size<wesp_lib::notification::NotificationWriter<wesp_lib::event::thread::ThreadStart>_>	undefined total_size<wesp_lib::notification::NotificationWriter<wesp_lib::event::thread::ThreadStart>_>(void)	false	false	false
1800e64e0	109	wesp_lib::property_query::PropertyQueryWriter<wesp_lib::notification::NotificationWriter<wesp_lib::event::fs::pipe::PipeCreate>_>::total_size<wesp_lib::notification::NotificationWriter<wesp_lib::event::fs::pipe::PipeCreate>_>	undefined total_size<wesp_lib::notification::NotificationWriter<wesp_lib::event::fs::pipe::PipeCreate>_>(void)	false	false	false
1800e6560	109	wesp_lib::property_query::PropertyQueryWriter<wesp_lib::notification::NotificationWriter<wesp_lib::event::registry::RegOpenKey>_>::total_size<wesp_lib::notification::NotificationWriter<wesp_lib::event::registry::RegOpenKey>_>	undefined total_size<wesp_lib::notification::NotificationWriter<wesp_lib::event::registry::RegOpenKey>_>(void)	false	false	false
1800e65e0	109	wesp_lib::property_query::PropertyQueryWriter<wesp_lib::notification::NotificationWriter<wesp_lib::event::process::ProcessTerminate>_>::total_size<wesp_lib::notification::NotificationWriter<wesp_lib::event::process::ProcessTerminate>_>	undefined total_size<wesp_lib::notification::NotificationWriter<wesp_lib::event::process::ProcessTerminate>_>(void)	false	false	false
1800e6660	109	wesp_lib::property_query::PropertyQueryWriter<wesp_lib::notification::NotificationWriter<wesp_lib::event::registry::save_restore::RegRestoreKey>_>::total_size<wesp_lib::notification::NotificationWriter<wesp_lib::event::registry::save_restore::RegRestoreKey>_>	undefined total_size<wesp_lib::notification::NotificationWriter<wesp_lib::event::registry::save_restore::RegRestoreKey>_>(void)	false	false	false
1800e66e0	109	wesp_lib::property_query::PropertyQueryWriter<wesp_lib::notification::NotificationWriter<wesp_lib::event::registry::RegEnumValueKey>_>::total_size<wesp_lib::notification::NotificationWriter<wesp_lib::event::registry::RegEnumValueKey>_>	undefined total_size<wesp_lib::notification::NotificationWriter<wesp_lib::event::registry::RegEnumValueKey>_>(void)	false	false	false
1800e6760	109	wesp_lib::property_query::PropertyQueryWriter<wesp_lib::notification::NotificationWriter<wesp_lib::event::fs::file::FileCreate>_>::total_size<wesp_lib::notification::NotificationWriter<wesp_lib::event::fs::file::FileCreate>_>	undefined total_size<wesp_lib::notification::NotificationWriter<wesp_lib::event::fs::file::FileCreate>_>(void)	false	false	false
1800e67e0	109	wesp_lib::property_query::PropertyQueryWriter<wesp_lib::notification::NotificationWriter<wesp_lib::event::fs::file::FileSetInformation>_>::total_size<wesp_lib::notification::NotificationWriter<wesp_lib::event::fs::file::FileSetInformation>_>	undefined total_size<wesp_lib::notification::NotificationWriter<wesp_lib::event::fs::file::FileSetInformation>_>(void)	false	false	false
1800e6860	109	wesp_lib::property_query::PropertyQueryWriter<wesp_lib::notification::NotificationWriter<wesp_lib::event::fs::file::FileFsctl>_>::total_size<wesp_lib::notification::NotificationWriter<wesp_lib::event::fs::file::FileFsctl>_>	undefined total_size<wesp_lib::notification::NotificationWriter<wesp_lib::event::fs::file::FileFsctl>_>(void)	false	false	false
1800e68e0	109	wesp_lib::property_query::PropertyQueryWriter<wesp_lib::notification::NotificationWriter<wesp_lib::event::registry::RegQueryValueKey>_>::total_size<wesp_lib::notification::NotificationWriter<wesp_lib::event::registry::RegQueryValueKey>_>	undefined total_size<wesp_lib::notification::NotificationWriter<wesp_lib::event::registry::RegQueryValueKey>_>(void)	false	false	false
1800e6960	109	wesp_lib::property_query::PropertyQueryWriter<wesp_lib::notification::NotificationWriter<wesp_lib::event::registry::RegQueryKey>_>::total_size<wesp_lib::notification::NotificationWriter<wesp_lib::event::registry::RegQueryKey>_>	undefined total_size<wesp_lib::notification::NotificationWriter<wesp_lib::event::registry::RegQueryKey>_>(void)	false	false	false
1800e69e0	109	wesp_lib::property_query::PropertyQueryWriter<wesp_lib::notification::NotificationWriter<wesp_lib::event::fs::file::FileQueryDirectoryInformation>_>::total_size<wesp_lib::notification::NotificationWriter<wesp_lib::event::fs::file::FileQueryDirectoryInformation>_>	undefined total_size<wesp_lib::notification::NotificationWriter<wesp_lib::event::fs::file::FileQueryDirectoryInformation>_>(void)	false	false	false
1800e6a60	109	wesp_lib::property_query::PropertyQueryWriter<wesp_lib::notification::NotificationWriter<wesp_lib::event::process::ProcessLoadImage>_>::total_size<wesp_lib::notification::NotificationWriter<wesp_lib::event::process::ProcessLoadImage>_>	undefined total_size<wesp_lib::notification::NotificationWriter<wesp_lib::event::process::ProcessLoadImage>_>(void)	false	false	false
1800e6ae0	109	wesp_lib::property_query::PropertyQueryWriter<wesp_lib::notification::NotificationWriter<wesp_lib::event::fs::file::FileLock>_>::total_size<wesp_lib::notification::NotificationWriter<wesp_lib::event::fs::file::FileLock>_>	undefined total_size<wesp_lib::notification::NotificationWriter<wesp_lib::event::fs::file::FileLock>_>(void)	false	false	false
1800e6b60	109	wesp_lib::property_query::PropertyQueryWriter<wesp_lib::notification::NotificationWriter<wesp_lib::event::fs::mailslot::MailslotCreate>_>::total_size<wesp_lib::notification::NotificationWriter<wesp_lib::event::fs::mailslot::MailslotCreate>_>	undefined total_size<wesp_lib::notification::NotificationWriter<wesp_lib::event::fs::mailslot::MailslotCreate>_>(void)	false	false	false
1800e6be0	109	wesp_lib::property_query::PropertyQueryWriter<wesp_lib::notification::NotificationWriter<wesp_lib::event::registry::RegEnumKey>_>::total_size<wesp_lib::notification::NotificationWriter<wesp_lib::event::registry::RegEnumKey>_>	undefined total_size<wesp_lib::notification::NotificationWriter<wesp_lib::event::registry::RegEnumKey>_>(void)	false	false	false
1800e6c60	109	wesp_lib::property_query::PropertyQueryWriter<wesp_lib::notification::NotificationWriter<wesp_lib::event::thread::ThreadCreate>_>::total_size<wesp_lib::notification::NotificationWriter<wesp_lib::event::thread::ThreadCreate>_>	undefined total_size<wesp_lib::notification::NotificationWriter<wesp_lib::event::thread::ThreadCreate>_>(void)	false	false	false
1800e6ce0	109	wesp_lib::property_query::PropertyQueryWriter<wesp_lib::notification::NotificationWriter<wesp_lib::event::registry::RegSetValueKey>_>::total_size<wesp_lib::notification::NotificationWriter<wesp_lib::event::registry::RegSetValueKey>_>	undefined total_size<wesp_lib::notification::NotificationWriter<wesp_lib::event::registry::RegSetValueKey>_>(void)	false	false	false
1800e6d60	109	wesp_lib::property_query::PropertyQueryWriter<wesp_lib::notification::NotificationWriter<wesp_lib::event::fs::file::KtmTransactionRollback>_>::total_size<wesp_lib::notification::NotificationWriter<wesp_lib::event::fs::file::KtmTransactionRollback>_>	undefined total_size<wesp_lib::notification::NotificationWriter<wesp_lib::event::fs::file::KtmTransactionRollback>_>(void)	false	false	false
1800e6de0	109	wesp_lib::property_query::PropertyQueryWriter<wesp_lib::notification::NotificationWriter<wesp_lib::event::registry::RegRenameKey>_>::total_size<wesp_lib::notification::NotificationWriter<wesp_lib::event::registry::RegRenameKey>_>	undefined total_size<wesp_lib::notification::NotificationWriter<wesp_lib::event::registry::RegRenameKey>_>(void)	false	false	false
1800e6e60	109	wesp_lib::property_query::PropertyQueryWriter<wesp_lib::notification::NotificationWriter<wesp_lib::event::fs::file::KtmTransactionCommit>_>::total_size<wesp_lib::notification::NotificationWriter<wesp_lib::event::fs::file::KtmTransactionCommit>_>	undefined total_size<wesp_lib::notification::NotificationWriter<wesp_lib::event::fs::file::KtmTransactionCommit>_>(void)	false	false	false
1800e6ee0	298	wesp_lib::property_query::PropertyQueryWriter<wesp_lib::notification::NotificationWriter<wesp_lib::event::fs::file::FileRead>_>::write_buffer<wesp_lib::notification::NotificationWriter<wesp_lib::event::fs::file::FileRead>_>	undefined write_buffer<wesp_lib::notification::NotificationWriter<wesp_lib::event::fs::file::FileRead>_>(void)	false	false	false
1800e7010	320	wesp_lib::property_query::PropertyQueryWriter<wesp_lib::notification::NotificationWriter<wesp_lib::event::fs::file::FileLock>_>::write_unicode_string<wesp_lib::notification::NotificationWriter<wesp_lib::event::fs::file::FileLock>_>	undefined write_unicode_string<wesp_lib::notification::NotificationWriter<wesp_lib::event::fs::file::FileLock>_>(void)	false	false	false
1800e7150	60	wesp_lib::property_query::PropertyQueryWriter<wesp_lib::notification::NotificationWriter<wesp_lib::event::fs::file::FileSetSecurity>_>::write_property_data<wesp_lib::notification::NotificationWriter<wesp_lib::event::fs::file::FileSetSecurity>_>	undefined write_property_data<wesp_lib::notification::NotificationWriter<wesp_lib::event::fs::file::FileSetSecurity>_>(void)	false	false	false
1800e7c20	64	wesp_lib::event::comparand_resolver::impl$1::resolve_sid<wesp_lib::event::registry::RegReplaceKey>	undefined resolve_sid<wesp_lib::event::registry::RegReplaceKey>(void)	false	false	false
1800e7f60	573	wesp_lib::event::comparand_resolver::impl$1::resolve_context_key<wesp_lib::event::registry::RegReplaceKey>	undefined resolve_context_key<wesp_lib::event::registry::RegReplaceKey>(void)	false	false	false
1800e81a0	58	wesp_lib::event::comparand_resolver::impl$1::resolve_sid<wesp_lib::event::registry::RegEnumKey>	undefined resolve_sid<wesp_lib::event::registry::RegEnumKey>(void)	false	false	false
1800e8420	573	wesp_lib::event::comparand_resolver::impl$1::resolve_context_key<wesp_lib::event::registry::RegEnumKey>	undefined resolve_context_key<wesp_lib::event::registry::RegEnumKey>(void)	false	false	false
1800e8660	58	wesp_lib::event::comparand_resolver::impl$1::resolve_sid<wesp_lib::event::fs::file::KtmTransactionCommit>	undefined resolve_sid<wesp_lib::event::fs::file::KtmTransactionCommit>(void)	false	false	false
1800e88d0	573	wesp_lib::event::comparand_resolver::impl$1::resolve_context_key<wesp_lib::event::fs::file::KtmTransactionCommit>	undefined resolve_context_key<wesp_lib::event::fs::file::KtmTransactionCommit>(void)	false	false	false
1800e8b10	58	wesp_lib::event::comparand_resolver::impl$1::resolve_sid<wesp_lib::event::process::ProcessTerminate>	undefined resolve_sid<wesp_lib::event::process::ProcessTerminate>(void)	false	false	false
1800e8d80	573	wesp_lib::event::comparand_resolver::impl$1::resolve_context_key<wesp_lib::event::process::ProcessTerminate>	undefined resolve_context_key<wesp_lib::event::process::ProcessTerminate>(void)	false	false	false
1800e8fc0	64	wesp_lib::event::comparand_resolver::impl$1::resolve_sid<wesp_lib::event::object_manager::ObHandleDuplicate>	undefined resolve_sid<wesp_lib::event::object_manager::ObHandleDuplicate>(void)	false	false	false
1800e92d0	573	wesp_lib::event::comparand_resolver::impl$1::resolve_context_key<wesp_lib::event::object_manager::ObHandleDuplicate>	undefined resolve_context_key<wesp_lib::event::object_manager::ObHandleDuplicate>(void)	false	false	false
1800e9510	64	wesp_lib::event::comparand_resolver::impl$1::resolve_sid<wesp_lib::event::registry::RegLoadKey>	undefined resolve_sid<wesp_lib::event::registry::RegLoadKey>(void)	false	false	false
1800e98c0	573	wesp_lib::event::comparand_resolver::impl$1::resolve_context_key<wesp_lib::event::registry::RegLoadKey>	undefined resolve_context_key<wesp_lib::event::registry::RegLoadKey>(void)	false	false	false
1800e9b00	64	wesp_lib::event::comparand_resolver::impl$1::resolve_sid<wesp_lib::event::fs::file::FileSetInformation>	undefined resolve_sid<wesp_lib::event::fs::file::FileSetInformation>(void)	false	false	false
1800e9e10	573	wesp_lib::event::comparand_resolver::impl$1::resolve_context_key<wesp_lib::event::fs::file::FileSetInformation>	undefined resolve_context_key<wesp_lib::event::fs::file::FileSetInformation>(void)	false	false	false
1800ea050	58	wesp_lib::event::comparand_resolver::impl$1::resolve_sid<wesp_lib::event::fs::file::FileRead>	undefined resolve_sid<wesp_lib::event::fs::file::FileRead>(void)	false	false	false
1800ea350	573	wesp_lib::event::comparand_resolver::impl$1::resolve_context_key<wesp_lib::event::fs::file::FileRead>	undefined resolve_context_key<wesp_lib::event::fs::file::FileRead>(void)	false	false	false
1800ea590	58	wesp_lib::event::comparand_resolver::impl$1::resolve_sid<wesp_lib::event::thread::ThreadTerminate>	undefined resolve_sid<wesp_lib::event::thread::ThreadTerminate>(void)	false	false	false
1800ea800	573	wesp_lib::event::comparand_resolver::impl$1::resolve_context_key<wesp_lib::event::thread::ThreadTerminate>	undefined resolve_context_key<wesp_lib::event::thread::ThreadTerminate>(void)	false	false	false
1800eaa40	58	wesp_lib::event::comparand_resolver::impl$1::resolve_sid<wesp_lib::event::registry::RegQueryKey>	undefined resolve_sid<wesp_lib::event::registry::RegQueryKey>(void)	false	false	false
1800eacc0	573	wesp_lib::event::comparand_resolver::impl$1::resolve_context_key<wesp_lib::event::registry::RegQueryKey>	undefined resolve_context_key<wesp_lib::event::registry::RegQueryKey>(void)	false	false	false
1800eaf00	58	wesp_lib::event::comparand_resolver::impl$1::resolve_sid<wesp_lib::event::registry::RegCreateKey>	undefined resolve_sid<wesp_lib::event::registry::RegCreateKey>(void)	false	false	false
1800eb200	573	wesp_lib::event::comparand_resolver::impl$1::resolve_context_key<wesp_lib::event::registry::RegCreateKey>	undefined resolve_context_key<wesp_lib::event::registry::RegCreateKey>(void)	false	false	false
1800eb440	61	wesp_lib::event::comparand_resolver::impl$1::resolve_sid<wesp_lib::event::registry::save_restore::RegSaveKey>	undefined resolve_sid<wesp_lib::event::registry::save_restore::RegSaveKey>(void)	false	false	false
1800eb700	573	wesp_lib::event::comparand_resolver::impl$1::resolve_context_key<wesp_lib::event::registry::save_restore::RegSaveKey>	undefined resolve_context_key<wesp_lib::event::registry::save_restore::RegSaveKey>(void)	false	false	false
1800eb940	61	wesp_lib::event::comparand_resolver::impl$1::resolve_sid<wesp_lib::event::registry::save_restore::RegRestoreKey>	undefined resolve_sid<wesp_lib::event::registry::save_restore::RegRestoreKey>(void)	false	false	false
1800ebc00	573	wesp_lib::event::comparand_resolver::impl$1::resolve_context_key<wesp_lib::event::registry::save_restore::RegRestoreKey>	undefined resolve_context_key<wesp_lib::event::registry::save_restore::RegRestoreKey>(void)	false	false	false
1800ebe40	58	wesp_lib::event::comparand_resolver::impl$1::resolve_sid<wesp_lib::event::fs::volume::VolumeFsctl>	undefined resolve_sid<wesp_lib::event::fs::volume::VolumeFsctl>(void)	false	false	false
1800ec170	573	wesp_lib::event::comparand_resolver::impl$1::resolve_context_key<wesp_lib::event::fs::volume::VolumeFsctl>	undefined resolve_context_key<wesp_lib::event::fs::volume::VolumeFsctl>(void)	false	false	false
1800ec3b0	58	wesp_lib::event::comparand_resolver::impl$1::resolve_sid<wesp_lib::event::registry::RegEnumValueKey>	undefined resolve_sid<wesp_lib::event::registry::RegEnumValueKey>(void)	false	false	false
1800ec630	573	wesp_lib::event::comparand_resolver::impl$1::resolve_context_key<wesp_lib::event::registry::RegEnumValueKey>	undefined resolve_context_key<wesp_lib::event::registry::RegEnumValueKey>(void)	false	false	false
1800ec870	58	wesp_lib::event::comparand_resolver::impl$1::resolve_sid<wesp_lib::event::registry::RegDeleteKey>	undefined resolve_sid<wesp_lib::event::registry::RegDeleteKey>(void)	false	false	false
1800ecae0	573	wesp_lib::event::comparand_resolver::impl$1::resolve_context_key<wesp_lib::event::registry::RegDeleteKey>	undefined resolve_context_key<wesp_lib::event::registry::RegDeleteKey>(void)	false	false	false
1800ecd20	58	wesp_lib::event::comparand_resolver::impl$1::resolve_sid<wesp_lib::event::fs::file::FileFsctl>	undefined resolve_sid<wesp_lib::event::fs::file::FileFsctl>(void)	false	false	false
1800ed060	573	wesp_lib::event::comparand_resolver::impl$1::resolve_context_key<wesp_lib::event::fs::file::FileFsctl>	undefined resolve_context_key<wesp_lib::event::fs::file::FileFsctl>(void)	false	false	false
1800ed2a0	58	wesp_lib::event::comparand_resolver::impl$1::resolve_sid<wesp_lib::event::fs::file::KtmTransactionRollback>	undefined resolve_sid<wesp_lib::event::fs::file::KtmTransactionRollback>(void)	false	false	false
1800ed510	573	wesp_lib::event::comparand_resolver::impl$1::resolve_context_key<wesp_lib::event::fs::file::KtmTransactionRollback>	undefined resolve_context_key<wesp_lib::event::fs::file::KtmTransactionRollback>(void)	false	false	false
1800ed750	64	wesp_lib::event::comparand_resolver::impl$1::resolve_sid<wesp_lib::event::fs::file::FileCreate>	undefined resolve_sid<wesp_lib::event::fs::file::FileCreate>(void)	false	false	false
1800eda60	573	wesp_lib::event::comparand_resolver::impl$1::resolve_context_key<wesp_lib::event::fs::file::FileCreate>	undefined resolve_context_key<wesp_lib::event::fs::file::FileCreate>(void)	false	false	false
1800edca0	58	wesp_lib::event::comparand_resolver::impl$1::resolve_sid<wesp_lib::event::fs::file::FileSetSecurity>	undefined resolve_sid<wesp_lib::event::fs::file::FileSetSecurity>(void)	false	false	false
1800edfe0	573	wesp_lib::event::comparand_resolver::impl$1::resolve_context_key<wesp_lib::event::fs::file::FileSetSecurity>	undefined resolve_context_key<wesp_lib::event::fs::file::FileSetSecurity>(void)	false	false	false
1800ee220	58	wesp_lib::event::comparand_resolver::impl$1::resolve_sid<wesp_lib::event::registry::RegOpenKey>	undefined resolve_sid<wesp_lib::event::registry::RegOpenKey>(void)	false	false	false
1800ee4d0	573	wesp_lib::event::comparand_resolver::impl$1::resolve_context_key<wesp_lib::event::registry::RegOpenKey>	undefined resolve_context_key<wesp_lib::event::registry::RegOpenKey>(void)	false	false	false
1800ee710	64	wesp_lib::event::comparand_resolver::impl$1::resolve_sid<wesp_lib::event::fs::file::FileOpen>	undefined resolve_sid<wesp_lib::event::fs::file::FileOpen>(void)	false	false	false
1800eea20	573	wesp_lib::event::comparand_resolver::impl$1::resolve_context_key<wesp_lib::event::fs::file::FileOpen>	undefined resolve_context_key<wesp_lib::event::fs::file::FileOpen>(void)	false	false	false
1800eec60	58	wesp_lib::event::comparand_resolver::impl$1::resolve_sid<wesp_lib::event::thread::ThreadStart>	undefined resolve_sid<wesp_lib::event::thread::ThreadStart>(void)	false	false	false
1800eeed0	573	wesp_lib::event::comparand_resolver::impl$1::resolve_context_key<wesp_lib::event::thread::ThreadStart>	undefined resolve_context_key<wesp_lib::event::thread::ThreadStart>(void)	false	false	false
1800ef110	58	wesp_lib::event::comparand_resolver::impl$1::resolve_sid<wesp_lib::event::fs::file::FileQueryDirectoryInformation>	undefined resolve_sid<wesp_lib::event::fs::file::FileQueryDirectoryInformation>(void)	false	false	false
1800ef430	573	wesp_lib::event::comparand_resolver::impl$1::resolve_context_key<wesp_lib::event::fs::file::FileQueryDirectoryInformation>	undefined resolve_context_key<wesp_lib::event::fs::file::FileQueryDirectoryInformation>(void)	false	false	false
1800ef670	64	wesp_lib::event::comparand_resolver::impl$1::resolve_sid<wesp_lib::event::fs::file::FileUnlock>	undefined resolve_sid<wesp_lib::event::fs::file::FileUnlock>(void)	false	false	false
1800ef980	573	wesp_lib::event::comparand_resolver::impl$1::resolve_context_key<wesp_lib::event::fs::file::FileUnlock>	undefined resolve_context_key<wesp_lib::event::fs::file::FileUnlock>(void)	false	false	false
1800efbc0	61	wesp_lib::event::comparand_resolver::impl$1::resolve_sid<wesp_lib::event::process::ProcessCreate>	undefined resolve_sid<wesp_lib::event::process::ProcessCreate>(void)	false	false	false
1800efed0	573	wesp_lib::event::comparand_resolver::impl$1::resolve_context_key<wesp_lib::event::process::ProcessCreate>	undefined resolve_context_key<wesp_lib::event::process::ProcessCreate>(void)	false	false	false
1800f0110	58	wesp_lib::event::comparand_resolver::impl$1::resolve_sid<wesp_lib::event::fs::volume::VolumeMount>	undefined resolve_sid<wesp_lib::event::fs::volume::VolumeMount>(void)	false	false	false
1800f0430	573	wesp_lib::event::comparand_resolver::impl$1::resolve_context_key<wesp_lib::event::fs::volume::VolumeMount>	undefined resolve_context_key<wesp_lib::event::fs::volume::VolumeMount>(void)	false	false	false
1800f0670	64	wesp_lib::event::comparand_resolver::impl$1::resolve_sid<wesp_lib::event::fs::pipe::PipeCreate>	undefined resolve_sid<wesp_lib::event::fs::pipe::PipeCreate>(void)	false	false	false
1800f0980	573	wesp_lib::event::comparand_resolver::impl$1::resolve_context_key<wesp_lib::event::fs::pipe::PipeCreate>	undefined resolve_context_key<wesp_lib::event::fs::pipe::PipeCreate>(void)	false	false	false
1800f0bc0	58	wesp_lib::event::comparand_resolver::impl$1::resolve_sid<wesp_lib::event::thread::ThreadCreate>	undefined resolve_sid<wesp_lib::event::thread::ThreadCreate>(void)	false	false	false
1800f0e40	573	wesp_lib::event::comparand_resolver::impl$1::resolve_context_key<wesp_lib::event::thread::ThreadCreate>	undefined resolve_context_key<wesp_lib::event::thread::ThreadCreate>(void)	false	false	false
1800f1080	64	wesp_lib::event::comparand_resolver::impl$1::resolve_sid<wesp_lib::event::fs::mailslot::MailslotCreate>	undefined resolve_sid<wesp_lib::event::fs::mailslot::MailslotCreate>(void)	false	false	false
1800f1390	573	wesp_lib::event::comparand_resolver::impl$1::resolve_context_key<wesp_lib::event::fs::mailslot::MailslotCreate>	undefined resolve_context_key<wesp_lib::event::fs::mailslot::MailslotCreate>(void)	false	false	false
1800f15d0	64	wesp_lib::event::comparand_resolver::impl$1::resolve_sid<wesp_lib::event::process::ProcessLoadImage>	undefined resolve_sid<wesp_lib::event::process::ProcessLoadImage>(void)	false	false	false
1800f18e0	573	wesp_lib::event::comparand_resolver::impl$1::resolve_context_key<wesp_lib::event::process::ProcessLoadImage>	undefined resolve_context_key<wesp_lib::event::process::ProcessLoadImage>(void)	false	false	false
1800f1b20	58	wesp_lib::event::comparand_resolver::impl$1::resolve_sid<wesp_lib::event::fs::file::FileQueryOpen>	undefined resolve_sid<wesp_lib::event::fs::file::FileQueryOpen>(void)	false	false	false
1800f1e40	573	wesp_lib::event::comparand_resolver::impl$1::resolve_context_key<wesp_lib::event::fs::file::FileQueryOpen>	undefined resolve_context_key<wesp_lib::event::fs::file::FileQueryOpen>(void)	false	false	false
1800f2080	58	wesp_lib::event::comparand_resolver::impl$1::resolve_sid<wesp_lib::event::fs::file::FileQueryInformation>	undefined resolve_sid<wesp_lib::event::fs::file::FileQueryInformation>(void)	false	false	false
1800f2390	573	wesp_lib::event::comparand_resolver::impl$1::resolve_context_key<wesp_lib::event::fs::file::FileQueryInformation>	undefined resolve_context_key<wesp_lib::event::fs::file::FileQueryInformation>(void)	false	false	false
1800f25d0	64	wesp_lib::event::comparand_resolver::impl$1::resolve_sid<wesp_lib::event::fs::file::FileLock>	undefined resolve_sid<wesp_lib::event::fs::file::FileLock>(void)	false	false	false
1800f28e0	573	wesp_lib::event::comparand_resolver::impl$1::resolve_context_key<wesp_lib::event::fs::file::FileLock>	undefined resolve_context_key<wesp_lib::event::fs::file::FileLock>(void)	false	false	false
1800f2b20	64	wesp_lib::event::comparand_resolver::impl$1::resolve_sid<wesp_lib::event::registry::RegSetValueKey>	undefined resolve_sid<wesp_lib::event::registry::RegSetValueKey>(void)	false	false	false
1800f2e30	573	wesp_lib::event::comparand_resolver::impl$1::resolve_context_key<wesp_lib::event::registry::RegSetValueKey>	undefined resolve_context_key<wesp_lib::event::registry::RegSetValueKey>(void)	false	false	false
1800f3070	64	wesp_lib::event::comparand_resolver::impl$1::resolve_sid<wesp_lib::event::object_manager::ObHandleCreate>	undefined resolve_sid<wesp_lib::event::object_manager::ObHandleCreate>(void)	false	false	false
1800f3380	573	wesp_lib::event::comparand_resolver::impl$1::resolve_context_key<wesp_lib::event::object_manager::ObHandleCreate>	undefined resolve_context_key<wesp_lib::event::object_manager::ObHandleCreate>(void)	false	false	false
1800f35c0	58	wesp_lib::event::comparand_resolver::impl$1::resolve_sid<wesp_lib::event::registry::RegRenameKey>	undefined resolve_sid<wesp_lib::event::registry::RegRenameKey>(void)	false	false	false
1800f3840	573	wesp_lib::event::comparand_resolver::impl$1::resolve_context_key<wesp_lib::event::registry::RegRenameKey>	undefined resolve_context_key<wesp_lib::event::registry::RegRenameKey>(void)	false	false	false
1800f3a80	58	wesp_lib::event::comparand_resolver::impl$1::resolve_sid<wesp_lib::event::registry::RegQueryValueKey>	undefined resolve_sid<wesp_lib::event::registry::RegQueryValueKey>(void)	false	false	false
1800f3d00	573	wesp_lib::event::comparand_resolver::impl$1::resolve_context_key<wesp_lib::event::registry::RegQueryValueKey>	undefined resolve_context_key<wesp_lib::event::registry::RegQueryValueKey>(void)	false	false	false
1800f3f40	58	wesp_lib::event::comparand_resolver::impl$1::resolve_sid<wesp_lib::event::fs::volume::VolumeDismount>	undefined resolve_sid<wesp_lib::event::fs::volume::VolumeDismount>(void)	false	false	false
1800f41b0	573	wesp_lib::event::comparand_resolver::impl$1::resolve_context_key<wesp_lib::event::fs::volume::VolumeDismount>	undefined resolve_context_key<wesp_lib::event::fs::volume::VolumeDismount>(void)	false	false	false
1800f43f0	64	wesp_lib::event::comparand_resolver::impl$1::resolve_sid<wesp_lib::event::registry::RegDeleteValueKey>	undefined resolve_sid<wesp_lib::event::registry::RegDeleteValueKey>(void)	false	false	false
1800f4700	573	wesp_lib::event::comparand_resolver::impl$1::resolve_context_key<wesp_lib::event::registry::RegDeleteValueKey>	undefined resolve_context_key<wesp_lib::event::registry::RegDeleteValueKey>(void)	false	false	false
1800f4940	58	wesp_lib::event::comparand_resolver::impl$1::resolve_sid<wesp_lib::event::registry::RegSetKeySecurity>	undefined resolve_sid<wesp_lib::event::registry::RegSetKeySecurity>(void)	false	false	false
1800f4bc0	573	wesp_lib::event::comparand_resolver::impl$1::resolve_context_key<wesp_lib::event::registry::RegSetKeySecurity>	undefined resolve_context_key<wesp_lib::event::registry::RegSetKeySecurity>(void)	false	false	false
1800f4e00	58	wesp_lib::event::comparand_resolver::impl$1::resolve_sid<wesp_lib::event::fs::file::FileCreateSection>	undefined resolve_sid<wesp_lib::event::fs::file::FileCreateSection>(void)	false	false	false
1800f5130	573	wesp_lib::event::comparand_resolver::impl$1::resolve_context_key<wesp_lib::event::fs::file::FileCreateSection>	undefined resolve_context_key<wesp_lib::event::fs::file::FileCreateSection>(void)	false	false	false
1800f5370	58	wesp_lib::event::comparand_resolver::impl$1::resolve_sid<wesp_lib::event::fs::file::FileWrite>	undefined resolve_sid<wesp_lib::event::fs::file::FileWrite>(void)	false	false	false
1800f56a0	573	wesp_lib::event::comparand_resolver::impl$1::resolve_context_key<wesp_lib::event::fs::file::FileWrite>	undefined resolve_context_key<wesp_lib::event::fs::file::FileWrite>(void)	false	false	false
1800f58e0	58	wesp_lib::event::comparand_resolver::impl$1::resolve_sid<wesp_lib::event::fs::file::FileCleanup>	undefined resolve_sid<wesp_lib::event::fs::file::FileCleanup>(void)	false	false	false
1800f5bd0	573	wesp_lib::event::comparand_resolver::impl$1::resolve_context_key<wesp_lib::event::fs::file::FileCleanup>	undefined resolve_context_key<wesp_lib::event::fs::file::FileCleanup>(void)	false	false	false
1800f5e10	64	wesp_lib::event::comparand_resolver::impl$1::resolve_sid<wesp_lib::event::fs::file::SetEa>	undefined resolve_sid<wesp_lib::event::fs::file::SetEa>(void)	false	false	false
1800f6120	573	wesp_lib::event::comparand_resolver::impl$1::resolve_context_key<wesp_lib::event::fs::file::SetEa>	undefined resolve_context_key<wesp_lib::event::fs::file::SetEa>(void)	false	false	false
1800f6360	58	wesp_lib::event::comparand_resolver::impl$1::resolve_bool<wesp_lib::event::fs::file::FileCleanup>	undefined resolve_bool<wesp_lib::event::fs::file::FileCleanup>(void)	false	false	false
1800f6990	64	wesp_lib::event::comparand_resolver::impl$1::resolve_bool<wesp_lib::event::fs::file::KtmTransactionCommit>	undefined resolve_bool<wesp_lib::event::fs::file::KtmTransactionCommit>(void)	false	false	false
1800f7040	61	wesp_lib::event::comparand_resolver::impl$1::resolve_bool<wesp_lib::event::registry::RegQueryKey>	undefined resolve_bool<wesp_lib::event::registry::RegQueryKey>(void)	false	false	false
1800f75a0	58	wesp_lib::event::comparand_resolver::impl$1::resolve_bool<wesp_lib::event::fs::volume::VolumeFsctl>	undefined resolve_bool<wesp_lib::event::fs::volume::VolumeFsctl>(void)	false	false	false
1800f7c20	58	wesp_lib::event::comparand_resolver::impl$1::resolve_bool<wesp_lib::event::fs::file::FileSetSecurity>	undefined resolve_bool<wesp_lib::event::fs::file::FileSetSecurity>(void)	false	false	false
1800f82a0	64	wesp_lib::event::comparand_resolver::impl$1::resolve_bool<wesp_lib::event::registry::RegRenameKey>	undefined resolve_bool<wesp_lib::event::registry::RegRenameKey>(void)	false	false	false
1800f89b0	64	wesp_lib::event::comparand_resolver::impl$1::resolve_bool<wesp_lib::event::fs::volume::VolumeDismount>	undefined resolve_bool<wesp_lib::event::fs::volume::VolumeDismount>(void)	false	false	false
1800f9180	61	wesp_lib::event::comparand_resolver::impl$1::resolve_bool<wesp_lib::event::thread::ThreadCreate>	undefined resolve_bool<wesp_lib::event::thread::ThreadCreate>(void)	false	false	false
1800f9710	64	wesp_lib::event::comparand_resolver::impl$1::resolve_bool<wesp_lib::event::fs::file::FileOpen>	undefined resolve_bool<wesp_lib::event::fs::file::FileOpen>(void)	false	false	false
1800f9d30	64	wesp_lib::event::comparand_resolver::impl$1::resolve_bool<wesp_lib::event::fs::file::FileSetInformation>	undefined resolve_bool<wesp_lib::event::fs::file::FileSetInformation>(void)	false	false	false
1800fa350	64	wesp_lib::event::comparand_resolver::impl$1::resolve_bool<wesp_lib::event::object_manager::ObHandleDuplicate>	undefined resolve_bool<wesp_lib::event::object_manager::ObHandleDuplicate>(void)	false	false	false
1800fa970	58	wesp_lib::event::comparand_resolver::impl$1::resolve_bool<wesp_lib::event::fs::file::FileCreateSection>	undefined resolve_bool<wesp_lib::event::fs::file::FileCreateSection>(void)	false	false	false
1800fafd0	58	wesp_lib::event::comparand_resolver::impl$1::resolve_bool<wesp_lib::event::registry::save_restore::RegSaveKey>	undefined resolve_bool<wesp_lib::event::registry::save_restore::RegSaveKey>(void)	false	false	false
1800fb5d0	64	wesp_lib::event::comparand_resolver::impl$1::resolve_bool<wesp_lib::event::fs::file::FileUnlock>	undefined resolve_bool<wesp_lib::event::fs::file::FileUnlock>(void)	false	false	false
1800fbbf0	64	wesp_lib::event::comparand_resolver::impl$1::resolve_bool<wesp_lib::event::process::ProcessLoadImage>	undefined resolve_bool<wesp_lib::event::process::ProcessLoadImage>(void)	false	false	false
1800fc210	58	wesp_lib::event::comparand_resolver::impl$1::resolve_bool<wesp_lib::event::fs::file::FileQueryInformation>	undefined resolve_bool<wesp_lib::event::fs::file::FileQueryInformation>(void)	false	false	false
1800fc850	64	wesp_lib::event::comparand_resolver::impl$1::resolve_bool<wesp_lib::event::thread::ThreadStart>	undefined resolve_bool<wesp_lib::event::thread::ThreadStart>(void)	false	false	false
1800fd010	64	wesp_lib::event::comparand_resolver::impl$1::resolve_bool<wesp_lib::event::registry::RegDeleteValueKey>	undefined resolve_bool<wesp_lib::event::registry::RegDeleteValueKey>(void)	false	false	false
1800fd630	58	wesp_lib::event::comparand_resolver::impl$1::resolve_bool<wesp_lib::event::fs::file::FileWrite>	undefined resolve_bool<wesp_lib::event::fs::file::FileWrite>(void)	false	false	false
1800fdcb0	64	wesp_lib::event::comparand_resolver::impl$1::resolve_bool<wesp_lib::event::registry::RegLoadKey>	undefined resolve_bool<wesp_lib::event::registry::RegLoadKey>(void)	false	false	false
1800fe3d0	58	wesp_lib::event::comparand_resolver::impl$1::resolve_bool<wesp_lib::event::fs::file::FileQueryOpen>	undefined resolve_bool<wesp_lib::event::fs::file::FileQueryOpen>(void)	false	false	false
1800fea30	58	wesp_lib::event::comparand_resolver::impl$1::resolve_bool<wesp_lib::event::fs::file::FileQueryDirectoryInformation>	undefined resolve_bool<wesp_lib::event::fs::file::FileQueryDirectoryInformation>(void)	false	false	false
1800ff0a0	64	wesp_lib::event::comparand_resolver::impl$1::resolve_bool<wesp_lib::event::fs::file::FileLock>	undefined resolve_bool<wesp_lib::event::fs::file::FileLock>(void)	false	false	false
1800ff6c0	61	wesp_lib::event::comparand_resolver::impl$1::resolve_bool<wesp_lib::event::registry::RegEnumKey>	undefined resolve_bool<wesp_lib::event::registry::RegEnumKey>(void)	false	false	false
1800ffc50	64	wesp_lib::event::comparand_resolver::impl$1::resolve_bool<wesp_lib::event::fs::mailslot::MailslotCreate>	undefined resolve_bool<wesp_lib::event::fs::mailslot::MailslotCreate>(void)	false	false	false
180100270	64	wesp_lib::event::comparand_resolver::impl$1::resolve_bool<wesp_lib::event::thread::ThreadTerminate>	undefined resolve_bool<wesp_lib::event::thread::ThreadTerminate>(void)	false	false	false
180100a30	58	wesp_lib::event::comparand_resolver::impl$1::resolve_bool<wesp_lib::event::registry::RegOpenKey>	undefined resolve_bool<wesp_lib::event::registry::RegOpenKey>(void)	false	false	false
180101030	61	wesp_lib::event::comparand_resolver::impl$1::resolve_bool<wesp_lib::event::registry::RegQueryValueKey>	undefined resolve_bool<wesp_lib::event::registry::RegQueryValueKey>(void)	false	false	false
1801015f0	58	wesp_lib::event::comparand_resolver::impl$1::resolve_bool<wesp_lib::event::fs::file::FileRead>	undefined resolve_bool<wesp_lib::event::fs::file::FileRead>(void)	false	false	false
180101c50	64	wesp_lib::event::comparand_resolver::impl$1::resolve_bool<wesp_lib::event::object_manager::ObHandleCreate>	undefined resolve_bool<wesp_lib::event::object_manager::ObHandleCreate>(void)	false	false	false
180102270	58	wesp_lib::event::comparand_resolver::impl$1::resolve_bool<wesp_lib::event::process::ProcessCreate>	undefined resolve_bool<wesp_lib::event::process::ProcessCreate>(void)	false	false	false
1801028d0	64	wesp_lib::event::comparand_resolver::impl$1::resolve_bool<wesp_lib::event::registry::RegSetValueKey>	undefined resolve_bool<wesp_lib::event::registry::RegSetValueKey>(void)	false	false	false
180102ef0	68	wesp_lib::event::comparand_resolver::impl$1::resolve_bool<wesp_lib::event::registry::RegReplaceKey>	undefined resolve_bool<wesp_lib::event::registry::RegReplaceKey>(void)	false	false	false
1801035b0	64	wesp_lib::event::comparand_resolver::impl$1::resolve_bool<wesp_lib::event::fs::file::KtmTransactionRollback>	undefined resolve_bool<wesp_lib::event::fs::file::KtmTransactionRollback>(void)	false	false	false
180103c60	58	wesp_lib::event::comparand_resolver::impl$1::resolve_bool<wesp_lib::event::registry::RegCreateKey>	undefined resolve_bool<wesp_lib::event::registry::RegCreateKey>(void)	false	false	false
1801042b0	61	wesp_lib::event::comparand_resolver::impl$1::resolve_bool<wesp_lib::event::registry::RegSetKeySecurity>	undefined resolve_bool<wesp_lib::event::registry::RegSetKeySecurity>(void)	false	false	false
180104830	61	wesp_lib::event::comparand_resolver::impl$1::resolve_bool<wesp_lib::event::registry::RegEnumValueKey>	undefined resolve_bool<wesp_lib::event::registry::RegEnumValueKey>(void)	false	false	false
180104dc0	58	wesp_lib::event::comparand_resolver::impl$1::resolve_bool<wesp_lib::event::fs::file::FileFsctl>	undefined resolve_bool<wesp_lib::event::fs::file::FileFsctl>(void)	false	false	false
180105440	64	wesp_lib::event::comparand_resolver::impl$1::resolve_bool<wesp_lib::event::fs::pipe::PipeCreate>	undefined resolve_bool<wesp_lib::event::fs::pipe::PipeCreate>(void)	false	false	false
180105a60	64	wesp_lib::event::comparand_resolver::impl$1::resolve_bool<wesp_lib::event::process::ProcessTerminate>	undefined resolve_bool<wesp_lib::event::process::ProcessTerminate>(void)	false	false	false
180106230	58	wesp_lib::event::comparand_resolver::impl$1::resolve_bool<wesp_lib::event::registry::save_restore::RegRestoreKey>	undefined resolve_bool<wesp_lib::event::registry::save_restore::RegRestoreKey>(void)	false	false	false
180106830	64	wesp_lib::event::comparand_resolver::impl$1::resolve_bool<wesp_lib::event::fs::file::SetEa>	undefined resolve_bool<wesp_lib::event::fs::file::SetEa>(void)	false	false	false
180106e50	58	wesp_lib::event::comparand_resolver::impl$1::resolve_bool<wesp_lib::event::fs::volume::VolumeMount>	undefined resolve_bool<wesp_lib::event::fs::volume::VolumeMount>(void)	false	false	false
1801074c0	64	wesp_lib::event::comparand_resolver::impl$1::resolve_bool<wesp_lib::event::fs::file::FileCreate>	undefined resolve_bool<wesp_lib::event::fs::file::FileCreate>(void)	false	false	false
180107ae0	64	wesp_lib::event::comparand_resolver::impl$1::resolve_bool<wesp_lib::event::registry::RegDeleteKey>	undefined resolve_bool<wesp_lib::event::registry::RegDeleteKey>(void)	false	false	false
1801082d0	203	wesp_lib::event::comparand_resolver::impl$1::resolve_path<wesp_lib::event::fs::file::FileQueryInformation>	undefined resolve_path<wesp_lib::event::fs::file::FileQueryInformation>(void)	false	false	false
1801083a0	75	wesp_lib::event::comparand_resolver::impl$1::resolve_string<wesp_lib::event::fs::file::FileQueryInformation>	undefined resolve_string<wesp_lib::event::fs::file::FileQueryInformation>(void)	false	false	false
180108ad0	50	wesp_lib::event::comparand_resolver::impl$1::resolve_binary<wesp_lib::event::fs::file::FileQueryInformation>	undefined resolve_binary<wesp_lib::event::fs::file::FileQueryInformation>(void)	false	false	false
1801090c0	356	wesp_lib::event::comparand_resolver::impl$1::resolve_security_descriptor<wesp_lib::event::fs::file::FileQueryInformation>	undefined resolve_security_descriptor<wesp_lib::event::fs::file::FileQueryInformation>(void)	false	false	false
180109290	281	wesp_lib::event::comparand_resolver::impl$1::resolve_memory_address_basic<wesp_lib::event::fs::file::FileQueryInformation>	undefined resolve_memory_address_basic<wesp_lib::event::fs::file::FileQueryInformation>(void)	false	false	false
180109410	203	wesp_lib::event::comparand_resolver::impl$1::resolve_path<wesp_lib::event::registry::RegEnumValueKey>	undefined resolve_path<wesp_lib::event::registry::RegEnumValueKey>(void)	false	false	false
1801094e0	75	wesp_lib::event::comparand_resolver::impl$1::resolve_string<wesp_lib::event::registry::RegEnumValueKey>	undefined resolve_string<wesp_lib::event::registry::RegEnumValueKey>(void)	false	false	false
180109d80	50	wesp_lib::event::comparand_resolver::impl$1::resolve_binary<wesp_lib::event::registry::RegEnumValueKey>	undefined resolve_binary<wesp_lib::event::registry::RegEnumValueKey>(void)	false	false	false
18010a4c0	203	wesp_lib::event::comparand_resolver::impl$1::resolve_path<wesp_lib::event::object_manager::ObHandleCreate>	undefined resolve_path<wesp_lib::event::object_manager::ObHandleCreate>(void)	false	false	false
18010a590	75	wesp_lib::event::comparand_resolver::impl$1::resolve_string<wesp_lib::event::object_manager::ObHandleCreate>	undefined resolve_string<wesp_lib::event::object_manager::ObHandleCreate>(void)	false	false	false
18010acd0	50	wesp_lib::event::comparand_resolver::impl$1::resolve_binary<wesp_lib::event::object_manager::ObHandleCreate>	undefined resolve_binary<wesp_lib::event::object_manager::ObHandleCreate>(void)	false	false	false
18010b340	462	wesp_lib::event::comparand_resolver::impl$1::resolve_security_descriptor<wesp_lib::event::object_manager::ObHandleCreate>	undefined resolve_security_descriptor<wesp_lib::event::object_manager::ObHandleCreate>(void)	false	false	false
18010b510	406	wesp_lib::event::comparand_resolver::impl$1::resolve_memory_address_basic<wesp_lib::event::object_manager::ObHandleCreate>	undefined resolve_memory_address_basic<wesp_lib::event::object_manager::ObHandleCreate>(void)	false	false	false
18010b6b0	203	wesp_lib::event::comparand_resolver::impl$1::resolve_path<wesp_lib::event::fs::file::FileCleanup>	undefined resolve_path<wesp_lib::event::fs::file::FileCleanup>(void)	false	false	false
18010b780	75	wesp_lib::event::comparand_resolver::impl$1::resolve_string<wesp_lib::event::fs::file::FileCleanup>	undefined resolve_string<wesp_lib::event::fs::file::FileCleanup>(void)	false	false	false
18010bea0	50	wesp_lib::event::comparand_resolver::impl$1::resolve_binary<wesp_lib::event::fs::file::FileCleanup>	undefined resolve_binary<wesp_lib::event::fs::file::FileCleanup>(void)	false	false	false
18010c480	272	wesp_lib::event::comparand_resolver::impl$1::resolve_security_descriptor<wesp_lib::event::fs::file::FileCleanup>	undefined resolve_security_descriptor<wesp_lib::event::fs::file::FileCleanup>(void)	false	false	false
18010c630	198	wesp_lib::event::comparand_resolver::impl$1::resolve_memory_address_basic<wesp_lib::event::fs::file::FileCleanup>	undefined resolve_memory_address_basic<wesp_lib::event::fs::file::FileCleanup>(void)	false	false	false
18010c790	203	wesp_lib::event::comparand_resolver::impl$1::resolve_path<wesp_lib::event::fs::file::FileRead>	undefined resolve_path<wesp_lib::event::fs::file::FileRead>(void)	false	false	false
18010c860	75	wesp_lib::event::comparand_resolver::impl$1::resolve_string<wesp_lib::event::fs::file::FileRead>	undefined resolve_string<wesp_lib::event::fs::file::FileRead>(void)	false	false	false
18010cf90	50	wesp_lib::event::comparand_resolver::impl$1::resolve_binary<wesp_lib::event::fs::file::FileRead>	undefined resolve_binary<wesp_lib::event::fs::file::FileRead>(void)	false	false	false
18010d580	359	wesp_lib::event::comparand_resolver::impl$1::resolve_security_descriptor<wesp_lib::event::fs::file::FileRead>	undefined resolve_security_descriptor<wesp_lib::event::fs::file::FileRead>(void)	false	false	false
18010d740	285	wesp_lib::event::comparand_resolver::impl$1::resolve_memory_address_basic<wesp_lib::event::fs::file::FileRead>	undefined resolve_memory_address_basic<wesp_lib::event::fs::file::FileRead>(void)	false	false	false
18010d8b0	203	wesp_lib::event::comparand_resolver::impl$1::resolve_path<wesp_lib::event::fs::volume::VolumeMount>	undefined resolve_path<wesp_lib::event::fs::volume::VolumeMount>(void)	false	false	false
18010d980	75	wesp_lib::event::comparand_resolver::impl$1::resolve_string<wesp_lib::event::fs::volume::VolumeMount>	undefined resolve_string<wesp_lib::event::fs::volume::VolumeMount>(void)	false	false	false
18010e0d0	50	wesp_lib::event::comparand_resolver::impl$1::resolve_binary<wesp_lib::event::fs::volume::VolumeMount>	undefined resolve_binary<wesp_lib::event::fs::volume::VolumeMount>(void)	false	false	false
18010e6e0	381	wesp_lib::event::comparand_resolver::impl$1::resolve_security_descriptor<wesp_lib::event::fs::volume::VolumeMount>	undefined resolve_security_descriptor<wesp_lib::event::fs::volume::VolumeMount>(void)	false	false	false
18010e8c0	303	wesp_lib::event::comparand_resolver::impl$1::resolve_memory_address_basic<wesp_lib::event::fs::volume::VolumeMount>	undefined resolve_memory_address_basic<wesp_lib::event::fs::volume::VolumeMount>(void)	false	false	false
18010ea50	203	wesp_lib::event::comparand_resolver::impl$1::resolve_path<wesp_lib::event::fs::mailslot::MailslotCreate>	undefined resolve_path<wesp_lib::event::fs::mailslot::MailslotCreate>(void)	false	false	false
18010eb20	75	wesp_lib::event::comparand_resolver::impl$1::resolve_string<wesp_lib::event::fs::mailslot::MailslotCreate>	undefined resolve_string<wesp_lib::event::fs::mailslot::MailslotCreate>(void)	false	false	false
18010f260	50	wesp_lib::event::comparand_resolver::impl$1::resolve_binary<wesp_lib::event::fs::mailslot::MailslotCreate>	undefined resolve_binary<wesp_lib::event::fs::mailslot::MailslotCreate>(void)	false	false	false
18010f8d0	462	wesp_lib::event::comparand_resolver::impl$1::resolve_security_descriptor<wesp_lib::event::fs::mailslot::MailslotCreate>	undefined resolve_security_descriptor<wesp_lib::event::fs::mailslot::MailslotCreate>(void)	false	false	false
18010faa0	406	wesp_lib::event::comparand_resolver::impl$1::resolve_memory_address_basic<wesp_lib::event::fs::mailslot::MailslotCreate>	undefined resolve_memory_address_basic<wesp_lib::event::fs::mailslot::MailslotCreate>(void)	false	false	false
18010fc40	203	wesp_lib::event::comparand_resolver::impl$1::resolve_path<wesp_lib::event::fs::file::KtmTransactionRollback>	undefined resolve_path<wesp_lib::event::fs::file::KtmTransactionRollback>(void)	false	false	false
18010fd10	75	wesp_lib::event::comparand_resolver::impl$1::resolve_string<wesp_lib::event::fs::file::KtmTransactionRollback>	undefined resolve_string<wesp_lib::event::fs::file::KtmTransactionRollback>(void)	false	false	false
180110740	50	wesp_lib::event::comparand_resolver::impl$1::resolve_binary<wesp_lib::event::fs::file::KtmTransactionRollback>	undefined resolve_binary<wesp_lib::event::fs::file::KtmTransactionRollback>(void)	false	false	false
180111090	203	wesp_lib::event::comparand_resolver::impl$1::resolve_path<wesp_lib::event::process::ProcessTerminate>	undefined resolve_path<wesp_lib::event::process::ProcessTerminate>(void)	false	false	false
180111160	75	wesp_lib::event::comparand_resolver::impl$1::resolve_string<wesp_lib::event::process::ProcessTerminate>	undefined resolve_string<wesp_lib::event::process::ProcessTerminate>(void)	false	false	false
180111d50	50	wesp_lib::event::comparand_resolver::impl$1::resolve_binary<wesp_lib::event::process::ProcessTerminate>	undefined resolve_binary<wesp_lib::event::process::ProcessTerminate>(void)	false	false	false
1801126b0	203	wesp_lib::event::comparand_resolver::impl$1::resolve_path<wesp_lib::event::fs::file::SetEa>	undefined resolve_path<wesp_lib::event::fs::file::SetEa>(void)	false	false	false
180112780	75	wesp_lib::event::comparand_resolver::impl$1::resolve_string<wesp_lib::event::fs::file::SetEa>	undefined resolve_string<wesp_lib::event::fs::file::SetEa>(void)	false	false	false
180112ec0	50	wesp_lib::event::comparand_resolver::impl$1::resolve_binary<wesp_lib::event::fs::file::SetEa>	undefined resolve_binary<wesp_lib::event::fs::file::SetEa>(void)	false	false	false
180113530	462	wesp_lib::event::comparand_resolver::impl$1::resolve_security_descriptor<wesp_lib::event::fs::file::SetEa>	undefined resolve_security_descriptor<wesp_lib::event::fs::file::SetEa>(void)	false	false	false
180113700	406	wesp_lib::event::comparand_resolver::impl$1::resolve_memory_address_basic<wesp_lib::event::fs::file::SetEa>	undefined resolve_memory_address_basic<wesp_lib::event::fs::file::SetEa>(void)	false	false	false
1801138a0	203	wesp_lib::event::comparand_resolver::impl$1::resolve_path<wesp_lib::event::fs::file::FileQueryDirectoryInformation>	undefined resolve_path<wesp_lib::event::fs::file::FileQueryDirectoryInformation>(void)	false	false	false
180113970	75	wesp_lib::event::comparand_resolver::impl$1::resolve_string<wesp_lib::event::fs::file::FileQueryDirectoryInformation>	undefined resolve_string<wesp_lib::event::fs::file::FileQueryDirectoryInformation>(void)	false	false	false
1801140e0	50	wesp_lib::event::comparand_resolver::impl$1::resolve_binary<wesp_lib::event::fs::file::FileQueryDirectoryInformation>	undefined resolve_binary<wesp_lib::event::fs::file::FileQueryDirectoryInformation>(void)	false	false	false
1801146f0	381	wesp_lib::event::comparand_resolver::impl$1::resolve_security_descriptor<wesp_lib::event::fs::file::FileQueryDirectoryInformation>	undefined resolve_security_descriptor<wesp_lib::event::fs::file::FileQueryDirectoryInformation>(void)	false	false	false
1801148d0	303	wesp_lib::event::comparand_resolver::impl$1::resolve_memory_address_basic<wesp_lib::event::fs::file::FileQueryDirectoryInformation>	undefined resolve_memory_address_basic<wesp_lib::event::fs::file::FileQueryDirectoryInformation>(void)	false	false	false
180114a60	203	wesp_lib::event::comparand_resolver::impl$1::resolve_path<wesp_lib::event::registry::save_restore::RegRestoreKey>	undefined resolve_path<wesp_lib::event::registry::save_restore::RegRestoreKey>(void)	false	false	false
180114b30	75	wesp_lib::event::comparand_resolver::impl$1::resolve_string<wesp_lib::event::registry::save_restore::RegRestoreKey>	undefined resolve_string<wesp_lib::event::registry::save_restore::RegRestoreKey>(void)	false	false	false
180115210	50	wesp_lib::event::comparand_resolver::impl$1::resolve_binary<wesp_lib::event::registry::save_restore::RegRestoreKey>	undefined resolve_binary<wesp_lib::event::registry::save_restore::RegRestoreKey>(void)	false	false	false
1801159b0	367	wesp_lib::event::comparand_resolver::impl$1::resolve_security_descriptor<wesp_lib::event::registry::save_restore::RegRestoreKey>	undefined resolve_security_descriptor<wesp_lib::event::registry::save_restore::RegRestoreKey>(void)	false	false	false
180115b20	272	wesp_lib::event::comparand_resolver::impl$1::resolve_memory_address_basic<wesp_lib::event::registry::save_restore::RegRestoreKey>	undefined resolve_memory_address_basic<wesp_lib::event::registry::save_restore::RegRestoreKey>(void)	false	false	false
180115c30	203	wesp_lib::event::comparand_resolver::impl$1::resolve_path<wesp_lib::event::fs::file::FileSetSecurity>	undefined resolve_path<wesp_lib::event::fs::file::FileSetSecurity>(void)	false	false	false
180115d00	75	wesp_lib::event::comparand_resolver::impl$1::resolve_string<wesp_lib::event::fs::file::FileSetSecurity>	undefined resolve_string<wesp_lib::event::fs::file::FileSetSecurity>(void)	false	false	false
180116460	50	wesp_lib::event::comparand_resolver::impl$1::resolve_binary<wesp_lib::event::fs::file::FileSetSecurity>	undefined resolve_binary<wesp_lib::event::fs::file::FileSetSecurity>(void)	false	false	false
180116a80	428	wesp_lib::event::comparand_resolver::impl$1::resolve_security_descriptor<wesp_lib::event::fs::file::FileSetSecurity>	undefined resolve_security_descriptor<wesp_lib::event::fs::file::FileSetSecurity>(void)	false	false	false
180116c90	312	wesp_lib::event::comparand_resolver::impl$1::resolve_memory_address_basic<wesp_lib::event::fs::file::FileSetSecurity>	undefined resolve_memory_address_basic<wesp_lib::event::fs::file::FileSetSecurity>(void)	false	false	false
180116e20	203	wesp_lib::event::comparand_resolver::impl$1::resolve_path<wesp_lib::event::process::ProcessCreate>	undefined resolve_path<wesp_lib::event::process::ProcessCreate>(void)	false	false	false
180116ef0	77	wesp_lib::event::comparand_resolver::impl$1::resolve_string<wesp_lib::event::process::ProcessCreate>	undefined resolve_string<wesp_lib::event::process::ProcessCreate>(void)	false	false	false
180117660	50	wesp_lib::event::comparand_resolver::impl$1::resolve_binary<wesp_lib::event::process::ProcessCreate>	undefined resolve_binary<wesp_lib::event::process::ProcessCreate>(void)	false	false	false
180117e00	273	wesp_lib::event::comparand_resolver::impl$1::resolve_security_descriptor<wesp_lib::event::process::ProcessCreate>	undefined resolve_security_descriptor<wesp_lib::event::process::ProcessCreate>(void)	false	false	false
180117fc0	199	wesp_lib::event::comparand_resolver::impl$1::resolve_memory_address_basic<wesp_lib::event::process::ProcessCreate>	undefined resolve_memory_address_basic<wesp_lib::event::process::ProcessCreate>(void)	false	false	false
180118130	203	wesp_lib::event::comparand_resolver::impl$1::resolve_path<wesp_lib::event::object_manager::ObHandleDuplicate>	undefined resolve_path<wesp_lib::event::object_manager::ObHandleDuplicate>(void)	false	false	false
180118200	75	wesp_lib::event::comparand_resolver::impl$1::resolve_string<wesp_lib::event::object_manager::ObHandleDuplicate>	undefined resolve_string<wesp_lib::event::object_manager::ObHandleDuplicate>(void)	false	false	false
180118940	50	wesp_lib::event::comparand_resolver::impl$1::resolve_binary<wesp_lib::event::object_manager::ObHandleDuplicate>	undefined resolve_binary<wesp_lib::event::object_manager::ObHandleDuplicate>(void)	false	false	false
180118fb0	462	wesp_lib::event::comparand_resolver::impl$1::resolve_security_descriptor<wesp_lib::event::object_manager::ObHandleDuplicate>	undefined resolve_security_descriptor<wesp_lib::event::object_manager::ObHandleDuplicate>(void)	false	false	false
180119180	406	wesp_lib::event::comparand_resolver::impl$1::resolve_memory_address_basic<wesp_lib::event::object_manager::ObHandleDuplicate>	undefined resolve_memory_address_basic<wesp_lib::event::object_manager::ObHandleDuplicate>(void)	false	false	false
180119320	203	wesp_lib::event::comparand_resolver::impl$1::resolve_path<wesp_lib::event::registry::RegOpenKey>	undefined resolve_path<wesp_lib::event::registry::RegOpenKey>(void)	false	false	false
1801193f0	80	wesp_lib::event::comparand_resolver::impl$1::resolve_string<wesp_lib::event::registry::RegOpenKey>	undefined resolve_string<wesp_lib::event::registry::RegOpenKey>(void)	false	false	false
180119ad0	50	wesp_lib::event::comparand_resolver::impl$1::resolve_binary<wesp_lib::event::registry::RegOpenKey>	undefined resolve_binary<wesp_lib::event::registry::RegOpenKey>(void)	false	false	false
18011a090	367	wesp_lib::event::comparand_resolver::impl$1::resolve_security_descriptor<wesp_lib::event::registry::RegOpenKey>	undefined resolve_security_descriptor<wesp_lib::event::registry::RegOpenKey>(void)	false	false	false
18011a200	287	wesp_lib::event::comparand_resolver::impl$1::resolve_memory_address_basic<wesp_lib::event::registry::RegOpenKey>	undefined resolve_memory_address_basic<wesp_lib::event::registry::RegOpenKey>(void)	false	false	false
18011a320	203	wesp_lib::event::comparand_resolver::impl$1::resolve_path<wesp_lib::event::registry::RegLoadKey>	undefined resolve_path<wesp_lib::event::registry::RegLoadKey>(void)	false	false	false
18011a3f0	80	wesp_lib::event::comparand_resolver::impl$1::resolve_string<wesp_lib::event::registry::RegLoadKey>	undefined resolve_string<wesp_lib::event::registry::RegLoadKey>(void)	false	false	false
18011abc0	50	wesp_lib::event::comparand_resolver::impl$1::resolve_binary<wesp_lib::event::registry::RegLoadKey>	undefined resolve_binary<wesp_lib::event::registry::RegLoadKey>(void)	false	false	false
18011b380	288	wesp_lib::event::comparand_resolver::impl$1::resolve_security_descriptor<wesp_lib::event::registry::RegLoadKey>	undefined resolve_security_descriptor<wesp_lib::event::registry::RegLoadKey>(void)	false	false	false
18011b5f0	214	wesp_lib::event::comparand_resolver::impl$1::resolve_memory_address_basic<wesp_lib::event::registry::RegLoadKey>	undefined resolve_memory_address_basic<wesp_lib::event::registry::RegLoadKey>(void)	false	false	false
18011b820	203	wesp_lib::event::comparand_resolver::impl$1::resolve_path<wesp_lib::event::thread::ThreadStart>	undefined resolve_path<wesp_lib::event::thread::ThreadStart>(void)	false	false	false
18011b8f0	75	wesp_lib::event::comparand_resolver::impl$1::resolve_string<wesp_lib::event::thread::ThreadStart>	undefined resolve_string<wesp_lib::event::thread::ThreadStart>(void)	false	false	false
18011c510	50	wesp_lib::event::comparand_resolver::impl$1::resolve_binary<wesp_lib::event::thread::ThreadStart>	undefined resolve_binary<wesp_lib::event::thread::ThreadStart>(void)	false	false	false
18011ce60	203	wesp_lib::event::comparand_resolver::impl$1::resolve_path<wesp_lib::event::registry::RegQueryValueKey>	undefined resolve_path<wesp_lib::event::registry::RegQueryValueKey>(void)	false	false	false
18011cf30	75	wesp_lib::event::comparand_resolver::impl$1::resolve_string<wesp_lib::event::registry::RegQueryValueKey>	undefined resolve_string<wesp_lib::event::registry::RegQueryValueKey>(void)	false	false	false
18011d860	50	wesp_lib::event::comparand_resolver::impl$1::resolve_binary<wesp_lib::event::registry::RegQueryValueKey>	undefined resolve_binary<wesp_lib::event::registry::RegQueryValueKey>(void)	false	false	false
18011dfc0	203	wesp_lib::event::comparand_resolver::impl$1::resolve_path<wesp_lib::event::fs::volume::VolumeFsctl>	undefined resolve_path<wesp_lib::event::fs::volume::VolumeFsctl>(void)	false	false	false
18011e090	75	wesp_lib::event::comparand_resolver::impl$1::resolve_string<wesp_lib::event::fs::volume::VolumeFsctl>	undefined resolve_string<wesp_lib::event::fs::volume::VolumeFsctl>(void)	false	false	false
18011e7f0	50	wesp_lib::event::comparand_resolver::impl$1::resolve_binary<wesp_lib::event::fs::volume::VolumeFsctl>	undefined resolve_binary<wesp_lib::event::fs::volume::VolumeFsctl>(void)	false	false	false
18011ef70	303	wesp_lib::event::comparand_resolver::impl$1::resolve_security_descriptor<wesp_lib::event::fs::volume::VolumeFsctl>	undefined resolve_security_descriptor<wesp_lib::event::fs::volume::VolumeFsctl>(void)	false	false	false
18011f160	225	wesp_lib::event::comparand_resolver::impl$1::resolve_memory_address_basic<wesp_lib::event::fs::volume::VolumeFsctl>	undefined resolve_memory_address_basic<wesp_lib::event::fs::volume::VolumeFsctl>(void)	false	false	false
18011f300	203	wesp_lib::event::comparand_resolver::impl$1::resolve_path<wesp_lib::event::fs::file::FileSetInformation>	undefined resolve_path<wesp_lib::event::fs::file::FileSetInformation>(void)	false	false	false
18011f3d0	75	wesp_lib::event::comparand_resolver::impl$1::resolve_string<wesp_lib::event::fs::file::FileSetInformation>	undefined resolve_string<wesp_lib::event::fs::file::FileSetInformation>(void)	false	false	false
18011fb10	50	wesp_lib::event::comparand_resolver::impl$1::resolve_binary<wesp_lib::event::fs::file::FileSetInformation>	undefined resolve_binary<wesp_lib::event::fs::file::FileSetInformation>(void)	false	false	false
180120180	462	wesp_lib::event::comparand_resolver::impl$1::resolve_security_descriptor<wesp_lib::event::fs::file::FileSetInformation>	undefined resolve_security_descriptor<wesp_lib::event::fs::file::FileSetInformation>(void)	false	false	false
180120350	406	wesp_lib::event::comparand_resolver::impl$1::resolve_memory_address_basic<wesp_lib::event::fs::file::FileSetInformation>	undefined resolve_memory_address_basic<wesp_lib::event::fs::file::FileSetInformation>(void)	false	false	false
1801204f0	203	wesp_lib::event::comparand_resolver::impl$1::resolve_path<wesp_lib::event::registry::RegCreateKey>	undefined resolve_path<wesp_lib::event::registry::RegCreateKey>(void)	false	false	false
1801205c0	80	wesp_lib::event::comparand_resolver::impl$1::resolve_string<wesp_lib::event::registry::RegCreateKey>	undefined resolve_string<wesp_lib::event::registry::RegCreateKey>(void)	false	false	false
180120cd0	50	wesp_lib::event::comparand_resolver::impl$1::resolve_binary<wesp_lib::event::registry::RegCreateKey>	undefined resolve_binary<wesp_lib::event::registry::RegCreateKey>(void)	false	false	false
1801212d0	267	wesp_lib::event::comparand_resolver::impl$1::resolve_security_descriptor<wesp_lib::event::registry::RegCreateKey>	undefined resolve_security_descriptor<wesp_lib::event::registry::RegCreateKey>(void)	false	false	false
180121490	194	wesp_lib::event::comparand_resolver::impl$1::resolve_memory_address_basic<wesp_lib::event::registry::RegCreateKey>	undefined resolve_memory_address_basic<wesp_lib::event::registry::RegCreateKey>(void)	false	false	false
180121600	203	wesp_lib::event::comparand_resolver::impl$1::resolve_path<wesp_lib::event::registry::RegDeleteKey>	undefined resolve_path<wesp_lib::event::registry::RegDeleteKey>(void)	false	false	false
1801216d0	75	wesp_lib::event::comparand_resolver::impl$1::resolve_string<wesp_lib::event::registry::RegDeleteKey>	undefined resolve_string<wesp_lib::event::registry::RegDeleteKey>(void)	false	false	false
1801222d0	50	wesp_lib::event::comparand_resolver::impl$1::resolve_binary<wesp_lib::event::registry::RegDeleteKey>	undefined resolve_binary<wesp_lib::event::registry::RegDeleteKey>(void)	false	false	false
180122c30	203	wesp_lib::event::comparand_resolver::impl$1::resolve_path<wesp_lib::event::fs::file::FileOpen>	undefined resolve_path<wesp_lib::event::fs::file::FileOpen>(void)	false	false	false
180122d00	75	wesp_lib::event::comparand_resolver::impl$1::resolve_string<wesp_lib::event::fs::file::FileOpen>	undefined resolve_string<wesp_lib::event::fs::file::FileOpen>(void)	false	false	false
180123440	50	wesp_lib::event::comparand_resolver::impl$1::resolve_binary<wesp_lib::event::fs::file::FileOpen>	undefined resolve_binary<wesp_lib::event::fs::file::FileOpen>(void)	false	false	false
180123ab0	462	wesp_lib::event::comparand_resolver::impl$1::resolve_security_descriptor<wesp_lib::event::fs::file::FileOpen>	undefined resolve_security_descriptor<wesp_lib::event::fs::file::FileOpen>(void)	false	false	false
180123c80	406	wesp_lib::event::comparand_resolver::impl$1::resolve_memory_address_basic<wesp_lib::event::fs::file::FileOpen>	undefined resolve_memory_address_basic<wesp_lib::event::fs::file::FileOpen>(void)	false	false	false
180123e20	203	wesp_lib::event::comparand_resolver::impl$1::resolve_path<wesp_lib::event::thread::ThreadCreate>	undefined resolve_path<wesp_lib::event::thread::ThreadCreate>(void)	false	false	false
180123ef0	75	wesp_lib::event::comparand_resolver::impl$1::resolve_string<wesp_lib::event::thread::ThreadCreate>	undefined resolve_string<wesp_lib::event::thread::ThreadCreate>(void)	false	false	false
180124720	50	wesp_lib::event::comparand_resolver::impl$1::resolve_binary<wesp_lib::event::thread::ThreadCreate>	undefined resolve_binary<wesp_lib::event::thread::ThreadCreate>(void)	false	false	false
180124ea0	203	wesp_lib::event::comparand_resolver::impl$1::resolve_path<wesp_lib::event::fs::file::FileUnlock>	undefined resolve_path<wesp_lib::event::fs::file::FileUnlock>(void)	false	false	false
180124f70	75	wesp_lib::event::comparand_resolver::impl$1::resolve_string<wesp_lib::event::fs::file::FileUnlock>	undefined resolve_string<wesp_lib::event::fs::file::FileUnlock>(void)	false	false	false
1801256b0	50	wesp_lib::event::comparand_resolver::impl$1::resolve_binary<wesp_lib::event::fs::file::FileUnlock>	undefined resolve_binary<wesp_lib::event::fs::file::FileUnlock>(void)	false	false	false
180125d20	462	wesp_lib::event::comparand_resolver::impl$1::resolve_security_descriptor<wesp_lib::event::fs::file::FileUnlock>	undefined resolve_security_descriptor<wesp_lib::event::fs::file::FileUnlock>(void)	false	false	false
180125ef0	406	wesp_lib::event::comparand_resolver::impl$1::resolve_memory_address_basic<wesp_lib::event::fs::file::FileUnlock>	undefined resolve_memory_address_basic<wesp_lib::event::fs::file::FileUnlock>(void)	false	false	false
180126090	203	wesp_lib::event::comparand_resolver::impl$1::resolve_path<wesp_lib::event::registry::RegSetValueKey>	undefined resolve_path<wesp_lib::event::registry::RegSetValueKey>(void)	false	false	false
180126160	75	wesp_lib::event::comparand_resolver::impl$1::resolve_string<wesp_lib::event::registry::RegSetValueKey>	undefined resolve_string<wesp_lib::event::registry::RegSetValueKey>(void)	false	false	false
1801268a0	50	wesp_lib::event::comparand_resolver::impl$1::resolve_binary<wesp_lib::event::registry::RegSetValueKey>	undefined resolve_binary<wesp_lib::event::registry::RegSetValueKey>(void)	false	false	false
180126f10	462	wesp_lib::event::comparand_resolver::impl$1::resolve_security_descriptor<wesp_lib::event::registry::RegSetValueKey>	undefined resolve_security_descriptor<wesp_lib::event::registry::RegSetValueKey>(void)	false	false	false
1801270e0	406	wesp_lib::event::comparand_resolver::impl$1::resolve_memory_address_basic<wesp_lib::event::registry::RegSetValueKey>	undefined resolve_memory_address_basic<wesp_lib::event::registry::RegSetValueKey>(void)	false	false	false
180127280	203	wesp_lib::event::comparand_resolver::impl$1::resolve_path<wesp_lib::event::fs::pipe::PipeCreate>	undefined resolve_path<wesp_lib::event::fs::pipe::PipeCreate>(void)	false	false	false
180127350	75	wesp_lib::event::comparand_resolver::impl$1::resolve_string<wesp_lib::event::fs::pipe::PipeCreate>	undefined resolve_string<wesp_lib::event::fs::pipe::PipeCreate>(void)	false	false	false
180127a90	50	wesp_lib::event::comparand_resolver::impl$1::resolve_binary<wesp_lib::event::fs::pipe::PipeCreate>	undefined resolve_binary<wesp_lib::event::fs::pipe::PipeCreate>(void)	false	false	false
180128100	462	wesp_lib::event::comparand_resolver::impl$1::resolve_security_descriptor<wesp_lib::event::fs::pipe::PipeCreate>	undefined resolve_security_descriptor<wesp_lib::event::fs::pipe::PipeCreate>(void)	false	false	false
1801282d0	406	wesp_lib::event::comparand_resolver::impl$1::resolve_memory_address_basic<wesp_lib::event::fs::pipe::PipeCreate>	undefined resolve_memory_address_basic<wesp_lib::event::fs::pipe::PipeCreate>(void)	false	false	false
180128470	203	wesp_lib::event::comparand_resolver::impl$1::resolve_path<wesp_lib::event::registry::RegDeleteValueKey>	undefined resolve_path<wesp_lib::event::registry::RegDeleteValueKey>(void)	false	false	false
180128540	75	wesp_lib::event::comparand_resolver::impl$1::resolve_string<wesp_lib::event::registry::RegDeleteValueKey>	undefined resolve_string<wesp_lib::event::registry::RegDeleteValueKey>(void)	false	false	false
180128cc0	50	wesp_lib::event::comparand_resolver::impl$1::resolve_binary<wesp_lib::event::registry::RegDeleteValueKey>	undefined resolve_binary<wesp_lib::event::registry::RegDeleteValueKey>(void)	false	false	false
180129330	466	wesp_lib::event::comparand_resolver::impl$1::resolve_security_descriptor<wesp_lib::event::registry::RegDeleteValueKey>	undefined resolve_security_descriptor<wesp_lib::event::registry::RegDeleteValueKey>(void)	false	false	false
180129510	410	wesp_lib::event::comparand_resolver::impl$1::resolve_memory_address_basic<wesp_lib::event::registry::RegDeleteValueKey>	undefined resolve_memory_address_basic<wesp_lib::event::registry::RegDeleteValueKey>(void)	false	false	false
1801296b0	203	wesp_lib::event::comparand_resolver::impl$1::resolve_path<wesp_lib::event::fs::file::FileLock>	undefined resolve_path<wesp_lib::event::fs::file::FileLock>(void)	false	false	false
180129780	75	wesp_lib::event::comparand_resolver::impl$1::resolve_string<wesp_lib::event::fs::file::FileLock>	undefined resolve_string<wesp_lib::event::fs::file::FileLock>(void)	false	false	false
180129ec0	50	wesp_lib::event::comparand_resolver::impl$1::resolve_binary<wesp_lib::event::fs::file::FileLock>	undefined resolve_binary<wesp_lib::event::fs::file::FileLock>(void)	false	false	false
18012a530	462	wesp_lib::event::comparand_resolver::impl$1::resolve_security_descriptor<wesp_lib::event::fs::file::FileLock>	undefined resolve_security_descriptor<wesp_lib::event::fs::file::FileLock>(void)	false	false	false
18012a700	406	wesp_lib::event::comparand_resolver::impl$1::resolve_memory_address_basic<wesp_lib::event::fs::file::FileLock>	undefined resolve_memory_address_basic<wesp_lib::event::fs::file::FileLock>(void)	false	false	false
18012a8a0	203	wesp_lib::event::comparand_resolver::impl$1::resolve_path<wesp_lib::event::fs::volume::VolumeDismount>	undefined resolve_path<wesp_lib::event::fs::volume::VolumeDismount>(void)	false	false	false
18012a970	75	wesp_lib::event::comparand_resolver::impl$1::resolve_string<wesp_lib::event::fs::volume::VolumeDismount>	undefined resolve_string<wesp_lib::event::fs::volume::VolumeDismount>(void)	false	false	false
18012b560	50	wesp_lib::event::comparand_resolver::impl$1::resolve_binary<wesp_lib::event::fs::volume::VolumeDismount>	undefined resolve_binary<wesp_lib::event::fs::volume::VolumeDismount>(void)	false	false	false
18012bec0	203	wesp_lib::event::comparand_resolver::impl$1::resolve_path<wesp_lib::event::fs::file::FileCreate>	undefined resolve_path<wesp_lib::event::fs::file::FileCreate>(void)	false	false	false
18012bf90	75	wesp_lib::event::comparand_resolver::impl$1::resolve_string<wesp_lib::event::fs::file::FileCreate>	undefined resolve_string<wesp_lib::event::fs::file::FileCreate>(void)	false	false	false
18012c6d0	50	wesp_lib::event::comparand_resolver::impl$1::resolve_binary<wesp_lib::event::fs::file::FileCreate>	undefined resolve_binary<wesp_lib::event::fs::file::FileCreate>(void)	false	false	false
18012cd40	462	wesp_lib::event::comparand_resolver::impl$1::resolve_security_descriptor<wesp_lib::event::fs::file::FileCreate>	undefined resolve_security_descriptor<wesp_lib::event::fs::file::FileCreate>(void)	false	false	false
18012cf10	406	wesp_lib::event::comparand_resolver::impl$1::resolve_memory_address_basic<wesp_lib::event::fs::file::FileCreate>	undefined resolve_memory_address_basic<wesp_lib::event::fs::file::FileCreate>(void)	false	false	false
18012d0b0	203	wesp_lib::event::comparand_resolver::impl$1::resolve_path<wesp_lib::event::fs::file::KtmTransactionCommit>	undefined resolve_path<wesp_lib::event::fs::file::KtmTransactionCommit>(void)	false	false	false
18012d180	75	wesp_lib::event::comparand_resolver::impl$1::resolve_string<wesp_lib::event::fs::file::KtmTransactionCommit>	undefined resolve_string<wesp_lib::event::fs::file::KtmTransactionCommit>(void)	false	false	false
18012dbb0	50	wesp_lib::event::comparand_resolver::impl$1::resolve_binary<wesp_lib::event::fs::file::KtmTransactionCommit>	undefined resolve_binary<wesp_lib::event::fs::file::KtmTransactionCommit>(void)	false	false	false
18012e500	203	wesp_lib::event::comparand_resolver::impl$1::resolve_path<wesp_lib::event::fs::file::FileWrite>	undefined resolve_path<wesp_lib::event::fs::file::FileWrite>(void)	false	false	false
18012e5d0	75	wesp_lib::event::comparand_resolver::impl$1::resolve_string<wesp_lib::event::fs::file::FileWrite>	undefined resolve_string<wesp_lib::event::fs::file::FileWrite>(void)	false	false	false
18012ed30	50	wesp_lib::event::comparand_resolver::impl$1::resolve_binary<wesp_lib::event::fs::file::FileWrite>	undefined resolve_binary<wesp_lib::event::fs::file::FileWrite>(void)	false	false	false
18012f4a0	303	wesp_lib::event::comparand_resolver::impl$1::resolve_security_descriptor<wesp_lib::event::fs::file::FileWrite>	undefined resolve_security_descriptor<wesp_lib::event::fs::file::FileWrite>(void)	false	false	false
18012f690	225	wesp_lib::event::comparand_resolver::impl$1::resolve_memory_address_basic<wesp_lib::event::fs::file::FileWrite>	undefined resolve_memory_address_basic<wesp_lib::event::fs::file::FileWrite>(void)	false	false	false
18012f830	203	wesp_lib::event::comparand_resolver::impl$1::resolve_path<wesp_lib::event::process::ProcessLoadImage>	undefined resolve_path<wesp_lib::event::process::ProcessLoadImage>(void)	false	false	false
18012f900	75	wesp_lib::event::comparand_resolver::impl$1::resolve_string<wesp_lib::event::process::ProcessLoadImage>	undefined resolve_string<wesp_lib::event::process::ProcessLoadImage>(void)	false	false	false
180130040	50	wesp_lib::event::comparand_resolver::impl$1::resolve_binary<wesp_lib::event::process::ProcessLoadImage>	undefined resolve_binary<wesp_lib::event::process::ProcessLoadImage>(void)	false	false	false
1801306b0	462	wesp_lib::event::comparand_resolver::impl$1::resolve_security_descriptor<wesp_lib::event::process::ProcessLoadImage>	undefined resolve_security_descriptor<wesp_lib::event::process::ProcessLoadImage>(void)	false	false	false
180130880	406	wesp_lib::event::comparand_resolver::impl$1::resolve_memory_address_basic<wesp_lib::event::process::ProcessLoadImage>	undefined resolve_memory_address_basic<wesp_lib::event::process::ProcessLoadImage>(void)	false	false	false
180130a20	203	wesp_lib::event::comparand_resolver::impl$1::resolve_path<wesp_lib::event::registry::RegEnumKey>	undefined resolve_path<wesp_lib::event::registry::RegEnumKey>(void)	false	false	false
180130af0	75	wesp_lib::event::comparand_resolver::impl$1::resolve_string<wesp_lib::event::registry::RegEnumKey>	undefined resolve_string<wesp_lib::event::registry::RegEnumKey>(void)	false	false	false
180131390	50	wesp_lib::event::comparand_resolver::impl$1::resolve_binary<wesp_lib::event::registry::RegEnumKey>	undefined resolve_binary<wesp_lib::event::registry::RegEnumKey>(void)	false	false	false
180131ad0	203	wesp_lib::event::comparand_resolver::impl$1::resolve_path<wesp_lib::event::fs::file::FileQueryOpen>	undefined resolve_path<wesp_lib::event::fs::file::FileQueryOpen>(void)	false	false	false
180131ba0	75	wesp_lib::event::comparand_resolver::impl$1::resolve_string<wesp_lib::event::fs::file::FileQueryOpen>	undefined resolve_string<wesp_lib::event::fs::file::FileQueryOpen>(void)	false	false	false
1801322e0	50	wesp_lib::event::comparand_resolver::impl$1::resolve_binary<wesp_lib::event::fs::file::FileQueryOpen>	undefined resolve_binary<wesp_lib::event::fs::file::FileQueryOpen>(void)	false	false	false
1801328f0	381	wesp_lib::event::comparand_resolver::impl$1::resolve_security_descriptor<wesp_lib::event::fs::file::FileQueryOpen>	undefined resolve_security_descriptor<wesp_lib::event::fs::file::FileQueryOpen>(void)	false	false	false
180132ac0	304	wesp_lib::event::comparand_resolver::impl$1::resolve_memory_address_basic<wesp_lib::event::fs::file::FileQueryOpen>	undefined resolve_memory_address_basic<wesp_lib::event::fs::file::FileQueryOpen>(void)	false	false	false
180132c40	203	wesp_lib::event::comparand_resolver::impl$1::resolve_path<wesp_lib::event::thread::ThreadTerminate>	undefined resolve_path<wesp_lib::event::thread::ThreadTerminate>(void)	false	false	false
180132d10	75	wesp_lib::event::comparand_resolver::impl$1::resolve_string<wesp_lib::event::thread::ThreadTerminate>	undefined resolve_string<wesp_lib::event::thread::ThreadTerminate>(void)	false	false	false
180133930	50	wesp_lib::event::comparand_resolver::impl$1::resolve_binary<wesp_lib::event::thread::ThreadTerminate>	undefined resolve_binary<wesp_lib::event::thread::ThreadTerminate>(void)	false	false	false
180134280	203	wesp_lib::event::comparand_resolver::impl$1::resolve_path<wesp_lib::event::fs::file::FileFsctl>	undefined resolve_path<wesp_lib::event::fs::file::FileFsctl>(void)	false	false	false
180134350	75	wesp_lib::event::comparand_resolver::impl$1::resolve_string<wesp_lib::event::fs::file::FileFsctl>	undefined resolve_string<wesp_lib::event::fs::file::FileFsctl>(void)	false	false	false
180134aa0	50	wesp_lib::event::comparand_resolver::impl$1::resolve_binary<wesp_lib::event::fs::file::FileFsctl>	undefined resolve_binary<wesp_lib::event::fs::file::FileFsctl>(void)	false	false	false
180135210	393	wesp_lib::event::comparand_resolver::impl$1::resolve_security_descriptor<wesp_lib::event::fs::file::FileFsctl>	undefined resolve_security_descriptor<wesp_lib::event::fs::file::FileFsctl>(void)	false	false	false
180135400	311	wesp_lib::event::comparand_resolver::impl$1::resolve_memory_address_basic<wesp_lib::event::fs::file::FileFsctl>	undefined resolve_memory_address_basic<wesp_lib::event::fs::file::FileFsctl>(void)	false	false	false
180135590	203	wesp_lib::event::comparand_resolver::impl$1::resolve_path<wesp_lib::event::registry::RegQueryKey>	undefined resolve_path<wesp_lib::event::registry::RegQueryKey>(void)	false	false	false
180135660	75	wesp_lib::event::comparand_resolver::impl$1::resolve_string<wesp_lib::event::registry::RegQueryKey>	undefined resolve_string<wesp_lib::event::registry::RegQueryKey>(void)	false	false	false
180135e90	50	wesp_lib::event::comparand_resolver::impl$1::resolve_binary<wesp_lib::event::registry::RegQueryKey>	undefined resolve_binary<wesp_lib::event::registry::RegQueryKey>(void)	false	false	false
1801365d0	203	wesp_lib::event::comparand_resolver::impl$1::resolve_path<wesp_lib::event::fs::file::FileCreateSection>	undefined resolve_path<wesp_lib::event::fs::file::FileCreateSection>(void)	false	false	false
1801366a0	75	wesp_lib::event::comparand_resolver::impl$1::resolve_string<wesp_lib::event::fs::file::FileCreateSection>	undefined resolve_string<wesp_lib::event::fs::file::FileCreateSection>(void)	false	false	false
180136df0	50	wesp_lib::event::comparand_resolver::impl$1::resolve_binary<wesp_lib::event::fs::file::FileCreateSection>	undefined resolve_binary<wesp_lib::event::fs::file::FileCreateSection>(void)	false	false	false
180137400	302	wesp_lib::event::comparand_resolver::impl$1::resolve_security_descriptor<wesp_lib::event::fs::file::FileCreateSection>	undefined resolve_security_descriptor<wesp_lib::event::fs::file::FileCreateSection>(void)	false	false	false
1801375e0	224	wesp_lib::event::comparand_resolver::impl$1::resolve_memory_address_basic<wesp_lib::event::fs::file::FileCreateSection>	undefined resolve_memory_address_basic<wesp_lib::event::fs::file::FileCreateSection>(void)	false	false	false
180137770	203	wesp_lib::event::comparand_resolver::impl$1::resolve_path<wesp_lib::event::registry::RegReplaceKey>	undefined resolve_path<wesp_lib::event::registry::RegReplaceKey>(void)	false	false	false
180137840	82	wesp_lib::event::comparand_resolver::impl$1::resolve_string<wesp_lib::event::registry::RegReplaceKey>	undefined resolve_string<wesp_lib::event::registry::RegReplaceKey>(void)	false	false	false
180138220	50	wesp_lib::event::comparand_resolver::impl$1::resolve_binary<wesp_lib::event::registry::RegReplaceKey>	undefined resolve_binary<wesp_lib::event::registry::RegReplaceKey>(void)	false	false	false
180138bc0	203	wesp_lib::event::comparand_resolver::impl$1::resolve_path<wesp_lib::event::registry::RegRenameKey>	undefined resolve_path<wesp_lib::event::registry::RegRenameKey>(void)	false	false	false
180138c90	75	wesp_lib::event::comparand_resolver::impl$1::resolve_string<wesp_lib::event::registry::RegRenameKey>	undefined resolve_string<wesp_lib::event::registry::RegRenameKey>(void)	false	false	false
180139870	50	wesp_lib::event::comparand_resolver::impl$1::resolve_binary<wesp_lib::event::registry::RegRenameKey>	undefined resolve_binary<wesp_lib::event::registry::RegRenameKey>(void)	false	false	false
18013a260	203	wesp_lib::event::comparand_resolver::impl$1::resolve_path<wesp_lib::event::registry::save_restore::RegSaveKey>	undefined resolve_path<wesp_lib::event::registry::save_restore::RegSaveKey>(void)	false	false	false
18013a330	75	wesp_lib::event::comparand_resolver::impl$1::resolve_string<wesp_lib::event::registry::save_restore::RegSaveKey>	undefined resolve_string<wesp_lib::event::registry::save_restore::RegSaveKey>(void)	false	false	false
18013aa10	50	wesp_lib::event::comparand_resolver::impl$1::resolve_binary<wesp_lib::event::registry::save_restore::RegSaveKey>	undefined resolve_binary<wesp_lib::event::registry::save_restore::RegSaveKey>(void)	false	false	false
18013b1b0	367	wesp_lib::event::comparand_resolver::impl$1::resolve_security_descriptor<wesp_lib::event::registry::save_restore::RegSaveKey>	undefined resolve_security_descriptor<wesp_lib::event::registry::save_restore::RegSaveKey>(void)	false	false	false
18013b320	272	wesp_lib::event::comparand_resolver::impl$1::resolve_memory_address_basic<wesp_lib::event::registry::save_restore::RegSaveKey>	undefined resolve_memory_address_basic<wesp_lib::event::registry::save_restore::RegSaveKey>(void)	false	false	false
18013b430	203	wesp_lib::event::comparand_resolver::impl$1::resolve_path<wesp_lib::event::registry::RegSetKeySecurity>	undefined resolve_path<wesp_lib::event::registry::RegSetKeySecurity>(void)	false	false	false
18013b500	75	wesp_lib::event::comparand_resolver::impl$1::resolve_string<wesp_lib::event::registry::RegSetKeySecurity>	undefined resolve_string<wesp_lib::event::registry::RegSetKeySecurity>(void)	false	false	false
18013bd90	50	wesp_lib::event::comparand_resolver::impl$1::resolve_binary<wesp_lib::event::registry::RegSetKeySecurity>	undefined resolve_binary<wesp_lib::event::registry::RegSetKeySecurity>(void)	false	false	false
18013c550	127	wesp_lib::event::comparand_resolver::impl$1::resolve_token<wesp_lib::event::fs::volume::VolumeFsctl>	undefined resolve_token<wesp_lib::event::fs::volume::VolumeFsctl>(void)	false	false	false
18013c5d0	127	wesp_lib::event::comparand_resolver::impl$1::resolve_token<wesp_lib::event::fs::file::FileRead>	undefined resolve_token<wesp_lib::event::fs::file::FileRead>(void)	false	false	false
18013c650	127	wesp_lib::event::comparand_resolver::impl$1::resolve_token<wesp_lib::event::object_manager::ObHandleDuplicate>	undefined resolve_token<wesp_lib::event::object_manager::ObHandleDuplicate>(void)	false	false	false
18013c6d0	127	wesp_lib::event::comparand_resolver::impl$1::resolve_token<wesp_lib::event::object_manager::ObHandleCreate>	undefined resolve_token<wesp_lib::event::object_manager::ObHandleCreate>(void)	false	false	false
18013c750	127	wesp_lib::event::comparand_resolver::impl$1::resolve_token<wesp_lib::event::registry::RegReplaceKey>	undefined resolve_token<wesp_lib::event::registry::RegReplaceKey>(void)	false	false	false
18013c7d0	127	wesp_lib::event::comparand_resolver::impl$1::resolve_token<wesp_lib::event::fs::file::FileUnlock>	undefined resolve_token<wesp_lib::event::fs::file::FileUnlock>(void)	false	false	false
18013c850	127	wesp_lib::event::comparand_resolver::impl$1::resolve_token<wesp_lib::event::process::ProcessCreate>	undefined resolve_token<wesp_lib::event::process::ProcessCreate>(void)	false	false	false
18013c8d0	127	wesp_lib::event::comparand_resolver::impl$1::resolve_token<wesp_lib::event::fs::file::KtmTransactionCommit>	undefined resolve_token<wesp_lib::event::fs::file::KtmTransactionCommit>(void)	false	false	false
18013c950	127	wesp_lib::event::comparand_resolver::impl$1::resolve_token<wesp_lib::event::fs::file::FileCleanup>	undefined resolve_token<wesp_lib::event::fs::file::FileCleanup>(void)	false	false	false
18013c9d0	127	wesp_lib::event::comparand_resolver::impl$1::resolve_token<wesp_lib::event::fs::file::FileSetInformation>	undefined resolve_token<wesp_lib::event::fs::file::FileSetInformation>(void)	false	false	false
18013ca50	127	wesp_lib::event::comparand_resolver::impl$1::resolve_token<wesp_lib::event::registry::RegQueryValueKey>	undefined resolve_token<wesp_lib::event::registry::RegQueryValueKey>(void)	false	false	false
18013cad0	127	wesp_lib::event::comparand_resolver::impl$1::resolve_token<wesp_lib::event::thread::ThreadTerminate>	undefined resolve_token<wesp_lib::event::thread::ThreadTerminate>(void)	false	false	false
18013cb50	127	wesp_lib::event::comparand_resolver::impl$1::resolve_token<wesp_lib::event::registry::RegDeleteValueKey>	undefined resolve_token<wesp_lib::event::registry::RegDeleteValueKey>(void)	false	false	false
18013cbd0	127	wesp_lib::event::comparand_resolver::impl$1::resolve_token<wesp_lib::event::process::ProcessLoadImage>	undefined resolve_token<wesp_lib::event::process::ProcessLoadImage>(void)	false	false	false
18013cc50	127	wesp_lib::event::comparand_resolver::impl$1::resolve_token<wesp_lib::event::thread::ThreadCreate>	undefined resolve_token<wesp_lib::event::thread::ThreadCreate>(void)	false	false	false
18013ccd0	127	wesp_lib::event::comparand_resolver::impl$1::resolve_token<wesp_lib::event::fs::file::FileCreateSection>	undefined resolve_token<wesp_lib::event::fs::file::FileCreateSection>(void)	false	false	false
18013cd50	127	wesp_lib::event::comparand_resolver::impl$1::resolve_token<wesp_lib::event::registry::RegOpenKey>	undefined resolve_token<wesp_lib::event::registry::RegOpenKey>(void)	false	false	false
18013cdd0	127	wesp_lib::event::comparand_resolver::impl$1::resolve_token<wesp_lib::event::registry::RegLoadKey>	undefined resolve_token<wesp_lib::event::registry::RegLoadKey>(void)	false	false	false
18013ce50	127	wesp_lib::event::comparand_resolver::impl$1::resolve_token<wesp_lib::event::fs::volume::VolumeDismount>	undefined resolve_token<wesp_lib::event::fs::volume::VolumeDismount>(void)	false	false	false
18013ced0	127	wesp_lib::event::comparand_resolver::impl$1::resolve_token<wesp_lib::event::registry::RegCreateKey>	undefined resolve_token<wesp_lib::event::registry::RegCreateKey>(void)	false	false	false
18013cf50	127	wesp_lib::event::comparand_resolver::impl$1::resolve_token<wesp_lib::event::process::ProcessTerminate>	undefined resolve_token<wesp_lib::event::process::ProcessTerminate>(void)	false	false	false
18013cfd0	127	wesp_lib::event::comparand_resolver::impl$1::resolve_token<wesp_lib::event::registry::save_restore::RegSaveKey>	undefined resolve_token<wesp_lib::event::registry::save_restore::RegSaveKey>(void)	false	false	false
18013d050	127	wesp_lib::event::comparand_resolver::impl$1::resolve_token<wesp_lib::event::fs::file::FileFsctl>	undefined resolve_token<wesp_lib::event::fs::file::FileFsctl>(void)	false	false	false
18013d0d0	127	wesp_lib::event::comparand_resolver::impl$1::resolve_token<wesp_lib::event::registry::RegEnumKey>	undefined resolve_token<wesp_lib::event::registry::RegEnumKey>(void)	false	false	false
18013d150	127	wesp_lib::event::comparand_resolver::impl$1::resolve_token<wesp_lib::event::fs::mailslot::MailslotCreate>	undefined resolve_token<wesp_lib::event::fs::mailslot::MailslotCreate>(void)	false	false	false
18013d1d0	127	wesp_lib::event::comparand_resolver::impl$1::resolve_token<wesp_lib::event::registry::RegSetKeySecurity>	undefined resolve_token<wesp_lib::event::registry::RegSetKeySecurity>(void)	false	false	false
18013d250	127	wesp_lib::event::comparand_resolver::impl$1::resolve_token<wesp_lib::event::registry::RegSetValueKey>	undefined resolve_token<wesp_lib::event::registry::RegSetValueKey>(void)	false	false	false
18013d2d0	127	wesp_lib::event::comparand_resolver::impl$1::resolve_token<wesp_lib::event::registry::RegQueryKey>	undefined resolve_token<wesp_lib::event::registry::RegQueryKey>(void)	false	false	false
18013d350	127	wesp_lib::event::comparand_resolver::impl$1::resolve_token<wesp_lib::event::fs::file::KtmTransactionRollback>	undefined resolve_token<wesp_lib::event::fs::file::KtmTransactionRollback>(void)	false	false	false
18013d3d0	127	wesp_lib::event::comparand_resolver::impl$1::resolve_token<wesp_lib::event::fs::file::FileCreate>	undefined resolve_token<wesp_lib::event::fs::file::FileCreate>(void)	false	false	false
18013d450	127	wesp_lib::event::comparand_resolver::impl$1::resolve_token<wesp_lib::event::registry::RegDeleteKey>	undefined resolve_token<wesp_lib::event::registry::RegDeleteKey>(void)	false	false	false
18013d4d0	127	wesp_lib::event::comparand_resolver::impl$1::resolve_token<wesp_lib::event::registry::RegRenameKey>	undefined resolve_token<wesp_lib::event::registry::RegRenameKey>(void)	false	false	false
18013d550	127	wesp_lib::event::comparand_resolver::impl$1::resolve_token<wesp_lib::event::fs::file::FileQueryOpen>	undefined resolve_token<wesp_lib::event::fs::file::FileQueryOpen>(void)	false	false	false
18013d5d0	127	wesp_lib::event::comparand_resolver::impl$1::resolve_token<wesp_lib::event::fs::file::FileOpen>	undefined resolve_token<wesp_lib::event::fs::file::FileOpen>(void)	false	false	false
18013d650	127	wesp_lib::event::comparand_resolver::impl$1::resolve_token<wesp_lib::event::fs::file::FileQueryInformation>	undefined resolve_token<wesp_lib::event::fs::file::FileQueryInformation>(void)	false	false	false
18013d6d0	127	wesp_lib::event::comparand_resolver::impl$1::resolve_token<wesp_lib::event::fs::file::FileWrite>	undefined resolve_token<wesp_lib::event::fs::file::FileWrite>(void)	false	false	false
18013d750	127	wesp_lib::event::comparand_resolver::impl$1::resolve_token<wesp_lib::event::fs::file::FileLock>	undefined resolve_token<wesp_lib::event::fs::file::FileLock>(void)	false	false	false
18013d7d0	127	wesp_lib::event::comparand_resolver::impl$1::resolve_token<wesp_lib::event::registry::RegEnumValueKey>	undefined resolve_token<wesp_lib::event::registry::RegEnumValueKey>(void)	false	false	false
18013d850	127	wesp_lib::event::comparand_resolver::impl$1::resolve_token<wesp_lib::event::fs::volume::VolumeMount>	undefined resolve_token<wesp_lib::event::fs::volume::VolumeMount>(void)	false	false	false
18013d8d0	127	wesp_lib::event::comparand_resolver::impl$1::resolve_token<wesp_lib::event::fs::file::FileSetSecurity>	undefined resolve_token<wesp_lib::event::fs::file::FileSetSecurity>(void)	false	false	false
18013d950	127	wesp_lib::event::comparand_resolver::impl$1::resolve_token<wesp_lib::event::fs::pipe::PipeCreate>	undefined resolve_token<wesp_lib::event::fs::pipe::PipeCreate>(void)	false	false	false
18013d9d0	127	wesp_lib::event::comparand_resolver::impl$1::resolve_token<wesp_lib::event::fs::file::SetEa>	undefined resolve_token<wesp_lib::event::fs::file::SetEa>(void)	false	false	false
18013da50	127	wesp_lib::event::comparand_resolver::impl$1::resolve_token<wesp_lib::event::fs::file::FileQueryDirectoryInformation>	undefined resolve_token<wesp_lib::event::fs::file::FileQueryDirectoryInformation>(void)	false	false	false
18013dad0	127	wesp_lib::event::comparand_resolver::impl$1::resolve_token<wesp_lib::event::thread::ThreadStart>	undefined resolve_token<wesp_lib::event::thread::ThreadStart>(void)	false	false	false
18013db50	127	wesp_lib::event::comparand_resolver::impl$1::resolve_token<wesp_lib::event::registry::save_restore::RegRestoreKey>	undefined resolve_token<wesp_lib::event::registry::save_restore::RegRestoreKey>(void)	false	false	false
18013dbd0	512	wesp_lib::event::comparand_resolver::impl$1::resolve_ea_list<wesp_lib::event::fs::file::FileSetInformation>	undefined resolve_ea_list<wesp_lib::event::fs::file::FileSetInformation>(void)	false	false	false
18013ddd0	323	wesp_lib::event::comparand_resolver::impl$1::resolve_ea_list<wesp_lib::event::registry::RegQueryValueKey>	undefined resolve_ea_list<wesp_lib::event::registry::RegQueryValueKey>(void)	false	false	false
18013df20	512	wesp_lib::event::comparand_resolver::impl$1::resolve_ea_list<wesp_lib::event::registry::RegSetValueKey>	undefined resolve_ea_list<wesp_lib::event::registry::RegSetValueKey>(void)	false	false	false
18013e120	382	wesp_lib::event::comparand_resolver::impl$1::resolve_ea_list<wesp_lib::event::registry::save_restore::RegSaveKey>	undefined resolve_ea_list<wesp_lib::event::registry::save_restore::RegSaveKey>(void)	false	false	false
18013e2a0	512	wesp_lib::event::comparand_resolver::impl$1::resolve_ea_list<wesp_lib::event::fs::mailslot::MailslotCreate>	undefined resolve_ea_list<wesp_lib::event::fs::mailslot::MailslotCreate>(void)	false	false	false
18013e4a0	512	wesp_lib::event::comparand_resolver::impl$1::resolve_ea_list<wesp_lib::event::fs::file::SetEa>	undefined resolve_ea_list<wesp_lib::event::fs::file::SetEa>(void)	false	false	false
18013e6a0	325	wesp_lib::event::comparand_resolver::impl$1::resolve_ea_list<wesp_lib::event::registry::RegQueryKey>	undefined resolve_ea_list<wesp_lib::event::registry::RegQueryKey>(void)	false	false	false
18013e7f0	382	wesp_lib::event::comparand_resolver::impl$1::resolve_ea_list<wesp_lib::event::registry::save_restore::RegRestoreKey>	undefined resolve_ea_list<wesp_lib::event::registry::save_restore::RegRestoreKey>(void)	false	false	false
18013e970	487	wesp_lib::event::comparand_resolver::impl$1::resolve_ea_list<wesp_lib::event::registry::RegReplaceKey>	undefined resolve_ea_list<wesp_lib::event::registry::RegReplaceKey>(void)	false	false	false
18013eb60	554	wesp_lib::event::comparand_resolver::impl$1::resolve_ea_list<wesp_lib::event::thread::ThreadStart>	undefined resolve_ea_list<wesp_lib::event::thread::ThreadStart>(void)	false	false	false
18013ed90	379	wesp_lib::event::comparand_resolver::impl$1::resolve_ea_list<wesp_lib::event::registry::RegOpenKey>	undefined resolve_ea_list<wesp_lib::event::registry::RegOpenKey>(void)	false	false	false
18013ef10	432	wesp_lib::event::comparand_resolver::impl$1::resolve_ea_list<wesp_lib::event::fs::file::FileSetSecurity>	undefined resolve_ea_list<wesp_lib::event::fs::file::FileSetSecurity>(void)	false	false	false
18013f120	512	wesp_lib::event::comparand_resolver::impl$1::resolve_ea_list<wesp_lib::event::fs::pipe::PipeCreate>	undefined resolve_ea_list<wesp_lib::event::fs::pipe::PipeCreate>(void)	false	false	false
18013f320	512	wesp_lib::event::comparand_resolver::impl$1::resolve_ea_list<wesp_lib::event::object_manager::ObHandleDuplicate>	undefined resolve_ea_list<wesp_lib::event::object_manager::ObHandleDuplicate>(void)	false	false	false
18013f520	516	wesp_lib::event::comparand_resolver::impl$1::resolve_ea_list<wesp_lib::event::registry::RegDeleteValueKey>	undefined resolve_ea_list<wesp_lib::event::registry::RegDeleteValueKey>(void)	false	false	false
18013f730	545	wesp_lib::event::comparand_resolver::impl$1::resolve_ea_list<wesp_lib::event::fs::file::KtmTransactionCommit>	undefined resolve_ea_list<wesp_lib::event::fs::file::KtmTransactionCommit>(void)	false	false	false
18013f960	386	wesp_lib::event::comparand_resolver::impl$1::resolve_ea_list<wesp_lib::event::fs::file::FileRead>	undefined resolve_ea_list<wesp_lib::event::fs::file::FileRead>(void)	false	false	false
18013fb40	554	wesp_lib::event::comparand_resolver::impl$1::resolve_ea_list<wesp_lib::event::fs::volume::VolumeDismount>	undefined resolve_ea_list<wesp_lib::event::fs::volume::VolumeDismount>(void)	false	false	false
18013fd70	329	wesp_lib::event::comparand_resolver::impl$1::resolve_ea_list<wesp_lib::event::fs::volume::VolumeFsctl>	undefined resolve_ea_list<wesp_lib::event::fs::volume::VolumeFsctl>(void)	false	false	false
18013ff80	411	wesp_lib::event::comparand_resolver::impl$1::resolve_ea_list<wesp_lib::event::fs::volume::VolumeMount>	undefined resolve_ea_list<wesp_lib::event::fs::volume::VolumeMount>(void)	false	false	false
180140180	554	wesp_lib::event::comparand_resolver::impl$1::resolve_ea_list<wesp_lib::event::registry::RegDeleteKey>	undefined resolve_ea_list<wesp_lib::event::registry::RegDeleteKey>(void)	false	false	false
1801403b0	512	wesp_lib::event::comparand_resolver::impl$1::resolve_ea_list<wesp_lib::event::fs::file::FileLock>	undefined resolve_ea_list<wesp_lib::event::fs::file::FileLock>(void)	false	false	false
1801405b0	554	wesp_lib::event::comparand_resolver::impl$1::resolve_ea_list<wesp_lib::event::process::ProcessTerminate>	undefined resolve_ea_list<wesp_lib::event::process::ProcessTerminate>(void)	false	false	false
1801407e0	606	wesp_lib::event::comparand_resolver::impl$1::resolve_ea_list<wesp_lib::event::registry::RegRenameKey>	undefined resolve_ea_list<wesp_lib::event::registry::RegRenameKey>(void)	false	false	false
180140a40	512	wesp_lib::event::comparand_resolver::impl$1::resolve_ea_list<wesp_lib::event::object_manager::ObHandleCreate>	undefined resolve_ea_list<wesp_lib::event::object_manager::ObHandleCreate>(void)	false	false	false
180140c40	382	wesp_lib::event::comparand_resolver::impl$1::resolve_ea_list<wesp_lib::event::fs::file::FileQueryInformation>	undefined resolve_ea_list<wesp_lib::event::fs::file::FileQueryInformation>(void)	false	false	false
180140e20	326	wesp_lib::event::comparand_resolver::impl$1::resolve_ea_list<wesp_lib::event::registry::RegEnumValueKey>	undefined resolve_ea_list<wesp_lib::event::registry::RegEnumValueKey>(void)	false	false	false
180140f70	323	wesp_lib::event::comparand_resolver::impl$1::resolve_ea_list<wesp_lib::event::thread::ThreadCreate>	undefined resolve_ea_list<wesp_lib::event::thread::ThreadCreate>(void)	false	false	false
1801410c0	284	wesp_lib::event::comparand_resolver::impl$1::resolve_ea_list<wesp_lib::event::registry::RegCreateKey>	undefined resolve_ea_list<wesp_lib::event::registry::RegCreateKey>(void)	false	false	false
180141280	512	wesp_lib::event::comparand_resolver::impl$1::resolve_ea_list<wesp_lib::event::fs::file::FileOpen>	undefined resolve_ea_list<wesp_lib::event::fs::file::FileOpen>(void)	false	false	false
180141480	295	wesp_lib::event::comparand_resolver::impl$1::resolve_ea_list<wesp_lib::event::fs::file::FileCleanup>	undefined resolve_ea_list<wesp_lib::event::fs::file::FileCleanup>(void)	false	false	false
180141650	554	wesp_lib::event::comparand_resolver::impl$1::resolve_ea_list<wesp_lib::event::thread::ThreadTerminate>	undefined resolve_ea_list<wesp_lib::event::thread::ThreadTerminate>(void)	false	false	false
180141880	329	wesp_lib::event::comparand_resolver::impl$1::resolve_ea_list<wesp_lib::event::fs::file::FileWrite>	undefined resolve_ea_list<wesp_lib::event::fs::file::FileWrite>(void)	false	false	false
180141a90	431	wesp_lib::event::comparand_resolver::impl$1::resolve_ea_list<wesp_lib::event::fs::file::FileFsctl>	undefined resolve_ea_list<wesp_lib::event::fs::file::FileFsctl>(void)	false	false	false
180141ca0	399	wesp_lib::event::comparand_resolver::impl$1::resolve_ea_list<wesp_lib::event::fs::file::FileQueryDirectoryInformation>	undefined resolve_ea_list<wesp_lib::event::fs::file::FileQueryDirectoryInformation>(void)	false	false	false
180141e90	545	wesp_lib::event::comparand_resolver::impl$1::resolve_ea_list<wesp_lib::event::fs::file::KtmTransactionRollback>	undefined resolve_ea_list<wesp_lib::event::fs::file::KtmTransactionRollback>(void)	false	false	false
1801420c0	408	wesp_lib::event::comparand_resolver::impl$1::resolve_ea_list<wesp_lib::event::fs::file::FileQueryOpen>	undefined resolve_ea_list<wesp_lib::event::fs::file::FileQueryOpen>(void)	false	false	false
1801422b0	512	wesp_lib::event::comparand_resolver::impl$1::resolve_ea_list<wesp_lib::event::process::ProcessLoadImage>	undefined resolve_ea_list<wesp_lib::event::process::ProcessLoadImage>(void)	false	false	false
1801424b0	512	wesp_lib::event::comparand_resolver::impl$1::resolve_ea_list<wesp_lib::event::fs::file::FileUnlock>	undefined resolve_ea_list<wesp_lib::event::fs::file::FileUnlock>(void)	false	false	false
1801426b0	324	wesp_lib::event::comparand_resolver::impl$1::resolve_ea_list<wesp_lib::event::fs::file::FileCreateSection>	undefined resolve_ea_list<wesp_lib::event::fs::file::FileCreateSection>(void)	false	false	false
1801428b0	326	wesp_lib::event::comparand_resolver::impl$1::resolve_ea_list<wesp_lib::event::registry::RegEnumKey>	undefined resolve_ea_list<wesp_lib::event::registry::RegEnumKey>(void)	false	false	false
180142a00	512	wesp_lib::event::comparand_resolver::impl$1::resolve_ea_list<wesp_lib::event::fs::file::FileCreate>	undefined resolve_ea_list<wesp_lib::event::fs::file::FileCreate>(void)	false	false	false
180142c00	323	wesp_lib::event::comparand_resolver::impl$1::resolve_ea_list<wesp_lib::event::registry::RegSetKeySecurity>	undefined resolve_ea_list<wesp_lib::event::registry::RegSetKeySecurity>(void)	false	false	false
180142d50	287	wesp_lib::event::comparand_resolver::impl$1::resolve_ea_list<wesp_lib::event::process::ProcessCreate>	undefined resolve_ea_list<wesp_lib::event::process::ProcessCreate>(void)	false	false	false
180142f20	305	wesp_lib::event::comparand_resolver::impl$1::resolve_ea_list<wesp_lib::event::registry::RegLoadKey>	undefined resolve_ea_list<wesp_lib::event::registry::RegLoadKey>(void)	false	false	false
1801431b0	62	wesp_lib::event::comparand_resolver::impl$1::resolve_numeric<wesp_lib::event::fs::file::FileSetInformation>	undefined resolve_numeric<wesp_lib::event::fs::file::FileSetInformation>(void)	false	false	false
180143b10	43	core::ptr::drop_in_place<enum2$<wesp_lib::filter::comparand::BinaryComparandData>_>	undefined drop_in_place<enum2$<wesp_lib::filter::comparand::BinaryComparandData>_>(void)	false	false	false
180143bc0	62	wesp_lib::event::comparand_resolver::impl$1::resolve_numeric<wesp_lib::event::fs::file::FileUnlock>	undefined resolve_numeric<wesp_lib::event::fs::file::FileUnlock>(void)	false	false	false
180144520	67	wesp_lib::event::comparand_resolver::impl$1::resolve_numeric<wesp_lib::event::registry::RegReplaceKey>	undefined resolve_numeric<wesp_lib::event::registry::RegReplaceKey>(void)	false	false	false
180145080	63	wesp_lib::event::comparand_resolver::impl$1::resolve_numeric<wesp_lib::event::thread::ThreadStart>	undefined resolve_numeric<wesp_lib::event::thread::ThreadStart>(void)	false	false	false
180145b80	63	wesp_lib::event::comparand_resolver::impl$1::resolve_numeric<wesp_lib::event::registry::RegEnumKey>	undefined resolve_numeric<wesp_lib::event::registry::RegEnumKey>(void)	false	false	false
1801464b0	62	wesp_lib::event::comparand_resolver::impl$1::resolve_numeric<wesp_lib::event::process::ProcessLoadImage>	undefined resolve_numeric<wesp_lib::event::process::ProcessLoadImage>(void)	false	false	false
180146e10	63	wesp_lib::event::comparand_resolver::impl$1::resolve_numeric<wesp_lib::event::registry::RegQueryValueKey>	undefined resolve_numeric<wesp_lib::event::registry::RegQueryValueKey>(void)	false	false	false
180147770	62	wesp_lib::event::comparand_resolver::impl$1::resolve_numeric<wesp_lib::event::fs::file::KtmTransactionRollback>	undefined resolve_numeric<wesp_lib::event::fs::file::KtmTransactionRollback>(void)	false	false	false
180148100	62	wesp_lib::event::comparand_resolver::impl$1::resolve_numeric<wesp_lib::event::fs::volume::VolumeMount>	undefined resolve_numeric<wesp_lib::event::fs::volume::VolumeMount>(void)	false	false	false
180148b80	63	wesp_lib::event::comparand_resolver::impl$1::resolve_numeric<wesp_lib::event::thread::ThreadTerminate>	undefined resolve_numeric<wesp_lib::event::thread::ThreadTerminate>(void)	false	false	false
180149680	62	wesp_lib::event::comparand_resolver::impl$1::resolve_numeric<wesp_lib::event::fs::file::SetEa>	undefined resolve_numeric<wesp_lib::event::fs::file::SetEa>(void)	false	false	false
180149fe0	63	wesp_lib::event::comparand_resolver::impl$1::resolve_numeric<wesp_lib::event::registry::RegSetKeySecurity>	undefined resolve_numeric<wesp_lib::event::registry::RegSetKeySecurity>(void)	false	false	false
18014a8f0	63	wesp_lib::event::comparand_resolver::impl$1::resolve_numeric<wesp_lib::event::thread::ThreadCreate>	undefined resolve_numeric<wesp_lib::event::thread::ThreadCreate>(void)	false	false	false
18014b1b0	62	wesp_lib::event::comparand_resolver::impl$1::resolve_numeric<wesp_lib::event::registry::save_restore::RegSaveKey>	undefined resolve_numeric<wesp_lib::event::registry::save_restore::RegSaveKey>(void)	false	false	false
18014ba90	62	wesp_lib::event::comparand_resolver::impl$1::resolve_numeric<wesp_lib::event::registry::RegCreateKey>	undefined resolve_numeric<wesp_lib::event::registry::RegCreateKey>(void)	false	false	false
18014c470	62	wesp_lib::event::comparand_resolver::impl$1::resolve_numeric<wesp_lib::event::registry::RegOpenKey>	undefined resolve_numeric<wesp_lib::event::registry::RegOpenKey>(void)	false	false	false
18014cd60	62	wesp_lib::event::comparand_resolver::impl$1::resolve_numeric<wesp_lib::event::fs::file::FileCreate>	undefined resolve_numeric<wesp_lib::event::fs::file::FileCreate>(void)	false	false	false
18014d6c0	62	wesp_lib::event::comparand_resolver::impl$1::resolve_numeric<wesp_lib::event::process::ProcessCreate>	undefined resolve_numeric<wesp_lib::event::process::ProcessCreate>(void)	false	false	false
18014e0e0	62	wesp_lib::event::comparand_resolver::impl$1::resolve_numeric<wesp_lib::event::fs::volume::VolumeFsctl>	undefined resolve_numeric<wesp_lib::event::fs::volume::VolumeFsctl>(void)	false	false	false
18014ebb0	62	wesp_lib::event::comparand_resolver::impl$1::resolve_numeric<wesp_lib::event::fs::file::FileRead>	undefined resolve_numeric<wesp_lib::event::fs::file::FileRead>(void)	false	false	false
18014f5e0	62	wesp_lib::event::comparand_resolver::impl$1::resolve_numeric<wesp_lib::event::fs::file::FileOpen>	undefined resolve_numeric<wesp_lib::event::fs::file::FileOpen>(void)	false	false	false
18014ff40	62	wesp_lib::event::comparand_resolver::impl$1::resolve_numeric<wesp_lib::event::process::ProcessTerminate>	undefined resolve_numeric<wesp_lib::event::process::ProcessTerminate>(void)	false	false	false
180150a20	62	wesp_lib::event::comparand_resolver::impl$1::resolve_numeric<wesp_lib::event::fs::file::FileWrite>	undefined resolve_numeric<wesp_lib::event::fs::file::FileWrite>(void)	false	false	false
1801514e0	62	wesp_lib::event::comparand_resolver::impl$1::resolve_numeric<wesp_lib::event::fs::mailslot::MailslotCreate>	undefined resolve_numeric<wesp_lib::event::fs::mailslot::MailslotCreate>(void)	false	false	false
180151e40	63	wesp_lib::event::comparand_resolver::impl$1::resolve_numeric<wesp_lib::event::registry::RegQueryKey>	undefined resolve_numeric<wesp_lib::event::registry::RegQueryKey>(void)	false	false	false
180152730	63	wesp_lib::event::comparand_resolver::impl$1::resolve_numeric<wesp_lib::event::registry::RegRenameKey>	undefined resolve_numeric<wesp_lib::event::registry::RegRenameKey>(void)	false	false	false
180153180	62	wesp_lib::event::comparand_resolver::impl$1::resolve_numeric<wesp_lib::event::fs::file::FileQueryOpen>	undefined resolve_numeric<wesp_lib::event::fs::file::FileQueryOpen>(void)	false	false	false
180153be0	62	wesp_lib::event::comparand_resolver::impl$1::resolve_numeric<wesp_lib::event::fs::file::FileFsctl>	undefined resolve_numeric<wesp_lib::event::fs::file::FileFsctl>(void)	false	false	false
1801546a0	62	wesp_lib::event::comparand_resolver::impl$1::resolve_numeric<wesp_lib::event::fs::file::KtmTransactionCommit>	undefined resolve_numeric<wesp_lib::event::fs::file::KtmTransactionCommit>(void)	false	false	false
180155030	62	wesp_lib::event::comparand_resolver::impl$1::resolve_numeric<wesp_lib::event::fs::pipe::PipeCreate>	undefined resolve_numeric<wesp_lib::event::fs::pipe::PipeCreate>(void)	false	false	false
180155990	62	wesp_lib::event::comparand_resolver::impl$1::resolve_numeric<wesp_lib::event::registry::RegDeleteValueKey>	undefined resolve_numeric<wesp_lib::event::registry::RegDeleteValueKey>(void)	false	false	false
1801562f0	63	wesp_lib::event::comparand_resolver::impl$1::resolve_numeric<wesp_lib::event::registry::RegLoadKey>	undefined resolve_numeric<wesp_lib::event::registry::RegLoadKey>(void)	false	false	false
180156ee0	62	wesp_lib::event::comparand_resolver::impl$1::resolve_numeric<wesp_lib::event::registry::RegDeleteKey>	undefined resolve_numeric<wesp_lib::event::registry::RegDeleteKey>(void)	false	false	false
180157a10	62	wesp_lib::event::comparand_resolver::impl$1::resolve_numeric<wesp_lib::event::registry::save_restore::RegRestoreKey>	undefined resolve_numeric<wesp_lib::event::registry::save_restore::RegRestoreKey>(void)	false	false	false
1801582f0	62	wesp_lib::event::comparand_resolver::impl$1::resolve_numeric<wesp_lib::event::fs::file::FileQueryInformation>	undefined resolve_numeric<wesp_lib::event::fs::file::FileQueryInformation>(void)	false	false	false
180158d00	62	wesp_lib::event::comparand_resolver::impl$1::resolve_numeric<wesp_lib::event::fs::file::FileSetSecurity>	undefined resolve_numeric<wesp_lib::event::fs::file::FileSetSecurity>(void)	false	false	false
1801597b0	62	wesp_lib::event::comparand_resolver::impl$1::resolve_numeric<wesp_lib::event::object_manager::ObHandleCreate>	undefined resolve_numeric<wesp_lib::event::object_manager::ObHandleCreate>(void)	false	false	false
18015a110	62	wesp_lib::event::comparand_resolver::impl$1::resolve_numeric<wesp_lib::event::object_manager::ObHandleDuplicate>	undefined resolve_numeric<wesp_lib::event::object_manager::ObHandleDuplicate>(void)	false	false	false
18015aa70	62	wesp_lib::event::comparand_resolver::impl$1::resolve_numeric<wesp_lib::event::fs::file::FileCreateSection>	undefined resolve_numeric<wesp_lib::event::fs::file::FileCreateSection>(void)	false	false	false
18015b530	62	wesp_lib::event::comparand_resolver::impl$1::resolve_numeric<wesp_lib::event::fs::file::FileLock>	undefined resolve_numeric<wesp_lib::event::fs::file::FileLock>(void)	false	false	false
18015be90	62	wesp_lib::event::comparand_resolver::impl$1::resolve_numeric<wesp_lib::event::registry::RegSetValueKey>	undefined resolve_numeric<wesp_lib::event::registry::RegSetValueKey>(void)	false	false	false
18015c7f0	62	wesp_lib::event::comparand_resolver::impl$1::resolve_numeric<wesp_lib::event::fs::file::FileQueryDirectoryInformation>	undefined resolve_numeric<wesp_lib::event::fs::file::FileQueryDirectoryInformation>(void)	false	false	false
18015d270	62	wesp_lib::event::comparand_resolver::impl$1::resolve_numeric<wesp_lib::event::fs::file::FileCleanup>	undefined resolve_numeric<wesp_lib::event::fs::file::FileCleanup>(void)	false	false	false
18015dc50	62	wesp_lib::event::comparand_resolver::impl$1::resolve_numeric<wesp_lib::event::fs::volume::VolumeDismount>	undefined resolve_numeric<wesp_lib::event::fs::volume::VolumeDismount>(void)	false	false	false
18015e730	63	wesp_lib::event::comparand_resolver::impl$1::resolve_numeric<wesp_lib::event::registry::RegEnumValueKey>	undefined resolve_numeric<wesp_lib::event::registry::RegEnumValueKey>(void)	false	false	false
18015f060	207	wesp_lib::event::comparand_resolver::impl$1::resolve_ecp_list<wesp_lib::event::fs::file::FileFsctl>	undefined resolve_ecp_list<wesp_lib::event::fs::file::FileFsctl>(void)	false	false	false
18015f180	121	wesp_lib::event::comparand_resolver::impl$1::resolve_ecp_list<wesp_lib::event::fs::file::FileWrite>	undefined resolve_ecp_list<wesp_lib::event::fs::file::FileWrite>(void)	false	false	false
18015f2a0	115	wesp_lib::event::comparand_resolver::impl$1::resolve_ecp_list<wesp_lib::event::fs::file::KtmTransactionRollback>	undefined resolve_ecp_list<wesp_lib::event::fs::file::KtmTransactionRollback>(void)	false	false	false
18015f320	129	wesp_lib::event::comparand_resolver::impl$1::resolve_ecp_list<wesp_lib::event::registry::RegQueryValueKey>	undefined resolve_ecp_list<wesp_lib::event::registry::RegQueryValueKey>(void)	false	false	false
18015f3b0	261	wesp_lib::event::comparand_resolver::impl$1::resolve_ecp_list<wesp_lib::event::fs::file::FileSetInformation>	undefined resolve_ecp_list<wesp_lib::event::fs::file::FileSetInformation>(void)	false	false	false
18015f4c0	195	wesp_lib::event::comparand_resolver::impl$1::resolve_ecp_list<wesp_lib::event::fs::volume::VolumeMount>	undefined resolve_ecp_list<wesp_lib::event::fs::volume::VolumeMount>(void)	false	false	false
18015f5d0	170	wesp_lib::event::comparand_resolver::impl$1::resolve_ecp_list<wesp_lib::event::registry::RegOpenKey>	undefined resolve_ecp_list<wesp_lib::event::registry::RegOpenKey>(void)	false	false	false
18015f680	261	wesp_lib::event::comparand_resolver::impl$1::resolve_ecp_list<wesp_lib::event::fs::mailslot::MailslotCreate>	undefined resolve_ecp_list<wesp_lib::event::fs::mailslot::MailslotCreate>(void)	false	false	false
18015f790	166	wesp_lib::event::comparand_resolver::impl$1::resolve_ecp_list<wesp_lib::event::fs::file::FileQueryInformation>	undefined resolve_ecp_list<wesp_lib::event::fs::file::FileQueryInformation>(void)	false	false	false
18015f890	177	wesp_lib::event::comparand_resolver::impl$1::resolve_ecp_list<wesp_lib::event::registry::save_restore::RegRestoreKey>	undefined resolve_ecp_list<wesp_lib::event::registry::save_restore::RegRestoreKey>(void)	false	false	false
18015f950	261	wesp_lib::event::comparand_resolver::impl$1::resolve_ecp_list<wesp_lib::event::registry::RegSetValueKey>	undefined resolve_ecp_list<wesp_lib::event::registry::RegSetValueKey>(void)	false	false	false
18015fa60	94	wesp_lib::event::comparand_resolver::impl$1::resolve_ecp_list<wesp_lib::event::registry::RegCreateKey>	undefined resolve_ecp_list<wesp_lib::event::registry::RegCreateKey>(void)	false	false	false
18015fb60	261	wesp_lib::event::comparand_resolver::impl$1::resolve_ecp_list<wesp_lib::event::fs::file::FileCreate>	undefined resolve_ecp_list<wesp_lib::event::fs::file::FileCreate>(void)	false	false	false
18015fc70	134	wesp_lib::event::comparand_resolver::impl$1::resolve_ecp_list<wesp_lib::event::registry::RegRenameKey>	undefined resolve_ecp_list<wesp_lib::event::registry::RegRenameKey>(void)	false	false	false
18015fd00	115	wesp_lib::event::comparand_resolver::impl$1::resolve_ecp_list<wesp_lib::event::thread::ThreadTerminate>	undefined resolve_ecp_list<wesp_lib::event::thread::ThreadTerminate>(void)	false	false	false
18015fd80	296	wesp_lib::event::comparand_resolver::impl$1::resolve_ecp_list<wesp_lib::event::registry::RegReplaceKey>	undefined resolve_ecp_list<wesp_lib::event::registry::RegReplaceKey>(void)	false	false	false
18015feb0	195	wesp_lib::event::comparand_resolver::impl$1::resolve_ecp_list<wesp_lib::event::fs::file::FileQueryDirectoryInformation>	undefined resolve_ecp_list<wesp_lib::event::fs::file::FileQueryDirectoryInformation>(void)	false	false	false
18015ffc0	261	wesp_lib::event::comparand_resolver::impl$1::resolve_ecp_list<wesp_lib::event::fs::file::SetEa>	undefined resolve_ecp_list<wesp_lib::event::fs::file::SetEa>(void)	false	false	false
1801600d0	121	wesp_lib::event::comparand_resolver::impl$1::resolve_ecp_list<wesp_lib::event::fs::file::FileCreateSection>	undefined resolve_ecp_list<wesp_lib::event::fs::file::FileCreateSection>(void)	false	false	false
1801601f0	208	wesp_lib::event::comparand_resolver::impl$1::resolve_ecp_list<wesp_lib::event::fs::file::FileSetSecurity>	undefined resolve_ecp_list<wesp_lib::event::fs::file::FileSetSecurity>(void)	false	false	false
180160310	261	wesp_lib::event::comparand_resolver::impl$1::resolve_ecp_list<wesp_lib::event::fs::file::FileOpen>	undefined resolve_ecp_list<wesp_lib::event::fs::file::FileOpen>(void)	false	false	false
180160420	115	wesp_lib::event::comparand_resolver::impl$1::resolve_ecp_list<wesp_lib::event::registry::RegDeleteKey>	undefined resolve_ecp_list<wesp_lib::event::registry::RegDeleteKey>(void)	false	false	false
1801604a0	129	wesp_lib::event::comparand_resolver::impl$1::resolve_ecp_list<wesp_lib::event::thread::ThreadCreate>	undefined resolve_ecp_list<wesp_lib::event::thread::ThreadCreate>(void)	false	false	false
180160530	132	wesp_lib::event::comparand_resolver::impl$1::resolve_ecp_list<wesp_lib::event::registry::RegEnumKey>	undefined resolve_ecp_list<wesp_lib::event::registry::RegEnumKey>(void)	false	false	false
1801605c0	99	wesp_lib::event::comparand_resolver::impl$1::resolve_ecp_list<wesp_lib::event::process::ProcessCreate>	undefined resolve_ecp_list<wesp_lib::event::process::ProcessCreate>(void)	false	false	false
1801606e0	261	wesp_lib::event::comparand_resolver::impl$1::resolve_ecp_list<wesp_lib::event::object_manager::ObHandleCreate>	undefined resolve_ecp_list<wesp_lib::event::object_manager::ObHandleCreate>(void)	false	false	false
1801607f0	261	wesp_lib::event::comparand_resolver::impl$1::resolve_ecp_list<wesp_lib::event::object_manager::ObHandleDuplicate>	undefined resolve_ecp_list<wesp_lib::event::object_manager::ObHandleDuplicate>(void)	false	false	false
180160900	261	wesp_lib::event::comparand_resolver::impl$1::resolve_ecp_list<wesp_lib::event::fs::pipe::PipeCreate>	undefined resolve_ecp_list<wesp_lib::event::fs::pipe::PipeCreate>(void)	false	false	false
180160a10	131	wesp_lib::event::comparand_resolver::impl$1::resolve_ecp_list<wesp_lib::event::registry::RegQueryKey>	undefined resolve_ecp_list<wesp_lib::event::registry::RegQueryKey>(void)	false	false	false
180160aa0	95	wesp_lib::event::comparand_resolver::impl$1::resolve_ecp_list<wesp_lib::event::fs::file::FileCleanup>	undefined resolve_ecp_list<wesp_lib::event::fs::file::FileCleanup>(void)	false	false	false
180160b90	121	wesp_lib::event::comparand_resolver::impl$1::resolve_ecp_list<wesp_lib::event::fs::volume::VolumeFsctl>	undefined resolve_ecp_list<wesp_lib::event::fs::volume::VolumeFsctl>(void)	false	false	false
180160cb0	129	wesp_lib::event::comparand_resolver::impl$1::resolve_ecp_list<wesp_lib::event::registry::RegSetKeySecurity>	undefined resolve_ecp_list<wesp_lib::event::registry::RegSetKeySecurity>(void)	false	false	false
180160d40	261	wesp_lib::event::comparand_resolver::impl$1::resolve_ecp_list<wesp_lib::event::fs::file::FileUnlock>	undefined resolve_ecp_list<wesp_lib::event::fs::file::FileUnlock>(void)	false	false	false
180160e50	115	wesp_lib::event::comparand_resolver::impl$1::resolve_ecp_list<wesp_lib::event::fs::volume::VolumeDismount>	undefined resolve_ecp_list<wesp_lib::event::fs::volume::VolumeDismount>(void)	false	false	false
180160ed0	197	wesp_lib::event::comparand_resolver::impl$1::resolve_ecp_list<wesp_lib::event::fs::file::FileQueryOpen>	undefined resolve_ecp_list<wesp_lib::event::fs::file::FileQueryOpen>(void)	false	false	false
180160fe0	115	wesp_lib::event::comparand_resolver::impl$1::resolve_ecp_list<wesp_lib::event::process::ProcessTerminate>	undefined resolve_ecp_list<wesp_lib::event::process::ProcessTerminate>(void)	false	false	false
180161060	261	wesp_lib::event::comparand_resolver::impl$1::resolve_ecp_list<wesp_lib::event::fs::file::FileLock>	undefined resolve_ecp_list<wesp_lib::event::fs::file::FileLock>(void)	false	false	false
180161170	261	wesp_lib::event::comparand_resolver::impl$1::resolve_ecp_list<wesp_lib::event::process::ProcessLoadImage>	undefined resolve_ecp_list<wesp_lib::event::process::ProcessLoadImage>(void)	false	false	false
180161280	175	wesp_lib::event::comparand_resolver::impl$1::resolve_ecp_list<wesp_lib::event::fs::file::FileRead>	undefined resolve_ecp_list<wesp_lib::event::fs::file::FileRead>(void)	false	false	false
180161380	265	wesp_lib::event::comparand_resolver::impl$1::resolve_ecp_list<wesp_lib::event::registry::RegDeleteValueKey>	undefined resolve_ecp_list<wesp_lib::event::registry::RegDeleteValueKey>(void)	false	false	false
180161490	107	wesp_lib::event::comparand_resolver::impl$1::resolve_ecp_list<wesp_lib::event::registry::RegLoadKey>	undefined resolve_ecp_list<wesp_lib::event::registry::RegLoadKey>(void)	false	false	false
180161670	294	wesp_lib::event::comparand_resolver::impl$1::resolve_byte_range<wesp_lib::event::fs::file::FileUnlock>	undefined resolve_byte_range<wesp_lib::event::fs::file::FileUnlock>(void)	false	false	false
1801617a0	294	wesp_lib::event::comparand_resolver::impl$1::resolve_byte_range<wesp_lib::event::object_manager::ObHandleDuplicate>	undefined resolve_byte_range<wesp_lib::event::object_manager::ObHandleDuplicate>(void)	false	false	false
1801618d0	131	wesp_lib::event::comparand_resolver::impl$1::resolve_byte_range<wesp_lib::event::process::ProcessCreate>	undefined resolve_byte_range<wesp_lib::event::process::ProcessCreate>(void)	false	false	false
180161a00	209	wesp_lib::event::comparand_resolver::impl$1::resolve_byte_range<wesp_lib::event::registry::save_restore::RegRestoreKey>	undefined resolve_byte_range<wesp_lib::event::registry::save_restore::RegRestoreKey>(void)	false	false	false
180161ae0	158	wesp_lib::event::comparand_resolver::impl$1::resolve_byte_range<wesp_lib::event::registry::RegQueryValueKey>	undefined resolve_byte_range<wesp_lib::event::registry::RegQueryValueKey>(void)	false	false	false
180161b80	224	wesp_lib::event::comparand_resolver::impl$1::resolve_byte_range<wesp_lib::event::fs::file::FileQueryDirectoryInformation>	undefined resolve_byte_range<wesp_lib::event::fs::file::FileQueryDirectoryInformation>(void)	false	false	false
180161cb0	146	wesp_lib::event::comparand_resolver::impl$1::resolve_byte_range<wesp_lib::event::thread::ThreadStart>	undefined resolve_byte_range<wesp_lib::event::thread::ThreadStart>(void)	false	false	false
180161d50	236	wesp_lib::event::comparand_resolver::impl$1::resolve_byte_range<wesp_lib::event::fs::file::FileFsctl>	undefined resolve_byte_range<wesp_lib::event::fs::file::FileFsctl>(void)	false	false	false
180161e90	123	wesp_lib::event::comparand_resolver::impl$1::resolve_byte_range<wesp_lib::event::registry::RegCreateKey>	undefined resolve_byte_range<wesp_lib::event::registry::RegCreateKey>(void)	false	false	false
180161fb0	161	wesp_lib::event::comparand_resolver::impl$1::resolve_byte_range<wesp_lib::event::registry::RegEnumValueKey>	undefined resolve_byte_range<wesp_lib::event::registry::RegEnumValueKey>(void)	false	false	false
180162060	146	wesp_lib::event::comparand_resolver::impl$1::resolve_byte_range<wesp_lib::event::registry::RegDeleteKey>	undefined resolve_byte_range<wesp_lib::event::registry::RegDeleteKey>(void)	false	false	false
180162100	151	wesp_lib::event::comparand_resolver::impl$1::resolve_byte_range<wesp_lib::event::fs::file::FileRead>	undefined resolve_byte_range<wesp_lib::event::fs::file::FileRead>(void)	false	false	false
180162230	294	wesp_lib::event::comparand_resolver::impl$1::resolve_byte_range<wesp_lib::event::fs::file::FileCreate>	undefined resolve_byte_range<wesp_lib::event::fs::file::FileCreate>(void)	false	false	false
180162360	195	wesp_lib::event::comparand_resolver::impl$1::resolve_byte_range<wesp_lib::event::fs::file::FileQueryInformation>	undefined resolve_byte_range<wesp_lib::event::fs::file::FileQueryInformation>(void)	false	false	false
180162480	158	wesp_lib::event::comparand_resolver::impl$1::resolve_byte_range<wesp_lib::event::registry::RegSetKeySecurity>	undefined resolve_byte_range<wesp_lib::event::registry::RegSetKeySecurity>(void)	false	false	false
180162520	294	wesp_lib::event::comparand_resolver::impl$1::resolve_byte_range<wesp_lib::event::fs::file::SetEa>	undefined resolve_byte_range<wesp_lib::event::fs::file::SetEa>(void)	false	false	false
180162650	294	wesp_lib::event::comparand_resolver::impl$1::resolve_byte_range<wesp_lib::event::fs::pipe::PipeCreate>	undefined resolve_byte_range<wesp_lib::event::fs::pipe::PipeCreate>(void)	false	false	false
180162780	146	wesp_lib::event::comparand_resolver::impl$1::resolve_byte_range<wesp_lib::event::fs::volume::VolumeDismount>	undefined resolve_byte_range<wesp_lib::event::fs::volume::VolumeDismount>(void)	false	false	false
180162820	294	wesp_lib::event::comparand_resolver::impl$1::resolve_byte_range<wesp_lib::event::object_manager::ObHandleCreate>	undefined resolve_byte_range<wesp_lib::event::object_manager::ObHandleCreate>(void)	false	false	false
180162950	146	wesp_lib::event::comparand_resolver::impl$1::resolve_byte_range<wesp_lib::event::fs::file::KtmTransactionRollback>	undefined resolve_byte_range<wesp_lib::event::fs::file::KtmTransactionRollback>(void)	false	false	false
1801629f0	124	wesp_lib::event::comparand_resolver::impl$1::resolve_byte_range<wesp_lib::event::fs::file::FileCleanup>	undefined resolve_byte_range<wesp_lib::event::fs::file::FileCleanup>(void)	false	false	false
180162b00	199	wesp_lib::event::comparand_resolver::impl$1::resolve_byte_range<wesp_lib::event::registry::RegOpenKey>	undefined resolve_byte_range<wesp_lib::event::registry::RegOpenKey>(void)	false	false	false
180162bd0	150	wesp_lib::event::comparand_resolver::impl$1::resolve_byte_range<wesp_lib::event::fs::volume::VolumeFsctl>	undefined resolve_byte_range<wesp_lib::event::fs::volume::VolumeFsctl>(void)	false	false	false
180162d10	150	wesp_lib::event::comparand_resolver::impl$1::resolve_byte_range<wesp_lib::event::fs::file::FileCreateSection>	undefined resolve_byte_range<wesp_lib::event::fs::file::FileCreateSection>(void)	false	false	false
180162e50	163	wesp_lib::event::comparand_resolver::impl$1::resolve_byte_range<wesp_lib::event::registry::RegRenameKey>	undefined resolve_byte_range<wesp_lib::event::registry::RegRenameKey>(void)	false	false	false
180162f00	294	wesp_lib::event::comparand_resolver::impl$1::resolve_byte_range<wesp_lib::event::fs::file::FileLock>	undefined resolve_byte_range<wesp_lib::event::fs::file::FileLock>(void)	false	false	false
180163030	294	wesp_lib::event::comparand_resolver::impl$1::resolve_byte_range<wesp_lib::event::registry::RegSetValueKey>	undefined resolve_byte_range<wesp_lib::event::registry::RegSetValueKey>(void)	false	false	false
180163160	226	wesp_lib::event::comparand_resolver::impl$1::resolve_byte_range<wesp_lib::event::fs::file::FileQueryOpen>	undefined resolve_byte_range<wesp_lib::event::fs::file::FileQueryOpen>(void)	false	false	false
180163290	294	wesp_lib::event::comparand_resolver::impl$1::resolve_byte_range<wesp_lib::event::process::ProcessLoadImage>	undefined resolve_byte_range<wesp_lib::event::process::ProcessLoadImage>(void)	false	false	false
1801633c0	294	wesp_lib::event::comparand_resolver::impl$1::resolve_byte_range<wesp_lib::event::fs::file::FileOpen>	undefined resolve_byte_range<wesp_lib::event::fs::file::FileOpen>(void)	false	false	false
1801634f0	150	wesp_lib::event::comparand_resolver::impl$1::resolve_byte_range<wesp_lib::event::fs::file::FileWrite>	undefined resolve_byte_range<wesp_lib::event::fs::file::FileWrite>(void)	false	false	false
180163640	160	wesp_lib::event::comparand_resolver::impl$1::resolve_byte_range<wesp_lib::event::registry::RegQueryKey>	undefined resolve_byte_range<wesp_lib::event::registry::RegQueryKey>(void)	false	false	false
1801636e0	325	wesp_lib::event::comparand_resolver::impl$1::resolve_byte_range<wesp_lib::event::registry::RegReplaceKey>	undefined resolve_byte_range<wesp_lib::event::registry::RegReplaceKey>(void)	false	false	false
180163830	146	wesp_lib::event::comparand_resolver::impl$1::resolve_byte_range<wesp_lib::event::process::ProcessTerminate>	undefined resolve_byte_range<wesp_lib::event::process::ProcessTerminate>(void)	false	false	false
1801638d0	294	wesp_lib::event::comparand_resolver::impl$1::resolve_byte_range<wesp_lib::event::fs::file::FileSetInformation>	undefined resolve_byte_range<wesp_lib::event::fs::file::FileSetInformation>(void)	false	false	false
180163a00	158	wesp_lib::event::comparand_resolver::impl$1::resolve_byte_range<wesp_lib::event::thread::ThreadCreate>	undefined resolve_byte_range<wesp_lib::event::thread::ThreadCreate>(void)	false	false	false
180163aa0	139	wesp_lib::event::comparand_resolver::impl$1::resolve_byte_range<wesp_lib::event::registry::RegLoadKey>	undefined resolve_byte_range<wesp_lib::event::registry::RegLoadKey>(void)	false	false	false
180163c80	237	wesp_lib::event::comparand_resolver::impl$1::resolve_byte_range<wesp_lib::event::fs::file::FileSetSecurity>	undefined resolve_byte_range<wesp_lib::event::fs::file::FileSetSecurity>(void)	false	false	false
180163dc0	298	wesp_lib::event::comparand_resolver::impl$1::resolve_byte_range<wesp_lib::event::registry::RegDeleteValueKey>	undefined resolve_byte_range<wesp_lib::event::registry::RegDeleteValueKey>(void)	false	false	false
180163ef0	294	wesp_lib::event::comparand_resolver::impl$1::resolve_byte_range<wesp_lib::event::fs::mailslot::MailslotCreate>	undefined resolve_byte_range<wesp_lib::event::fs::mailslot::MailslotCreate>(void)	false	false	false
180164020	224	wesp_lib::event::comparand_resolver::impl$1::resolve_byte_range<wesp_lib::event::fs::volume::VolumeMount>	undefined resolve_byte_range<wesp_lib::event::fs::volume::VolumeMount>(void)	false	false	false
180164150	43	wesp_lib::event::comparand_resolver::impl$1::resolve_ip_address<wesp_lib::event::thread::ThreadTerminate>	undefined resolve_ip_address<wesp_lib::event::thread::ThreadTerminate>(void)	false	false	false
180164220	50	wesp_lib::event::comparand_resolver::impl$1::resolve_ip_address<wesp_lib::event::registry::RegDeleteValueKey>	undefined resolve_ip_address<wesp_lib::event::registry::RegDeleteValueKey>(void)	false	false	false
180164380	50	wesp_lib::event::comparand_resolver::impl$1::resolve_ip_address<wesp_lib::event::fs::file::SetEa>	undefined resolve_ip_address<wesp_lib::event::fs::file::SetEa>(void)	false	false	false
1801644e0	50	wesp_lib::event::comparand_resolver::impl$1::resolve_ip_address<wesp_lib::event::fs::file::FileCreate>	undefined resolve_ip_address<wesp_lib::event::fs::file::FileCreate>(void)	false	false	false
180164640	44	wesp_lib::event::comparand_resolver::impl$1::resolve_ip_address<wesp_lib::event::process::ProcessCreate>	undefined resolve_ip_address<wesp_lib::event::process::ProcessCreate>(void)	false	false	false
1801647a0	50	wesp_lib::event::comparand_resolver::impl$1::resolve_ip_address<wesp_lib::event::fs::mailslot::MailslotCreate>	undefined resolve_ip_address<wesp_lib::event::fs::mailslot::MailslotCreate>(void)	false	false	false
180164900	43	wesp_lib::event::comparand_resolver::impl$1::resolve_ip_address<wesp_lib::event::fs::volume::VolumeDismount>	undefined resolve_ip_address<wesp_lib::event::fs::volume::VolumeDismount>(void)	false	false	false
1801649d0	50	wesp_lib::event::comparand_resolver::impl$1::resolve_ip_address<wesp_lib::event::object_manager::ObHandleDuplicate>	undefined resolve_ip_address<wesp_lib::event::object_manager::ObHandleDuplicate>(void)	false	false	false
180164b30	43	wesp_lib::event::comparand_resolver::impl$1::resolve_ip_address<wesp_lib::event::registry::RegSetKeySecurity>	undefined resolve_ip_address<wesp_lib::event::registry::RegSetKeySecurity>(void)	false	false	false
180164c10	43	wesp_lib::event::comparand_resolver::impl$1::resolve_ip_address<wesp_lib::event::registry::RegEnumKey>	undefined resolve_ip_address<wesp_lib::event::registry::RegEnumKey>(void)	false	false	false
180164cf0	43	wesp_lib::event::comparand_resolver::impl$1::resolve_ip_address<wesp_lib::event::fs::file::FileQueryInformation>	undefined resolve_ip_address<wesp_lib::event::fs::file::FileQueryInformation>(void)	false	false	false
180164e40	50	wesp_lib::event::comparand_resolver::impl$1::resolve_ip_address<wesp_lib::event::registry::RegSetValueKey>	undefined resolve_ip_address<wesp_lib::event::registry::RegSetValueKey>(void)	false	false	false
180164fa0	43	wesp_lib::event::comparand_resolver::impl$1::resolve_ip_address<wesp_lib::event::thread::ThreadCreate>	undefined resolve_ip_address<wesp_lib::event::thread::ThreadCreate>(void)	false	false	false
180165080	43	wesp_lib::event::comparand_resolver::impl$1::resolve_ip_address<wesp_lib::event::fs::file::KtmTransactionRollback>	undefined resolve_ip_address<wesp_lib::event::fs::file::KtmTransactionRollback>(void)	false	false	false
180165150	43	wesp_lib::event::comparand_resolver::impl$1::resolve_ip_address<wesp_lib::event::fs::file::FileCreateSection>	undefined resolve_ip_address<wesp_lib::event::fs::file::FileCreateSection>(void)	false	false	false
1801652d0	50	wesp_lib::event::comparand_resolver::impl$1::resolve_ip_address<wesp_lib::event::process::ProcessLoadImage>	undefined resolve_ip_address<wesp_lib::event::process::ProcessLoadImage>(void)	false	false	false
180165430	43	wesp_lib::event::comparand_resolver::impl$1::resolve_ip_address<wesp_lib::event::fs::volume::VolumeFsctl>	undefined resolve_ip_address<wesp_lib::event::fs::volume::VolumeFsctl>(void)	false	false	false
1801655b0	43	wesp_lib::event::comparand_resolver::impl$1::resolve_ip_address<wesp_lib::event::fs::file::FileFsctl>	undefined resolve_ip_address<wesp_lib::event::fs::file::FileFsctl>(void)	false	false	false
180165730	43	wesp_lib::event::comparand_resolver::impl$1::resolve_ip_address<wesp_lib::event::registry::RegOpenKey>	undefined resolve_ip_address<wesp_lib::event::registry::RegOpenKey>(void)	false	false	false
180165830	43	wesp_lib::event::comparand_resolver::impl$1::resolve_ip_address<wesp_lib::event::registry::RegRenameKey>	undefined resolve_ip_address<wesp_lib::event::registry::RegRenameKey>(void)	false	false	false
180165910	43	wesp_lib::event::comparand_resolver::impl$1::resolve_ip_address<wesp_lib::event::registry::RegDeleteKey>	undefined resolve_ip_address<wesp_lib::event::registry::RegDeleteKey>(void)	false	false	false
1801659e0	43	wesp_lib::event::comparand_resolver::impl$1::resolve_ip_address<wesp_lib::event::fs::file::FileWrite>	undefined resolve_ip_address<wesp_lib::event::fs::file::FileWrite>(void)	false	false	false
180165b60	50	wesp_lib::event::comparand_resolver::impl$1::resolve_ip_address<wesp_lib::event::fs::file::FileUnlock>	undefined resolve_ip_address<wesp_lib::event::fs::file::FileUnlock>(void)	false	false	false
180165cc0	50	wesp_lib::event::comparand_resolver::impl$1::resolve_ip_address<wesp_lib::event::fs::file::FileSetInformation>	undefined resolve_ip_address<wesp_lib::event::fs::file::FileSetInformation>(void)	false	false	false
180165e20	43	wesp_lib::event::comparand_resolver::impl$1::resolve_ip_address<wesp_lib::event::process::ProcessTerminate>	undefined resolve_ip_address<wesp_lib::event::process::ProcessTerminate>(void)	false	false	false
180165ef0	43	wesp_lib::event::comparand_resolver::impl$1::resolve_ip_address<wesp_lib::event::fs::file::FileRead>	undefined resolve_ip_address<wesp_lib::event::fs::file::FileRead>(void)	false	false	false
180166050	43	wesp_lib::event::comparand_resolver::impl$1::resolve_ip_address<wesp_lib::event::fs::file::FileSetSecurity>	undefined resolve_ip_address<wesp_lib::event::fs::file::FileSetSecurity>(void)	false	false	false
1801661d0	44	wesp_lib::event::comparand_resolver::impl$1::resolve_ip_address<wesp_lib::event::registry::save_restore::RegRestoreKey>	undefined resolve_ip_address<wesp_lib::event::registry::save_restore::RegRestoreKey>(void)	false	false	false
1801662e0	43	wesp_lib::event::comparand_resolver::impl$1::resolve_ip_address<wesp_lib::event::registry::RegCreateKey>	undefined resolve_ip_address<wesp_lib::event::registry::RegCreateKey>(void)	false	false	false
180166430	43	wesp_lib::event::comparand_resolver::impl$1::resolve_ip_address<wesp_lib::event::fs::volume::VolumeMount>	undefined resolve_ip_address<wesp_lib::event::fs::volume::VolumeMount>(void)	false	false	false
1801665a0	43	wesp_lib::event::comparand_resolver::impl$1::resolve_ip_address<wesp_lib::event::fs::file::FileQueryDirectoryInformation>	undefined resolve_ip_address<wesp_lib::event::fs::file::FileQueryDirectoryInformation>(void)	false	false	false
180166710	43	wesp_lib::event::comparand_resolver::impl$1::resolve_ip_address<wesp_lib::event::registry::RegQueryValueKey>	undefined resolve_ip_address<wesp_lib::event::registry::RegQueryValueKey>(void)	false	false	false
1801667f0	46	wesp_lib::event::comparand_resolver::impl$1::resolve_ip_address<wesp_lib::event::registry::RegReplaceKey>	undefined resolve_ip_address<wesp_lib::event::registry::RegReplaceKey>(void)	false	false	false
180166970	43	wesp_lib::event::comparand_resolver::impl$1::resolve_ip_address<wesp_lib::event::fs::file::FileQueryOpen>	undefined resolve_ip_address<wesp_lib::event::fs::file::FileQueryOpen>(void)	false	false	false
180166ad0	50	wesp_lib::event::comparand_resolver::impl$1::resolve_ip_address<wesp_lib::event::object_manager::ObHandleCreate>	undefined resolve_ip_address<wesp_lib::event::object_manager::ObHandleCreate>(void)	false	false	false
180166c30	43	wesp_lib::event::comparand_resolver::impl$1::resolve_ip_address<wesp_lib::event::fs::file::FileCleanup>	undefined resolve_ip_address<wesp_lib::event::fs::file::FileCleanup>(void)	false	false	false
180166d80	48	wesp_lib::event::comparand_resolver::impl$1::resolve_ip_address<wesp_lib::event::registry::RegLoadKey>	undefined resolve_ip_address<wesp_lib::event::registry::RegLoadKey>(void)	false	false	false
180166f90	43	wesp_lib::event::comparand_resolver::impl$1::resolve_ip_address<wesp_lib::event::registry::RegQueryKey>	undefined resolve_ip_address<wesp_lib::event::registry::RegQueryKey>(void)	false	false	false
180167070	50	wesp_lib::event::comparand_resolver::impl$1::resolve_ip_address<wesp_lib::event::fs::file::FileOpen>	undefined resolve_ip_address<wesp_lib::event::fs::file::FileOpen>(void)	false	false	false
1801671d0	50	wesp_lib::event::comparand_resolver::impl$1::resolve_ip_address<wesp_lib::event::fs::file::FileLock>	undefined resolve_ip_address<wesp_lib::event::fs::file::FileLock>(void)	false	false	false
180167330	50	wesp_lib::event::comparand_resolver::impl$1::resolve_ip_address<wesp_lib::event::fs::pipe::PipeCreate>	undefined resolve_ip_address<wesp_lib::event::fs::pipe::PipeCreate>(void)	false	false	false
180167490	199	wesp_lib::event::comparand_resolver::impl$1::resolve_string_list<wesp_lib::event::fs::file::FileWrite>	undefined resolve_string_list<wesp_lib::event::fs::file::FileWrite>(void)	false	false	false
180167620	282	wesp_lib::event::comparand_resolver::impl$1::resolve_string_list<wesp_lib::event::fs::file::FileQueryOpen>	undefined resolve_string_list<wesp_lib::event::fs::file::FileQueryOpen>(void)	false	false	false
180167780	188	wesp_lib::event::comparand_resolver::impl$1::resolve_string_list<wesp_lib::event::registry::RegLoadKey>	undefined resolve_string_list<wesp_lib::event::registry::RegLoadKey>(void)	false	false	false
180167990	353	wesp_lib::event::comparand_resolver::impl$1::resolve_string_list<wesp_lib::event::registry::RegSetValueKey>	undefined resolve_string_list<wesp_lib::event::registry::RegSetValueKey>(void)	false	false	false
180167b00	437	wesp_lib::event::comparand_resolver::impl$1::resolve_string_list<wesp_lib::event::fs::volume::VolumeDismount>	undefined resolve_string_list<wesp_lib::event::fs::volume::VolumeDismount>(void)	false	false	false
180167cc0	353	wesp_lib::event::comparand_resolver::impl$1::resolve_string_list<wesp_lib::event::fs::pipe::PipeCreate>	undefined resolve_string_list<wesp_lib::event::fs::pipe::PipeCreate>(void)	false	false	false
180167e30	289	wesp_lib::event::comparand_resolver::impl$1::resolve_string_list<wesp_lib::event::fs::file::FileFsctl>	undefined resolve_string_list<wesp_lib::event::fs::file::FileFsctl>(void)	false	false	false
180167fb0	259	wesp_lib::event::comparand_resolver::impl$1::resolve_string_list<wesp_lib::event::registry::save_restore::RegSaveKey>	undefined resolve_string_list<wesp_lib::event::registry::save_restore::RegSaveKey>(void)	false	false	false
1801680c0	437	wesp_lib::event::comparand_resolver::impl$1::resolve_string_list<wesp_lib::event::thread::ThreadTerminate>	undefined resolve_string_list<wesp_lib::event::thread::ThreadTerminate>(void)	false	false	false
180168280	290	wesp_lib::event::comparand_resolver::impl$1::resolve_string_list<wesp_lib::event::fs::file::FileSetSecurity>	undefined resolve_string_list<wesp_lib::event::fs::file::FileSetSecurity>(void)	false	false	false
180168400	170	wesp_lib::event::comparand_resolver::impl$1::resolve_string_list<wesp_lib::event::registry::RegCreateKey>	undefined resolve_string_list<wesp_lib::event::registry::RegCreateKey>(void)	false	false	false
180168560	437	wesp_lib::event::comparand_resolver::impl$1::resolve_string_list<wesp_lib::event::thread::ThreadStart>	undefined resolve_string_list<wesp_lib::event::thread::ThreadStart>(void)	false	false	false
180168720	437	wesp_lib::event::comparand_resolver::impl$1::resolve_string_list<wesp_lib::event::process::ProcessTerminate>	undefined resolve_string_list<wesp_lib::event::process::ProcessTerminate>(void)	false	false	false
1801688e0	437	wesp_lib::event::comparand_resolver::impl$1::resolve_string_list<wesp_lib::event::registry::RegDeleteKey>	undefined resolve_string_list<wesp_lib::event::registry::RegDeleteKey>(void)	false	false	false
180168aa0	353	wesp_lib::event::comparand_resolver::impl$1::resolve_string_list<wesp_lib::event::process::ProcessLoadImage>	undefined resolve_string_list<wesp_lib::event::process::ProcessLoadImage>(void)	false	false	false
180168c10	382	wesp_lib::event::comparand_resolver::impl$1::resolve_string_list<wesp_lib::event::registry::RegReplaceKey>	undefined resolve_string_list<wesp_lib::event::registry::RegReplaceKey>(void)	false	false	false
180168d90	180	wesp_lib::event::comparand_resolver::impl$1::resolve_string_list<wesp_lib::event::process::ProcessCreate>	undefined resolve_string_list<wesp_lib::event::process::ProcessCreate>(void)	false	false	false
180168ef0	211	wesp_lib::event::comparand_resolver::impl$1::resolve_string_list<wesp_lib::event::registry::RegEnumValueKey>	undefined resolve_string_list<wesp_lib::event::registry::RegEnumValueKey>(void)	false	false	false
180168fd0	428	wesp_lib::event::comparand_resolver::impl$1::resolve_string_list<wesp_lib::event::fs::file::KtmTransactionRollback>	undefined resolve_string_list<wesp_lib::event::fs::file::KtmTransactionRollback>(void)	false	false	false
180169180	263	wesp_lib::event::comparand_resolver::impl$1::resolve_string_list<wesp_lib::event::fs::file::FileRead>	undefined resolve_string_list<wesp_lib::event::fs::file::FileRead>(void)	false	false	false
1801692e0	353	wesp_lib::event::comparand_resolver::impl$1::resolve_string_list<wesp_lib::event::object_manager::ObHandleDuplicate>	undefined resolve_string_list<wesp_lib::event::object_manager::ObHandleDuplicate>(void)	false	false	false
180169450	255	wesp_lib::event::comparand_resolver::impl$1::resolve_string_list<wesp_lib::event::fs::file::FileQueryInformation>	undefined resolve_string_list<wesp_lib::event::fs::file::FileQueryInformation>(void)	false	false	false
1801695b0	428	wesp_lib::event::comparand_resolver::impl$1::resolve_string_list<wesp_lib::event::fs::file::KtmTransactionCommit>	undefined resolve_string_list<wesp_lib::event::fs::file::KtmTransactionCommit>(void)	false	false	false
180169760	353	wesp_lib::event::comparand_resolver::impl$1::resolve_string_list<wesp_lib::event::fs::file::FileOpen>	undefined resolve_string_list<wesp_lib::event::fs::file::FileOpen>(void)	false	false	false
1801698d0	353	wesp_lib::event::comparand_resolver::impl$1::resolve_string_list<wesp_lib::event::fs::file::FileLock>	undefined resolve_string_list<wesp_lib::event::fs::file::FileLock>(void)	false	false	false
180169a40	202	wesp_lib::event::comparand_resolver::impl$1::resolve_string_list<wesp_lib::event::fs::file::FileCreateSection>	undefined resolve_string_list<wesp_lib::event::fs::file::FileCreateSection>(void)	false	false	false
180169bc0	353	wesp_lib::event::comparand_resolver::impl$1::resolve_string_list<wesp_lib::event::fs::file::FileCreate>	undefined resolve_string_list<wesp_lib::event::fs::file::FileCreate>(void)	false	false	false
180169d30	353	wesp_lib::event::comparand_resolver::impl$1::resolve_string_list<wesp_lib::event::fs::file::FileUnlock>	undefined resolve_string_list<wesp_lib::event::fs::file::FileUnlock>(void)	false	false	false
180169ea0	211	wesp_lib::event::comparand_resolver::impl$1::resolve_string_list<wesp_lib::event::registry::RegEnumKey>	undefined resolve_string_list<wesp_lib::event::registry::RegEnumKey>(void)	false	false	false
180169f80	277	wesp_lib::event::comparand_resolver::impl$1::resolve_string_list<wesp_lib::event::fs::volume::VolumeMount>	undefined resolve_string_list<wesp_lib::event::fs::volume::VolumeMount>(void)	false	false	false
18016a0f0	353	wesp_lib::event::comparand_resolver::impl$1::resolve_string_list<wesp_lib::event::fs::mailslot::MailslotCreate>	undefined resolve_string_list<wesp_lib::event::fs::mailslot::MailslotCreate>(void)	false	false	false
18016a260	199	wesp_lib::event::comparand_resolver::impl$1::resolve_string_list<wesp_lib::event::fs::volume::VolumeFsctl>	undefined resolve_string_list<wesp_lib::event::fs::volume::VolumeFsctl>(void)	false	false	false
18016a3f0	277	wesp_lib::event::comparand_resolver::impl$1::resolve_string_list<wesp_lib::event::fs::file::FileQueryDirectoryInformation>	undefined resolve_string_list<wesp_lib::event::fs::file::FileQueryDirectoryInformation>(void)	false	false	false
18016a560	266	wesp_lib::event::comparand_resolver::impl$1::resolve_string_list<wesp_lib::event::registry::RegOpenKey>	undefined resolve_string_list<wesp_lib::event::registry::RegOpenKey>(void)	false	false	false
18016a670	208	wesp_lib::event::comparand_resolver::impl$1::resolve_string_list<wesp_lib::event::registry::RegQueryValueKey>	undefined resolve_string_list<wesp_lib::event::registry::RegQueryValueKey>(void)	false	false	false
18016a740	208	wesp_lib::event::comparand_resolver::impl$1::resolve_string_list<wesp_lib::event::registry::RegSetKeySecurity>	undefined resolve_string_list<wesp_lib::event::registry::RegSetKeySecurity>(void)	false	false	false
18016a810	353	wesp_lib::event::comparand_resolver::impl$1::resolve_string_list<wesp_lib::event::object_manager::ObHandleCreate>	undefined resolve_string_list<wesp_lib::event::object_manager::ObHandleCreate>(void)	false	false	false
18016a980	176	wesp_lib::event::comparand_resolver::impl$1::resolve_string_list<wesp_lib::event::fs::file::FileCleanup>	undefined resolve_string_list<wesp_lib::event::fs::file::FileCleanup>(void)	false	false	false
18016aad0	208	wesp_lib::event::comparand_resolver::impl$1::resolve_string_list<wesp_lib::event::thread::ThreadCreate>	undefined resolve_string_list<wesp_lib::event::thread::ThreadCreate>(void)	false	false	false
18016aba0	259	wesp_lib::event::comparand_resolver::impl$1::resolve_string_list<wesp_lib::event::registry::save_restore::RegRestoreKey>	undefined resolve_string_list<wesp_lib::event::registry::save_restore::RegRestoreKey>(void)	false	false	false
18016acb0	357	wesp_lib::event::comparand_resolver::impl$1::resolve_string_list<wesp_lib::event::registry::RegDeleteValueKey>	undefined resolve_string_list<wesp_lib::event::registry::RegDeleteValueKey>(void)	false	false	false
18016ae20	353	wesp_lib::event::comparand_resolver::impl$1::resolve_string_list<wesp_lib::event::fs::file::FileSetInformation>	undefined resolve_string_list<wesp_lib::event::fs::file::FileSetInformation>(void)	false	false	false
18016af90	353	wesp_lib::event::comparand_resolver::impl$1::resolve_string_list<wesp_lib::event::fs::file::SetEa>	undefined resolve_string_list<wesp_lib::event::fs::file::SetEa>(void)	false	false	false
18016b100	210	wesp_lib::event::comparand_resolver::impl$1::resolve_string_list<wesp_lib::event::registry::RegQueryKey>	undefined resolve_string_list<wesp_lib::event::registry::RegQueryKey>(void)	false	false	false
18016b1e0	484	wesp_lib::event::comparand_resolver::impl$1::resolve_string_list<wesp_lib::event::registry::RegRenameKey>	undefined resolve_string_list<wesp_lib::event::registry::RegRenameKey>(void)	false	false	false
18016b3d0	424	wesp_lib::event::comparand_resolver::impl$1::evaluate_at_parent_chain<wesp_lib::event::registry::RegSetKeySecurity>	undefined evaluate_at_parent_chain<wesp_lib::event::registry::RegSetKeySecurity>(void)	false	false	false
18016b580	169	wesp_lib::event::comparand_resolver::impl$1::resolve_memory_address_basic<wesp_lib::event::registry::RegSetKeySecurity>	undefined resolve_memory_address_basic<wesp_lib::event::registry::RegSetKeySecurity>(void)	false	false	false
18016b630	198	wesp_lib::event::comparand_resolver::impl$1::resolve_security_descriptor<wesp_lib::event::registry::RegSetKeySecurity>	undefined resolve_security_descriptor<wesp_lib::event::registry::RegSetKeySecurity>(void)	false	false	false
18016b700	424	wesp_lib::event::comparand_resolver::impl$1::evaluate_at_parent_chain<wesp_lib::event::fs::file::FileOpen>	undefined evaluate_at_parent_chain<wesp_lib::event::fs::file::FileOpen>(void)	false	false	false
18016b8b0	424	wesp_lib::event::comparand_resolver::impl$1::evaluate_at_parent_chain<wesp_lib::event::registry::RegCreateKey>	undefined evaluate_at_parent_chain<wesp_lib::event::registry::RegCreateKey>(void)	false	false	false
18016ba60	424	wesp_lib::event::comparand_resolver::impl$1::evaluate_at_parent_chain<wesp_lib::event::fs::file::FileCreateSection>	undefined evaluate_at_parent_chain<wesp_lib::event::fs::file::FileCreateSection>(void)	false	false	false
18016bc10	424	wesp_lib::event::comparand_resolver::impl$1::evaluate_at_parent_chain<wesp_lib::event::process::ProcessLoadImage>	undefined evaluate_at_parent_chain<wesp_lib::event::process::ProcessLoadImage>(void)	false	false	false
18016bdc0	424	wesp_lib::event::comparand_resolver::impl$1::evaluate_at_parent_chain<wesp_lib::event::fs::mailslot::MailslotCreate>	undefined evaluate_at_parent_chain<wesp_lib::event::fs::mailslot::MailslotCreate>(void)	false	false	false
18016bf70	424	wesp_lib::event::comparand_resolver::impl$1::evaluate_at_parent_chain<wesp_lib::event::registry::RegQueryKey>	undefined evaluate_at_parent_chain<wesp_lib::event::registry::RegQueryKey>(void)	false	false	false
18016c120	171	wesp_lib::event::comparand_resolver::impl$1::resolve_memory_address_basic<wesp_lib::event::registry::RegQueryKey>	undefined resolve_memory_address_basic<wesp_lib::event::registry::RegQueryKey>(void)	false	false	false
18016c1d0	162	wesp_lib::event::comparand_resolver::impl$1::resolve_security_descriptor<wesp_lib::event::registry::RegQueryKey>	undefined resolve_security_descriptor<wesp_lib::event::registry::RegQueryKey>(void)	false	false	false
18016c280	424	wesp_lib::event::comparand_resolver::impl$1::evaluate_at_parent_chain<wesp_lib::event::thread::ThreadCreate>	undefined evaluate_at_parent_chain<wesp_lib::event::thread::ThreadCreate>(void)	false	false	false
18016c430	229	wesp_lib::event::comparand_resolver::impl$1::resolve_memory_address_basic<wesp_lib::event::thread::ThreadCreate>	undefined resolve_memory_address_basic<wesp_lib::event::thread::ThreadCreate>(void)	false	false	false
18016c520	160	wesp_lib::event::comparand_resolver::impl$1::resolve_security_descriptor<wesp_lib::event::thread::ThreadCreate>	undefined resolve_security_descriptor<wesp_lib::event::thread::ThreadCreate>(void)	false	false	false
18016c5c0	424	wesp_lib::event::comparand_resolver::impl$1::evaluate_at_parent_chain<wesp_lib::event::registry::RegLoadKey>	undefined evaluate_at_parent_chain<wesp_lib::event::registry::RegLoadKey>(void)	false	false	false
18016c770	424	wesp_lib::event::comparand_resolver::impl$1::evaluate_at_parent_chain<wesp_lib::event::registry::RegEnumKey>	undefined evaluate_at_parent_chain<wesp_lib::event::registry::RegEnumKey>(void)	false	false	false
18016c920	172	wesp_lib::event::comparand_resolver::impl$1::resolve_memory_address_basic<wesp_lib::event::registry::RegEnumKey>	undefined resolve_memory_address_basic<wesp_lib::event::registry::RegEnumKey>(void)	false	false	false
18016c9d0	163	wesp_lib::event::comparand_resolver::impl$1::resolve_security_descriptor<wesp_lib::event::registry::RegEnumKey>	undefined resolve_security_descriptor<wesp_lib::event::registry::RegEnumKey>(void)	false	false	false
18016ca80	424	wesp_lib::event::comparand_resolver::impl$1::evaluate_at_parent_chain<wesp_lib::event::process::ProcessCreate>	undefined evaluate_at_parent_chain<wesp_lib::event::process::ProcessCreate>(void)	false	false	false
18016cc30	424	wesp_lib::event::comparand_resolver::impl$1::evaluate_at_parent_chain<wesp_lib::event::registry::RegReplaceKey>	undefined evaluate_at_parent_chain<wesp_lib::event::registry::RegReplaceKey>(void)	false	false	false
18016cde0	343	wesp_lib::event::comparand_resolver::impl$1::resolve_memory_address_basic<wesp_lib::event::registry::RegReplaceKey>	undefined resolve_memory_address_basic<wesp_lib::event::registry::RegReplaceKey>(void)	false	false	false
18016cf40	327	wesp_lib::event::comparand_resolver::impl$1::resolve_security_descriptor<wesp_lib::event::registry::RegReplaceKey>	undefined resolve_security_descriptor<wesp_lib::event::registry::RegReplaceKey>(void)	false	false	false
18016d090	424	wesp_lib::event::comparand_resolver::impl$1::evaluate_at_parent_chain<wesp_lib::event::registry::RegQueryValueKey>	undefined evaluate_at_parent_chain<wesp_lib::event::registry::RegQueryValueKey>(void)	false	false	false
18016d240	169	wesp_lib::event::comparand_resolver::impl$1::resolve_memory_address_basic<wesp_lib::event::registry::RegQueryValueKey>	undefined resolve_memory_address_basic<wesp_lib::event::registry::RegQueryValueKey>(void)	false	false	false
18016d2f0	160	wesp_lib::event::comparand_resolver::impl$1::resolve_security_descriptor<wesp_lib::event::registry::RegQueryValueKey>	undefined resolve_security_descriptor<wesp_lib::event::registry::RegQueryValueKey>(void)	false	false	false
18016d390	424	wesp_lib::event::comparand_resolver::impl$1::evaluate_at_parent_chain<wesp_lib::event::thread::ThreadStart>	undefined evaluate_at_parent_chain<wesp_lib::event::thread::ThreadStart>(void)	false	false	false
18016d540	273	wesp_lib::event::comparand_resolver::impl$1::resolve_memory_address_basic<wesp_lib::event::thread::ThreadStart>	undefined resolve_memory_address_basic<wesp_lib::event::thread::ThreadStart>(void)	false	false	false
18016d660	148	wesp_lib::event::comparand_resolver::impl$1::resolve_security_descriptor<wesp_lib::event::thread::ThreadStart>	undefined resolve_security_descriptor<wesp_lib::event::thread::ThreadStart>(void)	false	false	false
18016d700	424	wesp_lib::event::comparand_resolver::impl$1::evaluate_at_parent_chain<wesp_lib::event::fs::volume::VolumeMount>	undefined evaluate_at_parent_chain<wesp_lib::event::fs::volume::VolumeMount>(void)	false	false	false
18016d8b0	424	wesp_lib::event::comparand_resolver::impl$1::evaluate_at_parent_chain<wesp_lib::event::fs::file::FileSetSecurity>	undefined evaluate_at_parent_chain<wesp_lib::event::fs::file::FileSetSecurity>(void)	false	false	false
18016da60	424	wesp_lib::event::comparand_resolver::impl$1::evaluate_at_parent_chain<wesp_lib::event::fs::file::FileQueryInformation>	undefined evaluate_at_parent_chain<wesp_lib::event::fs::file::FileQueryInformation>(void)	false	false	false
18016dc10	424	wesp_lib::event::comparand_resolver::impl$1::evaluate_at_parent_chain<wesp_lib::event::fs::volume::VolumeDismount>	undefined evaluate_at_parent_chain<wesp_lib::event::fs::volume::VolumeDismount>(void)	false	false	false
18016ddc0	282	wesp_lib::event::comparand_resolver::impl$1::resolve_memory_address_basic<wesp_lib::event::fs::volume::VolumeDismount>	undefined resolve_memory_address_basic<wesp_lib::event::fs::volume::VolumeDismount>(void)	false	false	false
18016dee0	148	wesp_lib::event::comparand_resolver::impl$1::resolve_security_descriptor<wesp_lib::event::fs::volume::VolumeDismount>	undefined resolve_security_descriptor<wesp_lib::event::fs::volume::VolumeDismount>(void)	false	false	false
18016df80	424	wesp_lib::event::comparand_resolver::impl$1::evaluate_at_parent_chain<wesp_lib::event::thread::ThreadTerminate>	undefined evaluate_at_parent_chain<wesp_lib::event::thread::ThreadTerminate>(void)	false	false	false
18016e130	273	wesp_lib::event::comparand_resolver::impl$1::resolve_memory_address_basic<wesp_lib::event::thread::ThreadTerminate>	undefined resolve_memory_address_basic<wesp_lib::event::thread::ThreadTerminate>(void)	false	false	false
18016e250	148	wesp_lib::event::comparand_resolver::impl$1::resolve_security_descriptor<wesp_lib::event::thread::ThreadTerminate>	undefined resolve_security_descriptor<wesp_lib::event::thread::ThreadTerminate>(void)	false	false	false
18016e2f0	424	wesp_lib::event::comparand_resolver::impl$1::evaluate_at_parent_chain<wesp_lib::event::fs::volume::VolumeFsctl>	undefined evaluate_at_parent_chain<wesp_lib::event::fs::volume::VolumeFsctl>(void)	false	false	false
18016e4a0	424	wesp_lib::event::comparand_resolver::impl$1::evaluate_at_parent_chain<wesp_lib::event::object_manager::ObHandleCreate>	undefined evaluate_at_parent_chain<wesp_lib::event::object_manager::ObHandleCreate>(void)	false	false	false
18016e650	424	wesp_lib::event::comparand_resolver::impl$1::evaluate_at_parent_chain<wesp_lib::event::fs::file::FileWrite>	undefined evaluate_at_parent_chain<wesp_lib::event::fs::file::FileWrite>(void)	false	false	false
18016e800	424	wesp_lib::event::comparand_resolver::impl$1::evaluate_at_parent_chain<wesp_lib::event::fs::file::FileCreate>	undefined evaluate_at_parent_chain<wesp_lib::event::fs::file::FileCreate>(void)	false	false	false
18016e9b0	424	wesp_lib::event::comparand_resolver::impl$1::evaluate_at_parent_chain<wesp_lib::event::registry::RegDeleteKey>	undefined evaluate_at_parent_chain<wesp_lib::event::registry::RegDeleteKey>(void)	false	false	false
18016eb60	282	wesp_lib::event::comparand_resolver::impl$1::resolve_memory_address_basic<wesp_lib::event::registry::RegDeleteKey>	undefined resolve_memory_address_basic<wesp_lib::event::registry::RegDeleteKey>(void)	false	false	false
18016ec80	148	wesp_lib::event::comparand_resolver::impl$1::resolve_security_descriptor<wesp_lib::event::registry::RegDeleteKey>	undefined resolve_security_descriptor<wesp_lib::event::registry::RegDeleteKey>(void)	false	false	false
18016ed20	424	wesp_lib::event::comparand_resolver::impl$1::evaluate_at_parent_chain<wesp_lib::event::fs::file::FileCleanup>	undefined evaluate_at_parent_chain<wesp_lib::event::fs::file::FileCleanup>(void)	false	false	false
18016eed0	424	wesp_lib::event::comparand_resolver::impl$1::evaluate_at_parent_chain<wesp_lib::event::process::ProcessTerminate>	undefined evaluate_at_parent_chain<wesp_lib::event::process::ProcessTerminate>(void)	false	false	false
18016f080	285	wesp_lib::event::comparand_resolver::impl$1::resolve_memory_address_basic<wesp_lib::event::process::ProcessTerminate>	undefined resolve_memory_address_basic<wesp_lib::event::process::ProcessTerminate>(void)	false	false	false
18016f1a0	148	wesp_lib::event::comparand_resolver::impl$1::resolve_security_descriptor<wesp_lib::event::process::ProcessTerminate>	undefined resolve_security_descriptor<wesp_lib::event::process::ProcessTerminate>(void)	false	false	false
18016f240	424	wesp_lib::event::comparand_resolver::impl$1::evaluate_at_parent_chain<wesp_lib::event::fs::file::FileQueryOpen>	undefined evaluate_at_parent_chain<wesp_lib::event::fs::file::FileQueryOpen>(void)	false	false	false
18016f3f0	424	wesp_lib::event::comparand_resolver::impl$1::evaluate_at_parent_chain<wesp_lib::event::registry::RegDeleteValueKey>	undefined evaluate_at_parent_chain<wesp_lib::event::registry::RegDeleteValueKey>(void)	false	false	false
18016f5a0	424	wesp_lib::event::comparand_resolver::impl$1::evaluate_at_parent_chain<wesp_lib::event::registry::RegSetValueKey>	undefined evaluate_at_parent_chain<wesp_lib::event::registry::RegSetValueKey>(void)	false	false	false
18016f750	424	wesp_lib::event::comparand_resolver::impl$1::evaluate_at_parent_chain<wesp_lib::event::fs::file::FileQueryDirectoryInformation>	undefined evaluate_at_parent_chain<wesp_lib::event::fs::file::FileQueryDirectoryInformation>(void)	false	false	false
18016f900	424	wesp_lib::event::comparand_resolver::impl$1::evaluate_at_parent_chain<wesp_lib::event::fs::file::FileLock>	undefined evaluate_at_parent_chain<wesp_lib::event::fs::file::FileLock>(void)	false	false	false
18016fab0	424	wesp_lib::event::comparand_resolver::impl$1::evaluate_at_parent_chain<wesp_lib::event::registry::RegOpenKey>	undefined evaluate_at_parent_chain<wesp_lib::event::registry::RegOpenKey>(void)	false	false	false
18016fc60	424	wesp_lib::event::comparand_resolver::impl$1::evaluate_at_parent_chain<wesp_lib::event::object_manager::ObHandleDuplicate>	undefined evaluate_at_parent_chain<wesp_lib::event::object_manager::ObHandleDuplicate>(void)	false	false	false
18016fe10	424	wesp_lib::event::comparand_resolver::impl$1::evaluate_at_parent_chain<wesp_lib::event::fs::file::FileUnlock>	undefined evaluate_at_parent_chain<wesp_lib::event::fs::file::FileUnlock>(void)	false	false	false
18016ffc0	424	wesp_lib::event::comparand_resolver::impl$1::evaluate_at_parent_chain<wesp_lib::event::fs::file::KtmTransactionRollback>	undefined evaluate_at_parent_chain<wesp_lib::event::fs::file::KtmTransactionRollback>(void)	false	false	false
180170170	273	wesp_lib::event::comparand_resolver::impl$1::resolve_memory_address_basic<wesp_lib::event::fs::file::KtmTransactionRollback>	undefined resolve_memory_address_basic<wesp_lib::event::fs::file::KtmTransactionRollback>(void)	false	false	false
180170290	148	wesp_lib::event::comparand_resolver::impl$1::resolve_security_descriptor<wesp_lib::event::fs::file::KtmTransactionRollback>	undefined resolve_security_descriptor<wesp_lib::event::fs::file::KtmTransactionRollback>(void)	false	false	false
180170330	424	wesp_lib::event::comparand_resolver::impl$1::evaluate_at_parent_chain<wesp_lib::event::registry::RegRenameKey>	undefined evaluate_at_parent_chain<wesp_lib::event::registry::RegRenameKey>(void)	false	false	false
1801704e0	342	wesp_lib::event::comparand_resolver::impl$1::resolve_memory_address_basic<wesp_lib::event::registry::RegRenameKey>	undefined resolve_memory_address_basic<wesp_lib::event::registry::RegRenameKey>(void)	false	false	false
180170640	165	wesp_lib::event::comparand_resolver::impl$1::resolve_security_descriptor<wesp_lib::event::registry::RegRenameKey>	undefined resolve_security_descriptor<wesp_lib::event::registry::RegRenameKey>(void)	false	false	false
1801706f0	424	wesp_lib::event::comparand_resolver::impl$1::evaluate_at_parent_chain<wesp_lib::event::registry::RegEnumValueKey>	undefined evaluate_at_parent_chain<wesp_lib::event::registry::RegEnumValueKey>(void)	false	false	false
1801708a0	172	wesp_lib::event::comparand_resolver::impl$1::resolve_memory_address_basic<wesp_lib::event::registry::RegEnumValueKey>	undefined resolve_memory_address_basic<wesp_lib::event::registry::RegEnumValueKey>(void)	false	false	false
180170950	163	wesp_lib::event::comparand_resolver::impl$1::resolve_security_descriptor<wesp_lib::event::registry::RegEnumValueKey>	undefined resolve_security_descriptor<wesp_lib::event::registry::RegEnumValueKey>(void)	false	false	false
180170a00	424	wesp_lib::event::comparand_resolver::impl$1::evaluate_at_parent_chain<wesp_lib::event::fs::file::SetEa>	undefined evaluate_at_parent_chain<wesp_lib::event::fs::file::SetEa>(void)	false	false	false
180170bb0	424	wesp_lib::event::comparand_resolver::impl$1::evaluate_at_parent_chain<wesp_lib::event::fs::file::KtmTransactionCommit>	undefined evaluate_at_parent_chain<wesp_lib::event::fs::file::KtmTransactionCommit>(void)	false	false	false
180170d60	273	wesp_lib::event::comparand_resolver::impl$1::resolve_memory_address_basic<wesp_lib::event::fs::file::KtmTransactionCommit>	undefined resolve_memory_address_basic<wesp_lib::event::fs::file::KtmTransactionCommit>(void)	false	false	false
180170e80	148	wesp_lib::event::comparand_resolver::impl$1::resolve_security_descriptor<wesp_lib::event::fs::file::KtmTransactionCommit>	undefined resolve_security_descriptor<wesp_lib::event::fs::file::KtmTransactionCommit>(void)	false	false	false
180170f20	424	wesp_lib::event::comparand_resolver::impl$1::evaluate_at_parent_chain<wesp_lib::event::registry::save_restore::RegRestoreKey>	undefined evaluate_at_parent_chain<wesp_lib::event::registry::save_restore::RegRestoreKey>(void)	false	false	false
1801710d0	424	wesp_lib::event::comparand_resolver::impl$1::evaluate_at_parent_chain<wesp_lib::event::fs::pipe::PipeCreate>	undefined evaluate_at_parent_chain<wesp_lib::event::fs::pipe::PipeCreate>(void)	false	false	false
180171280	424	wesp_lib::event::comparand_resolver::impl$1::evaluate_at_parent_chain<wesp_lib::event::fs::file::FileFsctl>	undefined evaluate_at_parent_chain<wesp_lib::event::fs::file::FileFsctl>(void)	false	false	false
180171430	424	wesp_lib::event::comparand_resolver::impl$1::evaluate_at_parent_chain<wesp_lib::event::registry::save_restore::RegSaveKey>	undefined evaluate_at_parent_chain<wesp_lib::event::registry::save_restore::RegSaveKey>(void)	false	false	false
1801715e0	424	wesp_lib::event::comparand_resolver::impl$1::evaluate_at_parent_chain<wesp_lib::event::fs::file::FileRead>	undefined evaluate_at_parent_chain<wesp_lib::event::fs::file::FileRead>(void)	false	false	false
180171790	424	wesp_lib::event::comparand_resolver::impl$1::evaluate_at_parent_chain<wesp_lib::event::fs::file::FileSetInformation>	undefined evaluate_at_parent_chain<wesp_lib::event::fs::file::FileSetInformation>(void)	false	false	false
180171940	245	wesp_lib::event::comparand_resolver::EventComparandResolver<wesp_lib::event::fs::file::FileOpen>::resolve_context_key_copy<wesp_lib::event::fs::file::FileOpen>	undefined resolve_context_key_copy<wesp_lib::event::fs::file::FileOpen>(void)	false	false	false
180171a40	245	wesp_lib::event::comparand_resolver::EventComparandResolver<wesp_lib::event::registry::RegEnumKey>::resolve_context_key_copy<wesp_lib::event::registry::RegEnumKey>	undefined resolve_context_key_copy<wesp_lib::event::registry::RegEnumKey>(void)	false	false	false
180171b40	245	wesp_lib::event::comparand_resolver::EventComparandResolver<wesp_lib::event::fs::file::FileCreateSection>::resolve_context_key_copy<wesp_lib::event::fs::file::FileCreateSection>	undefined resolve_context_key_copy<wesp_lib::event::fs::file::FileCreateSection>(void)	false	false	false
180171c40	245	wesp_lib::event::comparand_resolver::EventComparandResolver<wesp_lib::event::registry::RegCreateKey>::resolve_context_key_copy<wesp_lib::event::registry::RegCreateKey>	undefined resolve_context_key_copy<wesp_lib::event::registry::RegCreateKey>(void)	false	false	false
180171d40	245	wesp_lib::event::comparand_resolver::EventComparandResolver<wesp_lib::event::process::ProcessLoadImage>::resolve_context_key_copy<wesp_lib::event::process::ProcessLoadImage>	undefined resolve_context_key_copy<wesp_lib::event::process::ProcessLoadImage>(void)	false	false	false
180171e40	245	wesp_lib::event::comparand_resolver::EventComparandResolver<wesp_lib::event::fs::file::FileSetInformation>::resolve_context_key_copy<wesp_lib::event::fs::file::FileSetInformation>	undefined resolve_context_key_copy<wesp_lib::event::fs::file::FileSetInformation>(void)	false	false	false
180171f40	245	wesp_lib::event::comparand_resolver::EventComparandResolver<wesp_lib::event::fs::file::FileCreate>::resolve_context_key_copy<wesp_lib::event::fs::file::FileCreate>	undefined resolve_context_key_copy<wesp_lib::event::fs::file::FileCreate>(void)	false	false	false
180172040	245	wesp_lib::event::comparand_resolver::EventComparandResolver<wesp_lib::event::fs::volume::VolumeDismount>::resolve_context_key_copy<wesp_lib::event::fs::volume::VolumeDismount>	undefined resolve_context_key_copy<wesp_lib::event::fs::volume::VolumeDismount>(void)	false	false	false
180172140	245	wesp_lib::event::comparand_resolver::EventComparandResolver<wesp_lib::event::registry::save_restore::RegSaveKey>::resolve_context_key_copy<wesp_lib::event::registry::save_restore::RegSaveKey>	undefined resolve_context_key_copy<wesp_lib::event::registry::save_restore::RegSaveKey>(void)	false	false	false
180172240	245	wesp_lib::event::comparand_resolver::EventComparandResolver<wesp_lib::event::fs::file::FileUnlock>::resolve_context_key_copy<wesp_lib::event::fs::file::FileUnlock>	undefined resolve_context_key_copy<wesp_lib::event::fs::file::FileUnlock>(void)	false	false	false
180172340	245	wesp_lib::event::comparand_resolver::EventComparandResolver<wesp_lib::event::thread::ThreadCreate>::resolve_context_key_copy<wesp_lib::event::thread::ThreadCreate>	undefined resolve_context_key_copy<wesp_lib::event::thread::ThreadCreate>(void)	false	false	false
180172440	245	wesp_lib::event::comparand_resolver::EventComparandResolver<wesp_lib::event::fs::file::FileRead>::resolve_context_key_copy<wesp_lib::event::fs::file::FileRead>	undefined resolve_context_key_copy<wesp_lib::event::fs::file::FileRead>(void)	false	false	false
180172540	245	wesp_lib::event::comparand_resolver::EventComparandResolver<wesp_lib::event::fs::file::FileWrite>::resolve_context_key_copy<wesp_lib::event::fs::file::FileWrite>	undefined resolve_context_key_copy<wesp_lib::event::fs::file::FileWrite>(void)	false	false	false
180172640	245	wesp_lib::event::comparand_resolver::EventComparandResolver<wesp_lib::event::fs::mailslot::MailslotCreate>::resolve_context_key_copy<wesp_lib::event::fs::mailslot::MailslotCreate>	undefined resolve_context_key_copy<wesp_lib::event::fs::mailslot::MailslotCreate>(void)	false	false	false
180172740	245	wesp_lib::event::comparand_resolver::EventComparandResolver<wesp_lib::event::registry::RegSetValueKey>::resolve_context_key_copy<wesp_lib::event::registry::RegSetValueKey>	undefined resolve_context_key_copy<wesp_lib::event::registry::RegSetValueKey>(void)	false	false	false
180172840	245	wesp_lib::event::comparand_resolver::EventComparandResolver<wesp_lib::event::fs::volume::VolumeMount>::resolve_context_key_copy<wesp_lib::event::fs::volume::VolumeMount>	undefined resolve_context_key_copy<wesp_lib::event::fs::volume::VolumeMount>(void)	false	false	false
180172940	245	wesp_lib::event::comparand_resolver::EventComparandResolver<wesp_lib::event::process::ProcessCreate>::resolve_context_key_copy<wesp_lib::event::process::ProcessCreate>	undefined resolve_context_key_copy<wesp_lib::event::process::ProcessCreate>(void)	false	false	false
180172a40	245	wesp_lib::event::comparand_resolver::EventComparandResolver<wesp_lib::event::fs::file::FileQueryOpen>::resolve_context_key_copy<wesp_lib::event::fs::file::FileQueryOpen>	undefined resolve_context_key_copy<wesp_lib::event::fs::file::FileQueryOpen>(void)	false	false	false
180172b40	245	wesp_lib::event::comparand_resolver::EventComparandResolver<wesp_lib::event::fs::file::FileLock>::resolve_context_key_copy<wesp_lib::event::fs::file::FileLock>	undefined resolve_context_key_copy<wesp_lib::event::fs::file::FileLock>(void)	false	false	false
180172c40	245	wesp_lib::event::comparand_resolver::EventComparandResolver<wesp_lib::event::registry::RegLoadKey>::resolve_context_key_copy<wesp_lib::event::registry::RegLoadKey>	undefined resolve_context_key_copy<wesp_lib::event::registry::RegLoadKey>(void)	false	false	false
180172d40	245	wesp_lib::event::comparand_resolver::EventComparandResolver<wesp_lib::event::fs::file::SetEa>::resolve_context_key_copy<wesp_lib::event::fs::file::SetEa>	undefined resolve_context_key_copy<wesp_lib::event::fs::file::SetEa>(void)	false	false	false
180172e40	245	wesp_lib::event::comparand_resolver::EventComparandResolver<wesp_lib::event::registry::RegSetKeySecurity>::resolve_context_key_copy<wesp_lib::event::registry::RegSetKeySecurity>	undefined resolve_context_key_copy<wesp_lib::event::registry::RegSetKeySecurity>(void)	false	false	false
180172f40	245	wesp_lib::event::comparand_resolver::EventComparandResolver<wesp_lib::event::fs::file::FileQueryInformation>::resolve_context_key_copy<wesp_lib::event::fs::file::FileQueryInformation>	undefined resolve_context_key_copy<wesp_lib::event::fs::file::FileQueryInformation>(void)	false	false	false
180173040	245	wesp_lib::event::comparand_resolver::EventComparandResolver<wesp_lib::event::registry::RegDeleteKey>::resolve_context_key_copy<wesp_lib::event::registry::RegDeleteKey>	undefined resolve_context_key_copy<wesp_lib::event::registry::RegDeleteKey>(void)	false	false	false
180173140	245	wesp_lib::event::comparand_resolver::EventComparandResolver<wesp_lib::event::fs::file::FileFsctl>::resolve_context_key_copy<wesp_lib::event::fs::file::FileFsctl>	undefined resolve_context_key_copy<wesp_lib::event::fs::file::FileFsctl>(void)	false	false	false
180173240	245	wesp_lib::event::comparand_resolver::EventComparandResolver<wesp_lib::event::fs::volume::VolumeFsctl>::resolve_context_key_copy<wesp_lib::event::fs::volume::VolumeFsctl>	undefined resolve_context_key_copy<wesp_lib::event::fs::volume::VolumeFsctl>(void)	false	false	false
180173340	245	wesp_lib::event::comparand_resolver::EventComparandResolver<wesp_lib::event::thread::ThreadStart>::resolve_context_key_copy<wesp_lib::event::thread::ThreadStart>	undefined resolve_context_key_copy<wesp_lib::event::thread::ThreadStart>(void)	false	false	false
180173440	245	wesp_lib::event::comparand_resolver::EventComparandResolver<wesp_lib::event::fs::file::FileSetSecurity>::resolve_context_key_copy<wesp_lib::event::fs::file::FileSetSecurity>	undefined resolve_context_key_copy<wesp_lib::event::fs::file::FileSetSecurity>(void)	false	false	false
180173540	245	wesp_lib::event::comparand_resolver::EventComparandResolver<wesp_lib::event::registry::RegEnumValueKey>::resolve_context_key_copy<wesp_lib::event::registry::RegEnumValueKey>	undefined resolve_context_key_copy<wesp_lib::event::registry::RegEnumValueKey>(void)	false	false	false
180173640	245	wesp_lib::event::comparand_resolver::EventComparandResolver<wesp_lib::event::registry::save_restore::RegRestoreKey>::resolve_context_key_copy<wesp_lib::event::registry::save_restore::RegRestoreKey>	undefined resolve_context_key_copy<wesp_lib::event::registry::save_restore::RegRestoreKey>(void)	false	false	false
180173740	245	wesp_lib::event::comparand_resolver::EventComparandResolver<wesp_lib::event::fs::file::KtmTransactionRollback>::resolve_context_key_copy<wesp_lib::event::fs::file::KtmTransactionRollback>	undefined resolve_context_key_copy<wesp_lib::event::fs::file::KtmTransactionRollback>(void)	false	false	false
180173840	245	wesp_lib::event::comparand_resolver::EventComparandResolver<wesp_lib::event::thread::ThreadTerminate>::resolve_context_key_copy<wesp_lib::event::thread::ThreadTerminate>	undefined resolve_context_key_copy<wesp_lib::event::thread::ThreadTerminate>(void)	false	false	false
180173940	245	wesp_lib::event::comparand_resolver::EventComparandResolver<wesp_lib::event::process::ProcessTerminate>::resolve_context_key_copy<wesp_lib::event::process::ProcessTerminate>	undefined resolve_context_key_copy<wesp_lib::event::process::ProcessTerminate>(void)	false	false	false
180173a40	245	wesp_lib::event::comparand_resolver::EventComparandResolver<wesp_lib::event::registry::RegDeleteValueKey>::resolve_context_key_copy<wesp_lib::event::registry::RegDeleteValueKey>	undefined resolve_context_key_copy<wesp_lib::event::registry::RegDeleteValueKey>(void)	false	false	false
180173b40	245	wesp_lib::event::comparand_resolver::EventComparandResolver<wesp_lib::event::registry::RegQueryKey>::resolve_context_key_copy<wesp_lib::event::registry::RegQueryKey>	undefined resolve_context_key_copy<wesp_lib::event::registry::RegQueryKey>(void)	false	false	false
180173c40	245	wesp_lib::event::comparand_resolver::EventComparandResolver<wesp_lib::event::fs::pipe::PipeCreate>::resolve_context_key_copy<wesp_lib::event::fs::pipe::PipeCreate>	undefined resolve_context_key_copy<wesp_lib::event::fs::pipe::PipeCreate>(void)	false	false	false
180173d40	245	wesp_lib::event::comparand_resolver::EventComparandResolver<wesp_lib::event::registry::RegOpenKey>::resolve_context_key_copy<wesp_lib::event::registry::RegOpenKey>	undefined resolve_context_key_copy<wesp_lib::event::registry::RegOpenKey>(void)	false	false	false
180173e40	245	wesp_lib::event::comparand_resolver::EventComparandResolver<wesp_lib::event::registry::RegRenameKey>::resolve_context_key_copy<wesp_lib::event::registry::RegRenameKey>	undefined resolve_context_key_copy<wesp_lib::event::registry::RegRenameKey>(void)	false	false	false
180173f40	245	wesp_lib::event::comparand_resolver::EventComparandResolver<wesp_lib::event::object_manager::ObHandleDuplicate>::resolve_context_key_copy<wesp_lib::event::object_manager::ObHandleDuplicate>	undefined resolve_context_key_copy<wesp_lib::event::object_manager::ObHandleDuplicate>(void)	false	false	false
180174040	245	wesp_lib::event::comparand_resolver::EventComparandResolver<wesp_lib::event::object_manager::ObHandleCreate>::resolve_context_key_copy<wesp_lib::event::object_manager::ObHandleCreate>	undefined resolve_context_key_copy<wesp_lib::event::object_manager::ObHandleCreate>(void)	false	false	false
180174140	245	wesp_lib::event::comparand_resolver::EventComparandResolver<wesp_lib::event::fs::file::FileCleanup>::resolve_context_key_copy<wesp_lib::event::fs::file::FileCleanup>	undefined resolve_context_key_copy<wesp_lib::event::fs::file::FileCleanup>(void)	false	false	false
180174240	245	wesp_lib::event::comparand_resolver::EventComparandResolver<wesp_lib::event::registry::RegQueryValueKey>::resolve_context_key_copy<wesp_lib::event::registry::RegQueryValueKey>	undefined resolve_context_key_copy<wesp_lib::event::registry::RegQueryValueKey>(void)	false	false	false
180174340	245	wesp_lib::event::comparand_resolver::EventComparandResolver<wesp_lib::event::fs::file::FileQueryDirectoryInformation>::resolve_context_key_copy<wesp_lib::event::fs::file::FileQueryDirectoryInformation>	undefined resolve_context_key_copy<wesp_lib::event::fs::file::FileQueryDirectoryInformation>(void)	false	false	false
180174440	245	wesp_lib::event::comparand_resolver::EventComparandResolver<wesp_lib::event::registry::RegReplaceKey>::resolve_context_key_copy<wesp_lib::event::registry::RegReplaceKey>	undefined resolve_context_key_copy<wesp_lib::event::registry::RegReplaceKey>(void)	false	false	false
180174540	245	wesp_lib::event::comparand_resolver::EventComparandResolver<wesp_lib::event::fs::file::KtmTransactionCommit>::resolve_context_key_copy<wesp_lib::event::fs::file::KtmTransactionCommit>	undefined resolve_context_key_copy<wesp_lib::event::fs::file::KtmTransactionCommit>(void)	false	false	false
180174640	263	wesp_lib::event::comparand_resolver::EventComparandResolver<wesp_lib::event::registry::RegEnumValueKey>::process_argument_from_source<wesp_lib::event::registry::RegEnumValueKey>	undefined process_argument_from_source<wesp_lib::event::registry::RegEnumValueKey>(void)	false	false	false
180174750	263	wesp_lib::event::comparand_resolver::EventComparandResolver<wesp_lib::event::fs::volume::VolumeMount>::process_argument_from_source<wesp_lib::event::fs::volume::VolumeMount>	undefined process_argument_from_source<wesp_lib::event::fs::volume::VolumeMount>(void)	false	false	false
180174860	263	wesp_lib::event::comparand_resolver::EventComparandResolver<wesp_lib::event::fs::file::FileSetSecurity>::process_argument_from_source<wesp_lib::event::fs::file::FileSetSecurity>	undefined process_argument_from_source<wesp_lib::event::fs::file::FileSetSecurity>(void)	false	false	false
180174970	263	wesp_lib::event::comparand_resolver::EventComparandResolver<wesp_lib::event::thread::ThreadTerminate>::process_argument_from_source<wesp_lib::event::thread::ThreadTerminate>	undefined process_argument_from_source<wesp_lib::event::thread::ThreadTerminate>(void)	false	false	false
180174a80	263	wesp_lib::event::comparand_resolver::EventComparandResolver<wesp_lib::event::fs::file::FileOpen>::process_argument_from_source<wesp_lib::event::fs::file::FileOpen>	undefined process_argument_from_source<wesp_lib::event::fs::file::FileOpen>(void)	false	false	false
180174b90	263	wesp_lib::event::comparand_resolver::EventComparandResolver<wesp_lib::event::registry::RegLoadKey>::process_argument_from_source<wesp_lib::event::registry::RegLoadKey>	undefined process_argument_from_source<wesp_lib::event::registry::RegLoadKey>(void)	false	false	false
180174ca0	263	wesp_lib::event::comparand_resolver::EventComparandResolver<wesp_lib::event::fs::file::FileWrite>::process_argument_from_source<wesp_lib::event::fs::file::FileWrite>	undefined process_argument_from_source<wesp_lib::event::fs::file::FileWrite>(void)	false	false	false
180174db0	263	wesp_lib::event::comparand_resolver::EventComparandResolver<wesp_lib::event::fs::file::KtmTransactionRollback>::process_argument_from_source<wesp_lib::event::fs::file::KtmTransactionRollback>	undefined process_argument_from_source<wesp_lib::event::fs::file::KtmTransactionRollback>(void)	false	false	false
180174ec0	263	wesp_lib::event::comparand_resolver::EventComparandResolver<wesp_lib::event::registry::RegReplaceKey>::process_argument_from_source<wesp_lib::event::registry::RegReplaceKey>	undefined process_argument_from_source<wesp_lib::event::registry::RegReplaceKey>(void)	false	false	false
180174fd0	263	wesp_lib::event::comparand_resolver::EventComparandResolver<wesp_lib::event::registry::save_restore::RegRestoreKey>::process_argument_from_source<wesp_lib::event::registry::save_restore::RegRestoreKey>	undefined process_argument_from_source<wesp_lib::event::registry::save_restore::RegRestoreKey>(void)	false	false	false
1801750e0	263	wesp_lib::event::comparand_resolver::EventComparandResolver<wesp_lib::event::fs::mailslot::MailslotCreate>::process_argument_from_source<wesp_lib::event::fs::mailslot::MailslotCreate>	undefined process_argument_from_source<wesp_lib::event::fs::mailslot::MailslotCreate>(void)	false	false	false
1801751f0	263	wesp_lib::event::comparand_resolver::EventComparandResolver<wesp_lib::event::registry::RegQueryKey>::process_argument_from_source<wesp_lib::event::registry::RegQueryKey>	undefined process_argument_from_source<wesp_lib::event::registry::RegQueryKey>(void)	false	false	false
180175300	263	wesp_lib::event::comparand_resolver::EventComparandResolver<wesp_lib::event::fs::file::FileQueryInformation>::process_argument_from_source<wesp_lib::event::fs::file::FileQueryInformation>	undefined process_argument_from_source<wesp_lib::event::fs::file::FileQueryInformation>(void)	false	false	false
180175410	263	wesp_lib::event::comparand_resolver::EventComparandResolver<wesp_lib::event::fs::file::FileFsctl>::process_argument_from_source<wesp_lib::event::fs::file::FileFsctl>	undefined process_argument_from_source<wesp_lib::event::fs::file::FileFsctl>(void)	false	false	false
180175520	263	wesp_lib::event::comparand_resolver::EventComparandResolver<wesp_lib::event::thread::ThreadStart>::process_argument_from_source<wesp_lib::event::thread::ThreadStart>	undefined process_argument_from_source<wesp_lib::event::thread::ThreadStart>(void)	false	false	false
180175630	263	wesp_lib::event::comparand_resolver::EventComparandResolver<wesp_lib::event::registry::RegDeleteValueKey>::process_argument_from_source<wesp_lib::event::registry::RegDeleteValueKey>	undefined process_argument_from_source<wesp_lib::event::registry::RegDeleteValueKey>(void)	false	false	false
180175740	263	wesp_lib::event::comparand_resolver::EventComparandResolver<wesp_lib::event::fs::file::SetEa>::process_argument_from_source<wesp_lib::event::fs::file::SetEa>	undefined process_argument_from_source<wesp_lib::event::fs::file::SetEa>(void)	false	false	false
180175850	263	wesp_lib::event::comparand_resolver::EventComparandResolver<wesp_lib::event::object_manager::ObHandleCreate>::process_argument_from_source<wesp_lib::event::object_manager::ObHandleCreate>	undefined process_argument_from_source<wesp_lib::event::object_manager::ObHandleCreate>(void)	false	false	false
180175960	263	wesp_lib::event::comparand_resolver::EventComparandResolver<wesp_lib::event::fs::file::KtmTransactionCommit>::process_argument_from_source<wesp_lib::event::fs::file::KtmTransactionCommit>	undefined process_argument_from_source<wesp_lib::event::fs::file::KtmTransactionCommit>(void)	false	false	false
180175a70	263	wesp_lib::event::comparand_resolver::EventComparandResolver<wesp_lib::event::registry::RegCreateKey>::process_argument_from_source<wesp_lib::event::registry::RegCreateKey>	undefined process_argument_from_source<wesp_lib::event::registry::RegCreateKey>(void)	false	false	false
180175b80	263	wesp_lib::event::comparand_resolver::EventComparandResolver<wesp_lib::event::registry::RegOpenKey>::process_argument_from_source<wesp_lib::event::registry::RegOpenKey>	undefined process_argument_from_source<wesp_lib::event::registry::RegOpenKey>(void)	false	false	false
180175c90	263	wesp_lib::event::comparand_resolver::EventComparandResolver<wesp_lib::event::registry::RegDeleteKey>::process_argument_from_source<wesp_lib::event::registry::RegDeleteKey>	undefined process_argument_from_source<wesp_lib::event::registry::RegDeleteKey>(void)	false	false	false
180175da0	263	wesp_lib::event::comparand_resolver::EventComparandResolver<wesp_lib::event::fs::file::FileCreateSection>::process_argument_from_source<wesp_lib::event::fs::file::FileCreateSection>	undefined process_argument_from_source<wesp_lib::event::fs::file::FileCreateSection>(void)	false	false	false
180175eb0	263	wesp_lib::event::comparand_resolver::EventComparandResolver<wesp_lib::event::registry::RegQueryValueKey>::process_argument_from_source<wesp_lib::event::registry::RegQueryValueKey>	undefined process_argument_from_source<wesp_lib::event::registry::RegQueryValueKey>(void)	false	false	false
180175fc0	263	wesp_lib::event::comparand_resolver::EventComparandResolver<wesp_lib::event::fs::file::FileUnlock>::process_argument_from_source<wesp_lib::event::fs::file::FileUnlock>	undefined process_argument_from_source<wesp_lib::event::fs::file::FileUnlock>(void)	false	false	false
1801760d0	263	wesp_lib::event::comparand_resolver::EventComparandResolver<wesp_lib::event::process::ProcessCreate>::process_argument_from_source<wesp_lib::event::process::ProcessCreate>	undefined process_argument_from_source<wesp_lib::event::process::ProcessCreate>(void)	false	false	false
1801761e0	263	wesp_lib::event::comparand_resolver::EventComparandResolver<wesp_lib::event::fs::file::FileLock>::process_argument_from_source<wesp_lib::event::fs::file::FileLock>	undefined process_argument_from_source<wesp_lib::event::fs::file::FileLock>(void)	false	false	false
1801762f0	263	wesp_lib::event::comparand_resolver::EventComparandResolver<wesp_lib::event::registry::RegRenameKey>::process_argument_from_source<wesp_lib::event::registry::RegRenameKey>	undefined process_argument_from_source<wesp_lib::event::registry::RegRenameKey>(void)	false	false	false
180176400	263	wesp_lib::event::comparand_resolver::EventComparandResolver<wesp_lib::event::fs::file::FileQueryOpen>::process_argument_from_source<wesp_lib::event::fs::file::FileQueryOpen>	undefined process_argument_from_source<wesp_lib::event::fs::file::FileQueryOpen>(void)	false	false	false
180176510	263	wesp_lib::event::comparand_resolver::EventComparandResolver<wesp_lib::event::fs::file::FileSetInformation>::process_argument_from_source<wesp_lib::event::fs::file::FileSetInformation>	undefined process_argument_from_source<wesp_lib::event::fs::file::FileSetInformation>(void)	false	false	false
180176620	263	wesp_lib::event::comparand_resolver::EventComparandResolver<wesp_lib::event::fs::file::FileRead>::process_argument_from_source<wesp_lib::event::fs::file::FileRead>	undefined process_argument_from_source<wesp_lib::event::fs::file::FileRead>(void)	false	false	false
180176730	263	wesp_lib::event::comparand_resolver::EventComparandResolver<wesp_lib::event::fs::file::FileCleanup>::process_argument_from_source<wesp_lib::event::fs::file::FileCleanup>	undefined process_argument_from_source<wesp_lib::event::fs::file::FileCleanup>(void)	false	false	false
180176840	263	wesp_lib::event::comparand_resolver::EventComparandResolver<wesp_lib::event::registry::save_restore::RegSaveKey>::process_argument_from_source<wesp_lib::event::registry::save_restore::RegSaveKey>	undefined process_argument_from_source<wesp_lib::event::registry::save_restore::RegSaveKey>(void)	false	false	false
180176950	263	wesp_lib::event::comparand_resolver::EventComparandResolver<wesp_lib::event::fs::volume::VolumeDismount>::process_argument_from_source<wesp_lib::event::fs::volume::VolumeDismount>	undefined process_argument_from_source<wesp_lib::event::fs::volume::VolumeDismount>(void)	false	false	false
180176a60	263	wesp_lib::event::comparand_resolver::EventComparandResolver<wesp_lib::event::registry::RegSetValueKey>::process_argument_from_source<wesp_lib::event::registry::RegSetValueKey>	undefined process_argument_from_source<wesp_lib::event::registry::RegSetValueKey>(void)	false	false	false
180176b70	263	wesp_lib::event::comparand_resolver::EventComparandResolver<wesp_lib::event::fs::file::FileQueryDirectoryInformation>::process_argument_from_source<wesp_lib::event::fs::file::FileQueryDirectoryInformation>	undefined process_argument_from_source<wesp_lib::event::fs::file::FileQueryDirectoryInformation>(void)	false	false	false
180176c80	263	wesp_lib::event::comparand_resolver::EventComparandResolver<wesp_lib::event::process::ProcessTerminate>::process_argument_from_source<wesp_lib::event::process::ProcessTerminate>	undefined process_argument_from_source<wesp_lib::event::process::ProcessTerminate>(void)	false	false	false
180176d90	263	wesp_lib::event::comparand_resolver::EventComparandResolver<wesp_lib::event::fs::file::FileCreate>::process_argument_from_source<wesp_lib::event::fs::file::FileCreate>	undefined process_argument_from_source<wesp_lib::event::fs::file::FileCreate>(void)	false	false	false
180176ea0	263	wesp_lib::event::comparand_resolver::EventComparandResolver<wesp_lib::event::object_manager::ObHandleDuplicate>::process_argument_from_source<wesp_lib::event::object_manager::ObHandleDuplicate>	undefined process_argument_from_source<wesp_lib::event::object_manager::ObHandleDuplicate>(void)	false	false	false
180176fb0	263	wesp_lib::event::comparand_resolver::EventComparandResolver<wesp_lib::event::fs::volume::VolumeFsctl>::process_argument_from_source<wesp_lib::event::fs::volume::VolumeFsctl>	undefined process_argument_from_source<wesp_lib::event::fs::volume::VolumeFsctl>(void)	false	false	false
1801770c0	263	wesp_lib::event::comparand_resolver::EventComparandResolver<wesp_lib::event::registry::RegEnumKey>::process_argument_from_source<wesp_lib::event::registry::RegEnumKey>	undefined process_argument_from_source<wesp_lib::event::registry::RegEnumKey>(void)	false	false	false
1801771d0	263	wesp_lib::event::comparand_resolver::EventComparandResolver<wesp_lib::event::process::ProcessLoadImage>::process_argument_from_source<wesp_lib::event::process::ProcessLoadImage>	undefined process_argument_from_source<wesp_lib::event::process::ProcessLoadImage>(void)	false	false	false
1801772e0	263	wesp_lib::event::comparand_resolver::EventComparandResolver<wesp_lib::event::fs::pipe::PipeCreate>::process_argument_from_source<wesp_lib::event::fs::pipe::PipeCreate>	undefined process_argument_from_source<wesp_lib::event::fs::pipe::PipeCreate>(void)	false	false	false
1801773f0	263	wesp_lib::event::comparand_resolver::EventComparandResolver<wesp_lib::event::thread::ThreadCreate>::process_argument_from_source<wesp_lib::event::thread::ThreadCreate>	undefined process_argument_from_source<wesp_lib::event::thread::ThreadCreate>(void)	false	false	false
180177500	263	wesp_lib::event::comparand_resolver::EventComparandResolver<wesp_lib::event::registry::RegSetKeySecurity>::process_argument_from_source<wesp_lib::event::registry::RegSetKeySecurity>	undefined process_argument_from_source<wesp_lib::event::registry::RegSetKeySecurity>(void)	false	false	false
180177610	58	wesp_lib::event::comparand_resolver::EventComparandResolver<wesp_lib::event::registry::RegSetKeySecurity>::resolve_binary_context_key_data<wesp_lib::event::registry::RegSetKeySecurity>	undefined resolve_binary_context_key_data<wesp_lib::event::registry::RegSetKeySecurity>(void)	false	false	false
180177960	58	wesp_lib::event::comparand_resolver::EventComparandResolver<wesp_lib::event::fs::volume::VolumeMount>::resolve_binary_context_key_data<wesp_lib::event::fs::volume::VolumeMount>	undefined resolve_binary_context_key_data<wesp_lib::event::fs::volume::VolumeMount>(void)	false	false	false
180177cb0	58	wesp_lib::event::comparand_resolver::EventComparandResolver<wesp_lib::event::fs::file::FileWrite>::resolve_binary_context_key_data<wesp_lib::event::fs::file::FileWrite>	undefined resolve_binary_context_key_data<wesp_lib::event::fs::file::FileWrite>(void)	false	false	false
180178000	58	wesp_lib::event::comparand_resolver::EventComparandResolver<wesp_lib::event::registry::RegOpenKey>::resolve_binary_context_key_data<wesp_lib::event::registry::RegOpenKey>	undefined resolve_binary_context_key_data<wesp_lib::event::registry::RegOpenKey>(void)	false	false	false
180178350	58	wesp_lib::event::comparand_resolver::EventComparandResolver<wesp_lib::event::fs::file::FileLock>::resolve_binary_context_key_data<wesp_lib::event::fs::file::FileLock>	undefined resolve_binary_context_key_data<wesp_lib::event::fs::file::FileLock>(void)	false	false	false
1801786a0	58	wesp_lib::event::comparand_resolver::EventComparandResolver<wesp_lib::event::fs::file::KtmTransactionCommit>::resolve_binary_context_key_data<wesp_lib::event::fs::file::KtmTransactionCommit>	undefined resolve_binary_context_key_data<wesp_lib::event::fs::file::KtmTransactionCommit>(void)	false	false	false
1801789f0	58	wesp_lib::event::comparand_resolver::EventComparandResolver<wesp_lib::event::fs::volume::VolumeFsctl>::resolve_binary_context_key_data<wesp_lib::event::fs::volume::VolumeFsctl>	undefined resolve_binary_context_key_data<wesp_lib::event::fs::volume::VolumeFsctl>(void)	false	false	false
180178d40	58	wesp_lib::event::comparand_resolver::EventComparandResolver<wesp_lib::event::fs::file::FileQueryDirectoryInformation>::resolve_binary_context_key_data<wesp_lib::event::fs::file::FileQueryDirectoryInformation>	undefined resolve_binary_context_key_data<wesp_lib::event::fs::file::FileQueryDirectoryInformation>(void)	false	false	false
180179090	58	wesp_lib::event::comparand_resolver::EventComparandResolver<wesp_lib::event::registry::RegSetValueKey>::resolve_binary_context_key_data<wesp_lib::event::registry::RegSetValueKey>	undefined resolve_binary_context_key_data<wesp_lib::event::registry::RegSetValueKey>(void)	false	false	false
1801793e0	58	wesp_lib::event::comparand_resolver::EventComparandResolver<wesp_lib::event::object_manager::ObHandleDuplicate>::resolve_binary_context_key_data<wesp_lib::event::object_manager::ObHandleDuplicate>	undefined resolve_binary_context_key_data<wesp_lib::event::object_manager::ObHandleDuplicate>(void)	false	false	false
180179730	58	wesp_lib::event::comparand_resolver::EventComparandResolver<wesp_lib::event::fs::file::KtmTransactionRollback>::resolve_binary_context_key_data<wesp_lib::event::fs::file::KtmTransactionRollback>	undefined resolve_binary_context_key_data<wesp_lib::event::fs::file::KtmTransactionRollback>(void)	false	false	false
180179a80	58	wesp_lib::event::comparand_resolver::EventComparandResolver<wesp_lib::event::fs::file::SetEa>::resolve_binary_context_key_data<wesp_lib::event::fs::file::SetEa>	undefined resolve_binary_context_key_data<wesp_lib::event::fs::file::SetEa>(void)	false	false	false
180179dd0	58	wesp_lib::event::comparand_resolver::EventComparandResolver<wesp_lib::event::thread::ThreadCreate>::resolve_binary_context_key_data<wesp_lib::event::thread::ThreadCreate>	undefined resolve_binary_context_key_data<wesp_lib::event::thread::ThreadCreate>(void)	false	false	false
18017a120	58	wesp_lib::event::comparand_resolver::EventComparandResolver<wesp_lib::event::object_manager::ObHandleCreate>::resolve_binary_context_key_data<wesp_lib::event::object_manager::ObHandleCreate>	undefined resolve_binary_context_key_data<wesp_lib::event::object_manager::ObHandleCreate>(void)	false	false	false
18017a470	58	wesp_lib::event::comparand_resolver::EventComparandResolver<wesp_lib::event::registry::RegReplaceKey>::resolve_binary_context_key_data<wesp_lib::event::registry::RegReplaceKey>	undefined resolve_binary_context_key_data<wesp_lib::event::registry::RegReplaceKey>(void)	false	false	false
18017a7c0	58	wesp_lib::event::comparand_resolver::EventComparandResolver<wesp_lib::event::registry::RegDeleteKey>::resolve_binary_context_key_data<wesp_lib::event::registry::RegDeleteKey>	undefined resolve_binary_context_key_data<wesp_lib::event::registry::RegDeleteKey>(void)	false	false	false
18017ab10	58	wesp_lib::event::comparand_resolver::EventComparandResolver<wesp_lib::event::fs::file::FileQueryOpen>::resolve_binary_context_key_data<wesp_lib::event::fs::file::FileQueryOpen>	undefined resolve_binary_context_key_data<wesp_lib::event::fs::file::FileQueryOpen>(void)	false	false	false
18017ae60	58	wesp_lib::event::comparand_resolver::EventComparandResolver<wesp_lib::event::fs::file::FileRead>::resolve_binary_context_key_data<wesp_lib::event::fs::file::FileRead>	undefined resolve_binary_context_key_data<wesp_lib::event::fs::file::FileRead>(void)	false	false	false
18017b1b0	58	wesp_lib::event::comparand_resolver::EventComparandResolver<wesp_lib::event::registry::RegEnumValueKey>::resolve_binary_context_key_data<wesp_lib::event::registry::RegEnumValueKey>	undefined resolve_binary_context_key_data<wesp_lib::event::registry::RegEnumValueKey>(void)	false	false	false
18017b500	58	wesp_lib::event::comparand_resolver::EventComparandResolver<wesp_lib::event::registry::RegQueryKey>::resolve_binary_context_key_data<wesp_lib::event::registry::RegQueryKey>	undefined resolve_binary_context_key_data<wesp_lib::event::registry::RegQueryKey>(void)	false	false	false
18017b850	58	wesp_lib::event::comparand_resolver::EventComparandResolver<wesp_lib::event::registry::RegRenameKey>::resolve_binary_context_key_data<wesp_lib::event::registry::RegRenameKey>	undefined resolve_binary_context_key_data<wesp_lib::event::registry::RegRenameKey>(void)	false	false	false
18017bba0	58	wesp_lib::event::comparand_resolver::EventComparandResolver<wesp_lib::event::fs::pipe::PipeCreate>::resolve_binary_context_key_data<wesp_lib::event::fs::pipe::PipeCreate>	undefined resolve_binary_context_key_data<wesp_lib::event::fs::pipe::PipeCreate>(void)	false	false	false
18017bef0	58	wesp_lib::event::comparand_resolver::EventComparandResolver<wesp_lib::event::registry::RegLoadKey>::resolve_binary_context_key_data<wesp_lib::event::registry::RegLoadKey>	undefined resolve_binary_context_key_data<wesp_lib::event::registry::RegLoadKey>(void)	false	false	false
18017c240	58	wesp_lib::event::comparand_resolver::EventComparandResolver<wesp_lib::event::process::ProcessTerminate>::resolve_binary_context_key_data<wesp_lib::event::process::ProcessTerminate>	undefined resolve_binary_context_key_data<wesp_lib::event::process::ProcessTerminate>(void)	false	false	false
18017c590	58	wesp_lib::event::comparand_resolver::EventComparandResolver<wesp_lib::event::registry::save_restore::RegRestoreKey>::resolve_binary_context_key_data<wesp_lib::event::registry::save_restore::RegRestoreKey>	undefined resolve_binary_context_key_data<wesp_lib::event::registry::save_restore::RegRestoreKey>(void)	false	false	false
18017c8e0	58	wesp_lib::event::comparand_resolver::EventComparandResolver<wesp_lib::event::registry::RegEnumKey>::resolve_binary_context_key_data<wesp_lib::event::registry::RegEnumKey>	undefined resolve_binary_context_key_data<wesp_lib::event::registry::RegEnumKey>(void)	false	false	false
18017cc30	58	wesp_lib::event::comparand_resolver::EventComparandResolver<wesp_lib::event::registry::save_restore::RegSaveKey>::resolve_binary_context_key_data<wesp_lib::event::registry::save_restore::RegSaveKey>	undefined resolve_binary_context_key_data<wesp_lib::event::registry::save_restore::RegSaveKey>(void)	false	false	false
18017cf80	58	wesp_lib::event::comparand_resolver::EventComparandResolver<wesp_lib::event::process::ProcessLoadImage>::resolve_binary_context_key_data<wesp_lib::event::process::ProcessLoadImage>	undefined resolve_binary_context_key_data<wesp_lib::event::process::ProcessLoadImage>(void)	false	false	false
18017d2d0	58	wesp_lib::event::comparand_resolver::EventComparandResolver<wesp_lib::event::registry::RegCreateKey>::resolve_binary_context_key_data<wesp_lib::event::registry::RegCreateKey>	undefined resolve_binary_context_key_data<wesp_lib::event::registry::RegCreateKey>(void)	false	false	false
18017d620	58	wesp_lib::event::comparand_resolver::EventComparandResolver<wesp_lib::event::fs::file::FileUnlock>::resolve_binary_context_key_data<wesp_lib::event::fs::file::FileUnlock>	undefined resolve_binary_context_key_data<wesp_lib::event::fs::file::FileUnlock>(void)	false	false	false
18017d970	58	wesp_lib::event::comparand_resolver::EventComparandResolver<wesp_lib::event::registry::RegDeleteValueKey>::resolve_binary_context_key_data<wesp_lib::event::registry::RegDeleteValueKey>	undefined resolve_binary_context_key_data<wesp_lib::event::registry::RegDeleteValueKey>(void)	false	false	false
18017dcc0	58	wesp_lib::event::comparand_resolver::EventComparandResolver<wesp_lib::event::fs::volume::VolumeDismount>::resolve_binary_context_key_data<wesp_lib::event::fs::volume::VolumeDismount>	undefined resolve_binary_context_key_data<wesp_lib::event::fs::volume::VolumeDismount>(void)	false	false	false
18017e010	58	wesp_lib::event::comparand_resolver::EventComparandResolver<wesp_lib::event::fs::file::FileOpen>::resolve_binary_context_key_data<wesp_lib::event::fs::file::FileOpen>	undefined resolve_binary_context_key_data<wesp_lib::event::fs::file::FileOpen>(void)	false	false	false
18017e360	58	wesp_lib::event::comparand_resolver::EventComparandResolver<wesp_lib::event::process::ProcessCreate>::resolve_binary_context_key_data<wesp_lib::event::process::ProcessCreate>	undefined resolve_binary_context_key_data<wesp_lib::event::process::ProcessCreate>(void)	false	false	false
18017e6b0	58	wesp_lib::event::comparand_resolver::EventComparandResolver<wesp_lib::event::fs::file::FileSetInformation>::resolve_binary_context_key_data<wesp_lib::event::fs::file::FileSetInformation>	undefined resolve_binary_context_key_data<wesp_lib::event::fs::file::FileSetInformation>(void)	false	false	false
18017ea00	58	wesp_lib::event::comparand_resolver::EventComparandResolver<wesp_lib::event::fs::file::FileCreate>::resolve_binary_context_key_data<wesp_lib::event::fs::file::FileCreate>	undefined resolve_binary_context_key_data<wesp_lib::event::fs::file::FileCreate>(void)	false	false	false
18017ed50	58	wesp_lib::event::comparand_resolver::EventComparandResolver<wesp_lib::event::registry::RegQueryValueKey>::resolve_binary_context_key_data<wesp_lib::event::registry::RegQueryValueKey>	undefined resolve_binary_context_key_data<wesp_lib::event::registry::RegQueryValueKey>(void)	false	false	false
18017f0a0	58	wesp_lib::event::comparand_resolver::EventComparandResolver<wesp_lib::event::fs::file::FileCleanup>::resolve_binary_context_key_data<wesp_lib::event::fs::file::FileCleanup>	undefined resolve_binary_context_key_data<wesp_lib::event::fs::file::FileCleanup>(void)	false	false	false
18017f3f0	58	wesp_lib::event::comparand_resolver::EventComparandResolver<wesp_lib::event::fs::file::FileCreateSection>::resolve_binary_context_key_data<wesp_lib::event::fs::file::FileCreateSection>	undefined resolve_binary_context_key_data<wesp_lib::event::fs::file::FileCreateSection>(void)	false	false	false
18017f740	58	wesp_lib::event::comparand_resolver::EventComparandResolver<wesp_lib::event::thread::ThreadStart>::resolve_binary_context_key_data<wesp_lib::event::thread::ThreadStart>	undefined resolve_binary_context_key_data<wesp_lib::event::thread::ThreadStart>(void)	false	false	false
18017fa90	58	wesp_lib::event::comparand_resolver::EventComparandResolver<wesp_lib::event::fs::mailslot::MailslotCreate>::resolve_binary_context_key_data<wesp_lib::event::fs::mailslot::MailslotCreate>	undefined resolve_binary_context_key_data<wesp_lib::event::fs::mailslot::MailslotCreate>(void)	false	false	false
18017fde0	58	wesp_lib::event::comparand_resolver::EventComparandResolver<wesp_lib::event::thread::ThreadTerminate>::resolve_binary_context_key_data<wesp_lib::event::thread::ThreadTerminate>	undefined resolve_binary_context_key_data<wesp_lib::event::thread::ThreadTerminate>(void)	false	false	false
180180130	58	wesp_lib::event::comparand_resolver::EventComparandResolver<wesp_lib::event::fs::file::FileFsctl>::resolve_binary_context_key_data<wesp_lib::event::fs::file::FileFsctl>	undefined resolve_binary_context_key_data<wesp_lib::event::fs::file::FileFsctl>(void)	false	false	false
180180480	58	wesp_lib::event::comparand_resolver::EventComparandResolver<wesp_lib::event::fs::file::FileQueryInformation>::resolve_binary_context_key_data<wesp_lib::event::fs::file::FileQueryInformation>	undefined resolve_binary_context_key_data<wesp_lib::event::fs::file::FileQueryInformation>(void)	false	false	false
1801807d0	58	wesp_lib::event::comparand_resolver::EventComparandResolver<wesp_lib::event::fs::file::FileSetSecurity>::resolve_binary_context_key_data<wesp_lib::event::fs::file::FileSetSecurity>	undefined resolve_binary_context_key_data<wesp_lib::event::fs::file::FileSetSecurity>(void)	false	false	false
180180b20	818	wesp_lib::event::comparand_resolver::EventComparandResolver<wesp_lib::event::process::ProcessLoadImage>::resolve_string_context_key_data<wesp_lib::event::process::ProcessLoadImage>	undefined resolve_string_context_key_data<wesp_lib::event::process::ProcessLoadImage>(void)	false	false	false
180181090	204	core::ptr::drop_in_place<enum2$<wesp_lib::filter::comparand::StringComparandSource>_>	undefined drop_in_place<enum2$<wesp_lib::filter::comparand::StringComparandSource>_>(void)	false	false	false
1801811d0	818	wesp_lib::event::comparand_resolver::EventComparandResolver<wesp_lib::event::fs::file::KtmTransactionRollback>::resolve_string_context_key_data<wesp_lib::event::fs::file::KtmTransactionRollback>	undefined resolve_string_context_key_data<wesp_lib::event::fs::file::KtmTransactionRollback>(void)	false	false	false
180181740	818	wesp_lib::event::comparand_resolver::EventComparandResolver<wesp_lib::event::registry::RegQueryValueKey>::resolve_string_context_key_data<wesp_lib::event::registry::RegQueryValueKey>	undefined resolve_string_context_key_data<wesp_lib::event::registry::RegQueryValueKey>(void)	false	false	false
180181cb0	818	wesp_lib::event::comparand_resolver::EventComparandResolver<wesp_lib::event::fs::file::SetEa>::resolve_string_context_key_data<wesp_lib::event::fs::file::SetEa>	undefined resolve_string_context_key_data<wesp_lib::event::fs::file::SetEa>(void)	false	false	false
180182220	818	wesp_lib::event::comparand_resolver::EventComparandResolver<wesp_lib::event::fs::file::FileWrite>::resolve_string_context_key_data<wesp_lib::event::fs::file::FileWrite>	undefined resolve_string_context_key_data<wesp_lib::event::fs::file::FileWrite>(void)	false	false	false
180182790	818	wesp_lib::event::comparand_resolver::EventComparandResolver<wesp_lib::event::registry::RegDeleteKey>::resolve_string_context_key_data<wesp_lib::event::registry::RegDeleteKey>	undefined resolve_string_context_key_data<wesp_lib::event::registry::RegDeleteKey>(void)	false	false	false
180182d00	818	wesp_lib::event::comparand_resolver::EventComparandResolver<wesp_lib::event::registry::RegSetKeySecurity>::resolve_string_context_key_data<wesp_lib::event::registry::RegSetKeySecurity>	undefined resolve_string_context_key_data<wesp_lib::event::registry::RegSetKeySecurity>(void)	false	false	false
180183270	818	wesp_lib::event::comparand_resolver::EventComparandResolver<wesp_lib::event::registry::save_restore::RegRestoreKey>::resolve_string_context_key_data<wesp_lib::event::registry::save_restore::RegRestoreKey>	undefined resolve_string_context_key_data<wesp_lib::event::registry::save_restore::RegRestoreKey>(void)	false	false	false
1801837e0	818	wesp_lib::event::comparand_resolver::EventComparandResolver<wesp_lib::event::fs::file::FileOpen>::resolve_string_context_key_data<wesp_lib::event::fs::file::FileOpen>	undefined resolve_string_context_key_data<wesp_lib::event::fs::file::FileOpen>(void)	false	false	false
180183d50	818	wesp_lib::event::comparand_resolver::EventComparandResolver<wesp_lib::event::fs::file::FileQueryInformation>::resolve_string_context_key_data<wesp_lib::event::fs::file::FileQueryInformation>	undefined resolve_string_context_key_data<wesp_lib::event::fs::file::FileQueryInformation>(void)	false	false	false
1801842c0	818	wesp_lib::event::comparand_resolver::EventComparandResolver<wesp_lib::event::registry::RegCreateKey>::resolve_string_context_key_data<wesp_lib::event::registry::RegCreateKey>	undefined resolve_string_context_key_data<wesp_lib::event::registry::RegCreateKey>(void)	false	false	false
180184830	818	wesp_lib::event::comparand_resolver::EventComparandResolver<wesp_lib::event::fs::file::FileFsctl>::resolve_string_context_key_data<wesp_lib::event::fs::file::FileFsctl>	undefined resolve_string_context_key_data<wesp_lib::event::fs::file::FileFsctl>(void)	false	false	false
180184da0	818	wesp_lib::event::comparand_resolver::EventComparandResolver<wesp_lib::event::registry::RegEnumValueKey>::resolve_string_context_key_data<wesp_lib::event::registry::RegEnumValueKey>	undefined resolve_string_context_key_data<wesp_lib::event::registry::RegEnumValueKey>(void)	false	false	false
180185310	818	wesp_lib::event::comparand_resolver::EventComparandResolver<wesp_lib::event::fs::volume::VolumeFsctl>::resolve_string_context_key_data<wesp_lib::event::fs::volume::VolumeFsctl>	undefined resolve_string_context_key_data<wesp_lib::event::fs::volume::VolumeFsctl>(void)	false	false	false
180185880	818	wesp_lib::event::comparand_resolver::EventComparandResolver<wesp_lib::event::fs::file::FileLock>::resolve_string_context_key_data<wesp_lib::event::fs::file::FileLock>	undefined resolve_string_context_key_data<wesp_lib::event::fs::file::FileLock>(void)	false	false	false
180185df0	818	wesp_lib::event::comparand_resolver::EventComparandResolver<wesp_lib::event::fs::file::FileSetSecurity>::resolve_string_context_key_data<wesp_lib::event::fs::file::FileSetSecurity>	undefined resolve_string_context_key_data<wesp_lib::event::fs::file::FileSetSecurity>(void)	false	false	false
180186360	818	wesp_lib::event::comparand_resolver::EventComparandResolver<wesp_lib::event::registry::RegReplaceKey>::resolve_string_context_key_data<wesp_lib::event::registry::RegReplaceKey>	undefined resolve_string_context_key_data<wesp_lib::event::registry::RegReplaceKey>(void)	false	false	false
1801868d0	818	wesp_lib::event::comparand_resolver::EventComparandResolver<wesp_lib::event::registry::RegQueryKey>::resolve_string_context_key_data<wesp_lib::event::registry::RegQueryKey>	undefined resolve_string_context_key_data<wesp_lib::event::registry::RegQueryKey>(void)	false	false	false
180186e40	818	wesp_lib::event::comparand_resolver::EventComparandResolver<wesp_lib::event::fs::file::FileCleanup>::resolve_string_context_key_data<wesp_lib::event::fs::file::FileCleanup>	undefined resolve_string_context_key_data<wesp_lib::event::fs::file::FileCleanup>(void)	false	false	false
1801873b0	818	wesp_lib::event::comparand_resolver::EventComparandResolver<wesp_lib::event::fs::volume::VolumeDismount>::resolve_string_context_key_data<wesp_lib::event::fs::volume::VolumeDismount>	undefined resolve_string_context_key_data<wesp_lib::event::fs::volume::VolumeDismount>(void)	false	false	false
180187920	818	wesp_lib::event::comparand_resolver::EventComparandResolver<wesp_lib::event::fs::file::FileCreateSection>::resolve_string_context_key_data<wesp_lib::event::fs::file::FileCreateSection>	undefined resolve_string_context_key_data<wesp_lib::event::fs::file::FileCreateSection>(void)	false	false	false
180187e90	818	wesp_lib::event::comparand_resolver::EventComparandResolver<wesp_lib::event::object_manager::ObHandleCreate>::resolve_string_context_key_data<wesp_lib::event::object_manager::ObHandleCreate>	undefined resolve_string_context_key_data<wesp_lib::event::object_manager::ObHandleCreate>(void)	false	false	false
180188400	818	wesp_lib::event::comparand_resolver::EventComparandResolver<wesp_lib::event::fs::file::KtmTransactionCommit>::resolve_string_context_key_data<wesp_lib::event::fs::file::KtmTransactionCommit>	undefined resolve_string_context_key_data<wesp_lib::event::fs::file::KtmTransactionCommit>(void)	false	false	false
180188970	818	wesp_lib::event::comparand_resolver::EventComparandResolver<wesp_lib::event::object_manager::ObHandleDuplicate>::resolve_string_context_key_data<wesp_lib::event::object_manager::ObHandleDuplicate>	undefined resolve_string_context_key_data<wesp_lib::event::object_manager::ObHandleDuplicate>(void)	false	false	false
180188ee0	818	wesp_lib::event::comparand_resolver::EventComparandResolver<wesp_lib::event::registry::RegSetValueKey>::resolve_string_context_key_data<wesp_lib::event::registry::RegSetValueKey>	undefined resolve_string_context_key_data<wesp_lib::event::registry::RegSetValueKey>(void)	false	false	false
180189450	818	wesp_lib::event::comparand_resolver::EventComparandResolver<wesp_lib::event::registry::RegOpenKey>::resolve_string_context_key_data<wesp_lib::event::registry::RegOpenKey>	undefined resolve_string_context_key_data<wesp_lib::event::registry::RegOpenKey>(void)	false	false	false
1801899c0	818	wesp_lib::event::comparand_resolver::EventComparandResolver<wesp_lib::event::fs::pipe::PipeCreate>::resolve_string_context_key_data<wesp_lib::event::fs::pipe::PipeCreate>	undefined resolve_string_context_key_data<wesp_lib::event::fs::pipe::PipeCreate>(void)	false	false	false
180189f30	818	wesp_lib::event::comparand_resolver::EventComparandResolver<wesp_lib::event::fs::file::FileUnlock>::resolve_string_context_key_data<wesp_lib::event::fs::file::FileUnlock>	undefined resolve_string_context_key_data<wesp_lib::event::fs::file::FileUnlock>(void)	false	false	false
18018a4a0	818	wesp_lib::event::comparand_resolver::EventComparandResolver<wesp_lib::event::fs::file::FileCreate>::resolve_string_context_key_data<wesp_lib::event::fs::file::FileCreate>	undefined resolve_string_context_key_data<wesp_lib::event::fs::file::FileCreate>(void)	false	false	false
18018aa10	818	wesp_lib::event::comparand_resolver::EventComparandResolver<wesp_lib::event::thread::ThreadStart>::resolve_string_context_key_data<wesp_lib::event::thread::ThreadStart>	undefined resolve_string_context_key_data<wesp_lib::event::thread::ThreadStart>(void)	false	false	false
18018af80	818	wesp_lib::event::comparand_resolver::EventComparandResolver<wesp_lib::event::fs::file::FileRead>::resolve_string_context_key_data<wesp_lib::event::fs::file::FileRead>	undefined resolve_string_context_key_data<wesp_lib::event::fs::file::FileRead>(void)	false	false	false
18018b4f0	818	wesp_lib::event::comparand_resolver::EventComparandResolver<wesp_lib::event::thread::ThreadTerminate>::resolve_string_context_key_data<wesp_lib::event::thread::ThreadTerminate>	undefined resolve_string_context_key_data<wesp_lib::event::thread::ThreadTerminate>(void)	false	false	false
18018ba60	818	wesp_lib::event::comparand_resolver::EventComparandResolver<wesp_lib::event::fs::file::FileSetInformation>::resolve_string_context_key_data<wesp_lib::event::fs::file::FileSetInformation>	undefined resolve_string_context_key_data<wesp_lib::event::fs::file::FileSetInformation>(void)	false	false	false
18018bfd0	818	wesp_lib::event::comparand_resolver::EventComparandResolver<wesp_lib::event::thread::ThreadCreate>::resolve_string_context_key_data<wesp_lib::event::thread::ThreadCreate>	undefined resolve_string_context_key_data<wesp_lib::event::thread::ThreadCreate>(void)	false	false	false
18018c540	818	wesp_lib::event::comparand_resolver::EventComparandResolver<wesp_lib::event::fs::volume::VolumeMount>::resolve_string_context_key_data<wesp_lib::event::fs::volume::VolumeMount>	undefined resolve_string_context_key_data<wesp_lib::event::fs::volume::VolumeMount>(void)	false	false	false
18018cab0	818	wesp_lib::event::comparand_resolver::EventComparandResolver<wesp_lib::event::registry::RegDeleteValueKey>::resolve_string_context_key_data<wesp_lib::event::registry::RegDeleteValueKey>	undefined resolve_string_context_key_data<wesp_lib::event::registry::RegDeleteValueKey>(void)	false	false	false
18018d020	818	wesp_lib::event::comparand_resolver::EventComparandResolver<wesp_lib::event::registry::save_restore::RegSaveKey>::resolve_string_context_key_data<wesp_lib::event::registry::save_restore::RegSaveKey>	undefined resolve_string_context_key_data<wesp_lib::event::registry::save_restore::RegSaveKey>(void)	false	false	false
18018d590	818	wesp_lib::event::comparand_resolver::EventComparandResolver<wesp_lib::event::registry::RegEnumKey>::resolve_string_context_key_data<wesp_lib::event::registry::RegEnumKey>	undefined resolve_string_context_key_data<wesp_lib::event::registry::RegEnumKey>(void)	false	false	false
18018db00	818	wesp_lib::event::comparand_resolver::EventComparandResolver<wesp_lib::event::process::ProcessCreate>::resolve_string_context_key_data<wesp_lib::event::process::ProcessCreate>	undefined resolve_string_context_key_data<wesp_lib::event::process::ProcessCreate>(void)	false	false	false
18018e070	818	wesp_lib::event::comparand_resolver::EventComparandResolver<wesp_lib::event::registry::RegLoadKey>::resolve_string_context_key_data<wesp_lib::event::registry::RegLoadKey>	undefined resolve_string_context_key_data<wesp_lib::event::registry::RegLoadKey>(void)	false	false	false
18018e5e0	818	wesp_lib::event::comparand_resolver::EventComparandResolver<wesp_lib::event::fs::file::FileQueryDirectoryInformation>::resolve_string_context_key_data<wesp_lib::event::fs::file::FileQueryDirectoryInformation>	undefined resolve_string_context_key_data<wesp_lib::event::fs::file::FileQueryDirectoryInformation>(void)	false	false	false
18018eb50	818	wesp_lib::event::comparand_resolver::EventComparandResolver<wesp_lib::event::fs::mailslot::MailslotCreate>::resolve_string_context_key_data<wesp_lib::event::fs::mailslot::MailslotCreate>	undefined resolve_string_context_key_data<wesp_lib::event::fs::mailslot::MailslotCreate>(void)	false	false	false
18018f0c0	818	wesp_lib::event::comparand_resolver::EventComparandResolver<wesp_lib::event::fs::file::FileQueryOpen>::resolve_string_context_key_data<wesp_lib::event::fs::file::FileQueryOpen>	undefined resolve_string_context_key_data<wesp_lib::event::fs::file::FileQueryOpen>(void)	false	false	false
18018f630	818	wesp_lib::event::comparand_resolver::EventComparandResolver<wesp_lib::event::process::ProcessTerminate>::resolve_string_context_key_data<wesp_lib::event::process::ProcessTerminate>	undefined resolve_string_context_key_data<wesp_lib::event::process::ProcessTerminate>(void)	false	false	false
18018fba0	818	wesp_lib::event::comparand_resolver::EventComparandResolver<wesp_lib::event::registry::RegRenameKey>::resolve_string_context_key_data<wesp_lib::event::registry::RegRenameKey>	undefined resolve_string_context_key_data<wesp_lib::event::registry::RegRenameKey>(void)	false	false	false
180190110	51	wesp_lib::event::comparand_resolver::EventComparandResolver<wesp_lib::event::fs::file::FileCleanup>::resolve_integer_context_key_data<wesp_lib::event::fs::file::FileCleanup>	undefined resolve_integer_context_key_data<wesp_lib::event::fs::file::FileCleanup>(void)	false	false	false
180190440	51	wesp_lib::event::comparand_resolver::EventComparandResolver<wesp_lib::event::process::ProcessCreate>::resolve_integer_context_key_data<wesp_lib::event::process::ProcessCreate>	undefined resolve_integer_context_key_data<wesp_lib::event::process::ProcessCreate>(void)	false	false	false
180190770	51	wesp_lib::event::comparand_resolver::EventComparandResolver<wesp_lib::event::registry::RegEnumKey>::resolve_integer_context_key_data<wesp_lib::event::registry::RegEnumKey>	undefined resolve_integer_context_key_data<wesp_lib::event::registry::RegEnumKey>(void)	false	false	false
180190aa0	51	wesp_lib::event::comparand_resolver::EventComparandResolver<wesp_lib::event::fs::file::FileCreateSection>::resolve_integer_context_key_data<wesp_lib::event::fs::file::FileCreateSection>	undefined resolve_integer_context_key_data<wesp_lib::event::fs::file::FileCreateSection>(void)	false	false	false
180190dd0	51	wesp_lib::event::comparand_resolver::EventComparandResolver<wesp_lib::event::fs::file::FileUnlock>::resolve_integer_context_key_data<wesp_lib::event::fs::file::FileUnlock>	undefined resolve_integer_context_key_data<wesp_lib::event::fs::file::FileUnlock>(void)	false	false	false
180191100	51	wesp_lib::event::comparand_resolver::EventComparandResolver<wesp_lib::event::registry::RegQueryKey>::resolve_integer_context_key_data<wesp_lib::event::registry::RegQueryKey>	undefined resolve_integer_context_key_data<wesp_lib::event::registry::RegQueryKey>(void)	false	false	false
180191430	51	wesp_lib::event::comparand_resolver::EventComparandResolver<wesp_lib::event::thread::ThreadCreate>::resolve_integer_context_key_data<wesp_lib::event::thread::ThreadCreate>	undefined resolve_integer_context_key_data<wesp_lib::event::thread::ThreadCreate>(void)	false	false	false
180191760	51	wesp_lib::event::comparand_resolver::EventComparandResolver<wesp_lib::event::registry::RegCreateKey>::resolve_integer_context_key_data<wesp_lib::event::registry::RegCreateKey>	undefined resolve_integer_context_key_data<wesp_lib::event::registry::RegCreateKey>(void)	false	false	false
180191a90	51	wesp_lib::event::comparand_resolver::EventComparandResolver<wesp_lib::event::fs::volume::VolumeDismount>::resolve_integer_context_key_data<wesp_lib::event::fs::volume::VolumeDismount>	undefined resolve_integer_context_key_data<wesp_lib::event::fs::volume::VolumeDismount>(void)	false	false	false
180191dc0	51	wesp_lib::event::comparand_resolver::EventComparandResolver<wesp_lib::event::fs::file::FileOpen>::resolve_integer_context_key_data<wesp_lib::event::fs::file::FileOpen>	undefined resolve_integer_context_key_data<wesp_lib::event::fs::file::FileOpen>(void)	false	false	false
1801920f0	51	wesp_lib::event::comparand_resolver::EventComparandResolver<wesp_lib::event::thread::ThreadTerminate>::resolve_integer_context_key_data<wesp_lib::event::thread::ThreadTerminate>	undefined resolve_integer_context_key_data<wesp_lib::event::thread::ThreadTerminate>(void)	false	false	false
180192420	51	wesp_lib::event::comparand_resolver::EventComparandResolver<wesp_lib::event::fs::file::FileRead>::resolve_integer_context_key_data<wesp_lib::event::fs::file::FileRead>	undefined resolve_integer_context_key_data<wesp_lib::event::fs::file::FileRead>(void)	false	false	false
180192750	51	wesp_lib::event::comparand_resolver::EventComparandResolver<wesp_lib::event::registry::save_restore::RegSaveKey>::resolve_integer_context_key_data<wesp_lib::event::registry::save_restore::RegSaveKey>	undefined resolve_integer_context_key_data<wesp_lib::event::registry::save_restore::RegSaveKey>(void)	false	false	false
180192a80	51	wesp_lib::event::comparand_resolver::EventComparandResolver<wesp_lib::event::fs::file::FileSetInformation>::resolve_integer_context_key_data<wesp_lib::event::fs::file::FileSetInformation>	undefined resolve_integer_context_key_data<wesp_lib::event::fs::file::FileSetInformation>(void)	false	false	false
180192db0	51	wesp_lib::event::comparand_resolver::EventComparandResolver<wesp_lib::event::fs::file::FileCreate>::resolve_integer_context_key_data<wesp_lib::event::fs::file::FileCreate>	undefined resolve_integer_context_key_data<wesp_lib::event::fs::file::FileCreate>(void)	false	false	false
1801930e0	51	wesp_lib::event::comparand_resolver::EventComparandResolver<wesp_lib::event::registry::RegSetValueKey>::resolve_integer_context_key_data<wesp_lib::event::registry::RegSetValueKey>	undefined resolve_integer_context_key_data<wesp_lib::event::registry::RegSetValueKey>(void)	false	false	false
180193410	51	wesp_lib::event::comparand_resolver::EventComparandResolver<wesp_lib::event::fs::file::FileQueryOpen>::resolve_integer_context_key_data<wesp_lib::event::fs::file::FileQueryOpen>	undefined resolve_integer_context_key_data<wesp_lib::event::fs::file::FileQueryOpen>(void)	false	false	false
180193740	51	wesp_lib::event::comparand_resolver::EventComparandResolver<wesp_lib::event::registry::RegOpenKey>::resolve_integer_context_key_data<wesp_lib::event::registry::RegOpenKey>	undefined resolve_integer_context_key_data<wesp_lib::event::registry::RegOpenKey>(void)	false	false	false
180193a70	51	wesp_lib::event::comparand_resolver::EventComparandResolver<wesp_lib::event::fs::pipe::PipeCreate>::resolve_integer_context_key_data<wesp_lib::event::fs::pipe::PipeCreate>	undefined resolve_integer_context_key_data<wesp_lib::event::fs::pipe::PipeCreate>(void)	false	false	false
180193da0	51	wesp_lib::event::comparand_resolver::EventComparandResolver<wesp_lib::event::fs::mailslot::MailslotCreate>::resolve_integer_context_key_data<wesp_lib::event::fs::mailslot::MailslotCreate>	undefined resolve_integer_context_key_data<wesp_lib::event::fs::mailslot::MailslotCreate>(void)	false	false	false
1801940d0	51	wesp_lib::event::comparand_resolver::EventComparandResolver<wesp_lib::event::thread::ThreadStart>::resolve_integer_context_key_data<wesp_lib::event::thread::ThreadStart>	undefined resolve_integer_context_key_data<wesp_lib::event::thread::ThreadStart>(void)	false	false	false
180194400	51	wesp_lib::event::comparand_resolver::EventComparandResolver<wesp_lib::event::fs::file::FileQueryDirectoryInformation>::resolve_integer_context_key_data<wesp_lib::event::fs::file::FileQueryDirectoryInformation>	undefined resolve_integer_context_key_data<wesp_lib::event::fs::file::FileQueryDirectoryInformation>(void)	false	false	false
180194730	51	wesp_lib::event::comparand_resolver::EventComparandResolver<wesp_lib::event::fs::volume::VolumeMount>::resolve_integer_context_key_data<wesp_lib::event::fs::volume::VolumeMount>	undefined resolve_integer_context_key_data<wesp_lib::event::fs::volume::VolumeMount>(void)	false	false	false
180194a60	51	wesp_lib::event::comparand_resolver::EventComparandResolver<wesp_lib::event::fs::file::SetEa>::resolve_integer_context_key_data<wesp_lib::event::fs::file::SetEa>	undefined resolve_integer_context_key_data<wesp_lib::event::fs::file::SetEa>(void)	false	false	false
180194d90	51	wesp_lib::event::comparand_resolver::EventComparandResolver<wesp_lib::event::registry::RegQueryValueKey>::resolve_integer_context_key_data<wesp_lib::event::registry::RegQueryValueKey>	undefined resolve_integer_context_key_data<wesp_lib::event::registry::RegQueryValueKey>(void)	false	false	false
1801950c0	51	wesp_lib::event::comparand_resolver::EventComparandResolver<wesp_lib::event::fs::file::FileLock>::resolve_integer_context_key_data<wesp_lib::event::fs::file::FileLock>	undefined resolve_integer_context_key_data<wesp_lib::event::fs::file::FileLock>(void)	false	false	false
1801953f0	51	wesp_lib::event::comparand_resolver::EventComparandResolver<wesp_lib::event::registry::RegSetKeySecurity>::resolve_integer_context_key_data<wesp_lib::event::registry::RegSetKeySecurity>	undefined resolve_integer_context_key_data<wesp_lib::event::registry::RegSetKeySecurity>(void)	false	false	false
180195720	51	wesp_lib::event::comparand_resolver::EventComparandResolver<wesp_lib::event::registry::RegDeleteKey>::resolve_integer_context_key_data<wesp_lib::event::registry::RegDeleteKey>	undefined resolve_integer_context_key_data<wesp_lib::event::registry::RegDeleteKey>(void)	false	false	false
180195a50	51	wesp_lib::event::comparand_resolver::EventComparandResolver<wesp_lib::event::object_manager::ObHandleDuplicate>::resolve_integer_context_key_data<wesp_lib::event::object_manager::ObHandleDuplicate>	undefined resolve_integer_context_key_data<wesp_lib::event::object_manager::ObHandleDuplicate>(void)	false	false	false
180195d80	51	wesp_lib::event::comparand_resolver::EventComparandResolver<wesp_lib::event::fs::file::FileFsctl>::resolve_integer_context_key_data<wesp_lib::event::fs::file::FileFsctl>	undefined resolve_integer_context_key_data<wesp_lib::event::fs::file::FileFsctl>(void)	false	false	false
1801960b0	51	wesp_lib::event::comparand_resolver::EventComparandResolver<wesp_lib::event::object_manager::ObHandleCreate>::resolve_integer_context_key_data<wesp_lib::event::object_manager::ObHandleCreate>	undefined resolve_integer_context_key_data<wesp_lib::event::object_manager::ObHandleCreate>(void)	false	false	false
1801963e0	51	wesp_lib::event::comparand_resolver::EventComparandResolver<wesp_lib::event::registry::RegReplaceKey>::resolve_integer_context_key_data<wesp_lib::event::registry::RegReplaceKey>	undefined resolve_integer_context_key_data<wesp_lib::event::registry::RegReplaceKey>(void)	false	false	false
180196710	51	wesp_lib::event::comparand_resolver::EventComparandResolver<wesp_lib::event::registry::RegEnumValueKey>::resolve_integer_context_key_data<wesp_lib::event::registry::RegEnumValueKey>	undefined resolve_integer_context_key_data<wesp_lib::event::registry::RegEnumValueKey>(void)	false	false	false
180196a40	51	wesp_lib::event::comparand_resolver::EventComparandResolver<wesp_lib::event::fs::file::KtmTransactionCommit>::resolve_integer_context_key_data<wesp_lib::event::fs::file::KtmTransactionCommit>	undefined resolve_integer_context_key_data<wesp_lib::event::fs::file::KtmTransactionCommit>(void)	false	false	false
180196d70	51	wesp_lib::event::comparand_resolver::EventComparandResolver<wesp_lib::event::registry::save_restore::RegRestoreKey>::resolve_integer_context_key_data<wesp_lib::event::registry::save_restore::RegRestoreKey>	undefined resolve_integer_context_key_data<wesp_lib::event::registry::save_restore::RegRestoreKey>(void)	false	false	false
1801970a0	51	wesp_lib::event::comparand_resolver::EventComparandResolver<wesp_lib::event::fs::file::FileQueryInformation>::resolve_integer_context_key_data<wesp_lib::event::fs::file::FileQueryInformation>	undefined resolve_integer_context_key_data<wesp_lib::event::fs::file::FileQueryInformation>(void)	false	false	false
1801973d0	51	wesp_lib::event::comparand_resolver::EventComparandResolver<wesp_lib::event::fs::file::FileSetSecurity>::resolve_integer_context_key_data<wesp_lib::event::fs::file::FileSetSecurity>	undefined resolve_integer_context_key_data<wesp_lib::event::fs::file::FileSetSecurity>(void)	false	false	false
180197700	51	wesp_lib::event::comparand_resolver::EventComparandResolver<wesp_lib::event::fs::volume::VolumeFsctl>::resolve_integer_context_key_data<wesp_lib::event::fs::volume::VolumeFsctl>	undefined resolve_integer_context_key_data<wesp_lib::event::fs::volume::VolumeFsctl>(void)	false	false	false
180197a30	51	wesp_lib::event::comparand_resolver::EventComparandResolver<wesp_lib::event::fs::file::KtmTransactionRollback>::resolve_integer_context_key_data<wesp_lib::event::fs::file::KtmTransactionRollback>	undefined resolve_integer_context_key_data<wesp_lib::event::fs::file::KtmTransactionRollback>(void)	false	false	false
180197d60	51	wesp_lib::event::comparand_resolver::EventComparandResolver<wesp_lib::event::process::ProcessTerminate>::resolve_integer_context_key_data<wesp_lib::event::process::ProcessTerminate>	undefined resolve_integer_context_key_data<wesp_lib::event::process::ProcessTerminate>(void)	false	false	false
180198090	51	wesp_lib::event::comparand_resolver::EventComparandResolver<wesp_lib::event::registry::RegLoadKey>::resolve_integer_context_key_data<wesp_lib::event::registry::RegLoadKey>	undefined resolve_integer_context_key_data<wesp_lib::event::registry::RegLoadKey>(void)	false	false	false
1801983c0	51	wesp_lib::event::comparand_resolver::EventComparandResolver<wesp_lib::event::registry::RegRenameKey>::resolve_integer_context_key_data<wesp_lib::event::registry::RegRenameKey>	undefined resolve_integer_context_key_data<wesp_lib::event::registry::RegRenameKey>(void)	false	false	false
1801986f0	51	wesp_lib::event::comparand_resolver::EventComparandResolver<wesp_lib::event::registry::RegDeleteValueKey>::resolve_integer_context_key_data<wesp_lib::event::registry::RegDeleteValueKey>	undefined resolve_integer_context_key_data<wesp_lib::event::registry::RegDeleteValueKey>(void)	false	false	false
180198a20	51	wesp_lib::event::comparand_resolver::EventComparandResolver<wesp_lib::event::process::ProcessLoadImage>::resolve_integer_context_key_data<wesp_lib::event::process::ProcessLoadImage>	undefined resolve_integer_context_key_data<wesp_lib::event::process::ProcessLoadImage>(void)	false	false	false
180198d50	51	wesp_lib::event::comparand_resolver::EventComparandResolver<wesp_lib::event::fs::file::FileWrite>::resolve_integer_context_key_data<wesp_lib::event::fs::file::FileWrite>	undefined resolve_integer_context_key_data<wesp_lib::event::fs::file::FileWrite>(void)	false	false	false
180199080	268	wesp_lib::event::Event<wesp_lib::event::fs::file::KtmTransactionRollback>::disk_argument_from_source<wesp_lib::event::fs::file::KtmTransactionRollback>	undefined disk_argument_from_source<wesp_lib::event::fs::file::KtmTransactionRollback>(void)	false	false	false
180199190	615	wesp_lib::event::Event<wesp_lib::event::fs::file::KtmTransactionRollback>::volume_argument_from_source<wesp_lib::event::fs::file::KtmTransactionRollback>	undefined volume_argument_from_source<wesp_lib::event::fs::file::KtmTransactionRollback>(void)	false	false	false
180199400	245	core::ptr::drop_in_place<enum2$<wesp_lib::event::field::EventFieldValue>_>	undefined drop_in_place<enum2$<wesp_lib::event::field::EventFieldValue>_>(void)	false	false	false
180199630	410	wesp_lib::event::Event<wesp_lib::event::fs::file::KtmTransactionRollback>::file_stream_argument_from_source<wesp_lib::event::fs::file::KtmTransactionRollback>	undefined file_stream_argument_from_source<wesp_lib::event::fs::file::KtmTransactionRollback>(void)	false	false	false
1801997d0	463	wesp_lib::event::Event<wesp_lib::event::fs::file::KtmTransactionRollback>::process_argument_from_source<wesp_lib::event::fs::file::KtmTransactionRollback>	undefined process_argument_from_source<wesp_lib::event::fs::file::KtmTransactionRollback>(void)	false	false	false
1801999a0	432	wesp_lib::event::Event<wesp_lib::event::fs::volume::VolumeMount>::disk_argument_from_source<wesp_lib::event::fs::volume::VolumeMount>	undefined disk_argument_from_source<wesp_lib::event::fs::volume::VolumeMount>(void)	false	false	false
180199c30	499	wesp_lib::event::Event<wesp_lib::event::fs::volume::VolumeMount>::volume_argument_from_source<wesp_lib::event::fs::volume::VolumeMount>	undefined volume_argument_from_source<wesp_lib::event::fs::volume::VolumeMount>(void)	false	false	false
180199f00	407	wesp_lib::event::Event<wesp_lib::event::fs::volume::VolumeMount>::file_argument_from_source<wesp_lib::event::fs::volume::VolumeMount>	undefined file_argument_from_source<wesp_lib::event::fs::volume::VolumeMount>(void)	false	false	false
18019a170	313	wesp_lib::event::Event<wesp_lib::event::fs::volume::VolumeMount>::file_object_argument_from_source<wesp_lib::event::fs::volume::VolumeMount>	undefined file_object_argument_from_source<wesp_lib::event::fs::volume::VolumeMount>(void)	false	false	false
18019a390	489	wesp_lib::event::Event<wesp_lib::event::fs::volume::VolumeMount>::file_stream_argument_from_source<wesp_lib::event::fs::volume::VolumeMount>	undefined file_stream_argument_from_source<wesp_lib::event::fs::volume::VolumeMount>(void)	false	false	false
18019a650	564	wesp_lib::event::Event<wesp_lib::event::fs::volume::VolumeMount>::process_argument_from_source<wesp_lib::event::fs::volume::VolumeMount>	undefined process_argument_from_source<wesp_lib::event::fs::volume::VolumeMount>(void)	false	false	false
18019a970	337	wesp_lib::event::Event<wesp_lib::event::fs::volume::VolumeMount>::thread_argument_from_source<wesp_lib::event::fs::volume::VolumeMount>	undefined thread_argument_from_source<wesp_lib::event::fs::volume::VolumeMount>(void)	false	false	false
18019aba0	253	wesp_lib::event::Event<wesp_lib::event::fs::file::FileCleanup>::disk_argument_from_source<wesp_lib::event::fs::file::FileCleanup>	undefined disk_argument_from_source<wesp_lib::event::fs::file::FileCleanup>(void)	false	false	false
18019add0	327	wesp_lib::event::Event<wesp_lib::event::fs::file::FileCleanup>::volume_argument_from_source<wesp_lib::event::fs::file::FileCleanup>	undefined volume_argument_from_source<wesp_lib::event::fs::file::FileCleanup>(void)	false	false	false
18019b040	243	wesp_lib::event::Event<wesp_lib::event::fs::file::FileCleanup>::file_argument_from_source<wesp_lib::event::fs::file::FileCleanup>	undefined file_argument_from_source<wesp_lib::event::fs::file::FileCleanup>(void)	false	false	false
18019b260	140	wesp_lib::event::Event<wesp_lib::event::fs::file::FileCleanup>::file_object_argument_from_source<wesp_lib::event::fs::file::FileCleanup>	undefined file_object_argument_from_source<wesp_lib::event::fs::file::FileCleanup>(void)	false	false	false
18019b440	337	wesp_lib::event::Event<wesp_lib::event::fs::file::FileCleanup>::file_stream_argument_from_source<wesp_lib::event::fs::file::FileCleanup>	undefined file_stream_argument_from_source<wesp_lib::event::fs::file::FileCleanup>(void)	false	false	false
18019b6c0	362	wesp_lib::event::Event<wesp_lib::event::fs::file::FileCleanup>::process_argument_from_source<wesp_lib::event::fs::file::FileCleanup>	undefined process_argument_from_source<wesp_lib::event::fs::file::FileCleanup>(void)	false	false	false
18019b990	161	wesp_lib::event::Event<wesp_lib::event::fs::file::FileCleanup>::thread_argument_from_source<wesp_lib::event::fs::file::FileCleanup>	undefined thread_argument_from_source<wesp_lib::event::fs::file::FileCleanup>(void)	false	false	false
18019bb80	290	wesp_lib::event::Event<wesp_lib::event::fs::file::FileWrite>::disk_argument_from_source<wesp_lib::event::fs::file::FileWrite>	undefined disk_argument_from_source<wesp_lib::event::fs::file::FileWrite>(void)	false	false	false
18019be30	345	wesp_lib::event::Event<wesp_lib::event::fs::file::FileWrite>::volume_argument_from_source<wesp_lib::event::fs::file::FileWrite>	undefined volume_argument_from_source<wesp_lib::event::fs::file::FileWrite>(void)	false	false	false
18019c120	265	wesp_lib::event::Event<wesp_lib::event::fs::file::FileWrite>::file_argument_from_source<wesp_lib::event::fs::file::FileWrite>	undefined file_argument_from_source<wesp_lib::event::fs::file::FileWrite>(void)	false	false	false
18019c3c0	163	wesp_lib::event::Event<wesp_lib::event::fs::file::FileWrite>::file_object_argument_from_source<wesp_lib::event::fs::file::FileWrite>	undefined file_object_argument_from_source<wesp_lib::event::fs::file::FileWrite>(void)	false	false	false
18019c610	355	wesp_lib::event::Event<wesp_lib::event::fs::file::FileWrite>::file_stream_argument_from_source<wesp_lib::event::fs::file::FileWrite>	undefined file_stream_argument_from_source<wesp_lib::event::fs::file::FileWrite>(void)	false	false	false
18019c900	380	wesp_lib::event::Event<wesp_lib::event::fs::file::FileWrite>::process_argument_from_source<wesp_lib::event::fs::file::FileWrite>	undefined process_argument_from_source<wesp_lib::event::fs::file::FileWrite>(void)	false	false	false
18019cc50	187	wesp_lib::event::Event<wesp_lib::event::fs::file::FileWrite>::thread_argument_from_source<wesp_lib::event::fs::file::FileWrite>	undefined thread_argument_from_source<wesp_lib::event::fs::file::FileWrite>(void)	false	false	false
18019ceb0	380	wesp_lib::event::Event<wesp_lib::event::fs::file::FileLock>::disk_argument_from_source<wesp_lib::event::fs::file::FileLock>	undefined disk_argument_from_source<wesp_lib::event::fs::file::FileLock>(void)	false	false	false
18019d0c0	429	wesp_lib::event::Event<wesp_lib::event::fs::file::FileLock>::volume_argument_from_source<wesp_lib::event::fs::file::FileLock>	undefined volume_argument_from_source<wesp_lib::event::fs::file::FileLock>(void)	false	false	false
18019d300	352	wesp_lib::event::Event<wesp_lib::event::fs::file::FileLock>::file_argument_from_source<wesp_lib::event::fs::file::FileLock>	undefined file_argument_from_source<wesp_lib::event::fs::file::FileLock>(void)	false	false	false
18019d510	223	wesp_lib::event::Event<wesp_lib::event::fs::file::FileLock>::file_object_argument_from_source<wesp_lib::event::fs::file::FileLock>	undefined file_object_argument_from_source<wesp_lib::event::fs::file::FileLock>(void)	false	false	false
18019d680	444	wesp_lib::event::Event<wesp_lib::event::fs::file::FileLock>::file_stream_argument_from_source<wesp_lib::event::fs::file::FileLock>	undefined file_stream_argument_from_source<wesp_lib::event::fs::file::FileLock>(void)	false	false	false
18019d8d0	470	wesp_lib::event::Event<wesp_lib::event::fs::file::FileLock>::process_argument_from_source<wesp_lib::event::fs::file::FileLock>	undefined process_argument_from_source<wesp_lib::event::fs::file::FileLock>(void)	false	false	false
18019db40	248	wesp_lib::event::Event<wesp_lib::event::fs::file::FileLock>::thread_argument_from_source<wesp_lib::event::fs::file::FileLock>	undefined thread_argument_from_source<wesp_lib::event::fs::file::FileLock>(void)	false	false	false
18019dcc0	399	wesp_lib::event::Event<wesp_lib::event::fs::file::FileRead>::disk_argument_from_source<wesp_lib::event::fs::file::FileRead>	undefined disk_argument_from_source<wesp_lib::event::fs::file::FileRead>(void)	false	false	false
18019df30	454	wesp_lib::event::Event<wesp_lib::event::fs::file::FileRead>::volume_argument_from_source<wesp_lib::event::fs::file::FileRead>	undefined volume_argument_from_source<wesp_lib::event::fs::file::FileRead>(void)	false	false	false
18019e1d0	374	wesp_lib::event::Event<wesp_lib::event::fs::file::FileRead>::file_argument_from_source<wesp_lib::event::fs::file::FileRead>	undefined file_argument_from_source<wesp_lib::event::fs::file::FileRead>(void)	false	false	false
18019e420	284	wesp_lib::event::Event<wesp_lib::event::fs::file::FileRead>::file_object_argument_from_source<wesp_lib::event::fs::file::FileRead>	undefined file_object_argument_from_source<wesp_lib::event::fs::file::FileRead>(void)	false	false	false
18019e620	464	wesp_lib::event::Event<wesp_lib::event::fs::file::FileRead>::file_stream_argument_from_source<wesp_lib::event::fs::file::FileRead>	undefined file_stream_argument_from_source<wesp_lib::event::fs::file::FileRead>(void)	false	false	false
18019e8d0	533	wesp_lib::event::Event<wesp_lib::event::fs::file::FileRead>::process_argument_from_source<wesp_lib::event::fs::file::FileRead>	undefined process_argument_from_source<wesp_lib::event::fs::file::FileRead>(void)	false	false	false
18019ebd0	308	wesp_lib::event::Event<wesp_lib::event::fs::file::FileRead>::thread_argument_from_source<wesp_lib::event::fs::file::FileRead>	undefined thread_argument_from_source<wesp_lib::event::fs::file::FileRead>(void)	false	false	false
18019edf0	380	wesp_lib::event::Event<wesp_lib::event::process::ProcessLoadImage>::disk_argument_from_source<wesp_lib::event::process::ProcessLoadImage>	undefined disk_argument_from_source<wesp_lib::event::process::ProcessLoadImage>(void)	false	false	false
18019f000	429	wesp_lib::event::Event<wesp_lib::event::process::ProcessLoadImage>::volume_argument_from_source<wesp_lib::event::process::ProcessLoadImage>	undefined volume_argument_from_source<wesp_lib::event::process::ProcessLoadImage>(void)	false	false	false
18019f240	352	wesp_lib::event::Event<wesp_lib::event::process::ProcessLoadImage>::file_argument_from_source<wesp_lib::event::process::ProcessLoadImage>	undefined file_argument_from_source<wesp_lib::event::process::ProcessLoadImage>(void)	false	false	false
18019f450	223	wesp_lib::event::Event<wesp_lib::event::process::ProcessLoadImage>::file_object_argument_from_source<wesp_lib::event::process::ProcessLoadImage>	undefined file_object_argument_from_source<wesp_lib::event::process::ProcessLoadImage>(void)	false	false	false
18019f5c0	444	wesp_lib::event::Event<wesp_lib::event::process::ProcessLoadImage>::file_stream_argument_from_source<wesp_lib::event::process::ProcessLoadImage>	undefined file_stream_argument_from_source<wesp_lib::event::process::ProcessLoadImage>(void)	false	false	false
18019f810	470	wesp_lib::event::Event<wesp_lib::event::process::ProcessLoadImage>::process_argument_from_source<wesp_lib::event::process::ProcessLoadImage>	undefined process_argument_from_source<wesp_lib::event::process::ProcessLoadImage>(void)	false	false	false
18019fa80	248	wesp_lib::event::Event<wesp_lib::event::process::ProcessLoadImage>::thread_argument_from_source<wesp_lib::event::process::ProcessLoadImage>	undefined thread_argument_from_source<wesp_lib::event::process::ProcessLoadImage>(void)	false	false	false
18019fc00	498	wesp_lib::event::Event<wesp_lib::event::registry::save_restore::RegSaveKey>::disk_argument_from_source<wesp_lib::event::registry::save_restore::RegSaveKey>	undefined disk_argument_from_source<wesp_lib::event::registry::save_restore::RegSaveKey>(void)	false	false	false
18019fe00	563	wesp_lib::event::Event<wesp_lib::event::registry::save_restore::RegSaveKey>::volume_argument_from_source<wesp_lib::event::registry::save_restore::RegSaveKey>	undefined volume_argument_from_source<wesp_lib::event::registry::save_restore::RegSaveKey>(void)	false	false	false
1801a0040	481	wesp_lib::event::Event<wesp_lib::event::registry::save_restore::RegSaveKey>::file_argument_from_source<wesp_lib::event::registry::save_restore::RegSaveKey>	undefined file_argument_from_source<wesp_lib::event::registry::save_restore::RegSaveKey>(void)	false	false	false
1801a0230	353	wesp_lib::event::Event<wesp_lib::event::registry::save_restore::RegSaveKey>::file_object_argument_from_source<wesp_lib::event::registry::save_restore::RegSaveKey>	undefined file_object_argument_from_source<wesp_lib::event::registry::save_restore::RegSaveKey>(void)	false	false	false
1801a03a0	569	wesp_lib::event::Event<wesp_lib::event::registry::save_restore::RegSaveKey>::file_stream_argument_from_source<wesp_lib::event::registry::save_restore::RegSaveKey>	undefined file_stream_argument_from_source<wesp_lib::event::registry::save_restore::RegSaveKey>(void)	false	false	false
1801a05e0	573	wesp_lib::event::Event<wesp_lib::event::registry::save_restore::RegSaveKey>::process_argument_from_source<wesp_lib::event::registry::save_restore::RegSaveKey>	undefined process_argument_from_source<wesp_lib::event::registry::save_restore::RegSaveKey>(void)	false	false	false
1801a0820	383	wesp_lib::event::Event<wesp_lib::event::registry::save_restore::RegSaveKey>::thread_argument_from_source<wesp_lib::event::registry::save_restore::RegSaveKey>	undefined thread_argument_from_source<wesp_lib::event::registry::save_restore::RegSaveKey>(void)	false	false	false
1801a09a0	642	wesp_lib::event::Event<wesp_lib::event::thread::ThreadStart>::volume_argument_from_source<wesp_lib::event::thread::ThreadStart>	undefined volume_argument_from_source<wesp_lib::event::thread::ThreadStart>(void)	false	false	false
1801a0c30	432	wesp_lib::event::Event<wesp_lib::event::thread::ThreadStart>::file_stream_argument_from_source<wesp_lib::event::thread::ThreadStart>	undefined file_stream_argument_from_source<wesp_lib::event::thread::ThreadStart>(void)	false	false	false
1801a0de0	436	wesp_lib::event::Event<wesp_lib::event::thread::ThreadStart>::process_argument_from_source<wesp_lib::event::thread::ThreadStart>	undefined process_argument_from_source<wesp_lib::event::thread::ThreadStart>(void)	false	false	false
1801a0fa0	258	wesp_lib::event::Event<wesp_lib::event::registry::RegCreateKey>::disk_argument_from_source<wesp_lib::event::registry::RegCreateKey>	undefined disk_argument_from_source<wesp_lib::event::registry::RegCreateKey>(void)	false	false	false
1801a11f0	321	wesp_lib::event::Event<wesp_lib::event::registry::RegCreateKey>::volume_argument_from_source<wesp_lib::event::registry::RegCreateKey>	undefined volume_argument_from_source<wesp_lib::event::registry::RegCreateKey>(void)	false	false	false
1801a1480	237	wesp_lib::event::Event<wesp_lib::event::registry::RegCreateKey>::file_argument_from_source<wesp_lib::event::registry::RegCreateKey>	undefined file_argument_from_source<wesp_lib::event::registry::RegCreateKey>(void)	false	false	false
1801a16c0	131	wesp_lib::event::Event<wesp_lib::event::registry::RegCreateKey>::file_object_argument_from_source<wesp_lib::event::registry::RegCreateKey>	undefined file_object_argument_from_source<wesp_lib::event::registry::RegCreateKey>(void)	false	false	false
1801a1890	331	wesp_lib::event::Event<wesp_lib::event::registry::RegCreateKey>::file_stream_argument_from_source<wesp_lib::event::registry::RegCreateKey>	undefined file_stream_argument_from_source<wesp_lib::event::registry::RegCreateKey>(void)	false	false	false
1801a1b30	353	wesp_lib::event::Event<wesp_lib::event::registry::RegCreateKey>::process_argument_from_source<wesp_lib::event::registry::RegCreateKey>	undefined process_argument_from_source<wesp_lib::event::registry::RegCreateKey>(void)	false	false	false
1801a1de0	155	wesp_lib::event::Event<wesp_lib::event::registry::RegCreateKey>::thread_argument_from_source<wesp_lib::event::registry::RegCreateKey>	undefined thread_argument_from_source<wesp_lib::event::registry::RegCreateKey>(void)	false	false	false
1801a1fd0	380	wesp_lib::event::Event<wesp_lib::event::fs::pipe::PipeCreate>::disk_argument_from_source<wesp_lib::event::fs::pipe::PipeCreate>	undefined disk_argument_from_source<wesp_lib::event::fs::pipe::PipeCreate>(void)	false	false	false
1801a21e0	429	wesp_lib::event::Event<wesp_lib::event::fs::pipe::PipeCreate>::volume_argument_from_source<wesp_lib::event::fs::pipe::PipeCreate>	undefined volume_argument_from_source<wesp_lib::event::fs::pipe::PipeCreate>(void)	false	false	false
1801a2420	352	wesp_lib::event::Event<wesp_lib::event::fs::pipe::PipeCreate>::file_argument_from_source<wesp_lib::event::fs::pipe::PipeCreate>	undefined file_argument_from_source<wesp_lib::event::fs::pipe::PipeCreate>(void)	false	false	false
1801a2630	223	wesp_lib::event::Event<wesp_lib::event::fs::pipe::PipeCreate>::file_object_argument_from_source<wesp_lib::event::fs::pipe::PipeCreate>	undefined file_object_argument_from_source<wesp_lib::event::fs::pipe::PipeCreate>(void)	false	false	false
1801a27a0	444	wesp_lib::event::Event<wesp_lib::event::fs::pipe::PipeCreate>::file_stream_argument_from_source<wesp_lib::event::fs::pipe::PipeCreate>	undefined file_stream_argument_from_source<wesp_lib::event::fs::pipe::PipeCreate>(void)	false	false	false
1801a29f0	470	wesp_lib::event::Event<wesp_lib::event::fs::pipe::PipeCreate>::process_argument_from_source<wesp_lib::event::fs::pipe::PipeCreate>	undefined process_argument_from_source<wesp_lib::event::fs::pipe::PipeCreate>(void)	false	false	false
1801a2c60	248	wesp_lib::event::Event<wesp_lib::event::fs::pipe::PipeCreate>::thread_argument_from_source<wesp_lib::event::fs::pipe::PipeCreate>	undefined thread_argument_from_source<wesp_lib::event::fs::pipe::PipeCreate>(void)	false	false	false
1801a2de0	384	wesp_lib::event::Event<wesp_lib::event::registry::RegDeleteValueKey>::disk_argument_from_source<wesp_lib::event::registry::RegDeleteValueKey>	undefined disk_argument_from_source<wesp_lib::event::registry::RegDeleteValueKey>(void)	false	false	false
1801a2ff0	441	wesp_lib::event::Event<wesp_lib::event::registry::RegDeleteValueKey>::volume_argument_from_source<wesp_lib::event::registry::RegDeleteValueKey>	undefined volume_argument_from_source<wesp_lib::event::registry::RegDeleteValueKey>(void)	false	false	false
1801a3240	356	wesp_lib::event::Event<wesp_lib::event::registry::RegDeleteValueKey>::file_argument_from_source<wesp_lib::event::registry::RegDeleteValueKey>	undefined file_argument_from_source<wesp_lib::event::registry::RegDeleteValueKey>(void)	false	false	false
1801a3450	227	wesp_lib::event::Event<wesp_lib::event::registry::RegDeleteValueKey>::file_object_argument_from_source<wesp_lib::event::registry::RegDeleteValueKey>	undefined file_object_argument_from_source<wesp_lib::event::registry::RegDeleteValueKey>(void)	false	false	false
1801a35c0	456	wesp_lib::event::Event<wesp_lib::event::registry::RegDeleteValueKey>::file_stream_argument_from_source<wesp_lib::event::registry::RegDeleteValueKey>	undefined file_stream_argument_from_source<wesp_lib::event::registry::RegDeleteValueKey>(void)	false	false	false
1801a3820	474	wesp_lib::event::Event<wesp_lib::event::registry::RegDeleteValueKey>::process_argument_from_source<wesp_lib::event::registry::RegDeleteValueKey>	undefined process_argument_from_source<wesp_lib::event::registry::RegDeleteValueKey>(void)	false	false	false
1801a3a90	252	wesp_lib::event::Event<wesp_lib::event::registry::RegDeleteValueKey>::thread_argument_from_source<wesp_lib::event::registry::RegDeleteValueKey>	undefined thread_argument_from_source<wesp_lib::event::registry::RegDeleteValueKey>(void)	false	false	false
1801a3c10	290	wesp_lib::event::Event<wesp_lib::event::fs::volume::VolumeFsctl>::disk_argument_from_source<wesp_lib::event::fs::volume::VolumeFsctl>	undefined disk_argument_from_source<wesp_lib::event::fs::volume::VolumeFsctl>(void)	false	false	false
1801a3ed0	345	wesp_lib::event::Event<wesp_lib::event::fs::volume::VolumeFsctl>::volume_argument_from_source<wesp_lib::event::fs::volume::VolumeFsctl>	undefined volume_argument_from_source<wesp_lib::event::fs::volume::VolumeFsctl>(void)	false	false	false
1801a41e0	265	wesp_lib::event::Event<wesp_lib::event::fs::volume::VolumeFsctl>::file_argument_from_source<wesp_lib::event::fs::volume::VolumeFsctl>	undefined file_argument_from_source<wesp_lib::event::fs::volume::VolumeFsctl>(void)	false	false	false
1801a4480	163	wesp_lib::event::Event<wesp_lib::event::fs::volume::VolumeFsctl>::file_object_argument_from_source<wesp_lib::event::fs::volume::VolumeFsctl>	undefined file_object_argument_from_source<wesp_lib::event::fs::volume::VolumeFsctl>(void)	false	false	false
1801a46d0	355	wesp_lib::event::Event<wesp_lib::event::fs::volume::VolumeFsctl>::file_stream_argument_from_source<wesp_lib::event::fs::volume::VolumeFsctl>	undefined file_stream_argument_from_source<wesp_lib::event::fs::volume::VolumeFsctl>(void)	false	false	false
1801a49d0	380	wesp_lib::event::Event<wesp_lib::event::fs::volume::VolumeFsctl>::process_argument_from_source<wesp_lib::event::fs::volume::VolumeFsctl>	undefined process_argument_from_source<wesp_lib::event::fs::volume::VolumeFsctl>(void)	false	false	false
1801a4d20	187	wesp_lib::event::Event<wesp_lib::event::fs::volume::VolumeFsctl>::thread_argument_from_source<wesp_lib::event::fs::volume::VolumeFsctl>	undefined thread_argument_from_source<wesp_lib::event::fs::volume::VolumeFsctl>(void)	false	false	false
1801a4f90	468	wesp_lib::event::Event<wesp_lib::event::fs::file::FileSetSecurity>::disk_argument_from_source<wesp_lib::event::fs::file::FileSetSecurity>	undefined disk_argument_from_source<wesp_lib::event::fs::file::FileSetSecurity>(void)	false	false	false
1801a5220	516	wesp_lib::event::Event<wesp_lib::event::fs::file::FileSetSecurity>::volume_argument_from_source<wesp_lib::event::fs::file::FileSetSecurity>	undefined volume_argument_from_source<wesp_lib::event::fs::file::FileSetSecurity>(void)	false	false	false
1801a54e0	435	wesp_lib::event::Event<wesp_lib::event::fs::file::FileSetSecurity>::file_argument_from_source<wesp_lib::event::fs::file::FileSetSecurity>	undefined file_argument_from_source<wesp_lib::event::fs::file::FileSetSecurity>(void)	false	false	false
1801a5750	342	wesp_lib::event::Event<wesp_lib::event::fs::file::FileSetSecurity>::file_object_argument_from_source<wesp_lib::event::fs::file::FileSetSecurity>	undefined file_object_argument_from_source<wesp_lib::event::fs::file::FileSetSecurity>(void)	false	false	false
1801a5980	526	wesp_lib::event::Event<wesp_lib::event::fs::file::FileSetSecurity>::file_stream_argument_from_source<wesp_lib::event::fs::file::FileSetSecurity>	undefined file_stream_argument_from_source<wesp_lib::event::fs::file::FileSetSecurity>(void)	false	false	false
1801a5c40	597	wesp_lib::event::Event<wesp_lib::event::fs::file::FileSetSecurity>::process_argument_from_source<wesp_lib::event::fs::file::FileSetSecurity>	undefined process_argument_from_source<wesp_lib::event::fs::file::FileSetSecurity>(void)	false	false	false
1801a5f70	366	wesp_lib::event::Event<wesp_lib::event::fs::file::FileSetSecurity>::thread_argument_from_source<wesp_lib::event::fs::file::FileSetSecurity>	undefined thread_argument_from_source<wesp_lib::event::fs::file::FileSetSecurity>(void)	false	false	false
1801a61b0	420	wesp_lib::event::Event<wesp_lib::event::registry::RegReplaceKey>::disk_argument_from_source<wesp_lib::event::registry::RegReplaceKey>	undefined disk_argument_from_source<wesp_lib::event::registry::RegReplaceKey>(void)	false	false	false
1801a6360	722	wesp_lib::event::Event<wesp_lib::event::registry::RegReplaceKey>::volume_argument_from_source<wesp_lib::event::registry::RegReplaceKey>	undefined volume_argument_from_source<wesp_lib::event::registry::RegReplaceKey>(void)	false	false	false
1801a6640	395	wesp_lib::event::Event<wesp_lib::event::registry::RegReplaceKey>::file_argument_from_source<wesp_lib::event::registry::RegReplaceKey>	undefined file_argument_from_source<wesp_lib::event::registry::RegReplaceKey>(void)	false	false	false
1801a67d0	733	wesp_lib::event::Event<wesp_lib::event::registry::RegReplaceKey>::file_stream_argument_from_source<wesp_lib::event::registry::RegReplaceKey>	undefined file_stream_argument_from_source<wesp_lib::event::registry::RegReplaceKey>(void)	false	false	false
1801a6ab0	793	wesp_lib::event::Event<wesp_lib::event::registry::RegReplaceKey>::process_argument_from_source<wesp_lib::event::registry::RegReplaceKey>	undefined process_argument_from_source<wesp_lib::event::registry::RegReplaceKey>(void)	false	false	false
1801a6dd0	380	wesp_lib::event::Event<wesp_lib::event::fs::mailslot::MailslotCreate>::disk_argument_from_source<wesp_lib::event::fs::mailslot::MailslotCreate>	undefined disk_argument_from_source<wesp_lib::event::fs::mailslot::MailslotCreate>(void)	false	false	false
1801a6fe0	429	wesp_lib::event::Event<wesp_lib::event::fs::mailslot::MailslotCreate>::volume_argument_from_source<wesp_lib::event::fs::mailslot::MailslotCreate>	undefined volume_argument_from_source<wesp_lib::event::fs::mailslot::MailslotCreate>(void)	false	false	false
1801a7220	352	wesp_lib::event::Event<wesp_lib::event::fs::mailslot::MailslotCreate>::file_argument_from_source<wesp_lib::event::fs::mailslot::MailslotCreate>	undefined file_argument_from_source<wesp_lib::event::fs::mailslot::MailslotCreate>(void)	false	false	false
1801a7430	223	wesp_lib::event::Event<wesp_lib::event::fs::mailslot::MailslotCreate>::file_object_argument_from_source<wesp_lib::event::fs::mailslot::MailslotCreate>	undefined file_object_argument_from_source<wesp_lib::event::fs::mailslot::MailslotCreate>(void)	false	false	false
1801a75a0	444	wesp_lib::event::Event<wesp_lib::event::fs::mailslot::MailslotCreate>::file_stream_argument_from_source<wesp_lib::event::fs::mailslot::MailslotCreate>	undefined file_stream_argument_from_source<wesp_lib::event::fs::mailslot::MailslotCreate>(void)	false	false	false
1801a77f0	470	wesp_lib::event::Event<wesp_lib::event::fs::mailslot::MailslotCreate>::process_argument_from_source<wesp_lib::event::fs::mailslot::MailslotCreate>	undefined process_argument_from_source<wesp_lib::event::fs::mailslot::MailslotCreate>(void)	false	false	false
1801a7a60	248	wesp_lib::event::Event<wesp_lib::event::fs::mailslot::MailslotCreate>::thread_argument_from_source<wesp_lib::event::fs::mailslot::MailslotCreate>	undefined thread_argument_from_source<wesp_lib::event::fs::mailslot::MailslotCreate>(void)	false	false	false
1801a7be0	380	wesp_lib::event::Event<wesp_lib::event::fs::file::FileUnlock>::disk_argument_from_source<wesp_lib::event::fs::file::FileUnlock>	undefined disk_argument_from_source<wesp_lib::event::fs::file::FileUnlock>(void)	false	false	false
1801a7df0	429	wesp_lib::event::Event<wesp_lib::event::fs::file::FileUnlock>::volume_argument_from_source<wesp_lib::event::fs::file::FileUnlock>	undefined volume_argument_from_source<wesp_lib::event::fs::file::FileUnlock>(void)	false	false	false
1801a8030	352	wesp_lib::event::Event<wesp_lib::event::fs::file::FileUnlock>::file_argument_from_source<wesp_lib::event::fs::file::FileUnlock>	undefined file_argument_from_source<wesp_lib::event::fs::file::FileUnlock>(void)	false	false	false
1801a8240	223	wesp_lib::event::Event<wesp_lib::event::fs::file::FileUnlock>::file_object_argument_from_source<wesp_lib::event::fs::file::FileUnlock>	undefined file_object_argument_from_source<wesp_lib::event::fs::file::FileUnlock>(void)	false	false	false
1801a83b0	444	wesp_lib::event::Event<wesp_lib::event::fs::file::FileUnlock>::file_stream_argument_from_source<wesp_lib::event::fs::file::FileUnlock>	undefined file_stream_argument_from_source<wesp_lib::event::fs::file::FileUnlock>(void)	false	false	false
1801a8600	470	wesp_lib::event::Event<wesp_lib::event::fs::file::FileUnlock>::process_argument_from_source<wesp_lib::event::fs::file::FileUnlock>	undefined process_argument_from_source<wesp_lib::event::fs::file::FileUnlock>(void)	false	false	false
1801a8870	248	wesp_lib::event::Event<wesp_lib::event::fs::file::FileUnlock>::thread_argument_from_source<wesp_lib::event::fs::file::FileUnlock>	undefined thread_argument_from_source<wesp_lib::event::fs::file::FileUnlock>(void)	false	false	false
1801a89f0	642	wesp_lib::event::Event<wesp_lib::event::thread::ThreadTerminate>::volume_argument_from_source<wesp_lib::event::thread::ThreadTerminate>	undefined volume_argument_from_source<wesp_lib::event::thread::ThreadTerminate>(void)	false	false	false
1801a8c80	432	wesp_lib::event::Event<wesp_lib::event::thread::ThreadTerminate>::file_stream_argument_from_source<wesp_lib::event::thread::ThreadTerminate>	undefined file_stream_argument_from_source<wesp_lib::event::thread::ThreadTerminate>(void)	false	false	false
1801a8e30	436	wesp_lib::event::Event<wesp_lib::event::thread::ThreadTerminate>::process_argument_from_source<wesp_lib::event::thread::ThreadTerminate>	undefined process_argument_from_source<wesp_lib::event::thread::ThreadTerminate>(void)	false	false	false
1801a8ff0	380	wesp_lib::event::Event<wesp_lib::event::fs::file::FileSetInformation>::disk_argument_from_source<wesp_lib::event::fs::file::FileSetInformation>	undefined disk_argument_from_source<wesp_lib::event::fs::file::FileSetInformation>(void)	false	false	false
1801a9200	429	wesp_lib::event::Event<wesp_lib::event::fs::file::FileSetInformation>::volume_argument_from_source<wesp_lib::event::fs::file::FileSetInformation>	undefined volume_argument_from_source<wesp_lib::event::fs::file::FileSetInformation>(void)	false	false	false
1801a9440	352	wesp_lib::event::Event<wesp_lib::event::fs::file::FileSetInformation>::file_argument_from_source<wesp_lib::event::fs::file::FileSetInformation>	undefined file_argument_from_source<wesp_lib::event::fs::file::FileSetInformation>(void)	false	false	false
1801a9650	223	wesp_lib::event::Event<wesp_lib::event::fs::file::FileSetInformation>::file_object_argument_from_source<wesp_lib::event::fs::file::FileSetInformation>	undefined file_object_argument_from_source<wesp_lib::event::fs::file::FileSetInformation>(void)	false	false	false
1801a97c0	444	wesp_lib::event::Event<wesp_lib::event::fs::file::FileSetInformation>::file_stream_argument_from_source<wesp_lib::event::fs::file::FileSetInformation>	undefined file_stream_argument_from_source<wesp_lib::event::fs::file::FileSetInformation>(void)	false	false	false
1801a9a10	470	wesp_lib::event::Event<wesp_lib::event::fs::file::FileSetInformation>::process_argument_from_source<wesp_lib::event::fs::file::FileSetInformation>	undefined process_argument_from_source<wesp_lib::event::fs::file::FileSetInformation>(void)	false	false	false
1801a9c80	248	wesp_lib::event::Event<wesp_lib::event::fs::file::FileSetInformation>::thread_argument_from_source<wesp_lib::event::fs::file::FileSetInformation>	undefined thread_argument_from_source<wesp_lib::event::fs::file::FileSetInformation>(void)	false	false	false
1801a9e00	255	wesp_lib::event::Event<wesp_lib::event::registry::RegOpenKey>::disk_argument_from_source<wesp_lib::event::registry::RegOpenKey>	undefined disk_argument_from_source<wesp_lib::event::registry::RegOpenKey>(void)	false	false	false
1801a9ff0	318	wesp_lib::event::Event<wesp_lib::event::registry::RegOpenKey>::volume_argument_from_source<wesp_lib::event::registry::RegOpenKey>	undefined volume_argument_from_source<wesp_lib::event::registry::RegOpenKey>(void)	false	false	false
1801aa220	234	wesp_lib::event::Event<wesp_lib::event::registry::RegOpenKey>::file_argument_from_source<wesp_lib::event::registry::RegOpenKey>	undefined file_argument_from_source<wesp_lib::event::registry::RegOpenKey>(void)	false	false	false
1801aa400	131	wesp_lib::event::Event<wesp_lib::event::registry::RegOpenKey>::file_object_argument_from_source<wesp_lib::event::registry::RegOpenKey>	undefined file_object_argument_from_source<wesp_lib::event::registry::RegOpenKey>(void)	false	false	false
1801aa570	328	wesp_lib::event::Event<wesp_lib::event::registry::RegOpenKey>::file_stream_argument_from_source<wesp_lib::event::registry::RegOpenKey>	undefined file_stream_argument_from_source<wesp_lib::event::registry::RegOpenKey>(void)	false	false	false
1801aa7b0	350	wesp_lib::event::Event<wesp_lib::event::registry::RegOpenKey>::process_argument_from_source<wesp_lib::event::registry::RegOpenKey>	undefined process_argument_from_source<wesp_lib::event::registry::RegOpenKey>(void)	false	false	false
1801aaa00	155	wesp_lib::event::Event<wesp_lib::event::registry::RegOpenKey>::thread_argument_from_source<wesp_lib::event::registry::RegOpenKey>	undefined thread_argument_from_source<wesp_lib::event::registry::RegOpenKey>(void)	false	false	false
1801aab90	642	wesp_lib::event::Event<wesp_lib::event::process::ProcessTerminate>::volume_argument_from_source<wesp_lib::event::process::ProcessTerminate>	undefined volume_argument_from_source<wesp_lib::event::process::ProcessTerminate>(void)	false	false	false
1801aae20	432	wesp_lib::event::Event<wesp_lib::event::process::ProcessTerminate>::file_stream_argument_from_source<wesp_lib::event::process::ProcessTerminate>	undefined file_stream_argument_from_source<wesp_lib::event::process::ProcessTerminate>(void)	false	false	false
1801aafd0	452	wesp_lib::event::Event<wesp_lib::event::process::ProcessTerminate>::process_argument_from_source<wesp_lib::event::process::ProcessTerminate>	undefined process_argument_from_source<wesp_lib::event::process::ProcessTerminate>(void)	false	false	false
1801ab1a0	380	wesp_lib::event::Event<wesp_lib::event::fs::file::SetEa>::disk_argument_from_source<wesp_lib::event::fs::file::SetEa>	undefined disk_argument_from_source<wesp_lib::event::fs::file::SetEa>(void)	false	false	false
1801ab3b0	429	wesp_lib::event::Event<wesp_lib::event::fs::file::SetEa>::volume_argument_from_source<wesp_lib::event::fs::file::SetEa>	undefined volume_argument_from_source<wesp_lib::event::fs::file::SetEa>(void)	false	false	false
1801ab5f0	352	wesp_lib::event::Event<wesp_lib::event::fs::file::SetEa>::file_argument_from_source<wesp_lib::event::fs::file::SetEa>	undefined file_argument_from_source<wesp_lib::event::fs::file::SetEa>(void)	false	false	false
1801ab800	223	wesp_lib::event::Event<wesp_lib::event::fs::file::SetEa>::file_object_argument_from_source<wesp_lib::event::fs::file::SetEa>	undefined file_object_argument_from_source<wesp_lib::event::fs::file::SetEa>(void)	false	false	false
1801ab970	444	wesp_lib::event::Event<wesp_lib::event::fs::file::SetEa>::file_stream_argument_from_source<wesp_lib::event::fs::file::SetEa>	undefined file_stream_argument_from_source<wesp_lib::event::fs::file::SetEa>(void)	false	false	false
1801abbc0	470	wesp_lib::event::Event<wesp_lib::event::fs::file::SetEa>::process_argument_from_source<wesp_lib::event::fs::file::SetEa>	undefined process_argument_from_source<wesp_lib::event::fs::file::SetEa>(void)	false	false	false
1801abe30	248	wesp_lib::event::Event<wesp_lib::event::fs::file::SetEa>::thread_argument_from_source<wesp_lib::event::fs::file::SetEa>	undefined thread_argument_from_source<wesp_lib::event::fs::file::SetEa>(void)	false	false	false
1801abfb0	642	wesp_lib::event::Event<wesp_lib::event::registry::RegDeleteKey>::volume_argument_from_source<wesp_lib::event::registry::RegDeleteKey>	undefined volume_argument_from_source<wesp_lib::event::registry::RegDeleteKey>(void)	false	false	false
1801ac240	432	wesp_lib::event::Event<wesp_lib::event::registry::RegDeleteKey>::file_stream_argument_from_source<wesp_lib::event::registry::RegDeleteKey>	undefined file_stream_argument_from_source<wesp_lib::event::registry::RegDeleteKey>(void)	false	false	false
1801ac3f0	485	wesp_lib::event::Event<wesp_lib::event::registry::RegDeleteKey>::process_argument_from_source<wesp_lib::event::registry::RegDeleteKey>	undefined process_argument_from_source<wesp_lib::event::registry::RegDeleteKey>(void)	false	false	false
1801ac5e0	268	wesp_lib::event::Event<wesp_lib::event::fs::file::KtmTransactionCommit>::disk_argument_from_source<wesp_lib::event::fs::file::KtmTransactionCommit>	undefined disk_argument_from_source<wesp_lib::event::fs::file::KtmTransactionCommit>(void)	false	false	false
1801ac6f0	615	wesp_lib::event::Event<wesp_lib::event::fs::file::KtmTransactionCommit>::volume_argument_from_source<wesp_lib::event::fs::file::KtmTransactionCommit>	undefined volume_argument_from_source<wesp_lib::event::fs::file::KtmTransactionCommit>(void)	false	false	false
1801ac960	410	wesp_lib::event::Event<wesp_lib::event::fs::file::KtmTransactionCommit>::file_stream_argument_from_source<wesp_lib::event::fs::file::KtmTransactionCommit>	undefined file_stream_argument_from_source<wesp_lib::event::fs::file::KtmTransactionCommit>(void)	false	false	false
1801acb00	463	wesp_lib::event::Event<wesp_lib::event::fs::file::KtmTransactionCommit>::process_argument_from_source<wesp_lib::event::fs::file::KtmTransactionCommit>	undefined process_argument_from_source<wesp_lib::event::fs::file::KtmTransactionCommit>(void)	false	false	false
1801accd0	367	wesp_lib::event::Event<wesp_lib::event::registry::RegEnumKey>::disk_argument_from_source<wesp_lib::event::registry::RegEnumKey>	undefined disk_argument_from_source<wesp_lib::event::registry::RegEnumKey>(void)	false	false	false
1801ace40	651	wesp_lib::event::Event<wesp_lib::event::registry::RegEnumKey>::volume_argument_from_source<wesp_lib::event::registry::RegEnumKey>	undefined volume_argument_from_source<wesp_lib::event::registry::RegEnumKey>(void)	false	false	false
1801ad0d0	350	wesp_lib::event::Event<wesp_lib::event::registry::RegEnumKey>::file_argument_from_source<wesp_lib::event::registry::RegEnumKey>	undefined file_argument_from_source<wesp_lib::event::registry::RegEnumKey>(void)	false	false	false
1801ad230	660	wesp_lib::event::Event<wesp_lib::event::registry::RegEnumKey>::file_stream_argument_from_source<wesp_lib::event::registry::RegEnumKey>	undefined file_stream_argument_from_source<wesp_lib::event::registry::RegEnumKey>(void)	false	false	false
1801ad4d0	696	wesp_lib::event::Event<wesp_lib::event::registry::RegEnumKey>::process_argument_from_source<wesp_lib::event::registry::RegEnumKey>	undefined process_argument_from_source<wesp_lib::event::registry::RegEnumKey>(void)	false	false	false
1801ad790	613	wesp_lib::event::Event<wesp_lib::event::fs::volume::VolumeDismount>::volume_argument_from_source<wesp_lib::event::fs::volume::VolumeDismount>	undefined volume_argument_from_source<wesp_lib::event::fs::volume::VolumeDismount>(void)	false	false	false
1801ada00	432	wesp_lib::event::Event<wesp_lib::event::fs::volume::VolumeDismount>::file_stream_argument_from_source<wesp_lib::event::fs::volume::VolumeDismount>	undefined file_stream_argument_from_source<wesp_lib::event::fs::volume::VolumeDismount>(void)	false	false	false
1801adbb0	485	wesp_lib::event::Event<wesp_lib::event::fs::volume::VolumeDismount>::process_argument_from_source<wesp_lib::event::fs::volume::VolumeDismount>	undefined process_argument_from_source<wesp_lib::event::fs::volume::VolumeDismount>(void)	false	false	false
1801adda0	290	wesp_lib::event::Event<wesp_lib::event::fs::file::FileCreateSection>::disk_argument_from_source<wesp_lib::event::fs::file::FileCreateSection>	undefined disk_argument_from_source<wesp_lib::event::fs::file::FileCreateSection>(void)	false	false	false
1801ae030	345	wesp_lib::event::Event<wesp_lib::event::fs::file::FileCreateSection>::volume_argument_from_source<wesp_lib::event::fs::file::FileCreateSection>	undefined volume_argument_from_source<wesp_lib::event::fs::file::FileCreateSection>(void)	false	false	false
1801ae2f0	261	wesp_lib::event::Event<wesp_lib::event::fs::file::FileCreateSection>::file_argument_from_source<wesp_lib::event::fs::file::FileCreateSection>	undefined file_argument_from_source<wesp_lib::event::fs::file::FileCreateSection>(void)	false	false	false
1801ae560	163	wesp_lib::event::Event<wesp_lib::event::fs::file::FileCreateSection>::file_object_argument_from_source<wesp_lib::event::fs::file::FileCreateSection>	undefined file_object_argument_from_source<wesp_lib::event::fs::file::FileCreateSection>(void)	false	false	false
1801ae790	355	wesp_lib::event::Event<wesp_lib::event::fs::file::FileCreateSection>::file_stream_argument_from_source<wesp_lib::event::fs::file::FileCreateSection>	undefined file_stream_argument_from_source<wesp_lib::event::fs::file::FileCreateSection>(void)	false	false	false
1801aea60	380	wesp_lib::event::Event<wesp_lib::event::fs::file::FileCreateSection>::process_argument_from_source<wesp_lib::event::fs::file::FileCreateSection>	undefined process_argument_from_source<wesp_lib::event::fs::file::FileCreateSection>(void)	false	false	false
1801aed80	187	wesp_lib::event::Event<wesp_lib::event::fs::file::FileCreateSection>::thread_argument_from_source<wesp_lib::event::fs::file::FileCreateSection>	undefined thread_argument_from_source<wesp_lib::event::fs::file::FileCreateSection>(void)	false	false	false
1801aefc0	318	wesp_lib::event::Event<wesp_lib::event::registry::RegSetKeySecurity>::disk_argument_from_source<wesp_lib::event::registry::RegSetKeySecurity>	undefined disk_argument_from_source<wesp_lib::event::registry::RegSetKeySecurity>(void)	false	false	false
1801af100	570	wesp_lib::event::Event<wesp_lib::event::registry::RegSetKeySecurity>::volume_argument_from_source<wesp_lib::event::registry::RegSetKeySecurity>	undefined volume_argument_from_source<wesp_lib::event::registry::RegSetKeySecurity>(void)	false	false	false
1801af340	304	wesp_lib::event::Event<wesp_lib::event::registry::RegSetKeySecurity>::file_argument_from_source<wesp_lib::event::registry::RegSetKeySecurity>	undefined file_argument_from_source<wesp_lib::event::registry::RegSetKeySecurity>(void)	false	false	false
1801af470	579	wesp_lib::event::Event<wesp_lib::event::registry::RegSetKeySecurity>::file_stream_argument_from_source<wesp_lib::event::registry::RegSetKeySecurity>	undefined file_stream_argument_from_source<wesp_lib::event::registry::RegSetKeySecurity>(void)	false	false	false
1801af6c0	621	wesp_lib::event::Event<wesp_lib::event::registry::RegSetKeySecurity>::process_argument_from_source<wesp_lib::event::registry::RegSetKeySecurity>	undefined process_argument_from_source<wesp_lib::event::registry::RegSetKeySecurity>(void)	false	false	false
1801af930	462	wesp_lib::event::Event<wesp_lib::event::fs::file::FileQueryDirectoryInformation>::disk_argument_from_source<wesp_lib::event::fs::file::FileQueryDirectoryInformation>	undefined disk_argument_from_source<wesp_lib::event::fs::file::FileQueryDirectoryInformation>(void)	false	false	false
1801afbe0	509	wesp_lib::event::Event<wesp_lib::event::fs::file::FileQueryDirectoryInformation>::volume_argument_from_source<wesp_lib::event::fs::file::FileQueryDirectoryInformation>	undefined volume_argument_from_source<wesp_lib::event::fs::file::FileQueryDirectoryInformation>(void)	false	false	false
1801afeb0	437	wesp_lib::event::Event<wesp_lib::event::fs::file::FileQueryDirectoryInformation>::file_argument_from_source<wesp_lib::event::fs::file::FileQueryDirectoryInformation>	undefined file_argument_from_source<wesp_lib::event::fs::file::FileQueryDirectoryInformation>(void)	false	false	false
1801b0140	332	wesp_lib::event::Event<wesp_lib::event::fs::file::FileQueryDirectoryInformation>::file_object_argument_from_source<wesp_lib::event::fs::file::FileQueryDirectoryInformation>	undefined file_object_argument_from_source<wesp_lib::event::fs::file::FileQueryDirectoryInformation>(void)	false	false	false
1801b0370	519	wesp_lib::event::Event<wesp_lib::event::fs::file::FileQueryDirectoryInformation>::file_stream_argument_from_source<wesp_lib::event::fs::file::FileQueryDirectoryInformation>	undefined file_stream_argument_from_source<wesp_lib::event::fs::file::FileQueryDirectoryInformation>(void)	false	false	false
1801b0650	596	wesp_lib::event::Event<wesp_lib::event::fs::file::FileQueryDirectoryInformation>::process_argument_from_source<wesp_lib::event::fs::file::FileQueryDirectoryInformation>	undefined process_argument_from_source<wesp_lib::event::fs::file::FileQueryDirectoryInformation>(void)	false	false	false
1801b0980	356	wesp_lib::event::Event<wesp_lib::event::fs::file::FileQueryDirectoryInformation>::thread_argument_from_source<wesp_lib::event::fs::file::FileQueryDirectoryInformation>	undefined thread_argument_from_source<wesp_lib::event::fs::file::FileQueryDirectoryInformation>(void)	false	false	false
1801b0bd0	338	wesp_lib::event::Event<wesp_lib::event::thread::ThreadCreate>::disk_argument_from_source<wesp_lib::event::thread::ThreadCreate>	undefined disk_argument_from_source<wesp_lib::event::thread::ThreadCreate>(void)	false	false	false
1801b0d30	557	wesp_lib::event::Event<wesp_lib::event::thread::ThreadCreate>::volume_argument_from_source<wesp_lib::event::thread::ThreadCreate>	undefined volume_argument_from_source<wesp_lib::event::thread::ThreadCreate>(void)	false	false	false
1801b0f60	320	wesp_lib::event::Event<wesp_lib::event::thread::ThreadCreate>::file_argument_from_source<wesp_lib::event::thread::ThreadCreate>	undefined file_argument_from_source<wesp_lib::event::thread::ThreadCreate>(void)	false	false	false
1801b10a0	565	wesp_lib::event::Event<wesp_lib::event::thread::ThreadCreate>::file_stream_argument_from_source<wesp_lib::event::thread::ThreadCreate>	undefined file_stream_argument_from_source<wesp_lib::event::thread::ThreadCreate>(void)	false	false	false
1801b12e0	426	wesp_lib::event::Event<wesp_lib::event::thread::ThreadCreate>::process_argument_from_source<wesp_lib::event::thread::ThreadCreate>	undefined process_argument_from_source<wesp_lib::event::thread::ThreadCreate>(void)	false	false	false
1801b1490	247	wesp_lib::event::Event<wesp_lib::event::thread::ThreadCreate>::thread_argument_from_source<wesp_lib::event::thread::ThreadCreate>	undefined thread_argument_from_source<wesp_lib::event::thread::ThreadCreate>(void)	false	false	false
1801b1590	348	wesp_lib::event::Event<wesp_lib::event::registry::RegQueryValueKey>::disk_argument_from_source<wesp_lib::event::registry::RegQueryValueKey>	undefined disk_argument_from_source<wesp_lib::event::registry::RegQueryValueKey>(void)	false	false	false
1801b16f0	614	wesp_lib::event::Event<wesp_lib::event::registry::RegQueryValueKey>::volume_argument_from_source<wesp_lib::event::registry::RegQueryValueKey>	undefined volume_argument_from_source<wesp_lib::event::registry::RegQueryValueKey>(void)	false	false	false
1801b1960	330	wesp_lib::event::Event<wesp_lib::event::registry::RegQueryValueKey>::file_argument_from_source<wesp_lib::event::registry::RegQueryValueKey>	undefined file_argument_from_source<wesp_lib::event::registry::RegQueryValueKey>(void)	false	false	false
1801b1ab0	632	wesp_lib::event::Event<wesp_lib::event::registry::RegQueryValueKey>::file_stream_argument_from_source<wesp_lib::event::registry::RegQueryValueKey>	undefined file_stream_argument_from_source<wesp_lib::event::registry::RegQueryValueKey>(void)	false	false	false
1801b1d30	670	wesp_lib::event::Event<wesp_lib::event::registry::RegQueryValueKey>::process_argument_from_source<wesp_lib::event::registry::RegQueryValueKey>	undefined process_argument_from_source<wesp_lib::event::registry::RegQueryValueKey>(void)	false	false	false
1801b1fd0	344	wesp_lib::event::Event<wesp_lib::event::registry::RegQueryKey>::disk_argument_from_source<wesp_lib::event::registry::RegQueryKey>	undefined disk_argument_from_source<wesp_lib::event::registry::RegQueryKey>(void)	false	false	false
1801b2130	580	wesp_lib::event::Event<wesp_lib::event::registry::RegQueryKey>::volume_argument_from_source<wesp_lib::event::registry::RegQueryKey>	undefined volume_argument_from_source<wesp_lib::event::registry::RegQueryKey>(void)	false	false	false
1801b2380	326	wesp_lib::event::Event<wesp_lib::event::registry::RegQueryKey>::file_argument_from_source<wesp_lib::event::registry::RegQueryKey>	undefined file_argument_from_source<wesp_lib::event::registry::RegQueryKey>(void)	false	false	false
1801b24d0	589	wesp_lib::event::Event<wesp_lib::event::registry::RegQueryKey>::file_stream_argument_from_source<wesp_lib::event::registry::RegQueryKey>	undefined file_stream_argument_from_source<wesp_lib::event::registry::RegQueryKey>(void)	false	false	false
1801b2720	641	wesp_lib::event::Event<wesp_lib::event::registry::RegQueryKey>::process_argument_from_source<wesp_lib::event::registry::RegQueryKey>	undefined process_argument_from_source<wesp_lib::event::registry::RegQueryKey>(void)	false	false	false
1801b29b0	425	wesp_lib::event::Event<wesp_lib::event::fs::file::FileQueryOpen>::disk_argument_from_source<wesp_lib::event::fs::file::FileQueryOpen>	undefined disk_argument_from_source<wesp_lib::event::fs::file::FileQueryOpen>(void)	false	false	false
1801b2c20	469	wesp_lib::event::Event<wesp_lib::event::fs::file::FileQueryOpen>::volume_argument_from_source<wesp_lib::event::fs::file::FileQueryOpen>	undefined volume_argument_from_source<wesp_lib::event::fs::file::FileQueryOpen>(void)	false	false	false
1801b2eb0	392	wesp_lib::event::Event<wesp_lib::event::fs::file::FileQueryOpen>::file_argument_from_source<wesp_lib::event::fs::file::FileQueryOpen>	undefined file_argument_from_source<wesp_lib::event::fs::file::FileQueryOpen>(void)	false	false	false
1801b3100	306	wesp_lib::event::Event<wesp_lib::event::fs::file::FileQueryOpen>::file_object_argument_from_source<wesp_lib::event::fs::file::FileQueryOpen>	undefined file_object_argument_from_source<wesp_lib::event::fs::file::FileQueryOpen>(void)	false	false	false
1801b3300	479	wesp_lib::event::Event<wesp_lib::event::fs::file::FileQueryOpen>::file_stream_argument_from_source<wesp_lib::event::fs::file::FileQueryOpen>	undefined file_stream_argument_from_source<wesp_lib::event::fs::file::FileQueryOpen>(void)	false	false	false
1801b35a0	554	wesp_lib::event::Event<wesp_lib::event::fs::file::FileQueryOpen>::process_argument_from_source<wesp_lib::event::fs::file::FileQueryOpen>	undefined process_argument_from_source<wesp_lib::event::fs::file::FileQueryOpen>(void)	false	false	false
1801b3890	330	wesp_lib::event::Event<wesp_lib::event::fs::file::FileQueryOpen>::thread_argument_from_source<wesp_lib::event::fs::file::FileQueryOpen>	undefined thread_argument_from_source<wesp_lib::event::fs::file::FileQueryOpen>(void)	false	false	false
1801b3aa0	290	wesp_lib::event::Event<wesp_lib::event::fs::file::FileFsctl>::disk_argument_from_source<wesp_lib::event::fs::file::FileFsctl>	undefined disk_argument_from_source<wesp_lib::event::fs::file::FileFsctl>(void)	false	false	false
1801b3d30	345	wesp_lib::event::Event<wesp_lib::event::fs::file::FileFsctl>::volume_argument_from_source<wesp_lib::event::fs::file::FileFsctl>	undefined volume_argument_from_source<wesp_lib::event::fs::file::FileFsctl>(void)	false	false	false
1801b3ff0	261	wesp_lib::event::Event<wesp_lib::event::fs::file::FileFsctl>::file_argument_from_source<wesp_lib::event::fs::file::FileFsctl>	undefined file_argument_from_source<wesp_lib::event::fs::file::FileFsctl>(void)	false	false	false
1801b4260	163	wesp_lib::event::Event<wesp_lib::event::fs::file::FileFsctl>::file_object_argument_from_source<wesp_lib::event::fs::file::FileFsctl>	undefined file_object_argument_from_source<wesp_lib::event::fs::file::FileFsctl>(void)	false	false	false
1801b4490	355	wesp_lib::event::Event<wesp_lib::event::fs::file::FileFsctl>::file_stream_argument_from_source<wesp_lib::event::fs::file::FileFsctl>	undefined file_stream_argument_from_source<wesp_lib::event::fs::file::FileFsctl>(void)	false	false	false
1801b4760	380	wesp_lib::event::Event<wesp_lib::event::fs::file::FileFsctl>::process_argument_from_source<wesp_lib::event::fs::file::FileFsctl>	undefined process_argument_from_source<wesp_lib::event::fs::file::FileFsctl>(void)	false	false	false
1801b4a90	187	wesp_lib::event::Event<wesp_lib::event::fs::file::FileFsctl>::thread_argument_from_source<wesp_lib::event::fs::file::FileFsctl>	undefined thread_argument_from_source<wesp_lib::event::fs::file::FileFsctl>(void)	false	false	false
1801b4ce0	378	wesp_lib::event::Event<wesp_lib::event::fs::file::FileQueryInformation>::disk_argument_from_source<wesp_lib::event::fs::file::FileQueryInformation>	undefined disk_argument_from_source<wesp_lib::event::fs::file::FileQueryInformation>(void)	false	false	false
1801b4f40	433	wesp_lib::event::Event<wesp_lib::event::fs::file::FileQueryInformation>::volume_argument_from_source<wesp_lib::event::fs::file::FileQueryInformation>	undefined volume_argument_from_source<wesp_lib::event::fs::file::FileQueryInformation>(void)	false	false	false
1801b51d0	360	wesp_lib::event::Event<wesp_lib::event::fs::file::FileQueryInformation>::file_argument_from_source<wesp_lib::event::fs::file::FileQueryInformation>	undefined file_argument_from_source<wesp_lib::event::fs::file::FileQueryInformation>(void)	false	false	false
1801b5420	266	wesp_lib::event::Event<wesp_lib::event::fs::file::FileQueryInformation>::file_object_argument_from_source<wesp_lib::event::fs::file::FileQueryInformation>	undefined file_object_argument_from_source<wesp_lib::event::fs::file::FileQueryInformation>(void)	false	false	false
1801b5610	443	wesp_lib::event::Event<wesp_lib::event::fs::file::FileQueryInformation>::file_stream_argument_from_source<wesp_lib::event::fs::file::FileQueryInformation>	undefined file_stream_argument_from_source<wesp_lib::event::fs::file::FileQueryInformation>(void)	false	false	false
1801b58b0	519	wesp_lib::event::Event<wesp_lib::event::fs::file::FileQueryInformation>::process_argument_from_source<wesp_lib::event::fs::file::FileQueryInformation>	undefined process_argument_from_source<wesp_lib::event::fs::file::FileQueryInformation>(void)	false	false	false
1801b5ba0	290	wesp_lib::event::Event<wesp_lib::event::fs::file::FileQueryInformation>::thread_argument_from_source<wesp_lib::event::fs::file::FileQueryInformation>	undefined thread_argument_from_source<wesp_lib::event::fs::file::FileQueryInformation>(void)	false	false	false
1801b5db0	380	wesp_lib::event::Event<wesp_lib::event::registry::RegSetValueKey>::disk_argument_from_source<wesp_lib::event::registry::RegSetValueKey>	undefined disk_argument_from_source<wesp_lib::event::registry::RegSetValueKey>(void)	false	false	false
1801b5fc0	429	wesp_lib::event::Event<wesp_lib::event::registry::RegSetValueKey>::volume_argument_from_source<wesp_lib::event::registry::RegSetValueKey>	undefined volume_argument_from_source<wesp_lib::event::registry::RegSetValueKey>(void)	false	false	false
1801b6200	352	wesp_lib::event::Event<wesp_lib::event::registry::RegSetValueKey>::file_argument_from_source<wesp_lib::event::registry::RegSetValueKey>	undefined file_argument_from_source<wesp_lib::event::registry::RegSetValueKey>(void)	false	false	false
1801b6410	223	wesp_lib::event::Event<wesp_lib::event::registry::RegSetValueKey>::file_object_argument_from_source<wesp_lib::event::registry::RegSetValueKey>	undefined file_object_argument_from_source<wesp_lib::event::registry::RegSetValueKey>(void)	false	false	false
1801b6580	444	wesp_lib::event::Event<wesp_lib::event::registry::RegSetValueKey>::file_stream_argument_from_source<wesp_lib::event::registry::RegSetValueKey>	undefined file_stream_argument_from_source<wesp_lib::event::registry::RegSetValueKey>(void)	false	false	false
1801b67d0	470	wesp_lib::event::Event<wesp_lib::event::registry::RegSetValueKey>::process_argument_from_source<wesp_lib::event::registry::RegSetValueKey>	undefined process_argument_from_source<wesp_lib::event::registry::RegSetValueKey>(void)	false	false	false
1801b6a40	248	wesp_lib::event::Event<wesp_lib::event::registry::RegSetValueKey>::thread_argument_from_source<wesp_lib::event::registry::RegSetValueKey>	undefined thread_argument_from_source<wesp_lib::event::registry::RegSetValueKey>(void)	false	false	false
1801b6bc0	380	wesp_lib::event::Event<wesp_lib::event::object_manager::ObHandleDuplicate>::disk_argument_from_source<wesp_lib::event::object_manager::ObHandleDuplicate>	undefined disk_argument_from_source<wesp_lib::event::object_manager::ObHandleDuplicate>(void)	false	false	false
1801b6dd0	429	wesp_lib::event::Event<wesp_lib::event::object_manager::ObHandleDuplicate>::volume_argument_from_source<wesp_lib::event::object_manager::ObHandleDuplicate>	undefined volume_argument_from_source<wesp_lib::event::object_manager::ObHandleDuplicate>(void)	false	false	false
1801b7010	352	wesp_lib::event::Event<wesp_lib::event::object_manager::ObHandleDuplicate>::file_argument_from_source<wesp_lib::event::object_manager::ObHandleDuplicate>	undefined file_argument_from_source<wesp_lib::event::object_manager::ObHandleDuplicate>(void)	false	false	false
1801b7220	223	wesp_lib::event::Event<wesp_lib::event::object_manager::ObHandleDuplicate>::file_object_argument_from_source<wesp_lib::event::object_manager::ObHandleDuplicate>	undefined file_object_argument_from_source<wesp_lib::event::object_manager::ObHandleDuplicate>(void)	false	false	false
1801b7390	444	wesp_lib::event::Event<wesp_lib::event::object_manager::ObHandleDuplicate>::file_stream_argument_from_source<wesp_lib::event::object_manager::ObHandleDuplicate>	undefined file_stream_argument_from_source<wesp_lib::event::object_manager::ObHandleDuplicate>(void)	false	false	false
1801b75e0	470	wesp_lib::event::Event<wesp_lib::event::object_manager::ObHandleDuplicate>::process_argument_from_source<wesp_lib::event::object_manager::ObHandleDuplicate>	undefined process_argument_from_source<wesp_lib::event::object_manager::ObHandleDuplicate>(void)	false	false	false
1801b7850	248	wesp_lib::event::Event<wesp_lib::event::object_manager::ObHandleDuplicate>::thread_argument_from_source<wesp_lib::event::object_manager::ObHandleDuplicate>	undefined thread_argument_from_source<wesp_lib::event::object_manager::ObHandleDuplicate>(void)	false	false	false
1801b79d0	367	wesp_lib::event::Event<wesp_lib::event::registry::RegEnumValueKey>::disk_argument_from_source<wesp_lib::event::registry::RegEnumValueKey>	undefined disk_argument_from_source<wesp_lib::event::registry::RegEnumValueKey>(void)	false	false	false
1801b7b40	651	wesp_lib::event::Event<wesp_lib::event::registry::RegEnumValueKey>::volume_argument_from_source<wesp_lib::event::registry::RegEnumValueKey>	undefined volume_argument_from_source<wesp_lib::event::registry::RegEnumValueKey>(void)	false	false	false
1801b7dd0	350	wesp_lib::event::Event<wesp_lib::event::registry::RegEnumValueKey>::file_argument_from_source<wesp_lib::event::registry::RegEnumValueKey>	undefined file_argument_from_source<wesp_lib::event::registry::RegEnumValueKey>(void)	false	false	false
1801b7f30	660	wesp_lib::event::Event<wesp_lib::event::registry::RegEnumValueKey>::file_stream_argument_from_source<wesp_lib::event::registry::RegEnumValueKey>	undefined file_stream_argument_from_source<wesp_lib::event::registry::RegEnumValueKey>(void)	false	false	false
1801b81d0	696	wesp_lib::event::Event<wesp_lib::event::registry::RegEnumValueKey>::process_argument_from_source<wesp_lib::event::registry::RegEnumValueKey>	undefined process_argument_from_source<wesp_lib::event::registry::RegEnumValueKey>(void)	false	false	false
1801b8490	310	wesp_lib::event::Event<wesp_lib::event::registry::RegRenameKey>::disk_argument_from_source<wesp_lib::event::registry::RegRenameKey>	undefined disk_argument_from_source<wesp_lib::event::registry::RegRenameKey>(void)	false	false	false
1801b85d0	770	wesp_lib::event::Event<wesp_lib::event::registry::RegRenameKey>::volume_argument_from_source<wesp_lib::event::registry::RegRenameKey>	undefined volume_argument_from_source<wesp_lib::event::registry::RegRenameKey>(void)	false	false	false
1801b88e0	506	wesp_lib::event::Event<wesp_lib::event::registry::RegRenameKey>::file_stream_argument_from_source<wesp_lib::event::registry::RegRenameKey>	undefined file_stream_argument_from_source<wesp_lib::event::registry::RegRenameKey>(void)	false	false	false
1801b8ae0	544	wesp_lib::event::Event<wesp_lib::event::registry::RegRenameKey>::process_argument_from_source<wesp_lib::event::registry::RegRenameKey>	undefined process_argument_from_source<wesp_lib::event::registry::RegRenameKey>(void)	false	false	false
1801b8d00	498	wesp_lib::event::Event<wesp_lib::event::registry::save_restore::RegRestoreKey>::disk_argument_from_source<wesp_lib::event::registry::save_restore::RegRestoreKey>	undefined disk_argument_from_source<wesp_lib::event::registry::save_restore::RegRestoreKey>(void)	false	false	false
1801b8f00	563	wesp_lib::event::Event<wesp_lib::event::registry::save_restore::RegRestoreKey>::volume_argument_from_source<wesp_lib::event::registry::save_restore::RegRestoreKey>	undefined volume_argument_from_source<wesp_lib::event::registry::save_restore::RegRestoreKey>(void)	false	false	false
1801b9140	481	wesp_lib::event::Event<wesp_lib::event::registry::save_restore::RegRestoreKey>::file_argument_from_source<wesp_lib::event::registry::save_restore::RegRestoreKey>	undefined file_argument_from_source<wesp_lib::event::registry::save_restore::RegRestoreKey>(void)	false	false	false
1801b9330	353	wesp_lib::event::Event<wesp_lib::event::registry::save_restore::RegRestoreKey>::file_object_argument_from_source<wesp_lib::event::registry::save_restore::RegRestoreKey>	undefined file_object_argument_from_source<wesp_lib::event::registry::save_restore::RegRestoreKey>(void)	false	false	false
1801b94a0	569	wesp_lib::event::Event<wesp_lib::event::registry::save_restore::RegRestoreKey>::file_stream_argument_from_source<wesp_lib::event::registry::save_restore::RegRestoreKey>	undefined file_stream_argument_from_source<wesp_lib::event::registry::save_restore::RegRestoreKey>(void)	false	false	false
1801b96e0	573	wesp_lib::event::Event<wesp_lib::event::registry::save_restore::RegRestoreKey>::process_argument_from_source<wesp_lib::event::registry::save_restore::RegRestoreKey>	undefined process_argument_from_source<wesp_lib::event::registry::save_restore::RegRestoreKey>(void)	false	false	false
1801b9920	383	wesp_lib::event::Event<wesp_lib::event::registry::save_restore::RegRestoreKey>::thread_argument_from_source<wesp_lib::event::registry::save_restore::RegRestoreKey>	undefined thread_argument_from_source<wesp_lib::event::registry::save_restore::RegRestoreKey>(void)	false	false	false
1801b9aa0	281	wesp_lib::event::Event<wesp_lib::event::registry::RegLoadKey>::disk_argument_from_source<wesp_lib::event::registry::RegLoadKey>	undefined disk_argument_from_source<wesp_lib::event::registry::RegLoadKey>(void)	false	false	false
1801b9d10	347	wesp_lib::event::Event<wesp_lib::event::registry::RegLoadKey>::volume_argument_from_source<wesp_lib::event::registry::RegLoadKey>	undefined volume_argument_from_source<wesp_lib::event::registry::RegLoadKey>(void)	false	false	false
1801b9fc0	263	wesp_lib::event::Event<wesp_lib::event::registry::RegLoadKey>::file_argument_from_source<wesp_lib::event::registry::RegLoadKey>	undefined file_argument_from_source<wesp_lib::event::registry::RegLoadKey>(void)	false	false	false
1801ba220	142	wesp_lib::event::Event<wesp_lib::event::registry::RegLoadKey>::file_object_argument_from_source<wesp_lib::event::registry::RegLoadKey>	undefined file_object_argument_from_source<wesp_lib::event::registry::RegLoadKey>(void)	false	false	false
1801ba410	350	wesp_lib::event::Event<wesp_lib::event::registry::RegLoadKey>::file_stream_argument_from_source<wesp_lib::event::registry::RegLoadKey>	undefined file_stream_argument_from_source<wesp_lib::event::registry::RegLoadKey>(void)	false	false	false
1801ba6c0	360	wesp_lib::event::Event<wesp_lib::event::registry::RegLoadKey>::process_argument_from_source<wesp_lib::event::registry::RegLoadKey>	undefined process_argument_from_source<wesp_lib::event::registry::RegLoadKey>(void)	false	false	false
1801ba980	178	wesp_lib::event::Event<wesp_lib::event::registry::RegLoadKey>::thread_argument_from_source<wesp_lib::event::registry::RegLoadKey>	undefined thread_argument_from_source<wesp_lib::event::registry::RegLoadKey>(void)	false	false	false
1801baba0	380	wesp_lib::event::Event<wesp_lib::event::object_manager::ObHandleCreate>::disk_argument_from_source<wesp_lib::event::object_manager::ObHandleCreate>	undefined disk_argument_from_source<wesp_lib::event::object_manager::ObHandleCreate>(void)	false	false	false
1801badb0	429	wesp_lib::event::Event<wesp_lib::event::object_manager::ObHandleCreate>::volume_argument_from_source<wesp_lib::event::object_manager::ObHandleCreate>	undefined volume_argument_from_source<wesp_lib::event::object_manager::ObHandleCreate>(void)	false	false	false
1801baff0	352	wesp_lib::event::Event<wesp_lib::event::object_manager::ObHandleCreate>::file_argument_from_source<wesp_lib::event::object_manager::ObHandleCreate>	undefined file_argument_from_source<wesp_lib::event::object_manager::ObHandleCreate>(void)	false	false	false
1801bb200	223	wesp_lib::event::Event<wesp_lib::event::object_manager::ObHandleCreate>::file_object_argument_from_source<wesp_lib::event::object_manager::ObHandleCreate>	undefined file_object_argument_from_source<wesp_lib::event::object_manager::ObHandleCreate>(void)	false	false	false
1801bb370	444	wesp_lib::event::Event<wesp_lib::event::object_manager::ObHandleCreate>::file_stream_argument_from_source<wesp_lib::event::object_manager::ObHandleCreate>	undefined file_stream_argument_from_source<wesp_lib::event::object_manager::ObHandleCreate>(void)	false	false	false
1801bb5c0	470	wesp_lib::event::Event<wesp_lib::event::object_manager::ObHandleCreate>::process_argument_from_source<wesp_lib::event::object_manager::ObHandleCreate>	undefined process_argument_from_source<wesp_lib::event::object_manager::ObHandleCreate>(void)	false	false	false
1801bb830	248	wesp_lib::event::Event<wesp_lib::event::object_manager::ObHandleCreate>::thread_argument_from_source<wesp_lib::event::object_manager::ObHandleCreate>	undefined thread_argument_from_source<wesp_lib::event::object_manager::ObHandleCreate>(void)	false	false	false
1801bb9b0	380	wesp_lib::event::Event<wesp_lib::event::fs::file::FileOpen>::disk_argument_from_source<wesp_lib::event::fs::file::FileOpen>	undefined disk_argument_from_source<wesp_lib::event::fs::file::FileOpen>(void)	false	false	false
1801bbbc0	429	wesp_lib::event::Event<wesp_lib::event::fs::file::FileOpen>::volume_argument_from_source<wesp_lib::event::fs::file::FileOpen>	undefined volume_argument_from_source<wesp_lib::event::fs::file::FileOpen>(void)	false	false	false
1801bbe00	352	wesp_lib::event::Event<wesp_lib::event::fs::file::FileOpen>::file_argument_from_source<wesp_lib::event::fs::file::FileOpen>	undefined file_argument_from_source<wesp_lib::event::fs::file::FileOpen>(void)	false	false	false
1801bc010	223	wesp_lib::event::Event<wesp_lib::event::fs::file::FileOpen>::file_object_argument_from_source<wesp_lib::event::fs::file::FileOpen>	undefined file_object_argument_from_source<wesp_lib::event::fs::file::FileOpen>(void)	false	false	false
1801bc180	444	wesp_lib::event::Event<wesp_lib::event::fs::file::FileOpen>::file_stream_argument_from_source<wesp_lib::event::fs::file::FileOpen>	undefined file_stream_argument_from_source<wesp_lib::event::fs::file::FileOpen>(void)	false	false	false
1801bc3d0	470	wesp_lib::event::Event<wesp_lib::event::fs::file::FileOpen>::process_argument_from_source<wesp_lib::event::fs::file::FileOpen>	undefined process_argument_from_source<wesp_lib::event::fs::file::FileOpen>(void)	false	false	false
1801bc640	248	wesp_lib::event::Event<wesp_lib::event::fs::file::FileOpen>::thread_argument_from_source<wesp_lib::event::fs::file::FileOpen>	undefined thread_argument_from_source<wesp_lib::event::fs::file::FileOpen>(void)	false	false	false
1801bc7c0	286	wesp_lib::event::Event<wesp_lib::event::process::ProcessCreate>::disk_argument_from_source<wesp_lib::event::process::ProcessCreate>	undefined disk_argument_from_source<wesp_lib::event::process::ProcessCreate>(void)	false	false	false
1801bc9c0	355	wesp_lib::event::Event<wesp_lib::event::process::ProcessCreate>::volume_argument_from_source<wesp_lib::event::process::ProcessCreate>	undefined volume_argument_from_source<wesp_lib::event::process::ProcessCreate>(void)	false	false	false
1801bcc00	268	wesp_lib::event::Event<wesp_lib::event::process::ProcessCreate>::file_argument_from_source<wesp_lib::event::process::ProcessCreate>	undefined file_argument_from_source<wesp_lib::event::process::ProcessCreate>(void)	false	false	false
1801bcde0	136	wesp_lib::event::Event<wesp_lib::event::process::ProcessCreate>::file_object_argument_from_source<wesp_lib::event::process::ProcessCreate>	undefined file_object_argument_from_source<wesp_lib::event::process::ProcessCreate>(void)	false	false	false
1801bcf70	361	wesp_lib::event::Event<wesp_lib::event::process::ProcessCreate>::file_stream_argument_from_source<wesp_lib::event::process::ProcessCreate>	undefined file_stream_argument_from_source<wesp_lib::event::process::ProcessCreate>(void)	false	false	false
1801bd1b0	365	wesp_lib::event::Event<wesp_lib::event::process::ProcessCreate>::process_argument_from_source<wesp_lib::event::process::ProcessCreate>	undefined process_argument_from_source<wesp_lib::event::process::ProcessCreate>(void)	false	false	false
1801bd430	172	wesp_lib::event::Event<wesp_lib::event::process::ProcessCreate>::thread_argument_from_source<wesp_lib::event::process::ProcessCreate>	undefined thread_argument_from_source<wesp_lib::event::process::ProcessCreate>(void)	false	false	false
1801bd5e0	380	wesp_lib::event::Event<wesp_lib::event::fs::file::FileCreate>::disk_argument_from_source<wesp_lib::event::fs::file::FileCreate>	undefined disk_argument_from_source<wesp_lib::event::fs::file::FileCreate>(void)	false	false	false
1801bd7f0	429	wesp_lib::event::Event<wesp_lib::event::fs::file::FileCreate>::volume_argument_from_source<wesp_lib::event::fs::file::FileCreate>	undefined volume_argument_from_source<wesp_lib::event::fs::file::FileCreate>(void)	false	false	false
1801bda30	352	wesp_lib::event::Event<wesp_lib::event::fs::file::FileCreate>::file_argument_from_source<wesp_lib::event::fs::file::FileCreate>	undefined file_argument_from_source<wesp_lib::event::fs::file::FileCreate>(void)	false	false	false
1801bdc40	223	wesp_lib::event::Event<wesp_lib::event::fs::file::FileCreate>::file_object_argument_from_source<wesp_lib::event::fs::file::FileCreate>	undefined file_object_argument_from_source<wesp_lib::event::fs::file::FileCreate>(void)	false	false	false
1801bddb0	444	wesp_lib::event::Event<wesp_lib::event::fs::file::FileCreate>::file_stream_argument_from_source<wesp_lib::event::fs::file::FileCreate>	undefined file_stream_argument_from_source<wesp_lib::event::fs::file::FileCreate>(void)	false	false	false
1801be000	470	wesp_lib::event::Event<wesp_lib::event::fs::file::FileCreate>::process_argument_from_source<wesp_lib::event::fs::file::FileCreate>	undefined process_argument_from_source<wesp_lib::event::fs::file::FileCreate>(void)	false	false	false
1801be270	248	wesp_lib::event::Event<wesp_lib::event::fs::file::FileCreate>::thread_argument_from_source<wesp_lib::event::fs::file::FileCreate>	undefined thread_argument_from_source<wesp_lib::event::fs::file::FileCreate>(void)	false	false	false
1801be3f0	350	wesp_lib::event::Event<wesp_lib::event::fs::file::FileOpen>::pipe_argument_from_source<wesp_lib::event::fs::file::FileOpen>	undefined pipe_argument_from_source<wesp_lib::event::fs::file::FileOpen>(void)	false	false	false
1801be600	472	wesp_lib::event::Event<wesp_lib::event::registry::save_restore::RegSaveKey>::pipe_argument_from_source<wesp_lib::event::registry::save_restore::RegSaveKey>	undefined pipe_argument_from_source<wesp_lib::event::registry::save_restore::RegSaveKey>(void)	false	false	false
1801be7e0	350	wesp_lib::event::Event<wesp_lib::event::fs::file::SetEa>::pipe_argument_from_source<wesp_lib::event::fs::file::SetEa>	undefined pipe_argument_from_source<wesp_lib::event::fs::file::SetEa>(void)	false	false	false
1801be9f0	235	wesp_lib::event::Event<wesp_lib::event::registry::RegOpenKey>::pipe_argument_from_source<wesp_lib::event::registry::RegOpenKey>	undefined pipe_argument_from_source<wesp_lib::event::registry::RegOpenKey>(void)	false	false	false
1801bebd0	350	wesp_lib::event::Event<wesp_lib::event::fs::file::FileSetInformation>::pipe_argument_from_source<wesp_lib::event::fs::file::FileSetInformation>	undefined pipe_argument_from_source<wesp_lib::event::fs::file::FileSetInformation>(void)	false	false	false
1801bede0	350	wesp_lib::event::Event<wesp_lib::event::fs::file::FileLock>::pipe_argument_from_source<wesp_lib::event::fs::file::FileLock>	undefined pipe_argument_from_source<wesp_lib::event::fs::file::FileLock>(void)	false	false	false
1801beff0	439	wesp_lib::event::Event<wesp_lib::event::registry::RegSetKeySecurity>::pipe_argument_from_source<wesp_lib::event::registry::RegSetKeySecurity>	undefined pipe_argument_from_source<wesp_lib::event::registry::RegSetKeySecurity>(void)	false	false	false
1801bf1b0	495	wesp_lib::event::Event<wesp_lib::event::registry::RegQueryValueKey>::pipe_argument_from_source<wesp_lib::event::registry::RegQueryValueKey>	undefined pipe_argument_from_source<wesp_lib::event::registry::RegQueryValueKey>(void)	false	false	false
1801bf3a0	513	wesp_lib::event::Event<wesp_lib::event::registry::RegEnumKey>::pipe_argument_from_source<wesp_lib::event::registry::RegEnumKey>	undefined pipe_argument_from_source<wesp_lib::event::registry::RegEnumKey>(void)	false	false	false
1801bf5b0	350	wesp_lib::event::Event<wesp_lib::event::object_manager::ObHandleCreate>::pipe_argument_from_source<wesp_lib::event::object_manager::ObHandleCreate>	undefined pipe_argument_from_source<wesp_lib::event::object_manager::ObHandleCreate>(void)	false	false	false
1801bf7c0	275	wesp_lib::event::Event<wesp_lib::event::fs::volume::VolumeFsctl>::pipe_argument_from_source<wesp_lib::event::fs::volume::VolumeFsctl>	undefined pipe_argument_from_source<wesp_lib::event::fs::volume::VolumeFsctl>(void)	false	false	false
1801bfa60	275	wesp_lib::event::Event<wesp_lib::event::fs::file::FileCreateSection>::pipe_argument_from_source<wesp_lib::event::fs::file::FileCreateSection>	undefined pipe_argument_from_source<wesp_lib::event::fs::file::FileCreateSection>(void)	false	false	false
1801bfce0	431	wesp_lib::event::Event<wesp_lib::event::thread::ThreadCreate>::pipe_argument_from_source<wesp_lib::event::thread::ThreadCreate>	undefined pipe_argument_from_source<wesp_lib::event::thread::ThreadCreate>(void)	false	false	false
1801bfe90	275	wesp_lib::event::Event<wesp_lib::event::fs::file::FileFsctl>::pipe_argument_from_source<wesp_lib::event::fs::file::FileFsctl>	undefined pipe_argument_from_source<wesp_lib::event::fs::file::FileFsctl>(void)	false	false	false
1801c0110	472	wesp_lib::event::Event<wesp_lib::event::registry::save_restore::RegRestoreKey>::pipe_argument_from_source<wesp_lib::event::registry::save_restore::RegRestoreKey>	undefined pipe_argument_from_source<wesp_lib::event::registry::save_restore::RegRestoreKey>(void)	false	false	false
1801c02f0	350	wesp_lib::event::Event<wesp_lib::event::object_manager::ObHandleDuplicate>::pipe_argument_from_source<wesp_lib::event::object_manager::ObHandleDuplicate>	undefined pipe_argument_from_source<wesp_lib::event::object_manager::ObHandleDuplicate>(void)	false	false	false
1801c0500	350	wesp_lib::event::Event<wesp_lib::event::fs::pipe::PipeCreate>::pipe_argument_from_source<wesp_lib::event::fs::pipe::PipeCreate>	undefined pipe_argument_from_source<wesp_lib::event::fs::pipe::PipeCreate>(void)	false	false	false
1801c0710	350	wesp_lib::event::Event<wesp_lib::event::registry::RegSetValueKey>::pipe_argument_from_source<wesp_lib::event::registry::RegSetValueKey>	undefined pipe_argument_from_source<wesp_lib::event::registry::RegSetValueKey>(void)	false	false	false
1801c0920	361	wesp_lib::event::Event<wesp_lib::event::fs::file::FileQueryInformation>::pipe_argument_from_source<wesp_lib::event::fs::file::FileQueryInformation>	undefined pipe_argument_from_source<wesp_lib::event::fs::file::FileQueryInformation>(void)	false	false	false
1801c0b70	265	wesp_lib::event::Event<wesp_lib::event::process::ProcessCreate>::pipe_argument_from_source<wesp_lib::event::process::ProcessCreate>	undefined pipe_argument_from_source<wesp_lib::event::process::ProcessCreate>(void)	false	false	false
1801c0d50	251	wesp_lib::event::Event<wesp_lib::event::fs::file::FileCleanup>::pipe_argument_from_source<wesp_lib::event::fs::file::FileCleanup>	undefined pipe_argument_from_source<wesp_lib::event::fs::file::FileCleanup>(void)	false	false	false
1801c0f70	513	wesp_lib::event::Event<wesp_lib::event::registry::RegEnumValueKey>::pipe_argument_from_source<wesp_lib::event::registry::RegEnumValueKey>	undefined pipe_argument_from_source<wesp_lib::event::registry::RegEnumValueKey>(void)	false	false	false
1801c1180	443	wesp_lib::event::Event<wesp_lib::event::fs::file::FileQueryDirectoryInformation>::pipe_argument_from_source<wesp_lib::event::fs::file::FileQueryDirectoryInformation>	undefined pipe_argument_from_source<wesp_lib::event::fs::file::FileQueryDirectoryInformation>(void)	false	false	false
1801c1420	603	wesp_lib::event::Event<wesp_lib::event::registry::RegReplaceKey>::pipe_argument_from_source<wesp_lib::event::registry::RegReplaceKey>	undefined pipe_argument_from_source<wesp_lib::event::registry::RegReplaceKey>(void)	false	false	false
1801c1680	350	wesp_lib::event::Event<wesp_lib::event::fs::file::FileCreate>::pipe_argument_from_source<wesp_lib::event::fs::file::FileCreate>	undefined pipe_argument_from_source<wesp_lib::event::fs::file::FileCreate>(void)	false	false	false
1801c1890	378	wesp_lib::event::Event<wesp_lib::event::fs::file::FileRead>::pipe_argument_from_source<wesp_lib::event::fs::file::FileRead>	undefined pipe_argument_from_source<wesp_lib::event::fs::file::FileRead>(void)	false	false	false
1801c1af0	350	wesp_lib::event::Event<wesp_lib::event::fs::file::FileUnlock>::pipe_argument_from_source<wesp_lib::event::fs::file::FileUnlock>	undefined pipe_argument_from_source<wesp_lib::event::fs::file::FileUnlock>(void)	false	false	false
1801c1d00	261	wesp_lib::event::Event<wesp_lib::event::registry::RegLoadKey>::pipe_argument_from_source<wesp_lib::event::registry::RegLoadKey>	undefined pipe_argument_from_source<wesp_lib::event::registry::RegLoadKey>(void)	false	false	false
1801c1f50	413	wesp_lib::event::Event<wesp_lib::event::fs::volume::VolumeMount>::pipe_argument_from_source<wesp_lib::event::fs::volume::VolumeMount>	undefined pipe_argument_from_source<wesp_lib::event::fs::volume::VolumeMount>(void)	false	false	false
1801c21c0	275	wesp_lib::event::Event<wesp_lib::event::fs::file::FileWrite>::pipe_argument_from_source<wesp_lib::event::fs::file::FileWrite>	undefined pipe_argument_from_source<wesp_lib::event::fs::file::FileWrite>(void)	false	false	false
1801c2460	350	wesp_lib::event::Event<wesp_lib::event::process::ProcessLoadImage>::pipe_argument_from_source<wesp_lib::event::process::ProcessLoadImage>	undefined pipe_argument_from_source<wesp_lib::event::process::ProcessLoadImage>(void)	false	false	false
1801c2670	440	wesp_lib::event::Event<wesp_lib::event::registry::RegQueryKey>::pipe_argument_from_source<wesp_lib::event::registry::RegQueryKey>	undefined pipe_argument_from_source<wesp_lib::event::registry::RegQueryKey>(void)	false	false	false
1801c2830	350	wesp_lib::event::Event<wesp_lib::event::fs::mailslot::MailslotCreate>::pipe_argument_from_source<wesp_lib::event::fs::mailslot::MailslotCreate>	undefined pipe_argument_from_source<wesp_lib::event::fs::mailslot::MailslotCreate>(void)	false	false	false
1801c2a40	241	wesp_lib::event::Event<wesp_lib::event::registry::RegCreateKey>::pipe_argument_from_source<wesp_lib::event::registry::RegCreateKey>	undefined pipe_argument_from_source<wesp_lib::event::registry::RegCreateKey>(void)	false	false	false
1801c2c80	449	wesp_lib::event::Event<wesp_lib::event::fs::file::FileSetSecurity>::pipe_argument_from_source<wesp_lib::event::fs::file::FileSetSecurity>	undefined pipe_argument_from_source<wesp_lib::event::fs::file::FileSetSecurity>(void)	false	false	false
1801c2f00	406	wesp_lib::event::Event<wesp_lib::event::fs::file::FileQueryOpen>::pipe_argument_from_source<wesp_lib::event::fs::file::FileQueryOpen>	undefined pipe_argument_from_source<wesp_lib::event::fs::file::FileQueryOpen>(void)	false	false	false
1801c3160	354	wesp_lib::event::Event<wesp_lib::event::registry::RegDeleteValueKey>::pipe_argument_from_source<wesp_lib::event::registry::RegDeleteValueKey>	undefined pipe_argument_from_source<wesp_lib::event::registry::RegDeleteValueKey>(void)	false	false	false
1801c3370	199	core::ptr::drop_in_place<wesp_lib::event::args::thread::ThreadArgument>	undefined drop_in_place<wesp_lib::event::args::thread::ThreadArgument>(void)	false	false	false
1801c3440	770	core::ptr::drop_in_place<wesp_lib::event::args::process::ProcessArgument>	undefined drop_in_place<wesp_lib::event::args::process::ProcessArgument>(void)	false	false	false
1801c3750	460	wesp_lib::event::Event<wesp_lib::event::fs::file::FileFsctl>::token_argument_from_source<wesp_lib::event::fs::file::FileFsctl>	undefined token_argument_from_source<wesp_lib::event::fs::file::FileFsctl>(void)	false	false	false
1801c3a80	698	wesp_lib::event::Event<wesp_lib::event::registry::RegSetKeySecurity>::token_argument_from_source<wesp_lib::event::registry::RegSetKeySecurity>	undefined token_argument_from_source<wesp_lib::event::registry::RegSetKeySecurity>(void)	false	false	false
1801c3d40	460	wesp_lib::event::Event<wesp_lib::event::fs::file::FileCreateSection>::token_argument_from_source<wesp_lib::event::fs::file::FileCreateSection>	undefined token_argument_from_source<wesp_lib::event::fs::file::FileCreateSection>(void)	false	false	false
1801c4080	456	wesp_lib::event::Event<wesp_lib::event::registry::RegLoadKey>::token_argument_from_source<wesp_lib::event::registry::RegLoadKey>	undefined token_argument_from_source<wesp_lib::event::registry::RegLoadKey>(void)	false	false	false
1801c43e0	542	wesp_lib::event::Event<wesp_lib::event::fs::file::FileQueryInformation>::token_argument_from_source<wesp_lib::event::fs::file::FileQueryInformation>	undefined token_argument_from_source<wesp_lib::event::fs::file::FileQueryInformation>(void)	false	false	false
1801c46e0	568	wesp_lib::event::Event<wesp_lib::event::fs::file::SetEa>::token_argument_from_source<wesp_lib::event::fs::file::SetEa>	undefined token_argument_from_source<wesp_lib::event::fs::file::SetEa>(void)	false	false	false
1801c49a0	464	wesp_lib::event::Event<wesp_lib::event::fs::file::FileWrite>::token_argument_from_source<wesp_lib::event::fs::file::FileWrite>	undefined token_argument_from_source<wesp_lib::event::fs::file::FileWrite>(void)	false	false	false
1801c4d00	568	wesp_lib::event::Event<wesp_lib::event::registry::RegSetValueKey>::token_argument_from_source<wesp_lib::event::registry::RegSetValueKey>	undefined token_argument_from_source<wesp_lib::event::registry::RegSetValueKey>(void)	false	false	false
1801c4fc0	609	wesp_lib::event::Event<wesp_lib::event::fs::volume::VolumeMount>::token_argument_from_source<wesp_lib::event::fs::volume::VolumeMount>	undefined token_argument_from_source<wesp_lib::event::fs::volume::VolumeMount>(void)	false	false	false
1801c5300	572	wesp_lib::event::Event<wesp_lib::event::registry::RegDeleteValueKey>::token_argument_from_source<wesp_lib::event::registry::RegDeleteValueKey>	undefined token_argument_from_source<wesp_lib::event::registry::RegDeleteValueKey>(void)	false	false	false
1801c55c0	632	wesp_lib::event::Event<wesp_lib::event::registry::RegRenameKey>::token_argument_from_source<wesp_lib::event::registry::RegRenameKey>	undefined token_argument_from_source<wesp_lib::event::registry::RegRenameKey>(void)	false	false	false
1801c5840	440	wesp_lib::event::Event<wesp_lib::event::registry::RegCreateKey>::token_argument_from_source<wesp_lib::event::registry::RegCreateKey>	undefined token_argument_from_source<wesp_lib::event::registry::RegCreateKey>(void)	false	false	false
1801c5b50	568	wesp_lib::event::Event<wesp_lib::event::object_manager::ObHandleDuplicate>::token_argument_from_source<wesp_lib::event::object_manager::ObHandleDuplicate>	undefined token_argument_from_source<wesp_lib::event::object_manager::ObHandleDuplicate>(void)	false	false	false
1801c5e10	863	wesp_lib::event::Event<wesp_lib::event::registry::RegReplaceKey>::token_argument_from_source<wesp_lib::event::registry::RegReplaceKey>	undefined token_argument_from_source<wesp_lib::event::registry::RegReplaceKey>(void)	false	false	false
1801c6170	556	wesp_lib::event::Event<wesp_lib::event::fs::volume::VolumeDismount>::token_argument_from_source<wesp_lib::event::fs::volume::VolumeDismount>	undefined token_argument_from_source<wesp_lib::event::fs::volume::VolumeDismount>(void)	false	false	false
1801c63a0	535	wesp_lib::event::Event<wesp_lib::event::fs::file::KtmTransactionCommit>::token_argument_from_source<wesp_lib::event::fs::file::KtmTransactionCommit>	undefined token_argument_from_source<wesp_lib::event::fs::file::KtmTransactionCommit>(void)	false	false	false
1801c65c0	569	wesp_lib::event::Event<wesp_lib::event::fs::file::FileRead>::token_argument_from_source<wesp_lib::event::fs::file::FileRead>	undefined token_argument_from_source<wesp_lib::event::fs::file::FileRead>(void)	false	false	false
1801c68d0	568	wesp_lib::event::Event<wesp_lib::event::process::ProcessLoadImage>::token_argument_from_source<wesp_lib::event::process::ProcessLoadImage>	undefined token_argument_from_source<wesp_lib::event::process::ProcessLoadImage>(void)	false	false	false
1801c6b90	595	wesp_lib::event::Event<wesp_lib::event::fs::file::FileQueryOpen>::token_argument_from_source<wesp_lib::event::fs::file::FileQueryOpen>	undefined token_argument_from_source<wesp_lib::event::fs::file::FileQueryOpen>(void)	false	false	false
1801c6ea0	770	wesp_lib::event::Event<wesp_lib::event::registry::RegEnumKey>::token_argument_from_source<wesp_lib::event::registry::RegEnumKey>	undefined token_argument_from_source<wesp_lib::event::registry::RegEnumKey>(void)	false	false	false
1801c71b0	559	wesp_lib::event::Event<wesp_lib::event::process::ProcessTerminate>::token_argument_from_source<wesp_lib::event::process::ProcessTerminate>	undefined token_argument_from_source<wesp_lib::event::process::ProcessTerminate>(void)	false	false	false
1801c73e0	748	wesp_lib::event::Event<wesp_lib::event::registry::RegQueryValueKey>::token_argument_from_source<wesp_lib::event::registry::RegQueryValueKey>	undefined token_argument_from_source<wesp_lib::event::registry::RegQueryValueKey>(void)	false	false	false
1801c76d0	697	wesp_lib::event::Event<wesp_lib::event::registry::save_restore::RegRestoreKey>::token_argument_from_source<wesp_lib::event::registry::save_restore::RegRestoreKey>	undefined token_argument_from_source<wesp_lib::event::registry::save_restore::RegRestoreKey>(void)	false	false	false
1801c7990	556	wesp_lib::event::Event<wesp_lib::event::registry::RegDeleteKey>::token_argument_from_source<wesp_lib::event::registry::RegDeleteKey>	undefined token_argument_from_source<wesp_lib::event::registry::RegDeleteKey>(void)	false	false	false
1801c7bc0	438	wesp_lib::event::Event<wesp_lib::event::registry::RegOpenKey>::token_argument_from_source<wesp_lib::event::registry::RegOpenKey>	undefined token_argument_from_source<wesp_lib::event::registry::RegOpenKey>(void)	false	false	false
1801c7e70	568	wesp_lib::event::Event<wesp_lib::event::fs::file::FileLock>::token_argument_from_source<wesp_lib::event::fs::file::FileLock>	undefined token_argument_from_source<wesp_lib::event::fs::file::FileLock>(void)	false	false	false
1801c8130	420	wesp_lib::event::Event<wesp_lib::event::fs::file::FileCleanup>::token_argument_from_source<wesp_lib::event::fs::file::FileCleanup>	undefined token_argument_from_source<wesp_lib::event::fs::file::FileCleanup>(void)	false	false	false
1801c8410	501	wesp_lib::event::Event<wesp_lib::event::thread::ThreadTerminate>::token_argument_from_source<wesp_lib::event::thread::ThreadTerminate>	undefined token_argument_from_source<wesp_lib::event::thread::ThreadTerminate>(void)	false	false	false
1801c8610	568	wesp_lib::event::Event<wesp_lib::event::fs::file::FileOpen>::token_argument_from_source<wesp_lib::event::fs::file::FileOpen>	undefined token_argument_from_source<wesp_lib::event::fs::file::FileOpen>(void)	false	false	false
1801c88d0	464	wesp_lib::event::Event<wesp_lib::event::fs::volume::VolumeFsctl>::token_argument_from_source<wesp_lib::event::fs::volume::VolumeFsctl>	undefined token_argument_from_source<wesp_lib::event::fs::volume::VolumeFsctl>(void)	false	false	false
1801c8c40	528	wesp_lib::event::Event<wesp_lib::event::thread::ThreadCreate>::token_argument_from_source<wesp_lib::event::thread::ThreadCreate>	undefined token_argument_from_source<wesp_lib::event::thread::ThreadCreate>(void)	false	false	false
1801c8e50	719	wesp_lib::event::Event<wesp_lib::event::registry::RegQueryKey>::token_argument_from_source<wesp_lib::event::registry::RegQueryKey>	undefined token_argument_from_source<wesp_lib::event::registry::RegQueryKey>(void)	false	false	false
1801c9120	640	wesp_lib::event::Event<wesp_lib::event::fs::file::FileQueryDirectoryInformation>::token_argument_from_source<wesp_lib::event::fs::file::FileQueryDirectoryInformation>	undefined token_argument_from_source<wesp_lib::event::fs::file::FileQueryDirectoryInformation>(void)	false	false	false
1801c9480	568	wesp_lib::event::Event<wesp_lib::event::fs::file::FileCreate>::token_argument_from_source<wesp_lib::event::fs::file::FileCreate>	undefined token_argument_from_source<wesp_lib::event::fs::file::FileCreate>(void)	false	false	false
1801c9740	568	wesp_lib::event::Event<wesp_lib::event::fs::file::FileSetInformation>::token_argument_from_source<wesp_lib::event::fs::file::FileSetInformation>	undefined token_argument_from_source<wesp_lib::event::fs::file::FileSetInformation>(void)	false	false	false
1801c9a00	697	wesp_lib::event::Event<wesp_lib::event::registry::save_restore::RegSaveKey>::token_argument_from_source<wesp_lib::event::registry::save_restore::RegSaveKey>	undefined token_argument_from_source<wesp_lib::event::registry::save_restore::RegSaveKey>(void)	false	false	false
1801c9cc0	770	wesp_lib::event::Event<wesp_lib::event::registry::RegEnumValueKey>::token_argument_from_source<wesp_lib::event::registry::RegEnumValueKey>	undefined token_argument_from_source<wesp_lib::event::registry::RegEnumValueKey>(void)	false	false	false
1801c9fd0	638	wesp_lib::event::Event<wesp_lib::event::fs::file::FileSetSecurity>::token_argument_from_source<wesp_lib::event::fs::file::FileSetSecurity>	undefined token_argument_from_source<wesp_lib::event::fs::file::FileSetSecurity>(void)	false	false	false
1801ca300	568	wesp_lib::event::Event<wesp_lib::event::fs::mailslot::MailslotCreate>::token_argument_from_source<wesp_lib::event::fs::mailslot::MailslotCreate>	undefined token_argument_from_source<wesp_lib::event::fs::mailslot::MailslotCreate>(void)	false	false	false
1801ca5c0	568	wesp_lib::event::Event<wesp_lib::event::fs::pipe::PipeCreate>::token_argument_from_source<wesp_lib::event::fs::pipe::PipeCreate>	undefined token_argument_from_source<wesp_lib::event::fs::pipe::PipeCreate>(void)	false	false	false
1801ca880	535	wesp_lib::event::Event<wesp_lib::event::fs::file::KtmTransactionRollback>::token_argument_from_source<wesp_lib::event::fs::file::KtmTransactionRollback>	undefined token_argument_from_source<wesp_lib::event::fs::file::KtmTransactionRollback>(void)	false	false	false
1801caaa0	568	wesp_lib::event::Event<wesp_lib::event::object_manager::ObHandleCreate>::token_argument_from_source<wesp_lib::event::object_manager::ObHandleCreate>	undefined token_argument_from_source<wesp_lib::event::object_manager::ObHandleCreate>(void)	false	false	false
1801cad60	568	wesp_lib::event::Event<wesp_lib::event::fs::file::FileUnlock>::token_argument_from_source<wesp_lib::event::fs::file::FileUnlock>	undefined token_argument_from_source<wesp_lib::event::fs::file::FileUnlock>(void)	false	false	false
1801cb020	501	wesp_lib::event::Event<wesp_lib::event::thread::ThreadStart>::token_argument_from_source<wesp_lib::event::thread::ThreadStart>	undefined token_argument_from_source<wesp_lib::event::thread::ThreadStart>(void)	false	false	false
1801cb220	468	wesp_lib::event::Event<wesp_lib::event::process::ProcessCreate>::token_argument_from_source<wesp_lib::event::process::ProcessCreate>	undefined token_argument_from_source<wesp_lib::event::process::ProcessCreate>(void)	false	false	false
1801cb4d0	223	wesp_lib::event::Event<wesp_lib::event::registry::RegSetValueKey>::desktop_argument_from_source<wesp_lib::event::registry::RegSetValueKey>	undefined desktop_argument_from_source<wesp_lib::event::registry::RegSetValueKey>(void)	false	false	false
1801cb640	223	wesp_lib::event::Event<wesp_lib::event::fs::file::FileCreate>::desktop_argument_from_source<wesp_lib::event::fs::file::FileCreate>	undefined desktop_argument_from_source<wesp_lib::event::fs::file::FileCreate>(void)	false	false	false
1801cb7b0	223	wesp_lib::event::Event<wesp_lib::event::fs::file::FileOpen>::desktop_argument_from_source<wesp_lib::event::fs::file::FileOpen>	undefined desktop_argument_from_source<wesp_lib::event::fs::file::FileOpen>(void)	false	false	false
1801cb920	155	wesp_lib::event::Event<wesp_lib::event::fs::file::FileWrite>::desktop_argument_from_source<wesp_lib::event::fs::file::FileWrite>	undefined desktop_argument_from_source<wesp_lib::event::fs::file::FileWrite>(void)	false	false	false
1801cbb50	341	wesp_lib::event::Event<wesp_lib::event::registry::save_restore::RegRestoreKey>::desktop_argument_from_source<wesp_lib::event::registry::save_restore::RegRestoreKey>	undefined desktop_argument_from_source<wesp_lib::event::registry::save_restore::RegRestoreKey>(void)	false	false	false
1801cbcb0	223	wesp_lib::event::Event<wesp_lib::event::object_manager::ObHandleDuplicate>::desktop_argument_from_source<wesp_lib::event::object_manager::ObHandleDuplicate>	undefined desktop_argument_from_source<wesp_lib::event::object_manager::ObHandleDuplicate>(void)	false	false	false
1801cbe20	223	wesp_lib::event::Event<wesp_lib::event::fs::file::SetEa>::desktop_argument_from_source<wesp_lib::event::fs::file::SetEa>	undefined desktop_argument_from_source<wesp_lib::event::fs::file::SetEa>(void)	false	false	false
1801cbf90	155	wesp_lib::event::Event<wesp_lib::event::fs::file::FileFsctl>::desktop_argument_from_source<wesp_lib::event::fs::file::FileFsctl>	undefined desktop_argument_from_source<wesp_lib::event::fs::file::FileFsctl>(void)	false	false	false
1801cc190	223	wesp_lib::event::Event<wesp_lib::event::fs::mailslot::MailslotCreate>::desktop_argument_from_source<wesp_lib::event::fs::mailslot::MailslotCreate>	undefined desktop_argument_from_source<wesp_lib::event::fs::mailslot::MailslotCreate>(void)	false	false	false
1801cc300	223	wesp_lib::event::Event<wesp_lib::event::fs::pipe::PipeCreate>::desktop_argument_from_source<wesp_lib::event::fs::pipe::PipeCreate>	undefined desktop_argument_from_source<wesp_lib::event::fs::pipe::PipeCreate>(void)	false	false	false
1801cc470	223	wesp_lib::event::Event<wesp_lib::event::fs::file::FileLock>::desktop_argument_from_source<wesp_lib::event::fs::file::FileLock>	undefined desktop_argument_from_source<wesp_lib::event::fs::file::FileLock>(void)	false	false	false
1801cc5e0	142	wesp_lib::event::Event<wesp_lib::event::registry::RegLoadKey>::desktop_argument_from_source<wesp_lib::event::registry::RegLoadKey>	undefined desktop_argument_from_source<wesp_lib::event::registry::RegLoadKey>(void)	false	false	false
1801cc7d0	260	wesp_lib::event::Event<wesp_lib::event::fs::file::FileRead>::desktop_argument_from_source<wesp_lib::event::fs::file::FileRead>	undefined desktop_argument_from_source<wesp_lib::event::fs::file::FileRead>(void)	false	false	false
1801cc9b0	312	wesp_lib::event::Event<wesp_lib::event::fs::file::FileQueryDirectoryInformation>::desktop_argument_from_source<wesp_lib::event::fs::file::FileQueryDirectoryInformation>	undefined desktop_argument_from_source<wesp_lib::event::fs::file::FileQueryDirectoryInformation>(void)	false	false	false
1801ccbc0	223	wesp_lib::event::Event<wesp_lib::event::fs::file::FileUnlock>::desktop_argument_from_source<wesp_lib::event::fs::file::FileUnlock>	undefined desktop_argument_from_source<wesp_lib::event::fs::file::FileUnlock>(void)	false	false	false
1801ccd30	286	wesp_lib::event::Event<wesp_lib::event::fs::volume::VolumeMount>::desktop_argument_from_source<wesp_lib::event::fs::volume::VolumeMount>	undefined desktop_argument_from_source<wesp_lib::event::fs::volume::VolumeMount>(void)	false	false	false
1801ccf20	155	wesp_lib::event::Event<wesp_lib::event::fs::volume::VolumeFsctl>::desktop_argument_from_source<wesp_lib::event::fs::volume::VolumeFsctl>	undefined desktop_argument_from_source<wesp_lib::event::fs::volume::VolumeFsctl>(void)	false	false	false
1801cd150	136	wesp_lib::event::Event<wesp_lib::event::process::ProcessCreate>::desktop_argument_from_source<wesp_lib::event::process::ProcessCreate>	undefined desktop_argument_from_source<wesp_lib::event::process::ProcessCreate>(void)	false	false	false
1801cd2c0	131	wesp_lib::event::Event<wesp_lib::event::registry::RegCreateKey>::desktop_argument_from_source<wesp_lib::event::registry::RegCreateKey>	undefined desktop_argument_from_source<wesp_lib::event::registry::RegCreateKey>(void)	false	false	false
1801cd490	132	wesp_lib::event::Event<wesp_lib::event::fs::file::FileCleanup>::desktop_argument_from_source<wesp_lib::event::fs::file::FileCleanup>	undefined desktop_argument_from_source<wesp_lib::event::fs::file::FileCleanup>(void)	false	false	false
1801cd640	227	wesp_lib::event::Event<wesp_lib::event::registry::RegDeleteValueKey>::desktop_argument_from_source<wesp_lib::event::registry::RegDeleteValueKey>	undefined desktop_argument_from_source<wesp_lib::event::registry::RegDeleteValueKey>(void)	false	false	false
1801cd7b0	223	wesp_lib::event::Event<wesp_lib::event::process::ProcessLoadImage>::desktop_argument_from_source<wesp_lib::event::process::ProcessLoadImage>	undefined desktop_argument_from_source<wesp_lib::event::process::ProcessLoadImage>(void)	false	false	false
1801cd920	131	wesp_lib::event::Event<wesp_lib::event::registry::RegOpenKey>::desktop_argument_from_source<wesp_lib::event::registry::RegOpenKey>	undefined desktop_argument_from_source<wesp_lib::event::registry::RegOpenKey>(void)	false	false	false
1801cda90	223	wesp_lib::event::Event<wesp_lib::event::object_manager::ObHandleCreate>::desktop_argument_from_source<wesp_lib::event::object_manager::ObHandleCreate>	undefined desktop_argument_from_source<wesp_lib::event::object_manager::ObHandleCreate>(void)	false	false	false
1801cdc00	322	wesp_lib::event::Event<wesp_lib::event::fs::file::FileSetSecurity>::desktop_argument_from_source<wesp_lib::event::fs::file::FileSetSecurity>	undefined desktop_argument_from_source<wesp_lib::event::fs::file::FileSetSecurity>(void)	false	false	false
1801cde00	280	wesp_lib::event::Event<wesp_lib::event::fs::file::FileQueryOpen>::desktop_argument_from_source<wesp_lib::event::fs::file::FileQueryOpen>	undefined desktop_argument_from_source<wesp_lib::event::fs::file::FileQueryOpen>(void)	false	false	false
1801cdfe0	243	wesp_lib::event::Event<wesp_lib::event::fs::file::FileQueryInformation>::desktop_argument_from_source<wesp_lib::event::fs::file::FileQueryInformation>	undefined desktop_argument_from_source<wesp_lib::event::fs::file::FileQueryInformation>(void)	false	false	false
1801ce1b0	155	wesp_lib::event::Event<wesp_lib::event::fs::file::FileCreateSection>::desktop_argument_from_source<wesp_lib::event::fs::file::FileCreateSection>	undefined desktop_argument_from_source<wesp_lib::event::fs::file::FileCreateSection>(void)	false	false	false
1801ce3b0	223	wesp_lib::event::Event<wesp_lib::event::fs::file::FileSetInformation>::desktop_argument_from_source<wesp_lib::event::fs::file::FileSetInformation>	undefined desktop_argument_from_source<wesp_lib::event::fs::file::FileSetInformation>(void)	false	false	false
1801ce520	341	wesp_lib::event::Event<wesp_lib::event::registry::save_restore::RegSaveKey>::desktop_argument_from_source<wesp_lib::event::registry::save_restore::RegSaveKey>	undefined desktop_argument_from_source<wesp_lib::event::registry::save_restore::RegSaveKey>(void)	false	false	false
1801ce680	275	wesp_lib::event::Event<wesp_lib::event::fs::volume::VolumeFsctl>::mailslot_argument_from_source<wesp_lib::event::fs::volume::VolumeFsctl>	undefined mailslot_argument_from_source<wesp_lib::event::fs::volume::VolumeFsctl>(void)	false	false	false
1801ce920	495	wesp_lib::event::Event<wesp_lib::event::registry::RegQueryValueKey>::mailslot_argument_from_source<wesp_lib::event::registry::RegQueryValueKey>	undefined mailslot_argument_from_source<wesp_lib::event::registry::RegQueryValueKey>(void)	false	false	false
1801ceb10	350	wesp_lib::event::Event<wesp_lib::event::object_manager::ObHandleDuplicate>::mailslot_argument_from_source<wesp_lib::event::object_manager::ObHandleDuplicate>	undefined mailslot_argument_from_source<wesp_lib::event::object_manager::ObHandleDuplicate>(void)	false	false	false
1801ced20	241	wesp_lib::event::Event<wesp_lib::event::registry::RegCreateKey>::mailslot_argument_from_source<wesp_lib::event::registry::RegCreateKey>	undefined mailslot_argument_from_source<wesp_lib::event::registry::RegCreateKey>(void)	false	false	false
1801cef60	472	wesp_lib::event::Event<wesp_lib::event::registry::save_restore::RegSaveKey>::mailslot_argument_from_source<wesp_lib::event::registry::save_restore::RegSaveKey>	undefined mailslot_argument_from_source<wesp_lib::event::registry::save_restore::RegSaveKey>(void)	false	false	false
1801cf140	350	wesp_lib::event::Event<wesp_lib::event::fs::file::FileLock>::mailslot_argument_from_source<wesp_lib::event::fs::file::FileLock>	undefined mailslot_argument_from_source<wesp_lib::event::fs::file::FileLock>(void)	false	false	false
1801cf350	431	wesp_lib::event::Event<wesp_lib::event::thread::ThreadCreate>::mailslot_argument_from_source<wesp_lib::event::thread::ThreadCreate>	undefined mailslot_argument_from_source<wesp_lib::event::thread::ThreadCreate>(void)	false	false	false
1801cf500	350	wesp_lib::event::Event<wesp_lib::event::fs::file::FileSetInformation>::mailslot_argument_from_source<wesp_lib::event::fs::file::FileSetInformation>	undefined mailslot_argument_from_source<wesp_lib::event::fs::file::FileSetInformation>(void)	false	false	false
1801cf710	275	wesp_lib::event::Event<wesp_lib::event::fs::file::FileCreateSection>::mailslot_argument_from_source<wesp_lib::event::fs::file::FileCreateSection>	undefined mailslot_argument_from_source<wesp_lib::event::fs::file::FileCreateSection>(void)	false	false	false
1801cf990	350	wesp_lib::event::Event<wesp_lib::event::fs::mailslot::MailslotCreate>::mailslot_argument_from_source<wesp_lib::event::fs::mailslot::MailslotCreate>	undefined mailslot_argument_from_source<wesp_lib::event::fs::mailslot::MailslotCreate>(void)	false	false	false
1801cfba0	275	wesp_lib::event::Event<wesp_lib::event::fs::file::FileWrite>::mailslot_argument_from_source<wesp_lib::event::fs::file::FileWrite>	undefined mailslot_argument_from_source<wesp_lib::event::fs::file::FileWrite>(void)	false	false	false
1801cfe40	378	wesp_lib::event::Event<wesp_lib::event::fs::file::FileRead>::mailslot_argument_from_source<wesp_lib::event::fs::file::FileRead>	undefined mailslot_argument_from_source<wesp_lib::event::fs::file::FileRead>(void)	false	false	false
1801d00a0	449	wesp_lib::event::Event<wesp_lib::event::fs::file::FileSetSecurity>::mailslot_argument_from_source<wesp_lib::event::fs::file::FileSetSecurity>	undefined mailslot_argument_from_source<wesp_lib::event::fs::file::FileSetSecurity>(void)	false	false	false
1801d0320	513	wesp_lib::event::Event<wesp_lib::event::registry::RegEnumValueKey>::mailslot_argument_from_source<wesp_lib::event::registry::RegEnumValueKey>	undefined mailslot_argument_from_source<wesp_lib::event::registry::RegEnumValueKey>(void)	false	false	false
1801d0530	350	wesp_lib::event::Event<wesp_lib::event::fs::file::SetEa>::mailslot_argument_from_source<wesp_lib::event::fs::file::SetEa>	undefined mailslot_argument_from_source<wesp_lib::event::fs::file::SetEa>(void)	false	false	false
1801d0740	472	wesp_lib::event::Event<wesp_lib::event::registry::save_restore::RegRestoreKey>::mailslot_argument_from_source<wesp_lib::event::registry::save_restore::RegRestoreKey>	undefined mailslot_argument_from_source<wesp_lib::event::registry::save_restore::RegRestoreKey>(void)	false	false	false
1801d0920	350	wesp_lib::event::Event<wesp_lib::event::object_manager::ObHandleCreate>::mailslot_argument_from_source<wesp_lib::event::object_manager::ObHandleCreate>	undefined mailslot_argument_from_source<wesp_lib::event::object_manager::ObHandleCreate>(void)	false	false	false
1801d0b30	261	wesp_lib::event::Event<wesp_lib::event::registry::RegLoadKey>::mailslot_argument_from_source<wesp_lib::event::registry::RegLoadKey>	undefined mailslot_argument_from_source<wesp_lib::event::registry::RegLoadKey>(void)	false	false	false
1801d0d80	251	wesp_lib::event::Event<wesp_lib::event::fs::file::FileCleanup>::mailslot_argument_from_source<wesp_lib::event::fs::file::FileCleanup>	undefined mailslot_argument_from_source<wesp_lib::event::fs::file::FileCleanup>(void)	false	false	false
1801d0fa0	439	wesp_lib::event::Event<wesp_lib::event::registry::RegSetKeySecurity>::mailslot_argument_from_source<wesp_lib::event::registry::RegSetKeySecurity>	undefined mailslot_argument_from_source<wesp_lib::event::registry::RegSetKeySecurity>(void)	false	false	false
1801d1160	350	wesp_lib::event::Event<wesp_lib::event::fs::pipe::PipeCreate>::mailslot_argument_from_source<wesp_lib::event::fs::pipe::PipeCreate>	undefined mailslot_argument_from_source<wesp_lib::event::fs::pipe::PipeCreate>(void)	false	false	false
1801d1370	603	wesp_lib::event::Event<wesp_lib::event::registry::RegReplaceKey>::mailslot_argument_from_source<wesp_lib::event::registry::RegReplaceKey>	undefined mailslot_argument_from_source<wesp_lib::event::registry::RegReplaceKey>(void)	false	false	false
1801d15d0	265	wesp_lib::event::Event<wesp_lib::event::process::ProcessCreate>::mailslot_argument_from_source<wesp_lib::event::process::ProcessCreate>	undefined mailslot_argument_from_source<wesp_lib::event::process::ProcessCreate>(void)	false	false	false
1801d17b0	350	wesp_lib::event::Event<wesp_lib::event::fs::file::FileUnlock>::mailslot_argument_from_source<wesp_lib::event::fs::file::FileUnlock>	undefined mailslot_argument_from_source<wesp_lib::event::fs::file::FileUnlock>(void)	false	false	false
1801d19c0	443	wesp_lib::event::Event<wesp_lib::event::fs::file::FileQueryDirectoryInformation>::mailslot_argument_from_source<wesp_lib::event::fs::file::FileQueryDirectoryInformation>	undefined mailslot_argument_from_source<wesp_lib::event::fs::file::FileQueryDirectoryInformation>(void)	false	false	false
1801d1c60	235	wesp_lib::event::Event<wesp_lib::event::registry::RegOpenKey>::mailslot_argument_from_source<wesp_lib::event::registry::RegOpenKey>	undefined mailslot_argument_from_source<wesp_lib::event::registry::RegOpenKey>(void)	false	false	false
1801d1e40	350	wesp_lib::event::Event<wesp_lib::event::process::ProcessLoadImage>::mailslot_argument_from_source<wesp_lib::event::process::ProcessLoadImage>	undefined mailslot_argument_from_source<wesp_lib::event::process::ProcessLoadImage>(void)	false	false	false
1801d2050	361	wesp_lib::event::Event<wesp_lib::event::fs::file::FileQueryInformation>::mailslot_argument_from_source<wesp_lib::event::fs::file::FileQueryInformation>	undefined mailslot_argument_from_source<wesp_lib::event::fs::file::FileQueryInformation>(void)	false	false	false
1801d22a0	406	wesp_lib::event::Event<wesp_lib::event::fs::file::FileQueryOpen>::mailslot_argument_from_source<wesp_lib::event::fs::file::FileQueryOpen>	undefined mailslot_argument_from_source<wesp_lib::event::fs::file::FileQueryOpen>(void)	false	false	false
1801d2500	350	wesp_lib::event::Event<wesp_lib::event::registry::RegSetValueKey>::mailslot_argument_from_source<wesp_lib::event::registry::RegSetValueKey>	undefined mailslot_argument_from_source<wesp_lib::event::registry::RegSetValueKey>(void)	false	false	false
1801d2710	413	wesp_lib::event::Event<wesp_lib::event::fs::volume::VolumeMount>::mailslot_argument_from_source<wesp_lib::event::fs::volume::VolumeMount>	undefined mailslot_argument_from_source<wesp_lib::event::fs::volume::VolumeMount>(void)	false	false	false
1801d2980	350	wesp_lib::event::Event<wesp_lib::event::fs::file::FileCreate>::mailslot_argument_from_source<wesp_lib::event::fs::file::FileCreate>	undefined mailslot_argument_from_source<wesp_lib::event::fs::file::FileCreate>(void)	false	false	false
1801d2b90	354	wesp_lib::event::Event<wesp_lib::event::registry::RegDeleteValueKey>::mailslot_argument_from_source<wesp_lib::event::registry::RegDeleteValueKey>	undefined mailslot_argument_from_source<wesp_lib::event::registry::RegDeleteValueKey>(void)	false	false	false
1801d2da0	513	wesp_lib::event::Event<wesp_lib::event::registry::RegEnumKey>::mailslot_argument_from_source<wesp_lib::event::registry::RegEnumKey>	undefined mailslot_argument_from_source<wesp_lib::event::registry::RegEnumKey>(void)	false	false	false
1801d2fb0	350	wesp_lib::event::Event<wesp_lib::event::fs::file::FileOpen>::mailslot_argument_from_source<wesp_lib::event::fs::file::FileOpen>	undefined mailslot_argument_from_source<wesp_lib::event::fs::file::FileOpen>(void)	false	false	false
1801d31c0	440	wesp_lib::event::Event<wesp_lib::event::registry::RegQueryKey>::mailslot_argument_from_source<wesp_lib::event::registry::RegQueryKey>	undefined mailslot_argument_from_source<wesp_lib::event::registry::RegQueryKey>(void)	false	false	false
1801d3380	275	wesp_lib::event::Event<wesp_lib::event::fs::file::FileFsctl>::mailslot_argument_from_source<wesp_lib::event::fs::file::FileFsctl>	undefined mailslot_argument_from_source<wesp_lib::event::fs::file::FileFsctl>(void)	false	false	false
1801d3600	46	wesp_lib::event::Event<wesp_lib::event::registry::RegCreateKey>::event_object_argument_from_source<wesp_lib::event::registry::RegCreateKey>	undefined event_object_argument_from_source<wesp_lib::event::registry::RegCreateKey>(void)	false	false	false
1801d3890	243	wesp_lib::event::Event<wesp_lib::event::registry::RegCreateKey>::registry_key_argument_from_source<wesp_lib::event::registry::RegCreateKey>	undefined registry_key_argument_from_source<wesp_lib::event::registry::RegCreateKey>(void)	false	false	false
1801d3af0	139	wesp_lib::event::Event<wesp_lib::event::registry::RegCreateKey>::registry_key_object_argument_from_source<wesp_lib::event::registry::RegCreateKey>	undefined registry_key_object_argument_from_source<wesp_lib::event::registry::RegCreateKey>(void)	false	false	false
1801d3ce0	388	wesp_lib::event::Event<wesp_lib::event::registry::RegCreateKey>::ktm_transaction_argument_from_source<wesp_lib::event::registry::RegCreateKey>	undefined ktm_transaction_argument_from_source<wesp_lib::event::registry::RegCreateKey>(void)	false	false	false
1801d3fb0	46	wesp_lib::event::Event<wesp_lib::event::object_manager::ObHandleDuplicate>::event_object_argument_from_source<wesp_lib::event::object_manager::ObHandleDuplicate>	undefined event_object_argument_from_source<wesp_lib::event::object_manager::ObHandleDuplicate>(void)	false	false	false
1801d4240	355	wesp_lib::event::Event<wesp_lib::event::object_manager::ObHandleDuplicate>::registry_key_argument_from_source<wesp_lib::event::object_manager::ObHandleDuplicate>	undefined registry_key_argument_from_source<wesp_lib::event::object_manager::ObHandleDuplicate>(void)	false	false	false
1801d4450	223	wesp_lib::event::Event<wesp_lib::event::object_manager::ObHandleDuplicate>::registry_key_object_argument_from_source<wesp_lib::event::object_manager::ObHandleDuplicate>	undefined registry_key_object_argument_from_source<wesp_lib::event::object_manager::ObHandleDuplicate>(void)	false	false	false
1801d45b0	494	wesp_lib::event::Event<wesp_lib::event::object_manager::ObHandleDuplicate>::ktm_transaction_argument_from_source<wesp_lib::event::object_manager::ObHandleDuplicate>	undefined ktm_transaction_argument_from_source<wesp_lib::event::object_manager::ObHandleDuplicate>(void)	false	false	false
1801d4830	46	wesp_lib::event::Event<wesp_lib::event::fs::file::FileUnlock>::event_object_argument_from_source<wesp_lib::event::fs::file::FileUnlock>	undefined event_object_argument_from_source<wesp_lib::event::fs::file::FileUnlock>(void)	false	false	false
1801d4ac0	355	wesp_lib::event::Event<wesp_lib::event::fs::file::FileUnlock>::registry_key_argument_from_source<wesp_lib::event::fs::file::FileUnlock>	undefined registry_key_argument_from_source<wesp_lib::event::fs::file::FileUnlock>(void)	false	false	false
1801d4cd0	223	wesp_lib::event::Event<wesp_lib::event::fs::file::FileUnlock>::registry_key_object_argument_from_source<wesp_lib::event::fs::file::FileUnlock>	undefined registry_key_object_argument_from_source<wesp_lib::event::fs::file::FileUnlock>(void)	false	false	false
1801d4e30	494	wesp_lib::event::Event<wesp_lib::event::fs::file::FileUnlock>::ktm_transaction_argument_from_source<wesp_lib::event::fs::file::FileUnlock>	undefined ktm_transaction_argument_from_source<wesp_lib::event::fs::file::FileUnlock>(void)	false	false	false
1801d50b0	46	wesp_lib::event::Event<wesp_lib::event::fs::volume::VolumeFsctl>::event_object_argument_from_source<wesp_lib::event::fs::volume::VolumeFsctl>	undefined event_object_argument_from_source<wesp_lib::event::fs::volume::VolumeFsctl>(void)	false	false	false
1801d5340	281	wesp_lib::event::Event<wesp_lib::event::fs::volume::VolumeFsctl>::registry_key_argument_from_source<wesp_lib::event::fs::volume::VolumeFsctl>	undefined registry_key_argument_from_source<wesp_lib::event::fs::volume::VolumeFsctl>(void)	false	false	false
1801d55f0	155	wesp_lib::event::Event<wesp_lib::event::fs::volume::VolumeFsctl>::registry_key_object_argument_from_source<wesp_lib::event::fs::volume::VolumeFsctl>	undefined registry_key_object_argument_from_source<wesp_lib::event::fs::volume::VolumeFsctl>(void)	false	false	false
1801d5820	426	wesp_lib::event::Event<wesp_lib::event::fs::volume::VolumeFsctl>::ktm_transaction_argument_from_source<wesp_lib::event::fs::volume::VolumeFsctl>	undefined ktm_transaction_argument_from_source<wesp_lib::event::fs::volume::VolumeFsctl>(void)	false	false	false
1801d5b60	46	wesp_lib::event::Event<wesp_lib::event::process::ProcessLoadImage>::event_object_argument_from_source<wesp_lib::event::process::ProcessLoadImage>	undefined event_object_argument_from_source<wesp_lib::event::process::ProcessLoadImage>(void)	false	false	false
1801d5df0	355	wesp_lib::event::Event<wesp_lib::event::process::ProcessLoadImage>::registry_key_argument_from_source<wesp_lib::event::process::ProcessLoadImage>	undefined registry_key_argument_from_source<wesp_lib::event::process::ProcessLoadImage>(void)	false	false	false
1801d6000	223	wesp_lib::event::Event<wesp_lib::event::process::ProcessLoadImage>::registry_key_object_argument_from_source<wesp_lib::event::process::ProcessLoadImage>	undefined registry_key_object_argument_from_source<wesp_lib::event::process::ProcessLoadImage>(void)	false	false	false
1801d6160	494	wesp_lib::event::Event<wesp_lib::event::process::ProcessLoadImage>::ktm_transaction_argument_from_source<wesp_lib::event::process::ProcessLoadImage>	undefined ktm_transaction_argument_from_source<wesp_lib::event::process::ProcessLoadImage>(void)	false	false	false
1801d63e0	54	wesp_lib::event::Event<wesp_lib::event::thread::ThreadTerminate>::event_object_argument_from_source<wesp_lib::event::thread::ThreadTerminate>	undefined event_object_argument_from_source<wesp_lib::event::thread::ThreadTerminate>(void)	false	false	false
1801d6dc0	424	wesp_lib::event::Event<wesp_lib::event::thread::ThreadTerminate>::ktm_transaction_argument_from_source<wesp_lib::event::thread::ThreadTerminate>	undefined ktm_transaction_argument_from_source<wesp_lib::event::thread::ThreadTerminate>(void)	false	false	false
1801d6f70	56	wesp_lib::event::Event<wesp_lib::event::fs::file::KtmTransactionRollback>::event_object_argument_from_source<wesp_lib::event::fs::file::KtmTransactionRollback>	undefined event_object_argument_from_source<wesp_lib::event::fs::file::KtmTransactionRollback>(void)	false	false	false
1801d77e0	356	wesp_lib::event::Event<wesp_lib::event::fs::file::KtmTransactionRollback>::ktm_transaction_argument_from_source<wesp_lib::event::fs::file::KtmTransactionRollback>	undefined ktm_transaction_argument_from_source<wesp_lib::event::fs::file::KtmTransactionRollback>(void)	false	false	false
1801d7950	46	wesp_lib::event::Event<wesp_lib::event::fs::volume::VolumeMount>::event_object_argument_from_source<wesp_lib::event::fs::volume::VolumeMount>	undefined event_object_argument_from_source<wesp_lib::event::fs::volume::VolumeMount>(void)	false	false	false
1801d7be0	419	wesp_lib::event::Event<wesp_lib::event::fs::volume::VolumeMount>::registry_key_argument_from_source<wesp_lib::event::fs::volume::VolumeMount>	undefined registry_key_argument_from_source<wesp_lib::event::fs::volume::VolumeMount>(void)	false	false	false
1801d7e60	286	wesp_lib::event::Event<wesp_lib::event::fs::volume::VolumeMount>::registry_key_object_argument_from_source<wesp_lib::event::fs::volume::VolumeMount>	undefined registry_key_object_argument_from_source<wesp_lib::event::fs::volume::VolumeMount>(void)	false	false	false
1801d8050	564	wesp_lib::event::Event<wesp_lib::event::fs::volume::VolumeMount>::ktm_transaction_argument_from_source<wesp_lib::event::fs::volume::VolumeMount>	undefined ktm_transaction_argument_from_source<wesp_lib::event::fs::volume::VolumeMount>(void)	false	false	false
1801d8360	46	wesp_lib::event::Event<wesp_lib::event::fs::file::FileSetSecurity>::event_object_argument_from_source<wesp_lib::event::fs::file::FileSetSecurity>	undefined event_object_argument_from_source<wesp_lib::event::fs::file::FileSetSecurity>(void)	false	false	false
1801d85f0	451	wesp_lib::event::Event<wesp_lib::event::fs::file::FileSetSecurity>::registry_key_argument_from_source<wesp_lib::event::fs::file::FileSetSecurity>	undefined registry_key_argument_from_source<wesp_lib::event::fs::file::FileSetSecurity>(void)	false	false	false
1801d8870	322	wesp_lib::event::Event<wesp_lib::event::fs::file::FileSetSecurity>::registry_key_object_argument_from_source<wesp_lib::event::fs::file::FileSetSecurity>	undefined registry_key_object_argument_from_source<wesp_lib::event::fs::file::FileSetSecurity>(void)	false	false	false
1801d8a70	597	wesp_lib::event::Event<wesp_lib::event::fs::file::FileSetSecurity>::ktm_transaction_argument_from_source<wesp_lib::event::fs::file::FileSetSecurity>	undefined ktm_transaction_argument_from_source<wesp_lib::event::fs::file::FileSetSecurity>(void)	false	false	false
1801d8d80	54	wesp_lib::event::Event<wesp_lib::event::registry::RegQueryValueKey>::event_object_argument_from_source<wesp_lib::event::registry::RegQueryValueKey>	undefined event_object_argument_from_source<wesp_lib::event::registry::RegQueryValueKey>(void)	false	false	false
1801d92d0	326	wesp_lib::event::Event<wesp_lib::event::registry::RegQueryValueKey>::registry_key_argument_from_source<wesp_lib::event::registry::RegQueryValueKey>	undefined registry_key_argument_from_source<wesp_lib::event::registry::RegQueryValueKey>(void)	false	false	false
1801d9420	278	wesp_lib::event::Event<wesp_lib::event::registry::RegQueryValueKey>::registry_key_object_argument_from_source<wesp_lib::event::registry::RegQueryValueKey>	undefined registry_key_object_argument_from_source<wesp_lib::event::registry::RegQueryValueKey>(void)	false	false	false
1801d9540	621	wesp_lib::event::Event<wesp_lib::event::registry::RegQueryValueKey>::ktm_transaction_argument_from_source<wesp_lib::event::registry::RegQueryValueKey>	undefined ktm_transaction_argument_from_source<wesp_lib::event::registry::RegQueryValueKey>(void)	false	false	false
1801d97b0	46	wesp_lib::event::Event<wesp_lib::event::registry::save_restore::RegRestoreKey>::event_object_argument_from_source<wesp_lib::event::registry::save_restore::RegRestoreKey>	undefined event_object_argument_from_source<wesp_lib::event::registry::save_restore::RegRestoreKey>(void)	false	false	false
1801d9a40	481	wesp_lib::event::Event<wesp_lib::event::registry::save_restore::RegRestoreKey>::registry_key_argument_from_source<wesp_lib::event::registry::save_restore::RegRestoreKey>	undefined registry_key_argument_from_source<wesp_lib::event::registry::save_restore::RegRestoreKey>(void)	false	false	false
1801d9c30	353	wesp_lib::event::Event<wesp_lib::event::registry::save_restore::RegRestoreKey>::registry_key_object_argument_from_source<wesp_lib::event::registry::save_restore::RegRestoreKey>	undefined registry_key_object_argument_from_source<wesp_lib::event::registry::save_restore::RegRestoreKey>(void)	false	false	false
1801d9da0	624	wesp_lib::event::Event<wesp_lib::event::registry::save_restore::RegRestoreKey>::ktm_transaction_argument_from_source<wesp_lib::event::registry::save_restore::RegRestoreKey>	undefined ktm_transaction_argument_from_source<wesp_lib::event::registry::save_restore::RegRestoreKey>(void)	false	false	false
1801da010	46	wesp_lib::event::Event<wesp_lib::event::fs::file::FileQueryInformation>::event_object_argument_from_source<wesp_lib::event::fs::file::FileQueryInformation>	undefined event_object_argument_from_source<wesp_lib::event::fs::file::FileQueryInformation>(void)	false	false	false
1801da2a0	362	wesp_lib::event::Event<wesp_lib::event::fs::file::FileQueryInformation>::registry_key_argument_from_source<wesp_lib::event::fs::file::FileQueryInformation>	undefined registry_key_argument_from_source<wesp_lib::event::fs::file::FileQueryInformation>(void)	false	false	false
1801da4f0	243	wesp_lib::event::Event<wesp_lib::event::fs::file::FileQueryInformation>::registry_key_object_argument_from_source<wesp_lib::event::fs::file::FileQueryInformation>	undefined registry_key_object_argument_from_source<wesp_lib::event::fs::file::FileQueryInformation>(void)	false	false	false
1801da6c0	500	wesp_lib::event::Event<wesp_lib::event::fs::file::FileQueryInformation>::ktm_transaction_argument_from_source<wesp_lib::event::fs::file::FileQueryInformation>	undefined ktm_transaction_argument_from_source<wesp_lib::event::fs::file::FileQueryInformation>(void)	false	false	false
1801da990	46	wesp_lib::event::Event<wesp_lib::event::fs::file::FileQueryDirectoryInformation>::event_object_argument_from_source<wesp_lib::event::fs::file::FileQueryDirectoryInformation>	undefined event_object_argument_from_source<wesp_lib::event::fs::file::FileQueryDirectoryInformation>(void)	false	false	false
1801dac20	445	wesp_lib::event::Event<wesp_lib::event::fs::file::FileQueryDirectoryInformation>::registry_key_argument_from_source<wesp_lib::event::fs::file::FileQueryDirectoryInformation>	undefined registry_key_argument_from_source<wesp_lib::event::fs::file::FileQueryDirectoryInformation>(void)	false	false	false
1801daec0	312	wesp_lib::event::Event<wesp_lib::event::fs::file::FileQueryDirectoryInformation>::registry_key_object_argument_from_source<wesp_lib::event::fs::file::FileQueryDirectoryInformation>	undefined registry_key_object_argument_from_source<wesp_lib::event::fs::file::FileQueryDirectoryInformation>(void)	false	false	false
1801db0d0	594	wesp_lib::event::Event<wesp_lib::event::fs::file::FileQueryDirectoryInformation>::ktm_transaction_argument_from_source<wesp_lib::event::fs::file::FileQueryDirectoryInformation>	undefined ktm_transaction_argument_from_source<wesp_lib::event::fs::file::FileQueryDirectoryInformation>(void)	false	false	false
1801db400	57	wesp_lib::event::Event<wesp_lib::event::thread::ThreadCreate>::event_object_argument_from_source<wesp_lib::event::thread::ThreadCreate>	undefined event_object_argument_from_source<wesp_lib::event::thread::ThreadCreate>(void)	false	false	false
1801db8a0	431	wesp_lib::event::Event<wesp_lib::event::thread::ThreadCreate>::registry_key_argument_from_source<wesp_lib::event::thread::ThreadCreate>	undefined registry_key_argument_from_source<wesp_lib::event::thread::ThreadCreate>(void)	false	false	false
1801dba50	652	wesp_lib::event::Event<wesp_lib::event::thread::ThreadCreate>::ktm_transaction_argument_from_source<wesp_lib::event::thread::ThreadCreate>	undefined ktm_transaction_argument_from_source<wesp_lib::event::thread::ThreadCreate>(void)	false	false	false
1801dbce0	46	wesp_lib::event::Event<wesp_lib::event::fs::file::FileFsctl>::event_object_argument_from_source<wesp_lib::event::fs::file::FileFsctl>	undefined event_object_argument_from_source<wesp_lib::event::fs::file::FileFsctl>(void)	false	false	false
1801dbf70	277	wesp_lib::event::Event<wesp_lib::event::fs::file::FileFsctl>::registry_key_argument_from_source<wesp_lib::event::fs::file::FileFsctl>	undefined registry_key_argument_from_source<wesp_lib::event::fs::file::FileFsctl>(void)	false	false	false
1801dc1f0	155	wesp_lib::event::Event<wesp_lib::event::fs::file::FileFsctl>::registry_key_object_argument_from_source<wesp_lib::event::fs::file::FileFsctl>	undefined registry_key_object_argument_from_source<wesp_lib::event::fs::file::FileFsctl>(void)	false	false	false
1801dc3f0	426	wesp_lib::event::Event<wesp_lib::event::fs::file::FileFsctl>::ktm_transaction_argument_from_source<wesp_lib::event::fs::file::FileFsctl>	undefined ktm_transaction_argument_from_source<wesp_lib::event::fs::file::FileFsctl>(void)	false	false	false
1801dc700	46	wesp_lib::event::Event<wesp_lib::event::fs::file::FileWrite>::event_object_argument_from_source<wesp_lib::event::fs::file::FileWrite>	undefined event_object_argument_from_source<wesp_lib::event::fs::file::FileWrite>(void)	false	false	false
1801dc990	281	wesp_lib::event::Event<wesp_lib::event::fs::file::FileWrite>::registry_key_argument_from_source<wesp_lib::event::fs::file::FileWrite>	undefined registry_key_argument_from_source<wesp_lib::event::fs::file::FileWrite>(void)	false	false	false
1801dcc30	155	wesp_lib::event::Event<wesp_lib::event::fs::file::FileWrite>::registry_key_object_argument_from_source<wesp_lib::event::fs::file::FileWrite>	undefined registry_key_object_argument_from_source<wesp_lib::event::fs::file::FileWrite>(void)	false	false	false
1801dce60	426	wesp_lib::event::Event<wesp_lib::event::fs::file::FileWrite>::ktm_transaction_argument_from_source<wesp_lib::event::fs::file::FileWrite>	undefined ktm_transaction_argument_from_source<wesp_lib::event::fs::file::FileWrite>(void)	false	false	false
1801dd190	56	wesp_lib::event::Event<wesp_lib::event::fs::file::KtmTransactionCommit>::event_object_argument_from_source<wesp_lib::event::fs::file::KtmTransactionCommit>	undefined event_object_argument_from_source<wesp_lib::event::fs::file::KtmTransactionCommit>(void)	false	false	false
1801dda00	356	wesp_lib::event::Event<wesp_lib::event::fs::file::KtmTransactionCommit>::ktm_transaction_argument_from_source<wesp_lib::event::fs::file::KtmTransactionCommit>	undefined ktm_transaction_argument_from_source<wesp_lib::event::fs::file::KtmTransactionCommit>(void)	false	false	false
1801ddb70	46	wesp_lib::event::Event<wesp_lib::event::registry::RegLoadKey>::event_object_argument_from_source<wesp_lib::event::registry::RegLoadKey>	undefined event_object_argument_from_source<wesp_lib::event::registry::RegLoadKey>(void)	false	false	false
1801dde00	270	wesp_lib::event::Event<wesp_lib::event::registry::RegLoadKey>::registry_key_argument_from_source<wesp_lib::event::registry::RegLoadKey>	undefined registry_key_argument_from_source<wesp_lib::event::registry::RegLoadKey>(void)	false	false	false
1801de060	137	wesp_lib::event::Event<wesp_lib::event::registry::RegLoadKey>::registry_key_object_argument_from_source<wesp_lib::event::registry::RegLoadKey>	undefined registry_key_object_argument_from_source<wesp_lib::event::registry::RegLoadKey>(void)	false	false	false
1801de290	408	wesp_lib::event::Event<wesp_lib::event::registry::RegLoadKey>::ktm_transaction_argument_from_source<wesp_lib::event::registry::RegLoadKey>	undefined ktm_transaction_argument_from_source<wesp_lib::event::registry::RegLoadKey>(void)	false	false	false
1801de580	57	wesp_lib::event::Event<wesp_lib::event::registry::RegEnumValueKey>::event_object_argument_from_source<wesp_lib::event::registry::RegEnumValueKey>	undefined event_object_argument_from_source<wesp_lib::event::registry::RegEnumValueKey>(void)	false	false	false
1801deac0	346	wesp_lib::event::Event<wesp_lib::event::registry::RegEnumValueKey>::registry_key_argument_from_source<wesp_lib::event::registry::RegEnumValueKey>	undefined registry_key_argument_from_source<wesp_lib::event::registry::RegEnumValueKey>(void)	false	false	false
1801dec20	253	wesp_lib::event::Event<wesp_lib::event::registry::RegEnumValueKey>::registry_key_object_argument_from_source<wesp_lib::event::registry::RegEnumValueKey>	undefined registry_key_object_argument_from_source<wesp_lib::event::registry::RegEnumValueKey>(void)	false	false	false
1801ded20	645	wesp_lib::event::Event<wesp_lib::event::registry::RegEnumValueKey>::ktm_transaction_argument_from_source<wesp_lib::event::registry::RegEnumValueKey>	undefined ktm_transaction_argument_from_source<wesp_lib::event::registry::RegEnumValueKey>(void)	false	false	false
1801defb0	57	wesp_lib::event::Event<wesp_lib::event::registry::RegEnumKey>::event_object_argument_from_source<wesp_lib::event::registry::RegEnumKey>	undefined event_object_argument_from_source<wesp_lib::event::registry::RegEnumKey>(void)	false	false	false
1801df4f0	346	wesp_lib::event::Event<wesp_lib::event::registry::RegEnumKey>::registry_key_argument_from_source<wesp_lib::event::registry::RegEnumKey>	undefined registry_key_argument_from_source<wesp_lib::event::registry::RegEnumKey>(void)	false	false	false
1801df650	253	wesp_lib::event::Event<wesp_lib::event::registry::RegEnumKey>::registry_key_object_argument_from_source<wesp_lib::event::registry::RegEnumKey>	undefined registry_key_object_argument_from_source<wesp_lib::event::registry::RegEnumKey>(void)	false	false	false
1801df750	645	wesp_lib::event::Event<wesp_lib::event::registry::RegEnumKey>::ktm_transaction_argument_from_source<wesp_lib::event::registry::RegEnumKey>	undefined ktm_transaction_argument_from_source<wesp_lib::event::registry::RegEnumKey>(void)	false	false	false
1801df9e0	46	wesp_lib::event::Event<wesp_lib::event::fs::file::FileSetInformation>::event_object_argument_from_source<wesp_lib::event::fs::file::FileSetInformation>	undefined event_object_argument_from_source<wesp_lib::event::fs::file::FileSetInformation>(void)	false	false	false
1801dfc70	355	wesp_lib::event::Event<wesp_lib::event::fs::file::FileSetInformation>::registry_key_argument_from_source<wesp_lib::event::fs::file::FileSetInformation>	undefined registry_key_argument_from_source<wesp_lib::event::fs::file::FileSetInformation>(void)	false	false	false
1801dfe80	223	wesp_lib::event::Event<wesp_lib::event::fs::file::FileSetInformation>::registry_key_object_argument_from_source<wesp_lib::event::fs::file::FileSetInformation>	undefined registry_key_object_argument_from_source<wesp_lib::event::fs::file::FileSetInformation>(void)	false	false	false
1801dffe0	494	wesp_lib::event::Event<wesp_lib::event::fs::file::FileSetInformation>::ktm_transaction_argument_from_source<wesp_lib::event::fs::file::FileSetInformation>	undefined ktm_transaction_argument_from_source<wesp_lib::event::fs::file::FileSetInformation>(void)	false	false	false
1801e0260	46	wesp_lib::event::Event<wesp_lib::event::fs::pipe::PipeCreate>::event_object_argument_from_source<wesp_lib::event::fs::pipe::PipeCreate>	undefined event_object_argument_from_source<wesp_lib::event::fs::pipe::PipeCreate>(void)	false	false	false
1801e04f0	355	wesp_lib::event::Event<wesp_lib::event::fs::pipe::PipeCreate>::registry_key_argument_from_source<wesp_lib::event::fs::pipe::PipeCreate>	undefined registry_key_argument_from_source<wesp_lib::event::fs::pipe::PipeCreate>(void)	false	false	false
1801e0700	223	wesp_lib::event::Event<wesp_lib::event::fs::pipe::PipeCreate>::registry_key_object_argument_from_source<wesp_lib::event::fs::pipe::PipeCreate>	undefined registry_key_object_argument_from_source<wesp_lib::event::fs::pipe::PipeCreate>(void)	false	false	false
1801e0860	494	wesp_lib::event::Event<wesp_lib::event::fs::pipe::PipeCreate>::ktm_transaction_argument_from_source<wesp_lib::event::fs::pipe::PipeCreate>	undefined ktm_transaction_argument_from_source<wesp_lib::event::fs::pipe::PipeCreate>(void)	false	false	false
1801e0ae0	54	wesp_lib::event::Event<wesp_lib::event::thread::ThreadStart>::event_object_argument_from_source<wesp_lib::event::thread::ThreadStart>	undefined event_object_argument_from_source<wesp_lib::event::thread::ThreadStart>(void)	false	false	false
1801e14c0	424	wesp_lib::event::Event<wesp_lib::event::thread::ThreadStart>::ktm_transaction_argument_from_source<wesp_lib::event::thread::ThreadStart>	undefined ktm_transaction_argument_from_source<wesp_lib::event::thread::ThreadStart>(void)	false	false	false
1801e1670	46	wesp_lib::event::Event<wesp_lib::event::process::ProcessCreate>::event_object_argument_from_source<wesp_lib::event::process::ProcessCreate>	undefined event_object_argument_from_source<wesp_lib::event::process::ProcessCreate>(void)	false	false	false
1801e1900	274	wesp_lib::event::Event<wesp_lib::event::process::ProcessCreate>::registry_key_argument_from_source<wesp_lib::event::process::ProcessCreate>	undefined registry_key_argument_from_source<wesp_lib::event::process::ProcessCreate>(void)	false	false	false
1801e1af0	136	wesp_lib::event::Event<wesp_lib::event::process::ProcessCreate>::registry_key_object_argument_from_source<wesp_lib::event::process::ProcessCreate>	undefined registry_key_object_argument_from_source<wesp_lib::event::process::ProcessCreate>(void)	false	false	false
1801e1c60	415	wesp_lib::event::Event<wesp_lib::event::process::ProcessCreate>::ktm_transaction_argument_from_source<wesp_lib::event::process::ProcessCreate>	undefined ktm_transaction_argument_from_source<wesp_lib::event::process::ProcessCreate>(void)	false	false	false
1801e1ed0	46	wesp_lib::event::Event<wesp_lib::event::registry::RegDeleteValueKey>::event_object_argument_from_source<wesp_lib::event::registry::RegDeleteValueKey>	undefined event_object_argument_from_source<wesp_lib::event::registry::RegDeleteValueKey>(void)	false	false	false
1801e2160	359	wesp_lib::event::Event<wesp_lib::event::registry::RegDeleteValueKey>::registry_key_argument_from_source<wesp_lib::event::registry::RegDeleteValueKey>	undefined registry_key_argument_from_source<wesp_lib::event::registry::RegDeleteValueKey>(void)	false	false	false
1801e2370	227	wesp_lib::event::Event<wesp_lib::event::registry::RegDeleteValueKey>::registry_key_object_argument_from_source<wesp_lib::event::registry::RegDeleteValueKey>	undefined registry_key_object_argument_from_source<wesp_lib::event::registry::RegDeleteValueKey>(void)	false	false	false
1801e24e0	506	wesp_lib::event::Event<wesp_lib::event::registry::RegDeleteValueKey>::ktm_transaction_argument_from_source<wesp_lib::event::registry::RegDeleteValueKey>	undefined ktm_transaction_argument_from_source<wesp_lib::event::registry::RegDeleteValueKey>(void)	false	false	false
1801e2770	46	wesp_lib::event::Event<wesp_lib::event::registry::RegSetValueKey>::event_object_argument_from_source<wesp_lib::event::registry::RegSetValueKey>	undefined event_object_argument_from_source<wesp_lib::event::registry::RegSetValueKey>(void)	false	false	false
1801e2a00	355	wesp_lib::event::Event<wesp_lib::event::registry::RegSetValueKey>::registry_key_argument_from_source<wesp_lib::event::registry::RegSetValueKey>	undefined registry_key_argument_from_source<wesp_lib::event::registry::RegSetValueKey>(void)	false	false	false
1801e2c10	223	wesp_lib::event::Event<wesp_lib::event::registry::RegSetValueKey>::registry_key_object_argument_from_source<wesp_lib::event::registry::RegSetValueKey>	undefined registry_key_object_argument_from_source<wesp_lib::event::registry::RegSetValueKey>(void)	false	false	false
1801e2d70	494	wesp_lib::event::Event<wesp_lib::event::registry::RegSetValueKey>::ktm_transaction_argument_from_source<wesp_lib::event::registry::RegSetValueKey>	undefined ktm_transaction_argument_from_source<wesp_lib::event::registry::RegSetValueKey>(void)	false	false	false
1801e2ff0	46	wesp_lib::event::Event<wesp_lib::event::fs::file::FileCleanup>::event_object_argument_from_source<wesp_lib::event::fs::file::FileCleanup>	undefined event_object_argument_from_source<wesp_lib::event::fs::file::FileCleanup>(void)	false	false	false
1801e3280	249	wesp_lib::event::Event<wesp_lib::event::fs::file::FileCleanup>::registry_key_argument_from_source<wesp_lib::event::fs::file::FileCleanup>	undefined registry_key_argument_from_source<wesp_lib::event::fs::file::FileCleanup>(void)	false	false	false
1801e34a0	132	wesp_lib::event::Event<wesp_lib::event::fs::file::FileCleanup>::registry_key_object_argument_from_source<wesp_lib::event::fs::file::FileCleanup>	undefined registry_key_object_argument_from_source<wesp_lib::event::fs::file::FileCleanup>(void)	false	false	false
1801e3650	379	wesp_lib::event::Event<wesp_lib::event::fs::file::FileCleanup>::ktm_transaction_argument_from_source<wesp_lib::event::fs::file::FileCleanup>	undefined ktm_transaction_argument_from_source<wesp_lib::event::fs::file::FileCleanup>(void)	false	false	false
1801e3900	46	wesp_lib::event::Event<wesp_lib::event::fs::file::FileCreateSection>::event_object_argument_from_source<wesp_lib::event::fs::file::FileCreateSection>	undefined event_object_argument_from_source<wesp_lib::event::fs::file::FileCreateSection>(void)	false	false	false
1801e3b90	277	wesp_lib::event::Event<wesp_lib::event::fs::file::FileCreateSection>::registry_key_argument_from_source<wesp_lib::event::fs::file::FileCreateSection>	undefined registry_key_argument_from_source<wesp_lib::event::fs::file::FileCreateSection>(void)	false	false	false
1801e3e10	155	wesp_lib::event::Event<wesp_lib::event::fs::file::FileCreateSection>::registry_key_object_argument_from_source<wesp_lib::event::fs::file::FileCreateSection>	undefined registry_key_object_argument_from_source<wesp_lib::event::fs::file::FileCreateSection>(void)	false	false	false
1801e4010	426	wesp_lib::event::Event<wesp_lib::event::fs::file::FileCreateSection>::ktm_transaction_argument_from_source<wesp_lib::event::fs::file::FileCreateSection>	undefined ktm_transaction_argument_from_source<wesp_lib::event::fs::file::FileCreateSection>(void)	false	false	false
1801e4320	46	wesp_lib::event::Event<wesp_lib::event::fs::file::FileRead>::event_object_argument_from_source<wesp_lib::event::fs::file::FileRead>	undefined event_object_argument_from_source<wesp_lib::event::fs::file::FileRead>(void)	false	false	false
1801e45b0	376	wesp_lib::event::Event<wesp_lib::event::fs::file::FileRead>::registry_key_argument_from_source<wesp_lib::event::fs::file::FileRead>	undefined registry_key_argument_from_source<wesp_lib::event::fs::file::FileRead>(void)	false	false	false
1801e4800	260	wesp_lib::event::Event<wesp_lib::event::fs::file::FileRead>::registry_key_object_argument_from_source<wesp_lib::event::fs::file::FileRead>	undefined registry_key_object_argument_from_source<wesp_lib::event::fs::file::FileRead>(void)	false	false	false
1801e49e0	525	wesp_lib::event::Event<wesp_lib::event::fs::file::FileRead>::ktm_transaction_argument_from_source<wesp_lib::event::fs::file::FileRead>	undefined ktm_transaction_argument_from_source<wesp_lib::event::fs::file::FileRead>(void)	false	false	false
1801e4cd0	46	wesp_lib::event::Event<wesp_lib::event::registry::save_restore::RegSaveKey>::event_object_argument_from_source<wesp_lib::event::registry::save_restore::RegSaveKey>	undefined event_object_argument_from_source<wesp_lib::event::registry::save_restore::RegSaveKey>(void)	false	false	false
1801e4f60	481	wesp_lib::event::Event<wesp_lib::event::registry::save_restore::RegSaveKey>::registry_key_argument_from_source<wesp_lib::event::registry::save_restore::RegSaveKey>	undefined registry_key_argument_from_source<wesp_lib::event::registry::save_restore::RegSaveKey>(void)	false	false	false
1801e5150	353	wesp_lib::event::Event<wesp_lib::event::registry::save_restore::RegSaveKey>::registry_key_object_argument_from_source<wesp_lib::event::registry::save_restore::RegSaveKey>	undefined registry_key_object_argument_from_source<wesp_lib::event::registry::save_restore::RegSaveKey>(void)	false	false	false
1801e52c0	624	wesp_lib::event::Event<wesp_lib::event::registry::save_restore::RegSaveKey>::ktm_transaction_argument_from_source<wesp_lib::event::registry::save_restore::RegSaveKey>	undefined ktm_transaction_argument_from_source<wesp_lib::event::registry::save_restore::RegSaveKey>(void)	false	false	false
1801e5530	46	wesp_lib::event::Event<wesp_lib::event::fs::file::FileCreate>::event_object_argument_from_source<wesp_lib::event::fs::file::FileCreate>	undefined event_object_argument_from_source<wesp_lib::event::fs::file::FileCreate>(void)	false	false	false
1801e57c0	355	wesp_lib::event::Event<wesp_lib::event::fs::file::FileCreate>::registry_key_argument_from_source<wesp_lib::event::fs::file::FileCreate>	undefined registry_key_argument_from_source<wesp_lib::event::fs::file::FileCreate>(void)	false	false	false
1801e59d0	223	wesp_lib::event::Event<wesp_lib::event::fs::file::FileCreate>::registry_key_object_argument_from_source<wesp_lib::event::fs::file::FileCreate>	undefined registry_key_object_argument_from_source<wesp_lib::event::fs::file::FileCreate>(void)	false	false	false
1801e5b30	494	wesp_lib::event::Event<wesp_lib::event::fs::file::FileCreate>::ktm_transaction_argument_from_source<wesp_lib::event::fs::file::FileCreate>	undefined ktm_transaction_argument_from_source<wesp_lib::event::fs::file::FileCreate>(void)	false	false	false
1801e5db0	54	wesp_lib::event::Event<wesp_lib::event::registry::RegSetKeySecurity>::event_object_argument_from_source<wesp_lib::event::registry::RegSetKeySecurity>	undefined event_object_argument_from_source<wesp_lib::event::registry::RegSetKeySecurity>(void)	false	false	false
1801e62c0	300	wesp_lib::event::Event<wesp_lib::event::registry::RegSetKeySecurity>::registry_key_argument_from_source<wesp_lib::event::registry::RegSetKeySecurity>	undefined registry_key_argument_from_source<wesp_lib::event::registry::RegSetKeySecurity>(void)	false	false	false
1801e63f0	293	wesp_lib::event::Event<wesp_lib::event::registry::RegSetKeySecurity>::registry_key_object_argument_from_source<wesp_lib::event::registry::RegSetKeySecurity>	undefined registry_key_object_argument_from_source<wesp_lib::event::registry::RegSetKeySecurity>(void)	false	false	false
1801e6520	577	wesp_lib::event::Event<wesp_lib::event::registry::RegSetKeySecurity>::ktm_transaction_argument_from_source<wesp_lib::event::registry::RegSetKeySecurity>	undefined ktm_transaction_argument_from_source<wesp_lib::event::registry::RegSetKeySecurity>(void)	false	false	false
1801e6770	46	wesp_lib::event::Event<wesp_lib::event::object_manager::ObHandleCreate>::event_object_argument_from_source<wesp_lib::event::object_manager::ObHandleCreate>	undefined event_object_argument_from_source<wesp_lib::event::object_manager::ObHandleCreate>(void)	false	false	false
1801e6a00	355	wesp_lib::event::Event<wesp_lib::event::object_manager::ObHandleCreate>::registry_key_argument_from_source<wesp_lib::event::object_manager::ObHandleCreate>	undefined registry_key_argument_from_source<wesp_lib::event::object_manager::ObHandleCreate>(void)	false	false	false
1801e6c10	223	wesp_lib::event::Event<wesp_lib::event::object_manager::ObHandleCreate>::registry_key_object_argument_from_source<wesp_lib::event::object_manager::ObHandleCreate>	undefined registry_key_object_argument_from_source<wesp_lib::event::object_manager::ObHandleCreate>(void)	false	false	false
1801e6d70	494	wesp_lib::event::Event<wesp_lib::event::object_manager::ObHandleCreate>::ktm_transaction_argument_from_source<wesp_lib::event::object_manager::ObHandleCreate>	undefined ktm_transaction_argument_from_source<wesp_lib::event::object_manager::ObHandleCreate>(void)	false	false	false
1801e6ff0	56	wesp_lib::event::Event<wesp_lib::event::registry::RegDeleteKey>::event_object_argument_from_source<wesp_lib::event::registry::RegDeleteKey>	undefined event_object_argument_from_source<wesp_lib::event::registry::RegDeleteKey>(void)	false	false	false
1801e7a00	456	wesp_lib::event::Event<wesp_lib::event::registry::RegDeleteKey>::ktm_transaction_argument_from_source<wesp_lib::event::registry::RegDeleteKey>	undefined ktm_transaction_argument_from_source<wesp_lib::event::registry::RegDeleteKey>(void)	false	false	false
1801e7bd0	46	wesp_lib::event::Event<wesp_lib::event::fs::file::FileQueryOpen>::event_object_argument_from_source<wesp_lib::event::fs::file::FileQueryOpen>	undefined event_object_argument_from_source<wesp_lib::event::fs::file::FileQueryOpen>(void)	false	false	false
1801e7e60	408	wesp_lib::event::Event<wesp_lib::event::fs::file::FileQueryOpen>::registry_key_argument_from_source<wesp_lib::event::fs::file::FileQueryOpen>	undefined registry_key_argument_from_source<wesp_lib::event::fs::file::FileQueryOpen>(void)	false	false	false
1801e80c0	280	wesp_lib::event::Event<wesp_lib::event::fs::file::FileQueryOpen>::registry_key_object_argument_from_source<wesp_lib::event::fs::file::FileQueryOpen>	undefined registry_key_object_argument_from_source<wesp_lib::event::fs::file::FileQueryOpen>(void)	false	false	false
1801e82a0	554	wesp_lib::event::Event<wesp_lib::event::fs::file::FileQueryOpen>::ktm_transaction_argument_from_source<wesp_lib::event::fs::file::FileQueryOpen>	undefined ktm_transaction_argument_from_source<wesp_lib::event::fs::file::FileQueryOpen>(void)	false	false	false
1801e8590	57	wesp_lib::event::Event<wesp_lib::event::registry::RegQueryKey>::event_object_argument_from_source<wesp_lib::event::registry::RegQueryKey>	undefined event_object_argument_from_source<wesp_lib::event::registry::RegQueryKey>(void)	false	false	false
1801e8a70	324	wesp_lib::event::Event<wesp_lib::event::registry::RegQueryKey>::registry_key_argument_from_source<wesp_lib::event::registry::RegQueryKey>	undefined registry_key_argument_from_source<wesp_lib::event::registry::RegQueryKey>(void)	false	false	false
1801e8bc0	222	wesp_lib::event::Event<wesp_lib::event::registry::RegQueryKey>::registry_key_object_argument_from_source<wesp_lib::event::registry::RegQueryKey>	undefined registry_key_object_argument_from_source<wesp_lib::event::registry::RegQueryKey>(void)	false	false	false
1801e8ca0	579	wesp_lib::event::Event<wesp_lib::event::registry::RegQueryKey>::ktm_transaction_argument_from_source<wesp_lib::event::registry::RegQueryKey>	undefined ktm_transaction_argument_from_source<wesp_lib::event::registry::RegQueryKey>(void)	false	false	false
1801e8ef0	46	wesp_lib::event::Event<wesp_lib::event::registry::RegOpenKey>::event_object_argument_from_source<wesp_lib::event::registry::RegOpenKey>	undefined event_object_argument_from_source<wesp_lib::event::registry::RegOpenKey>(void)	false	false	false
1801e9180	243	wesp_lib::event::Event<wesp_lib::event::registry::RegOpenKey>::registry_key_argument_from_source<wesp_lib::event::registry::RegOpenKey>	undefined registry_key_argument_from_source<wesp_lib::event::registry::RegOpenKey>(void)	false	false	false
1801e9370	131	wesp_lib::event::Event<wesp_lib::event::registry::RegOpenKey>::registry_key_object_argument_from_source<wesp_lib::event::registry::RegOpenKey>	undefined registry_key_object_argument_from_source<wesp_lib::event::registry::RegOpenKey>(void)	false	false	false
1801e94f0	385	wesp_lib::event::Event<wesp_lib::event::registry::RegOpenKey>::ktm_transaction_argument_from_source<wesp_lib::event::registry::RegOpenKey>	undefined ktm_transaction_argument_from_source<wesp_lib::event::registry::RegOpenKey>(void)	false	false	false
1801e9760	46	wesp_lib::event::Event<wesp_lib::event::fs::file::FileLock>::event_object_argument_from_source<wesp_lib::event::fs::file::FileLock>	undefined event_object_argument_from_source<wesp_lib::event::fs::file::FileLock>(void)	false	false	false
1801e99f0	355	wesp_lib::event::Event<wesp_lib::event::fs::file::FileLock>::registry_key_argument_from_source<wesp_lib::event::fs::file::FileLock>	undefined registry_key_argument_from_source<wesp_lib::event::fs::file::FileLock>(void)	false	false	false
1801e9c00	223	wesp_lib::event::Event<wesp_lib::event::fs::file::FileLock>::registry_key_object_argument_from_source<wesp_lib::event::fs::file::FileLock>	undefined registry_key_object_argument_from_source<wesp_lib::event::fs::file::FileLock>(void)	false	false	false
1801e9d60	494	wesp_lib::event::Event<wesp_lib::event::fs::file::FileLock>::ktm_transaction_argument_from_source<wesp_lib::event::fs::file::FileLock>	undefined ktm_transaction_argument_from_source<wesp_lib::event::fs::file::FileLock>(void)	false	false	false
1801e9fe0	46	wesp_lib::event::Event<wesp_lib::event::fs::mailslot::MailslotCreate>::event_object_argument_from_source<wesp_lib::event::fs::mailslot::MailslotCreate>	undefined event_object_argument_from_source<wesp_lib::event::fs::mailslot::MailslotCreate>(void)	false	false	false
1801ea270	355	wesp_lib::event::Event<wesp_lib::event::fs::mailslot::MailslotCreate>::registry_key_argument_from_source<wesp_lib::event::fs::mailslot::MailslotCreate>	undefined registry_key_argument_from_source<wesp_lib::event::fs::mailslot::MailslotCreate>(void)	false	false	false
1801ea480	223	wesp_lib::event::Event<wesp_lib::event::fs::mailslot::MailslotCreate>::registry_key_object_argument_from_source<wesp_lib::event::fs::mailslot::MailslotCreate>	undefined registry_key_object_argument_from_source<wesp_lib::event::fs::mailslot::MailslotCreate>(void)	false	false	false
1801ea5e0	494	wesp_lib::event::Event<wesp_lib::event::fs::mailslot::MailslotCreate>::ktm_transaction_argument_from_source<wesp_lib::event::fs::mailslot::MailslotCreate>	undefined ktm_transaction_argument_from_source<wesp_lib::event::fs::mailslot::MailslotCreate>(void)	false	false	false
1801ea860	56	wesp_lib::event::Event<wesp_lib::event::fs::volume::VolumeDismount>::event_object_argument_from_source<wesp_lib::event::fs::volume::VolumeDismount>	undefined event_object_argument_from_source<wesp_lib::event::fs::volume::VolumeDismount>(void)	false	false	false
1801eb290	424	wesp_lib::event::Event<wesp_lib::event::fs::volume::VolumeDismount>::ktm_transaction_argument_from_source<wesp_lib::event::fs::volume::VolumeDismount>	undefined ktm_transaction_argument_from_source<wesp_lib::event::fs::volume::VolumeDismount>(void)	false	false	false
1801eb440	46	wesp_lib::event::Event<wesp_lib::event::fs::file::FileOpen>::event_object_argument_from_source<wesp_lib::event::fs::file::FileOpen>	undefined event_object_argument_from_source<wesp_lib::event::fs::file::FileOpen>(void)	false	false	false
1801eb6d0	355	wesp_lib::event::Event<wesp_lib::event::fs::file::FileOpen>::registry_key_argument_from_source<wesp_lib::event::fs::file::FileOpen>	undefined registry_key_argument_from_source<wesp_lib::event::fs::file::FileOpen>(void)	false	false	false
1801eb8e0	223	wesp_lib::event::Event<wesp_lib::event::fs::file::FileOpen>::registry_key_object_argument_from_source<wesp_lib::event::fs::file::FileOpen>	undefined registry_key_object_argument_from_source<wesp_lib::event::fs::file::FileOpen>(void)	false	false	false
1801eba40	494	wesp_lib::event::Event<wesp_lib::event::fs::file::FileOpen>::ktm_transaction_argument_from_source<wesp_lib::event::fs::file::FileOpen>	undefined ktm_transaction_argument_from_source<wesp_lib::event::fs::file::FileOpen>(void)	false	false	false
1801ebcc0	52	wesp_lib::event::Event<wesp_lib::event::registry::RegReplaceKey>::event_object_argument_from_source<wesp_lib::event::registry::RegReplaceKey>	undefined event_object_argument_from_source<wesp_lib::event::registry::RegReplaceKey>(void)	false	false	false
1801ec200	397	wesp_lib::event::Event<wesp_lib::event::registry::RegReplaceKey>::registry_key_argument_from_source<wesp_lib::event::registry::RegReplaceKey>	undefined registry_key_argument_from_source<wesp_lib::event::registry::RegReplaceKey>(void)	false	false	false
1801ec390	279	wesp_lib::event::Event<wesp_lib::event::registry::RegReplaceKey>::registry_key_object_argument_from_source<wesp_lib::event::registry::RegReplaceKey>	undefined registry_key_object_argument_from_source<wesp_lib::event::registry::RegReplaceKey>(void)	false	false	false
1801ec4b0	734	wesp_lib::event::Event<wesp_lib::event::registry::RegReplaceKey>::ktm_transaction_argument_from_source<wesp_lib::event::registry::RegReplaceKey>	undefined ktm_transaction_argument_from_source<wesp_lib::event::registry::RegReplaceKey>(void)	false	false	false
1801ec790	54	wesp_lib::event::Event<wesp_lib::event::registry::RegRenameKey>::event_object_argument_from_source<wesp_lib::event::registry::RegRenameKey>	undefined event_object_argument_from_source<wesp_lib::event::registry::RegRenameKey>(void)	false	false	false
1801ed020	173	wesp_lib::event::Event<wesp_lib::event::registry::RegRenameKey>::registry_key_object_argument_from_source<wesp_lib::event::registry::RegRenameKey>	undefined registry_key_object_argument_from_source<wesp_lib::event::registry::RegRenameKey>(void)	false	false	false
1801ed0d0	493	wesp_lib::event::Event<wesp_lib::event::registry::RegRenameKey>::ktm_transaction_argument_from_source<wesp_lib::event::registry::RegRenameKey>	undefined ktm_transaction_argument_from_source<wesp_lib::event::registry::RegRenameKey>(void)	false	false	false
1801ed2c0	56	wesp_lib::event::Event<wesp_lib::event::process::ProcessTerminate>::event_object_argument_from_source<wesp_lib::event::process::ProcessTerminate>	undefined event_object_argument_from_source<wesp_lib::event::process::ProcessTerminate>(void)	false	false	false
1801edcf0	424	wesp_lib::event::Event<wesp_lib::event::process::ProcessTerminate>::ktm_transaction_argument_from_source<wesp_lib::event::process::ProcessTerminate>	undefined ktm_transaction_argument_from_source<wesp_lib::event::process::ProcessTerminate>(void)	false	false	false
1801edea0	46	wesp_lib::event::Event<wesp_lib::event::fs::file::SetEa>::event_object_argument_from_source<wesp_lib::event::fs::file::SetEa>	undefined event_object_argument_from_source<wesp_lib::event::fs::file::SetEa>(void)	false	false	false
1801ee130	355	wesp_lib::event::Event<wesp_lib::event::fs::file::SetEa>::registry_key_argument_from_source<wesp_lib::event::fs::file::SetEa>	undefined registry_key_argument_from_source<wesp_lib::event::fs::file::SetEa>(void)	false	false	false
1801ee340	223	wesp_lib::event::Event<wesp_lib::event::fs::file::SetEa>::registry_key_object_argument_from_source<wesp_lib::event::fs::file::SetEa>	undefined registry_key_object_argument_from_source<wesp_lib::event::fs::file::SetEa>(void)	false	false	false
1801ee4a0	494	wesp_lib::event::Event<wesp_lib::event::fs::file::SetEa>::ktm_transaction_argument_from_source<wesp_lib::event::fs::file::SetEa>	undefined ktm_transaction_argument_from_source<wesp_lib::event::fs::file::SetEa>(void)	false	false	false
1801ee720	437	wesp_lib::event::PostOperationClientMap::get	undefined get(void)	false	false	false
1801ee8e0	1119	wesp_lib::event::PostOperationClientMap::insert	undefined insert(void)	false	false	false
1801eed40	34	wesp_lib::filter::stored::impl$53::from	undefined from(void)	false	false	false
1801eeed0	50	wesp_lib::filter::stored::impl$51::try_from	undefined try_from(void)	false	false	false
1801ef140	50	wesp_lib::filter::stored::impl$52::try_from	undefined try_from(void)	false	false	false
1801ef430	44	wesp_lib::filter::stored::impl$50::try_from	undefined try_from(void)	false	false	false
1801ef6d0	295	enum2$<wesp_lib::filter::property::MemoryAddressBasicEventObjectProperty>::read<wesp_lib::event::registry::RegSetKeySecurity>	undefined read<wesp_lib::event::registry::RegSetKeySecurity>(void)	false	false	false
1801ef800	323	enum2$<wesp_lib::filter::property::MemoryAddressBasicEventObjectProperty>::read<wesp_lib::event::registry::RegEnumValueKey>	undefined read<wesp_lib::event::registry::RegEnumValueKey>(void)	false	false	false
1801ef950	362	enum2$<wesp_lib::filter::property::MemoryAddressBasicEventObjectProperty>::read<wesp_lib::event::registry::RegReplaceKey>	undefined read<wesp_lib::event::registry::RegReplaceKey>(void)	false	false	false
1801efac0	281	enum2$<wesp_lib::filter::property::MemoryAddressBasicEventObjectProperty>::read<wesp_lib::event::registry::RegQueryKey>	undefined read<wesp_lib::event::registry::RegQueryKey>(void)	false	false	false
1801efbe0	316	enum2$<wesp_lib::filter::property::MemoryAddressBasicEventObjectProperty>::read<wesp_lib::event::registry::RegQueryValueKey>	undefined read<wesp_lib::event::registry::RegQueryValueKey>(void)	false	false	false
1801efd20	323	enum2$<wesp_lib::filter::property::MemoryAddressBasicEventObjectProperty>::read<wesp_lib::event::registry::RegEnumKey>	undefined read<wesp_lib::event::registry::RegEnumKey>(void)	false	false	false
1801efe70	226	enum2$<wesp_lib::filter::property::SecurityDescriptorEventObjectProperty>::read<wesp_lib::event::registry::RegSetKeySecurity>	undefined read<wesp_lib::event::registry::RegSetKeySecurity>(void)	false	false	false
1801eff60	703	enum2$<wesp_lib::filter::property::SecurityDescriptorEventObjectProperty>::read<wesp_lib::event::registry::RegRenameKey>	undefined read<wesp_lib::event::registry::RegRenameKey>(void)	false	false	false
1801f0220	226	enum2$<wesp_lib::filter::property::SecurityDescriptorEventObjectProperty>::read<wesp_lib::event::registry::RegEnumKey>	undefined read<wesp_lib::event::registry::RegEnumKey>(void)	false	false	false
1801f0310	643	enum2$<wesp_lib::filter::property::SecurityDescriptorEventObjectProperty>::read<wesp_lib::event::process::ProcessTerminate>	undefined read<wesp_lib::event::process::ProcessTerminate>(void)	false	false	false
1801f05a0	643	enum2$<wesp_lib::filter::property::SecurityDescriptorEventObjectProperty>::read<wesp_lib::event::thread::ThreadStart>	undefined read<wesp_lib::event::thread::ThreadStart>(void)	false	false	false
1801f0830	647	enum2$<wesp_lib::filter::property::SecurityDescriptorEventObjectProperty>::read<wesp_lib::event::registry::RegDeleteKey>	undefined read<wesp_lib::event::registry::RegDeleteKey>(void)	false	false	false
1801f0ac0	226	enum2$<wesp_lib::filter::property::SecurityDescriptorEventObjectProperty>::read<wesp_lib::event::registry::RegQueryKey>	undefined read<wesp_lib::event::registry::RegQueryKey>(void)	false	false	false
1801f0bb0	226	enum2$<wesp_lib::filter::property::SecurityDescriptorEventObjectProperty>::read<wesp_lib::event::registry::RegQueryValueKey>	undefined read<wesp_lib::event::registry::RegQueryValueKey>(void)	false	false	false
1801f0ca0	643	enum2$<wesp_lib::filter::property::SecurityDescriptorEventObjectProperty>::read<wesp_lib::event::thread::ThreadTerminate>	undefined read<wesp_lib::event::thread::ThreadTerminate>(void)	false	false	false
1801f0f30	226	enum2$<wesp_lib::filter::property::SecurityDescriptorEventObjectProperty>::read<wesp_lib::event::registry::RegReplaceKey>	undefined read<wesp_lib::event::registry::RegReplaceKey>(void)	false	false	false
1801f1020	226	enum2$<wesp_lib::filter::property::SecurityDescriptorEventObjectProperty>::read<wesp_lib::event::thread::ThreadCreate>	undefined read<wesp_lib::event::thread::ThreadCreate>(void)	false	false	false
1801f1110	643	enum2$<wesp_lib::filter::property::SecurityDescriptorEventObjectProperty>::read<wesp_lib::event::fs::volume::VolumeDismount>	undefined read<wesp_lib::event::fs::volume::VolumeDismount>(void)	false	false	false
1801f13a0	226	enum2$<wesp_lib::filter::property::SecurityDescriptorEventObjectProperty>::read<wesp_lib::event::registry::RegEnumValueKey>	undefined read<wesp_lib::event::registry::RegEnumValueKey>(void)	false	false	false
1801f1490	616	enum2$<wesp_lib::filter::property::SecurityDescriptorEventObjectProperty>::read<wesp_lib::event::fs::file::KtmTransactionCommit>	undefined read<wesp_lib::event::fs::file::KtmTransactionCommit>(void)	false	false	false
1801f1700	616	enum2$<wesp_lib::filter::property::SecurityDescriptorEventObjectProperty>::read<wesp_lib::event::fs::file::KtmTransactionRollback>	undefined read<wesp_lib::event::fs::file::KtmTransactionRollback>(void)	false	false	false
1801f1970	53	core::fmt::impl$80::fmt<enum2$<wesp_lib::rule::engine::RuleEngineError>_>	undefined fmt<enum2$<wesp_lib::rule::engine::RuleEngineError>_>(void)	false	false	false
1801f1e10	17871	wesp_lib::rule::engine::RuleEngine::process_event_internal<wesp_lib::event::fs::file::FileFsctl>	undefined process_event_internal<wesp_lib::event::fs::file::FileFsctl>(void)	false	false	false
1801f7820	56	wesp_lib::filter::eval::impl$9::fmt	undefined fmt(void)	false	false	false
1801f82e0	49	wesp_lib::filter::comparand::impl$83::fmt	undefined fmt(void)	false	false	false
1801f8320	49	wesp_lib::event::field::impl$10::fmt	undefined fmt(void)	false	false	false
1801f8360	15921	wesp_lib::rule::engine::RuleEngine::process_event_internal<wesp_lib::event::fs::file::FileRead>	undefined process_event_internal<wesp_lib::event::fs::file::FileRead>(void)	false	false	false
1801fd660	7915	wesp_lib::rule::engine::RuleEngine::process_event_internal<wesp_lib::event::fs::file::FileCreate>	undefined process_event_internal<wesp_lib::event::fs::file::FileCreate>(void)	false	false	false
180200670	17035	wesp_lib::rule::engine::RuleEngine::process_event_internal<wesp_lib::event::registry::RegSetKeySecurity>	undefined process_event_internal<wesp_lib::event::registry::RegSetKeySecurity>(void)	false	false	false
1802055f0	17150	wesp_lib::rule::engine::RuleEngine::process_event_internal<wesp_lib::event::fs::file::FileSetSecurity>	undefined process_event_internal<wesp_lib::event::fs::file::FileSetSecurity>(void)	false	false	false
18020ad00	17708	wesp_lib::rule::engine::RuleEngine::process_event_internal<wesp_lib::event::fs::mailslot::MailslotCreate>	undefined process_event_internal<wesp_lib::event::fs::mailslot::MailslotCreate>(void)	false	false	false
180210630	18289	wesp_lib::rule::engine::RuleEngine::process_event_internal<wesp_lib::event::fs::volume::VolumeFsctl>	undefined process_event_internal<wesp_lib::event::fs::volume::VolumeFsctl>(void)	false	false	false
180216240	14421	wesp_lib::rule::engine::RuleEngine::process_event_internal<wesp_lib::event::fs::file::KtmTransactionCommit>	undefined process_event_internal<wesp_lib::event::fs::file::KtmTransactionCommit>(void)	false	false	false
18021a7c0	7368	wesp_lib::rule::engine::RuleEngine::process_event_internal<wesp_lib::event::fs::file::FileOpen>	undefined process_event_internal<wesp_lib::event::fs::file::FileOpen>(void)	false	false	false
18021d400	13028	wesp_lib::rule::engine::RuleEngine::process_event_internal<wesp_lib::event::thread::ThreadTerminate>	undefined process_event_internal<wesp_lib::event::thread::ThreadTerminate>(void)	false	false	false
180221450	17712	wesp_lib::rule::engine::RuleEngine::process_event_internal<wesp_lib::event::registry::RegSetValueKey>	undefined process_event_internal<wesp_lib::event::registry::RegSetValueKey>(void)	false	false	false
180226930	17761	wesp_lib::rule::engine::RuleEngine::process_event_internal<wesp_lib::event::fs::pipe::PipeCreate>	undefined process_event_internal<wesp_lib::event::fs::pipe::PipeCreate>(void)	false	false	false
18022c290	7760	wesp_lib::rule::engine::RuleEngine::process_event_internal<wesp_lib::event::fs::file::SetEa>	undefined process_event_internal<wesp_lib::event::fs::file::SetEa>(void)	false	false	false
18022f090	14379	wesp_lib::rule::engine::RuleEngine::process_event_internal<wesp_lib::event::process::ProcessTerminate>	undefined process_event_internal<wesp_lib::event::process::ProcessTerminate>(void)	false	false	false
180233690	16304	wesp_lib::rule::engine::RuleEngine::process_event_internal<wesp_lib::event::fs::file::FileLock>	undefined process_event_internal<wesp_lib::event::fs::file::FileLock>(void)	false	false	false
180238af0	17731	wesp_lib::rule::engine::RuleEngine::process_event_internal<wesp_lib::event::fs::file::FileWrite>	undefined process_event_internal<wesp_lib::event::fs::file::FileWrite>(void)	false	false	false
18023e450	16089	wesp_lib::rule::engine::RuleEngine::process_event_internal<wesp_lib::event::fs::file::FileCreateSection>	undefined process_event_internal<wesp_lib::event::fs::file::FileCreateSection>(void)	false	false	false
180243710	16082	wesp_lib::rule::engine::RuleEngine::process_event_internal<wesp_lib::event::registry::RegDeleteKey>	undefined process_event_internal<wesp_lib::event::registry::RegDeleteKey>(void)	false	false	false
180248320	16237	wesp_lib::rule::engine::RuleEngine::process_event_internal<wesp_lib::event::fs::file::FileQueryOpen>	undefined process_event_internal<wesp_lib::event::fs::file::FileQueryOpen>(void)	false	false	false
18024d6b0	14135	wesp_lib::rule::engine::RuleEngine::process_event_internal<wesp_lib::event::fs::volume::VolumeDismount>	undefined process_event_internal<wesp_lib::event::fs::volume::VolumeDismount>(void)	false	false	false
180251b20	16399	wesp_lib::rule::engine::RuleEngine::process_event_internal<wesp_lib::event::fs::volume::VolumeMount>	undefined process_event_internal<wesp_lib::event::fs::volume::VolumeMount>(void)	false	false	false
180256f50	18093	wesp_lib::rule::engine::RuleEngine::process_event_internal<wesp_lib::event::registry::RegDeleteValueKey>	undefined process_event_internal<wesp_lib::event::registry::RegDeleteValueKey>(void)	false	false	false
18025c5c0	18775	wesp_lib::rule::engine::RuleEngine::process_event_internal<wesp_lib::event::registry::save_restore::RegSaveKey>	undefined process_event_internal<wesp_lib::event::registry::save_restore::RegSaveKey>(void)	false	false	false
180262270	14933	wesp_lib::rule::engine::RuleEngine::process_event_internal<wesp_lib::event::object_manager::ObHandleDuplicate>	undefined process_event_internal<wesp_lib::event::object_manager::ObHandleDuplicate>(void)	false	false	false
180266ce0	13028	wesp_lib::rule::engine::RuleEngine::process_event_internal<wesp_lib::event::thread::ThreadStart>	undefined process_event_internal<wesp_lib::event::thread::ThreadStart>(void)	false	false	false
18026ad30	14216	wesp_lib::rule::engine::RuleEngine::process_event_internal<wesp_lib::event::object_manager::ObHandleCreate>	undefined process_event_internal<wesp_lib::event::object_manager::ObHandleCreate>(void)	false	false	false
18026f520	16691	wesp_lib::rule::engine::RuleEngine::process_event_internal<wesp_lib::event::fs::file::FileQueryDirectoryInformation>	undefined process_event_internal<wesp_lib::event::fs::file::FileQueryDirectoryInformation>(void)	false	false	false
180274a60	19291	wesp_lib::rule::engine::RuleEngine::process_event_internal<wesp_lib::event::process::ProcessLoadImage>	undefined process_event_internal<wesp_lib::event::process::ProcessLoadImage>(void)	false	false	false
18027ab60	16505	wesp_lib::rule::engine::RuleEngine::process_event_internal<wesp_lib::event::registry::RegReplaceKey>	undefined process_event_internal<wesp_lib::event::registry::RegReplaceKey>(void)	false	false	false
18027f900	15957	wesp_lib::rule::engine::RuleEngine::process_event_internal<wesp_lib::event::fs::file::FileQueryInformation>	undefined process_event_internal<wesp_lib::event::fs::file::FileQueryInformation>(void)	false	false	false
180284c20	17372	wesp_lib::rule::engine::RuleEngine::process_event_internal<wesp_lib::event::registry::RegQueryValueKey>	undefined process_event_internal<wesp_lib::event::registry::RegQueryValueKey>(void)	false	false	false
180289d70	16344	wesp_lib::rule::engine::RuleEngine::process_event_internal<wesp_lib::event::registry::RegEnumValueKey>	undefined process_event_internal<wesp_lib::event::registry::RegEnumValueKey>(void)	false	false	false
18028ea90	15727	wesp_lib::rule::engine::RuleEngine::process_event_internal<wesp_lib::event::fs::file::FileCleanup>	undefined process_event_internal<wesp_lib::event::fs::file::FileCleanup>(void)	false	false	false
180293c20	12881	wesp_lib::rule::engine::RuleEngine::process_event_internal<wesp_lib::event::thread::ThreadCreate>	undefined process_event_internal<wesp_lib::event::thread::ThreadCreate>(void)	false	false	false
180297bf0	16805	wesp_lib::rule::engine::RuleEngine::process_event_internal<wesp_lib::event::registry::RegOpenKey>	undefined process_event_internal<wesp_lib::event::registry::RegOpenKey>(void)	false	false	false
18029caa0	18655	wesp_lib::rule::engine::RuleEngine::process_event_internal<wesp_lib::event::registry::RegCreateKey>	undefined process_event_internal<wesp_lib::event::registry::RegCreateKey>(void)	false	false	false
1802a2100	16352	wesp_lib::rule::engine::RuleEngine::process_event_internal<wesp_lib::event::registry::RegQueryKey>	undefined process_event_internal<wesp_lib::event::registry::RegQueryKey>(void)	false	false	false
1802a6e10	18775	wesp_lib::rule::engine::RuleEngine::process_event_internal<wesp_lib::event::registry::save_restore::RegRestoreKey>	undefined process_event_internal<wesp_lib::event::registry::save_restore::RegRestoreKey>(void)	false	false	false
1802acac0	14421	wesp_lib::rule::engine::RuleEngine::process_event_internal<wesp_lib::event::fs::file::KtmTransactionRollback>	undefined process_event_internal<wesp_lib::event::fs::file::KtmTransactionRollback>(void)	false	false	false
1802b1040	18114	wesp_lib::rule::engine::RuleEngine::process_event_internal<wesp_lib::event::registry::RegLoadKey>	undefined process_event_internal<wesp_lib::event::registry::RegLoadKey>(void)	false	false	false
1802b65c0	16032	wesp_lib::rule::engine::RuleEngine::process_event_internal<wesp_lib::event::process::ProcessCreate>	undefined process_event_internal<wesp_lib::event::process::ProcessCreate>(void)	false	false	false
1802bb780	17020	wesp_lib::rule::engine::RuleEngine::process_event_internal<wesp_lib::event::registry::RegRenameKey>	undefined process_event_internal<wesp_lib::event::registry::RegRenameKey>(void)	false	false	false
1802c06c0	16708	wesp_lib::rule::engine::RuleEngine::process_event_internal<wesp_lib::event::fs::file::FileSetInformation>	undefined process_event_internal<wesp_lib::event::fs::file::FileSetInformation>(void)	false	false	false
1802c5830	16901	wesp_lib::rule::engine::RuleEngine::process_event_internal<wesp_lib::event::fs::file::FileUnlock>	undefined process_event_internal<wesp_lib::event::fs::file::FileUnlock>(void)	false	false	false
1802cadc0	16344	wesp_lib::rule::engine::RuleEngine::process_event_internal<wesp_lib::event::registry::RegEnumKey>	undefined process_event_internal<wesp_lib::event::registry::RegEnumKey>(void)	false	false	false
1802cfae0	42	wesp_api_types::message::property_source::impl$264::is_bit_valid<enum2$<zerocopy::pointer::invariant::Exclusive>_>	undefined is_bit_valid<enum2$<zerocopy::pointer::invariant::Exclusive>_>(void)	false	false	false
1802cff00	58	wesp_api_types::message::rule::impl$139::is_bit_valid<enum2$<zerocopy::pointer::invariant::Exclusive>_>	undefined is_bit_valid<enum2$<zerocopy::pointer::invariant::Exclusive>_>(void)	false	false	false
1802d0630	286	wesp_api_types::message::property_source::impl$109::is_bit_valid<enum2$<zerocopy::pointer::invariant::Exclusive>_>	undefined is_bit_valid<enum2$<zerocopy::pointer::invariant::Exclusive>_>(void)	false	false	false
1802d0750	205	wesp_api_types::message::property_source::impl$142::is_bit_valid<enum2$<zerocopy::pointer::invariant::Exclusive>_>	undefined is_bit_valid<enum2$<zerocopy::pointer::invariant::Exclusive>_>(void)	false	false	false
1802d0820	42	wesp_api_types::message::property_source::impl$272::is_bit_valid<enum2$<zerocopy::pointer::invariant::Exclusive>_>	undefined is_bit_valid<enum2$<zerocopy::pointer::invariant::Exclusive>_>(void)	false	false	false
1802d0c90	42	wesp_api_types::message::property_source::impl$256::is_bit_valid<enum2$<zerocopy::pointer::invariant::Exclusive>_>	undefined is_bit_valid<enum2$<zerocopy::pointer::invariant::Exclusive>_>(void)	false	false	false
1802d1170	324	wesp_lib::common::user_ptr::impl$0::probe_and_read_vec<u16>	undefined probe_and_read_vec<u16>(void)	false	false	false
1802d12c0	295	wesp_lib::common::user_ptr::impl$0::probe_and_read_vec<u8>	undefined probe_and_read_vec<u8>(void)	false	false	false
1802d13f0	714	wesp_lib::common::user_ptr::impl$0::probe_and_read_with<wesp_api_types::message::comparison::BinaryComparisonRhs,wesp_api_types::schema::filter::StoredBinaryRhsPredicate,enum2$<wesp_lib::incoming::IncomingTypeConversionError>,wesp_lib::incoming::predicate::stored_predicate_from_msg::closure_env$5>	undefined probe_and_read_with<wesp_api_types::message::comparison::BinaryComparisonRhs,wesp_api_types::schema::filter::StoredBinaryRhsPredicate,enum2$<wesp_lib::incoming::IncomingTypeConversionError>,wesp_lib::incoming::predicate::stored_predicate_from_msg::closure_env$5>(void)	false	false	false
1802d16c0	284	wesp_lib::common::user_ptr::impl$0::probe_and_read_with<wesp_api_types::message::notification::DiskNotificationEntry,wesp_lib::incoming::notification::DiskNotificationConfig,enum2$<wesp_lib::incoming::IncomingTypeConversionError>,enum2$<core::result::Result<wesp_lib::incoming::notification::DiskNotificationConfig,enum2$<wesp_lib::incoming::IncomingTypeConversionError>_>_>_(*)(wesp_api_types::message::notification::DiskNotificationEntry)>	undefined probe_and_read_with<wesp_api_types::message::notification::DiskNotificationEntry,wesp_lib::incoming::notification::DiskNotificationConfig,enum2$<wesp_lib::incoming::IncomingTypeConversionError>,enum2$<core::result::Result<wesp_lib::incoming::notification::DiskNotificationConfig,enum2$<wesp_lib::incoming::IncomingTypeConversionError>_>_>_(*)(wesp_api_types::message::notification::DiskNotificationEntry)>(void)	false	false	false
1802d17e0	284	wesp_lib::common::user_ptr::impl$0::probe_and_read_with<wesp_api_types::message::notification::KtmTransactionNotificationEntry,wesp_lib::incoming::notification::KtmTransactionNotificationConfig,enum2$<wesp_lib::incoming::IncomingTypeConversionError>,enum2$<core::result::Result<wesp_lib::incoming::notification::KtmTransactionNotificationConfig,enum2$<wesp_lib::incoming::IncomingTypeConversionError>_>_>_(*)(wesp_api_types::message::notification::KtmTransactionNotificationEntry)>	undefined probe_and_read_with<wesp_api_types::message::notification::KtmTransactionNotificationEntry,wesp_lib::incoming::notification::KtmTransactionNotificationConfig,enum2$<wesp_lib::incoming::IncomingTypeConversionError>,enum2$<core::result::Result<wesp_lib::incoming::notification::KtmTransactionNotificationConfig,enum2$<wesp_lib::incoming::IncomingTypeConversionError>_>_>_(*)(wesp_api_types::message::notification::KtmTransactionNotificationEntry)>(void)	false	false	false
1802d1900	284	wesp_lib::common::user_ptr::impl$0::probe_and_read_with<wesp_api_types::message::notification::TokenNotificationEntry,wesp_lib::incoming::notification::TokenNotificationConfig,enum2$<wesp_lib::incoming::IncomingTypeConversionError>,enum2$<core::result::Result<wesp_lib::incoming::notification::TokenNotificationConfig,enum2$<wesp_lib::incoming::IncomingTypeConversionError>_>_>_(*)(wesp_api_types::message::notification::TokenNotificationEntry)>	undefined probe_and_read_with<wesp_api_types::message::notification::TokenNotificationEntry,wesp_lib::incoming::notification::TokenNotificationConfig,enum2$<wesp_lib::incoming::IncomingTypeConversionError>,enum2$<core::result::Result<wesp_lib::incoming::notification::TokenNotificationConfig,enum2$<wesp_lib::incoming::IncomingTypeConversionError>_>_>_(*)(wesp_api_types::message::notification::TokenNotificationEntry)>(void)	false	false	false
1802d1a20	462	wesp_lib::common::user_ptr::impl$0::probe_and_read_with<wesp_api_types::message::notification::FileNotificationEntry,wesp_lib::incoming::notification::FileNotificationConfig,enum2$<wesp_lib::incoming::IncomingTypeConversionError>,enum2$<core::result::Result<wesp_lib::incoming::notification::FileNotificationConfig,enum2$<wesp_lib::incoming::IncomingTypeConversionError>_>_>_(*)(wesp_api_types::message::notification::FileNotificationEntry)>	undefined probe_and_read_with<wesp_api_types::message::notification::FileNotificationEntry,wesp_lib::incoming::notification::FileNotificationConfig,enum2$<wesp_lib::incoming::IncomingTypeConversionError>,enum2$<core::result::Result<wesp_lib::incoming::notification::FileNotificationConfig,enum2$<wesp_lib::incoming::IncomingTypeConversionError>_>_>_(*)(wesp_api_types::message::notification::FileNotificationEntry)>(void)	false	false	false
1802d1bf0	737	wesp_lib::common::user_ptr::impl$0::probe_and_read_with<wesp_api_types::message::comparison::NumericComparisonRhs,wesp_api_types::schema::filter::StoredNumericRhsPredicate,enum2$<wesp_lib::incoming::IncomingTypeConversionError>,wesp_lib::incoming::predicate::stored_predicate_from_msg::closure$1::closure_env$0>	undefined probe_and_read_with<wesp_api_types::message::comparison::NumericComparisonRhs,wesp_api_types::schema::filter::StoredNumericRhsPredicate,enum2$<wesp_lib::incoming::IncomingTypeConversionError>,wesp_lib::incoming::predicate::stored_predicate_from_msg::closure$1::closure_env$0>(void)	false	false	false
1802d1ee0	403	wesp_lib::common::user_ptr::impl$0::probe_and_read_with<wesp_api_types::message::notification::VolumeNotificationEntry,wesp_lib::incoming::notification::VolumeNotificationConfig,enum2$<wesp_lib::incoming::IncomingTypeConversionError>,enum2$<core::result::Result<wesp_lib::incoming::notification::VolumeNotificationConfig,enum2$<wesp_lib::incoming::IncomingTypeConversionError>_>_>_(*)(wesp_api_types::message::notification::VolumeNotificationEntry)>	undefined probe_and_read_with<wesp_api_types::message::notification::VolumeNotificationEntry,wesp_lib::incoming::notification::VolumeNotificationConfig,enum2$<wesp_lib::incoming::IncomingTypeConversionError>,enum2$<core::result::Result<wesp_lib::incoming::notification::VolumeNotificationConfig,enum2$<wesp_lib::incoming::IncomingTypeConversionError>_>_>_(*)(wesp_api_types::message::notification::VolumeNotificationEntry)>(void)	false	false	false
1802d2080	441	wesp_lib::common::user_ptr::impl$0::probe_and_read_vec_map<enum2$<wesp_api_types::message::property::FileStreamPropertyKind>,enum2$<wesp_api_types::schema::notification::file::FileStreamPropertyKind>,wesp_lib::incoming::notification::impl$7::from_message::closure_env$0>	undefined probe_and_read_vec_map<enum2$<wesp_api_types::message::property::FileStreamPropertyKind>,enum2$<wesp_api_types::schema::notification::file::FileStreamPropertyKind>,wesp_lib::incoming::notification::impl$7::from_message::closure_env$0>(void)	false	false	false
1802d22c0	441	wesp_lib::common::user_ptr::impl$0::probe_and_read_vec_map<enum2$<wesp_api_types::message::property::FilePropertyKind>,enum2$<wesp_api_types::schema::notification::file::FilePropertyKind>,enum2$<wesp_api_types::schema::notification::file::FilePropertyKind>_(*)(enum2$<wesp_api_types::message::property::FilePropertyKind>)>	undefined probe_and_read_vec_map<enum2$<wesp_api_types::message::property::FilePropertyKind>,enum2$<wesp_api_types::schema::notification::file::FilePropertyKind>,enum2$<wesp_api_types::schema::notification::file::FilePropertyKind>_(*)(enum2$<wesp_api_types::message::property::FilePropertyKind>)>(void)	false	false	false
1802d2550	441	wesp_lib::common::user_ptr::impl$0::probe_and_read_vec_with<enum2$<wesp_api_types::message::property::KtmTransactionPropertyKind>,enum2$<wesp_api_types::schema::notification::file::KtmTransactionPropertyKind>,enum2$<wesp_lib::common::ReadIntoTypeError>,wesp_lib::common::user_ptr::impl$0::probe_and_read_vec_map::closure_env$0<enum2$<wesp_api_types::message::property::KtmTransactionPropertyKind>,enum2$<wesp_api_types::schema::notification::file::KtmTransactionPropertyKind>,enum2$<wesp_api_types::schema::notification::file::KtmTransactionPropertyKind>_(*)(enum2$<wesp_api_types::message::property::KtmTransactionPropertyKind>)>_>	undefined probe_and_read_vec_with<enum2$<wesp_api_types::message::property::KtmTransactionPropertyKind>,enum2$<wesp_api_types::schema::notification::file::KtmTransactionPropertyKind>,enum2$<wesp_lib::common::ReadIntoTypeError>,wesp_lib::common::user_ptr::impl$0::probe_and_read_vec_map::closure_env$0<enum2$<wesp_api_types::message::property::KtmTransactionPropertyKind>,enum2$<wesp_api_types::schema::notification::file::KtmTransactionPropertyKind>,enum2$<wesp_api_types::schema::notification::file::KtmTransactionPropertyKind>_(*)(enum2$<wesp_api_types::message::property::KtmTransactionPropertyKind>)>_>(void)	false	false	false
1802d2790	507	wesp_lib::common::user_ptr::impl$0::probe_and_read_vec_with<wesp_api_types::message::modify::AccessMaskModification,wesp_lib::incoming::modify::AccessMaskModification,enum2$<wesp_lib::common::ReadIntoTypeError>,wesp_lib::common::user_ptr::impl$0::probe_and_read_vec_from::closure_env$0<wesp_api_types::message::modify::AccessMaskModification,wesp_lib::incoming::modify::AccessMaskModification>_>	undefined probe_and_read_vec_with<wesp_api_types::message::modify::AccessMaskModification,wesp_lib::incoming::modify::AccessMaskModification,enum2$<wesp_lib::common::ReadIntoTypeError>,wesp_lib::common::user_ptr::impl$0::probe_and_read_vec_from::closure_env$0<wesp_api_types::message::modify::AccessMaskModification,wesp_lib::incoming::modify::AccessMaskModification>_>(void)	false	false	false
1802d2990	619	wesp_lib::common::user_ptr::impl$0::probe_and_read_vec_with<enum2$<wesp_api_types::message::property::RegistryKeyPropertyKind>,enum2$<wesp_api_types::schema::notification::registry::RegistryKeyPropertyKind>,enum2$<wesp_lib::common::ReadIntoTypeError>,wesp_lib::common::user_ptr::impl$0::probe_and_read_vec_map::closure_env$0<enum2$<wesp_api_types::message::property::RegistryKeyPropertyKind>,enum2$<wesp_api_types::schema::notification::registry::RegistryKeyPropertyKind>,enum2$<wesp_api_types::schema::notification::registry::RegistryKeyPropertyKind>_(*)(enum2$<wesp_api_types::message::property::RegistryKeyPropertyKind>)>_>	undefined probe_and_read_vec_with<enum2$<wesp_api_types::message::property::RegistryKeyPropertyKind>,enum2$<wesp_api_types::schema::notification::registry::RegistryKeyPropertyKind>,enum2$<wesp_lib::common::ReadIntoTypeError>,wesp_lib::common::user_ptr::impl$0::probe_and_read_vec_map::closure_env$0<enum2$<wesp_api_types::message::property::RegistryKeyPropertyKind>,enum2$<wesp_api_types::schema::notification::registry::RegistryKeyPropertyKind>,enum2$<wesp_api_types::schema::notification::registry::RegistryKeyPropertyKind>_(*)(enum2$<wesp_api_types::message::property::RegistryKeyPropertyKind>)>_>(void)	false	false	false
1802d2c00	441	wesp_lib::common::user_ptr::impl$0::probe_and_read_vec_with<enum2$<wesp_api_types::message::property::TokenPropertyKind>,enum2$<wesp_api_types::schema::notification::token::TokenPropertyKind>,enum2$<wesp_lib::common::ReadIntoTypeError>,wesp_lib::common::user_ptr::impl$0::probe_and_read_vec_map::closure_env$0<enum2$<wesp_api_types::message::property::TokenPropertyKind>,enum2$<wesp_api_types::schema::notification::token::TokenPropertyKind>,enum2$<wesp_api_types::schema::notification::token::TokenPropertyKind>_(*)(enum2$<wesp_api_types::message::property::TokenPropertyKind>)>_>	undefined probe_and_read_vec_with<enum2$<wesp_api_types::message::property::TokenPropertyKind>,enum2$<wesp_api_types::schema::notification::token::TokenPropertyKind>,enum2$<wesp_lib::common::ReadIntoTypeError>,wesp_lib::common::user_ptr::impl$0::probe_and_read_vec_map::closure_env$0<enum2$<wesp_api_types::message::property::TokenPropertyKind>,enum2$<wesp_api_types::schema::notification::token::TokenPropertyKind>,enum2$<wesp_api_types::schema::notification::token::TokenPropertyKind>_(*)(enum2$<wesp_api_types::message::property::TokenPropertyKind>)>_>(void)	false	false	false
1802d2e70	2948	wesp_lib::common::user_ptr::impl$0::probe_and_read_vec_with<wesp_api_types::message::notification::ProcessNotificationEntry,wesp_lib::incoming::notification::ProcessNotificationConfig,enum2$<wesp_lib::incoming::IncomingTypeConversionError>,enum2$<core::result::Result<wesp_lib::incoming::notification::ProcessNotificationConfig,enum2$<wesp_lib::incoming::IncomingTypeConversionError>_>_>_(*)(wesp_api_types::message::notification::ProcessNotificationEntry)>	undefined probe_and_read_vec_with<wesp_api_types::message::notification::ProcessNotificationEntry,wesp_lib::incoming::notification::ProcessNotificationConfig,enum2$<wesp_lib::incoming::IncomingTypeConversionError>,enum2$<core::result::Result<wesp_lib::incoming::notification::ProcessNotificationConfig,enum2$<wesp_lib::incoming::IncomingTypeConversionError>_>_>_(*)(wesp_api_types::message::notification::ProcessNotificationEntry)>(void)	false	false	false
1802d3a00	616	wesp_lib::common::user_ptr::impl$0::probe_and_read_vec_with<enum2$<wesp_api_types::message::property::VolumePropertyKind>,enum2$<wesp_api_types::schema::notification::file::VolumePropertyKind>,enum2$<wesp_lib::common::ReadIntoTypeError>,wesp_lib::common::user_ptr::impl$0::probe_and_read_vec_map::closure_env$0<enum2$<wesp_api_types::message::property::VolumePropertyKind>,enum2$<wesp_api_types::schema::notification::file::VolumePropertyKind>,enum2$<wesp_api_types::schema::notification::file::VolumePropertyKind>_(*)(enum2$<wesp_api_types::message::property::VolumePropertyKind>)>_>	undefined probe_and_read_vec_with<enum2$<wesp_api_types::message::property::VolumePropertyKind>,enum2$<wesp_api_types::schema::notification::file::VolumePropertyKind>,enum2$<wesp_lib::common::ReadIntoTypeError>,wesp_lib::common::user_ptr::impl$0::probe_and_read_vec_map::closure_env$0<enum2$<wesp_api_types::message::property::VolumePropertyKind>,enum2$<wesp_api_types::schema::notification::file::VolumePropertyKind>,enum2$<wesp_api_types::schema::notification::file::VolumePropertyKind>_(*)(enum2$<wesp_api_types::message::property::VolumePropertyKind>)>_>(void)	false	false	false
1802d3c70	579	wesp_lib::common::user_ptr::impl$0::probe_and_read_vec_with<enum2$<wesp_api_types::message::property::MailslotPropertyKind>,enum2$<wesp_api_types::schema::notification::file::MailslotPropertyKind>,enum2$<wesp_lib::common::ReadIntoTypeError>,wesp_lib::common::user_ptr::impl$0::probe_and_read_vec_map::closure_env$0<enum2$<wesp_api_types::message::property::MailslotPropertyKind>,enum2$<wesp_api_types::schema::notification::file::MailslotPropertyKind>,enum2$<wesp_api_types::schema::notification::file::MailslotPropertyKind>_(*)(enum2$<wesp_api_types::message::property::MailslotPropertyKind>)>_>	undefined probe_and_read_vec_with<enum2$<wesp_api_types::message::property::MailslotPropertyKind>,enum2$<wesp_api_types::schema::notification::file::MailslotPropertyKind>,enum2$<wesp_lib::common::ReadIntoTypeError>,wesp_lib::common::user_ptr::impl$0::probe_and_read_vec_map::closure_env$0<enum2$<wesp_api_types::message::property::MailslotPropertyKind>,enum2$<wesp_api_types::schema::notification::file::MailslotPropertyKind>,enum2$<wesp_api_types::schema::notification::file::MailslotPropertyKind>_(*)(enum2$<wesp_api_types::message::property::MailslotPropertyKind>)>_>(void)	false	false	false
1802d3ec0	616	wesp_lib::common::user_ptr::impl$0::probe_and_read_vec_with<enum2$<wesp_api_types::message::property::DiskPropertyKind>,enum2$<wesp_api_types::schema::notification::file::DiskPropertyKind>,enum2$<wesp_lib::common::ReadIntoTypeError>,wesp_lib::common::user_ptr::impl$0::probe_and_read_vec_map::closure_env$0<enum2$<wesp_api_types::message::property::DiskPropertyKind>,enum2$<wesp_api_types::schema::notification::file::DiskPropertyKind>,enum2$<wesp_api_types::schema::notification::file::DiskPropertyKind>_(*)(enum2$<wesp_api_types::message::property::DiskPropertyKind>)>_>	undefined probe_and_read_vec_with<enum2$<wesp_api_types::message::property::DiskPropertyKind>,enum2$<wesp_api_types::schema::notification::file::DiskPropertyKind>,enum2$<wesp_lib::common::ReadIntoTypeError>,wesp_lib::common::user_ptr::impl$0::probe_and_read_vec_map::closure_env$0<enum2$<wesp_api_types::message::property::DiskPropertyKind>,enum2$<wesp_api_types::schema::notification::file::DiskPropertyKind>,enum2$<wesp_api_types::schema::notification::file::DiskPropertyKind>_(*)(enum2$<wesp_api_types::message::property::DiskPropertyKind>)>_>(void)	false	false	false
1802d4130	352	core::fmt::impl$80::fmt<wesp_api_types::message::EventFieldId>	undefined fmt<wesp_api_types::message::EventFieldId>(void)	false	false	false
1802d4290	776	core::fmt::impl$80::fmt<enum2$<wesp_api_types::message::event_fields::NestedEventField>_>	undefined fmt<enum2$<wesp_api_types::message::event_fields::NestedEventField>_>(void)	false	false	false
1802d45a0	596	core::fmt::impl$80::fmt<enum2$<wesp_lib::client::store::ClientStoreError>_>	undefined fmt<enum2$<wesp_lib::client::store::ClientStoreError>_>(void)	false	false	false
1802d4800	66	core::fmt::impl$80::fmt<enum2$<wesp_lib::client::internal::InternalClientError>_>	undefined fmt<enum2$<wesp_lib::client::internal::InternalClientError>_>(void)	false	false	false
1802d4c10	401	core::iter::adapters::chain::impl$1::next<core::iter::adapters::flatten::Flatten<core::option::IntoIter<core::iter::adapters::copied::Copied<core::slice::iter::Iter<nt_types::Guid>_>_>_>,core::iter::adapters::flatten::Flatten<core::option::IntoIter<core::iter::adapters::map::Map<core::slice::iter::Iter<nt_types::arc::Arc<wesp_lib::rule::Rule>_>,wesp_lib::rule::impl$1::eq::ids::closure_env$0>_>_>_>	undefined next<core::iter::adapters::flatten::Flatten<core::option::IntoIter<core::iter::adapters::copied::Copied<core::slice::iter::Iter<nt_types::Guid>_>_>_>,core::iter::adapters::flatten::Flatten<core::option::IntoIter<core::iter::adapters::map::Map<core::slice::iter::Iter<nt_types::arc::Arc<wesp_lib::rule::Rule>_>,wesp_lib::rule::impl$1::eq::ids::closure_env$0>_>_>_>(void)	false	false	false
1802d4db0	875	wesp_lib::client::internal::impl$4::drop	undefined drop(void)	false	false	false
1802d5120	679	wesp_lib::client::context_keys::impl$4::drop	undefined drop(void)	false	false	false
1802d53d0	185	core::ptr::drop_in_place<enum2$<core::option::Option<wesp_api_types::schema::context_key::StoredContextKeyUpdates>_>_>	undefined drop_in_place<enum2$<core::option::Option<wesp_api_types::schema::context_key::StoredContextKeyUpdates>_>_>(void)	false	false	false
1802d5490	318	core::ptr::drop_in_place<enum2$<core::option::Option<enum2$<wesp_api_types::schema::notification::NotificationConfig>_>_>_>	undefined drop_in_place<enum2$<core::option::Option<enum2$<wesp_api_types::schema::notification::NotificationConfig>_>_>_>(void)	false	false	false
1802d55e0	340	core::ptr::drop_in_place<wesp_api_types::schema::rule::RuleSchema>	undefined drop_in_place<wesp_api_types::schema::rule::RuleSchema>(void)	false	false	false
1802d5750	50	core::ptr::drop_in_place<wesp_api_types::schema::client::ClientSchema>	undefined drop_in_place<wesp_api_types::schema::client::ClientSchema>(void)	false	false	false
1802d5790	199	core::ptr::drop_in_place<wesp_api_types::schema::collection::CollectionSchema>	undefined drop_in_place<wesp_api_types::schema::collection::CollectionSchema>(void)	false	false	false
1802d5870	199	wesp_lib::client::context_keys::ClientContextKeys::disconnect_client	undefined disconnect_client(void)	false	false	false
1802d5940	289	wesp_lib::client::context_keys::ClientContextKeys::apply_client_updates	undefined apply_client_updates(void)	false	false	false
1802d5a70	1638	wesp_lib::client::context_keys::ClientContextKeys::set_client_context_key	undefined set_client_context_key(void)	false	false	false
1802d60e0	2285	wesp_lib::client::context_keys::ClientContextKeys::apply_event_object_updates	undefined apply_event_object_updates(void)	false	false	false
1802d69d0	292	wesp_lib::client::context_keys::ClientContextKeys::get_client_context_key_info	undefined get_client_context_key_info(void)	false	false	false
1802d6b00	70	wesp_lib::client::context_keys::ClientContextKeys::enumerate_client_context_keys	undefined enumerate_client_context_keys(void)	false	false	false
1802d6b50	239	wesp_lib::client::rule_counters::EventTypeCounterGuard::apply_counter_changes	undefined apply_counter_changes(void)	false	false	false
1802d6c60	288	wesp_api_types::external::_ESP_EVENT_TYPE::to_index	undefined to_index(void)	false	false	false
1802d6e60	113	wesp_lib::client::rule_counters::EventTypeClientCounterChanges::between	undefined between(void)	false	false	false
1802d6ee0	4175	wesp_lib::client::rules::ClientRules::try_clone_rules	undefined try_clone_rules(void)	false	false	false
1802d7f50	895	wesp_lib::client::rules::ClientRuleCollection::enumerate_rules	undefined enumerate_rules(void)	false	false	false
1802d82e0	14736	wesp_lib::client::rules::ClientRuleCollection::update_rules	undefined update_rules(void)	false	false	false
1802dcc00	276	wesp_lib::client::rules::ClientRuleCollection::active_event_types	undefined active_event_types(void)	false	false	false
1802dcd20	344	wesp_lib::client::store::ClientPersistedStore::create_transaction	undefined create_transaction(void)	false	false	false
1802dce80	1332	wesp_lib::client::rules::ClientRuleCollection::enable_or_disable_update	undefined enable_or_disable_update(void)	false	false	false
1802dd3c0	43	wesp_lib::client::store::impl$0::from	undefined from(void)	false	false	false
1802dd400	754	wesp_lib::client::internal::InternalClient::register_trusted_thread	undefined register_trusted_thread(void)	false	false	false
1802dd700	2248	wesp_lib::client::rules::ClientRules::update_rules	undefined update_rules(void)	false	false	false
1802ddfe0	450	wesp_lib::client::state::ClientState::start_unregister	undefined start_unregister(void)	false	false	false
1802de1b0	463	wesp_lib::client::state::ClientState::finish_unregister	undefined finish_unregister(void)	false	false	false
1802de390	74	wesp_lib::client::state::ClientState::active_event_types	undefined active_event_types(void)	false	false	false
1802de3e0	332	wesp_lib::client::state::ClientState::persistable_objects_any_state	undefined persistable_objects_any_state(void)	false	false	false
1802de530	469	wesp_lib::client::store::ClientPersistedStore::set_boot_id	undefined set_boot_id(void)	false	false	false
1802de710	131	wesp_lib::client::store::ClientStoreTransaction::commit	undefined commit(void)	false	false	false
1802de7a0	5228	wesp_lib::client::internal::InternalClient::persisted_store_rule	undefined persisted_store_rule(void)	false	false	false
1802e0460	59	core::ptr::drop_in_place<enum2$<wesp_api_types::schema::filter::StoredStringComparand>_>	undefined drop_in_place<enum2$<wesp_api_types::schema::filter::StoredStringComparand>_>(void)	false	false	false
1802e04d0	69	core::ptr::drop_in_place<wesp_api_types::schema::filter::StoredFilter>	undefined drop_in_place<wesp_api_types::schema::filter::StoredFilter>(void)	false	false	false
1802e0520	353	wesp_lib::filter::Filter::evaluate	undefined evaluate(void)	false	false	false
1802e0690	278	core::ops::function::FnOnce::call_once<wesp_lib::filter::impl$9::evaluate::closure_env$0,tuple$<ref$<dyn$<wesp_lib::filter::eval::ComparandResolver>_>_>_>	undefined call_once<wesp_lib::filter::impl$9::evaluate::closure_env$0,tuple$<ref$<dyn$<wesp_lib::filter::eval::ComparandResolver>_>_>_>(void)	false	false	false
1802e07b0	230	wesp_lib::filter::stored::impl$42::from	undefined from(void)	false	false	false
1802e08a0	210	wesp_lib::filter::stored::impl$41::from	undefined from(void)	false	false	false
1802e0980	30	wesp_lib::filter::stored::impl$48::try_from	undefined try_from(void)	false	false	false
1802e0b30	42	wesp_api_types::message::property_source::impl$248::is_bit_valid<enum2$<zerocopy::pointer::invariant::Exclusive>_>	undefined is_bit_valid<enum2$<zerocopy::pointer::invariant::Exclusive>_>(void)	false	false	false
1802e0e80	116	wesp_api_types::message::predicate::impl$408::is_bit_valid<enum2$<zerocopy::pointer::invariant::Exclusive>_>	undefined is_bit_valid<enum2$<zerocopy::pointer::invariant::Exclusive>_>(void)	false	false	false
1802e0f00	176	wesp_api_types::message::predicate::impl$502::is_bit_valid<enum2$<zerocopy::pointer::invariant::Exclusive>_>	undefined is_bit_valid<enum2$<zerocopy::pointer::invariant::Exclusive>_>(void)	false	false	false
1802e0fb0	1071	fs::volume::try_cached<nt_types::unicode::UnicodeStringOwned,fs::volume::impl$6::volume_guid_name::closure_env$0<fs::volume::FsFilterVolumeBorrow,fs::instance::FsFilterInstanceBorrow>_>	undefined try_cached<nt_types::unicode::UnicodeStringOwned,fs::volume::impl$6::volume_guid_name::closure_env$0<fs::volume::FsFilterVolumeBorrow,fs::instance::FsFilterInstanceBorrow>_>(void)	false	false	false
1802e13e0	1076	fs::volume::try_cached<nt_types::unicode::UnicodeStringOwned,fs::volume::impl$7::volume_name::closure_env$0<fs::volume::FsFilterVolumeBorrow,fs::instance::FsFilterInstanceBorrow>_>	undefined try_cached<nt_types::unicode::UnicodeStringOwned,fs::volume::impl$7::volume_name::closure_env$0<fs::volume::FsFilterVolumeBorrow,fs::instance::FsFilterInstanceBorrow>_>(void)	false	false	false
1802e1820	14	core::ptr::drop_in_place<enum2$<core::result::Result<ref$<nt_types::unicode::UnicodeStringOwned>,tuple$<ref$<nt_types::unicode::UnicodeStringOwned>,nt_types::unicode::UnicodeStringOwned>_>_>_>	undefined drop_in_place<enum2$<core::result::Result<ref$<nt_types::unicode::UnicodeStringOwned>,tuple$<ref$<nt_types::unicode::UnicodeStringOwned>,nt_types::unicode::UnicodeStringOwned>_>_>_>(void)	false	false	false
1802e1830	16	core::ptr::drop_in_place<enum2$<core::result::Result<ref$<espfilter::bindings::EspFltInstanceContextInfo>,tuple$<ref$<espfilter::bindings::EspFltInstanceContextInfo>,espfilter::bindings::EspFltInstanceContextInfo>_>_>_>	undefined drop_in_place<enum2$<core::result::Result<ref$<espfilter::bindings::EspFltInstanceContextInfo>,tuple$<ref$<espfilter::bindings::EspFltInstanceContextInfo>,espfilter::bindings::EspFltInstanceContextInfo>_>_>_>(void)	false	false	false
1802e1840	604	core::fmt::impl$80::fmt<enum2$<wesp_lib::event::field::EventField>_>	undefined fmt<enum2$<wesp_lib::event::field::EventField>_>(void)	false	false	false
1802e1aa0	423	wesp_api_types::external::impl$156::fmt	undefined fmt(void)	false	false	false
1802e1ec0	56	core::fmt::impl$80::fmt<enum2$<wesp_lib::rule::field::FieldError>_>	undefined fmt<enum2$<wesp_lib::rule::field::FieldError>_>(void)	false	false	false
1802e2670	52	core::fmt::impl$80::fmt<wesp_lib::event::field::EventFieldValueKind>	undefined fmt<wesp_lib::event::field::EventFieldValueKind>(void)	false	false	false
1802e26b0	49	wesp_lib::event::field::impl$10::fmt	undefined fmt(void)	false	false	false
1802e26f0	605	wesp_lib::event::field::impl$17::fmt	undefined fmt(void)	false	false	false
1802e2950	56	core::fmt::impl$80::fmt<enum2$<wesp_lib::filter::eval::EvaluationError>_>	undefined fmt<enum2$<wesp_lib::filter::eval::EvaluationError>_>(void)	false	false	false
1802e3410	49	wesp_lib::filter::comparand::impl$83::fmt	undefined fmt(void)	false	false	false
1802e3450	74	core::ptr::drop_in_place<enum2$<core::result::Result<ref$<enum2$<core::option::Option<fs::ealist::FsEaList>_>_>,tuple$<ref$<enum2$<core::option::Option<fs::ealist::FsEaList>_>_>,enum2$<core::option::Option<fs::ealist::FsEaList>_>_>_>_>_>	undefined drop_in_place<enum2$<core::result::Result<ref$<enum2$<core::option::Option<fs::ealist::FsEaList>_>_>,tuple$<ref$<enum2$<core::option::Option<fs::ealist::FsEaList>_>_>,enum2$<core::option::Option<fs::ealist::FsEaList>_>_>_>_>_>(void)	false	false	false
1802e34a0	51	core::ptr::drop_in_place<enum2$<core::result::Result<ref$<wesp_lib::event_object::strong_ref::KtmTransactionEventObjectRef>,tuple$<ref$<wesp_lib::event_object::strong_ref::KtmTransactionEventObjectRef>,wesp_lib::event_object::strong_ref::KtmTransactionEventObjectRef>_>_>_>	undefined drop_in_place<enum2$<core::result::Result<ref$<wesp_lib::event_object::strong_ref::KtmTransactionEventObjectRef>,tuple$<ref$<wesp_lib::event_object::strong_ref::KtmTransactionEventObjectRef>,wesp_lib::event_object::strong_ref::KtmTransactionEventObjectRef>_>_>_>(void)	false	false	false
1802e34e0	501	fs::volume::impl$7::device_type<fs::volume::FsFilterVolumeBorrow,fs::instance::FsFilterInstanceBorrow>	undefined device_type<fs::volume::FsFilterVolumeBorrow,fs::instance::FsFilterInstanceBorrow>(void)	false	false	false
1802e36e0	318	fs::volume::try_cached<fs::FileQueryBuffer,fs::volume::impl$6::ensure_vol_props::closure_env$0<fs::volume::FsFilterVolumeBorrow,fs::instance::FsFilterInstanceBorrow>_>	undefined try_cached<fs::FileQueryBuffer,fs::volume::impl$6::ensure_vol_props::closure_env$0<fs::volume::FsFilterVolumeBorrow,fs::instance::FsFilterInstanceBorrow>_>(void)	false	false	false
1802e3820	24	core::ptr::drop_in_place<enum2$<core::result::Result<ref$<fs::FileQueryBuffer>,tuple$<ref$<fs::FileQueryBuffer>,fs::FileQueryBuffer>_>_>_>	undefined drop_in_place<enum2$<core::result::Result<ref$<fs::FileQueryBuffer>,tuple$<ref$<fs::FileQueryBuffer>,fs::FileQueryBuffer>_>_>_>(void)	false	false	false
1802e3840	57	wesp_lib::property_query::fileobject::FileObjectPropertyQuery::query	undefined query(void)	false	false	false
1802e41d0	56	core::ptr::drop_in_place<enum2$<wesp_lib::path::PathStorage>_>	undefined drop_in_place<enum2$<wesp_lib::path::PathStorage>_>(void)	false	false	false
1802e4210	30	core::ptr::drop_in_place<fs::fileobject::FsFileObjectWithInstance>	undefined drop_in_place<fs::fileobject::FsFileObjectWithInstance>(void)	false	false	false
1802e4230	4	fs::fileobject::impl$11::file_object_ptr	undefined file_object_ptr(void)	false	false	false
1802e4240	5	fs::fileobject::impl$13::instance_ptr	undefined instance_ptr(void)	false	false	false
1802e4250	512	wesp_lib::event_object::volume::impl$1::query_properties::closure$0	undefined closure$0(void)	false	false	false
1802e4460	221	core::ptr::drop_in_place<fs::volume::VolumeProperties<fs::volume::FsFilterVolume,fs::instance::FsFilterInstance>_>	undefined drop_in_place<fs::volume::VolumeProperties<fs::volume::FsFilterVolume,fs::instance::FsFilterInstance>_>(void)	false	false	false
1802e4540	935	fs::volume::impl$7::volume_guid<fs::volume::FsFilterVolume,fs::instance::FsFilterInstance>	undefined volume_guid<fs::volume::FsFilterVolume,fs::instance::FsFilterInstance>(void)	false	false	false
1802e48f0	588	fs::volume::impl$7::device_type<fs::volume::FsFilterVolume,fs::instance::FsFilterInstance>	undefined device_type<fs::volume::FsFilterVolume,fs::instance::FsFilterInstance>(void)	false	false	false
1802e4b40	186	fs::volume::impl$7::device_characteristics<fs::volume::FsFilterVolume,fs::instance::FsFilterInstance>	undefined device_characteristics<fs::volume::FsFilterVolume,fs::instance::FsFilterInstance>(void)	false	false	false
1802e4c00	780	fs::volume::impl$7::volume_label<fs::volume::FsFilterVolume,fs::instance::FsFilterInstance>	undefined volume_label<fs::volume::FsFilterVolume,fs::instance::FsFilterInstance>(void)	false	false	false
1802e4f10	467	fs::volume::impl$7::filesystem_name<fs::volume::FsFilterVolume,fs::instance::FsFilterInstance>	undefined filesystem_name<fs::volume::FsFilterVolume,fs::instance::FsFilterInstance>(void)	false	false	false
1802e50f0	251	fs::volume::AsFsVolume::query_volume_properties<fs::volume::FsFilterVolume>	undefined query_volume_properties<fs::volume::FsFilterVolume>(void)	false	false	false
1802e51f0	431	fs::volume::AsFsVolume::query_volume_guid_name<fs::volume::FsFilterVolume>	undefined query_volume_guid_name<fs::volume::FsFilterVolume>(void)	false	false	false
1802e53a0	410	fs::volume::AsFsVolume::query_volume_name<fs::volume::FsFilterVolume>	undefined query_volume_name<fs::volume::FsFilterVolume>(void)	false	false	false
1802e5540	766	fs::volume::impl$7::volume_name<fs::volume::FsFilterVolume,fs::instance::FsFilterInstanceBorrow>	undefined volume_name<fs::volume::FsFilterVolume,fs::instance::FsFilterInstanceBorrow>(void)	false	false	false
1802e5840	186	fs::volume::impl$7::device_object_flags<fs::volume::FsFilterVolume,fs::instance::FsFilterInstanceBorrow>	undefined device_object_flags<fs::volume::FsFilterVolume,fs::instance::FsFilterInstanceBorrow>(void)	false	false	false
1802e5900	518	fs::volume::impl$7::is_snapshot_volume<fs::volume::FsFilterVolume,fs::instance::FsFilterInstanceBorrow>	undefined is_snapshot_volume<fs::volume::FsFilterVolume,fs::instance::FsFilterInstanceBorrow>(void)	false	false	false
1802e5b10	442	fs::volume::impl$7::is_dev_volume<fs::volume::FsFilterVolume,fs::instance::FsFilterInstanceBorrow>	undefined is_dev_volume<fs::volume::FsFilterVolume,fs::instance::FsFilterInstanceBorrow>(void)	false	false	false
1802e5cd0	204	fs::volume::impl$7::filesystem_attributes<fs::volume::FsFilterVolume,fs::instance::FsFilterInstanceBorrow>	undefined filesystem_attributes<fs::volume::FsFilterVolume,fs::instance::FsFilterInstanceBorrow>(void)	false	false	false
1802e5da0	58	wesp_lib::property_query::token::TokenPropertyQuery::query	undefined query(void)	false	false	false
1802e62f0	57	wesp_lib::property_query::registry::RegistryKeyPropertyQuery::query<nt_types::unicode::UnicodeStringOwned>	undefined query<nt_types::unicode::UnicodeStringOwned>(void)	false	false	false
1802e68b0	5	fs::fileobject::impl$10::is_transient	undefined is_transient(void)	false	false	false
1802e68c0	5	fs::fileobject::impl$10::is_post_cleanup	undefined is_post_cleanup(void)	false	false	false
1802e68d0	8	fs::fileobject::impl$10::transaction	undefined transaction(void)	false	false	false
1802e68e0	82	core::ptr::drop_in_place<enum2$<core::result::Result<ref$<enum2$<core::option::Option<wesp_lib::event::args::transaction::KtmTransactionArgument>_>_>,tuple$<ref$<enum2$<core::option::Option<wesp_lib::event::args::transaction::KtmTransactionArgument>_>_>,enum2$<core::option::Option<wesp_lib::event::args::transaction::KtmTransactionArgument>_>_>_>_>_>	undefined drop_in_place<enum2$<core::result::Result<ref$<enum2$<core::option::Option<wesp_lib::event::args::transaction::KtmTransactionArgument>_>_>,tuple$<ref$<enum2$<core::option::Option<wesp_lib::event::args::transaction::KtmTransactionArgument>_>_>,enum2$<core::option::Option<wesp_lib::event::args::transaction::KtmTransactionArgument>_>_>_>_>_>(void)	false	false	false
1802e6940	194	wesp_lib::event::args::fileobject::FileObjectArgument::from_file_object	undefined from_file_object(void)	false	false	false
1802e6a10	334	wesp_lib::event::args::fileobject::FileObjectArgument::new	undefined new(void)	false	false	false
1802e6cb0	5	fs::fileobject::impl$10::file_object_type	undefined file_object_type(void)	false	false	false
1802e6cc0	413	wesp_lib::event::args::fileobject::FileObjectArgument::query_properties	undefined query_properties(void)	false	false	false
1802e7010	5	fs::fileobject::impl$10::file_object_ptr	undefined file_object_ptr(void)	false	false	false
1802e7020	22	fs::fileobject::impl$10::is_opened	undefined is_opened(void)	false	false	false
1802e7040	5	fs::fileobject::impl$12::instance_ptr	undefined instance_ptr(void)	false	false	false
1802e7050	18	fs::fileobject::impl$18::volume_id	undefined volume_id(void)	false	false	false
1802e7070	270	wesp_lib::event::args::fileobject::FileObjectArgument::ensure_event_object	undefined ensure_event_object(void)	false	false	false
1802e7180	81	wesp_lib::event::args::fileobject::FileObjectArgument::read_string_property	undefined read_string_property(void)	false	false	false
1802e79f0	386	wesp_lib::event::args::disk::DiskArgument::query_properties	undefined query_properties(void)	false	false	false
1802e7cf0	549	wesp_lib::event::args::disk::DiskArgument::ensure_disk_properties	undefined ensure_disk_properties(void)	false	false	false
1802e7f20	456	wesp_lib::event::args::disk::DiskArgument::ensure_event_object	undefined ensure_event_object(void)	false	false	false
1802e80f0	119	wesp_lib::event::args::disk::DiskArgument::read_string_property	undefined read_string_property(void)	false	false	false
1802e8510	343	wesp_lib::event::args::disk::DiskArgument::read_boolean_property	undefined read_boolean_property(void)	false	false	false
1802e86d0	113	wesp_lib::event::args::disk::DiskArgument::read_numeric_property	undefined read_numeric_property(void)	false	false	false
1802e8850	1018	wesp_lib::event::args::volume::VolumeArgument::query_properties	undefined query_properties(void)	false	false	false
1802e8c60	221	core::ptr::drop_in_place<fs::volume::VolumeProperties<enum2$<wesp_lib::event::args::volume::FsFilterVolumeVariant>,dyn$<fs::instance::FsFilterInstanceApi>_>_>	undefined drop_in_place<fs::volume::VolumeProperties<enum2$<wesp_lib::event::args::volume::FsFilterVolumeVariant>,dyn$<fs::instance::FsFilterInstanceApi>_>_>(void)	false	false	false
1802e8d40	968	fs::volume::impl$7::volume_name<enum2$<wesp_lib::event::args::volume::FsFilterVolumeVariant>,dyn$<fs::instance::FsFilterInstanceApi>_>	undefined volume_name<enum2$<wesp_lib::event::args::volume::FsFilterVolumeVariant>,dyn$<fs::instance::FsFilterInstanceApi>_>(void)	false	false	false
1802e9110	1083	fs::volume::impl$7::volume_guid<enum2$<wesp_lib::event::args::volume::FsFilterVolumeVariant>,dyn$<fs::instance::FsFilterInstanceApi>_>	undefined volume_guid<enum2$<wesp_lib::event::args::volume::FsFilterVolumeVariant>,dyn$<fs::instance::FsFilterInstanceApi>_>(void)	false	false	false
1802e9550	376	fs::volume::impl$7::device_type<enum2$<wesp_lib::event::args::volume::FsFilterVolumeVariant>,dyn$<fs::instance::FsFilterInstanceApi>_>	undefined device_type<enum2$<wesp_lib::event::args::volume::FsFilterVolumeVariant>,dyn$<fs::instance::FsFilterInstanceApi>_>(void)	false	false	false
1802e96d0	101	fs::volume::impl$7::device_characteristics<enum2$<wesp_lib::event::args::volume::FsFilterVolumeVariant>,dyn$<fs::instance::FsFilterInstanceApi>_>	undefined device_characteristics<enum2$<wesp_lib::event::args::volume::FsFilterVolumeVariant>,dyn$<fs::instance::FsFilterInstanceApi>_>(void)	false	false	false
1802e9740	101	fs::volume::impl$7::device_object_flags<enum2$<wesp_lib::event::args::volume::FsFilterVolumeVariant>,dyn$<fs::instance::FsFilterInstanceApi>_>	undefined device_object_flags<enum2$<wesp_lib::event::args::volume::FsFilterVolumeVariant>,dyn$<fs::instance::FsFilterInstanceApi>_>(void)	false	false	false
1802e97b0	358	fs::volume::impl$7::filesystem_type<enum2$<wesp_lib::event::args::volume::FsFilterVolumeVariant>,dyn$<fs::instance::FsFilterInstanceApi>_>	undefined filesystem_type<enum2$<wesp_lib::event::args::volume::FsFilterVolumeVariant>,dyn$<fs::instance::FsFilterInstanceApi>_>(void)	false	false	false
1802e9920	394	fs::volume::impl$7::is_snapshot_volume<enum2$<wesp_lib::event::args::volume::FsFilterVolumeVariant>,dyn$<fs::instance::FsFilterInstanceApi>_>	undefined is_snapshot_volume<enum2$<wesp_lib::event::args::volume::FsFilterVolumeVariant>,dyn$<fs::instance::FsFilterInstanceApi>_>(void)	false	false	false
1802e9ab0	117	fs::volume::impl$7::is_read_only_volume<enum2$<wesp_lib::event::args::volume::FsFilterVolumeVariant>,dyn$<fs::instance::FsFilterInstanceApi>_>	undefined is_read_only_volume<enum2$<wesp_lib::event::args::volume::FsFilterVolumeVariant>,dyn$<fs::instance::FsFilterInstanceApi>_>(void)	false	false	false
1802e9b30	365	fs::volume::impl$7::is_system_volume<enum2$<wesp_lib::event::args::volume::FsFilterVolumeVariant>,dyn$<fs::instance::FsFilterInstanceApi>_>	undefined is_system_volume<enum2$<wesp_lib::event::args::volume::FsFilterVolumeVariant>,dyn$<fs::instance::FsFilterInstanceApi>_>(void)	false	false	false
1802e9ca0	317	fs::volume::impl$7::is_dev_volume<enum2$<wesp_lib::event::args::volume::FsFilterVolumeVariant>,dyn$<fs::instance::FsFilterInstanceApi>_>	undefined is_dev_volume<enum2$<wesp_lib::event::args::volume::FsFilterVolumeVariant>,dyn$<fs::instance::FsFilterInstanceApi>_>(void)	false	false	false
1802e9de0	317	fs::volume::impl$7::is_trusted_volume<enum2$<wesp_lib::event::args::volume::FsFilterVolumeVariant>,dyn$<fs::instance::FsFilterInstanceApi>_>	undefined is_trusted_volume<enum2$<wesp_lib::event::args::volume::FsFilterVolumeVariant>,dyn$<fs::instance::FsFilterInstanceApi>_>(void)	false	false	false
1802e9f20	312	fs::volume::impl$7::volume_serial_number<enum2$<wesp_lib::event::args::volume::FsFilterVolumeVariant>,dyn$<fs::instance::FsFilterInstanceApi>_>	undefined volume_serial_number<enum2$<wesp_lib::event::args::volume::FsFilterVolumeVariant>,dyn$<fs::instance::FsFilterInstanceApi>_>(void)	false	false	false
1802ea060	479	fs::volume::impl$7::volume_label<enum2$<wesp_lib::event::args::volume::FsFilterVolumeVariant>,dyn$<fs::instance::FsFilterInstanceApi>_>	undefined volume_label<enum2$<wesp_lib::event::args::volume::FsFilterVolumeVariant>,dyn$<fs::instance::FsFilterInstanceApi>_>(void)	false	false	false
1802ea240	479	fs::volume::impl$7::filesystem_name<enum2$<wesp_lib::event::args::volume::FsFilterVolumeVariant>,dyn$<fs::instance::FsFilterInstanceApi>_>	undefined filesystem_name<enum2$<wesp_lib::event::args::volume::FsFilterVolumeVariant>,dyn$<fs::instance::FsFilterInstanceApi>_>(void)	false	false	false
1802ea420	217	fs::volume::impl$7::filesystem_attributes<enum2$<wesp_lib::event::args::volume::FsFilterVolumeVariant>,dyn$<fs::instance::FsFilterInstanceApi>_>	undefined filesystem_attributes<enum2$<wesp_lib::event::args::volume::FsFilterVolumeVariant>,dyn$<fs::instance::FsFilterInstanceApi>_>(void)	false	false	false
1802ea500	32	fs::volume::impl$7::volume_name<fs::volume::FsFilterVolumeBorrow,fs::instance::FsFilterInstanceBorrow>	undefined volume_name<fs::volume::FsFilterVolumeBorrow,fs::instance::FsFilterInstanceBorrow>(void)	false	false	false
1802ea520	232	fs::volume::impl$7::volume_guid<fs::volume::FsFilterVolumeBorrow,fs::instance::FsFilterInstanceBorrow>	undefined volume_guid<fs::volume::FsFilterVolumeBorrow,fs::instance::FsFilterInstanceBorrow>(void)	false	false	false
1802ea610	100	fs::volume::impl$7::device_characteristics<fs::volume::FsFilterVolumeBorrow,fs::instance::FsFilterInstanceBorrow>	undefined device_characteristics<fs::volume::FsFilterVolumeBorrow,fs::instance::FsFilterInstanceBorrow>(void)	false	false	false
1802ea680	100	fs::volume::impl$7::device_object_flags<fs::volume::FsFilterVolumeBorrow,fs::instance::FsFilterInstanceBorrow>	undefined device_object_flags<fs::volume::FsFilterVolumeBorrow,fs::instance::FsFilterInstanceBorrow>(void)	false	false	false
1802ea6f0	485	fs::volume::impl$7::filesystem_type<fs::volume::FsFilterVolumeBorrow,fs::instance::FsFilterInstanceBorrow>	undefined filesystem_type<fs::volume::FsFilterVolumeBorrow,fs::instance::FsFilterInstanceBorrow>(void)	false	false	false
1802ea8e0	116	fs::volume::impl$7::is_read_only_volume<fs::volume::FsFilterVolumeBorrow,fs::instance::FsFilterInstanceBorrow>	undefined is_read_only_volume<fs::volume::FsFilterVolumeBorrow,fs::instance::FsFilterInstanceBorrow>(void)	false	false	false
1802ea960	485	fs::volume::impl$7::is_system_volume<fs::volume::FsFilterVolumeBorrow,fs::instance::FsFilterInstanceBorrow>	undefined is_system_volume<fs::volume::FsFilterVolumeBorrow,fs::instance::FsFilterInstanceBorrow>(void)	false	false	false
1802eab50	442	fs::volume::impl$7::is_trusted_volume<fs::volume::FsFilterVolumeBorrow,fs::instance::FsFilterInstanceBorrow>	undefined is_trusted_volume<fs::volume::FsFilterVolumeBorrow,fs::instance::FsFilterInstanceBorrow>(void)	false	false	false
1802ead10	437	fs::volume::impl$7::volume_serial_number<fs::volume::FsFilterVolumeBorrow,fs::instance::FsFilterInstanceBorrow>	undefined volume_serial_number<fs::volume::FsFilterVolumeBorrow,fs::instance::FsFilterInstanceBorrow>(void)	false	false	false
1802eaed0	467	fs::volume::impl$7::volume_label<fs::volume::FsFilterVolumeBorrow,fs::instance::FsFilterInstanceBorrow>	undefined volume_label<fs::volume::FsFilterVolumeBorrow,fs::instance::FsFilterInstanceBorrow>(void)	false	false	false
1802eb0b0	487	wesp_lib::event::args::volume::VolumeArgument::ensure_event_object	undefined ensure_event_object(void)	false	false	false
1802eb2a0	670	wesp_lib::event::args::volume::VolumeArgument::read_binary_property	undefined read_binary_property(void)	false	false	false
1802eb540	548	wesp_lib::event::args::volume::VolumeArgument::read_string_property	undefined read_string_property(void)	false	false	false
1802ebb80	540	wesp_lib::event::args::volume::VolumeArgument::read_boolean_property	undefined read_boolean_property(void)	false	false	false
1802ebe50	540	wesp_lib::event::args::volume::VolumeArgument::read_numeric_property	undefined read_numeric_property(void)	false	false	false
1802ec150	735	wesp_lib::event::args::volume::VolumeArgument::disk	undefined disk(void)	false	false	false
1802ec430	1210	wesp_lib::event::args::desktop::DesktopArgument::query_properties	undefined query_properties(void)	false	false	false
1802ec910	294	wesp_lib::event::args::desktop::DesktopArgument::ensure_event_object	undefined ensure_event_object(void)	false	false	false
1802eca40	425	wesp_lib::event::args::desktop::DesktopArgument::read_string_property	undefined read_string_property(void)	false	false	false
1802ecbf0	362	wesp_lib::event::args::registry::RegistryKeyArgument::query_properties	undefined query_properties(void)	false	false	false
1802ece20	176	wesp_lib::event::args::registry::RegistryKeyArgument::ensure_event_object	undefined ensure_event_object(void)	false	false	false
1802eced0	306	wesp_lib::event::args::registry::RegistryKeyArgument::try_from_key_object	undefined try_from_key_object(void)	false	false	false
1802ed010	277	wesp_lib::event::args::registry::RegistryKeyArgument::read_string_property	undefined read_string_property(void)	false	false	false
1802ed130	307	wesp_lib::event::args::registry::RegistryKeyArgument::read_boolean_property	undefined read_boolean_property(void)	false	false	false
1802ed270	260	wesp_lib::event::args::registry::RegistryKeyArgument::read_security_descriptor	undefined read_security_descriptor(void)	false	false	false
1802ed380	480	wesp_lib::event::args::registry::RegistryKeyObjectArgument::registry_key	undefined registry_key(void)	false	false	false
1802ed560	123	wesp_lib::event::args::registry::RegistryKeyObjectArgument::ktm_transaction	undefined ktm_transaction(void)	false	false	false
1802ed5e0	740	wesp_lib::event::args::registry::RegistryKeyObjectArgument::query_properties	undefined query_properties(void)	false	false	false
1802ed8d0	172	wesp_lib::event::args::registry::RegistryKeyObjectArgument::ensure_event_object	undefined ensure_event_object(void)	false	false	false
1802ed980	191	wesp_api_types::message::predicate::impl$448::is_bit_valid<enum2$<zerocopy::pointer::invariant::Exclusive>_>	undefined is_bit_valid<enum2$<zerocopy::pointer::invariant::Exclusive>_>(void)	false	false	false
1802eda40	272	wesp_api_types::message::predicate::impl$424::is_bit_valid<enum2$<zerocopy::pointer::invariant::Exclusive>_>	undefined is_bit_valid<enum2$<zerocopy::pointer::invariant::Exclusive>_>(void)	false	false	false
1802edb50	71	wesp_api_types::message::predicate::impl$432::is_bit_valid<enum2$<zerocopy::pointer::invariant::Exclusive>_>	undefined is_bit_valid<enum2$<zerocopy::pointer::invariant::Exclusive>_>(void)	false	false	false
1802edba0	300	wesp_api_types::message::predicate::impl$551::is_bit_valid<enum2$<zerocopy::pointer::invariant::Exclusive>_>	undefined is_bit_valid<enum2$<zerocopy::pointer::invariant::Exclusive>_>(void)	false	false	false
1802edcd0	2311	enum2$<wesp_lib::collection::CollectionKind>::persist	undefined persist(void)	false	false	false
1802ee600	451	core::ptr::drop_in_place<wesp_lib::client::store::ClientStoreTransaction>	undefined drop_in_place<wesp_lib::client::store::ClientStoreTransaction>(void)	false	false	false
1802ee7e0	130	nt_types::arc::AtomicOption<wesp_lib::event_object::strong_ref::EventObjectTableEntry>::decrement_strong<wesp_lib::event_object::strong_ref::EventObjectTableEntry>	undefined decrement_strong<wesp_lib::event_object::strong_ref::EventObjectTableEntry>(void)	false	false	false
1802ee870	1995	wesp_lib::event_object::strong_ref::impl$1::drop	undefined drop(void)	false	false	false
1802ef240	728	core::ptr::drop_in_place<wesp_lib::event_object::EventObject>	undefined drop_in_place<wesp_lib::event_object::EventObject>(void)	false	false	false
1802ef590	141	core::ptr::drop_in_place<wesp_lib::event_object::filestream::FileStreamEventObject>	undefined drop_in_place<wesp_lib::event_object::filestream::FileStreamEventObject>(void)	false	false	false
1802ef620	2632	core::ptr::drop_in_place<nt_types::arc::Strong<nt_types::push_lock::PushLock<wesp_lib::event_object::EventObjectManagerInner>_>_>	undefined drop_in_place<nt_types::arc::Strong<nt_types::push_lock::PushLock<wesp_lib::event_object::EventObjectManagerInner>_>_>(void)	false	false	false
1802f00c0	492	wesp_lib::event_object::strong_ref::impl$1::drop::remove_if_current<wesp_lib::event_object::thread::ThreadKey>	undefined remove_if_current<wesp_lib::event_object::thread::ThreadKey>(void)	false	false	false
1802f02b0	657	wesp_lib::event_object::strong_ref::impl$1::drop::remove_if_current<wesp_lib::event_object::registry::RegistryKeyKey>	undefined remove_if_current<wesp_lib::event_object::registry::RegistryKeyKey>(void)	false	false	false
1802f0550	348	wesp_lib::event_object::strong_ref::impl$1::drop::remove_if_current<wesp_lib::event_object::file::FileKey>	undefined remove_if_current<wesp_lib::event_object::file::FileKey>(void)	false	false	false
1802f06c0	349	wesp_lib::event_object::strong_ref::impl$1::drop::remove_if_current<wesp_lib::event_object::mailslot::MailslotKey>	undefined remove_if_current<wesp_lib::event_object::mailslot::MailslotKey>(void)	false	false	false
1802f0820	486	wesp_lib::event_object::strong_ref::impl$1::drop::remove_if_current<wesp_lib::event_object::transaction::KtmTransactionKey>	undefined remove_if_current<wesp_lib::event_object::transaction::KtmTransactionKey>(void)	false	false	false
1802f0a10	2640	wesp_lib::collection::impl$6::try_from	undefined try_from(void)	false	false	false
1802f1460	50	wesp_lib::event_object::impl$0::try_from	undefined try_from(void)	false	false	false
1802f1960	38	fs::fileobject::AsFsFileObject::transaction<fs::fileobject::FsFileObjectWithInstance>	undefined transaction<fs::fileobject::FsFileObjectWithInstance>(void)	false	false	false
1802f1990	51	fs::fileobject::AsFsFileObject::is_name_empty<fs::fileobject::FsFileObjectWithInstance>	undefined is_name_empty<fs::fileobject::FsFileObjectWithInstance>(void)	false	false	false
1802f19d0	58	fs::fileobject::AsFsFileObject::is_name_empty<fs::fileobject::FsEventFileObject>	undefined is_name_empty<fs::fileobject::FsEventFileObject>(void)	false	false	false
1802f1a10	46	fs::fileobject::AsFsFileObject::file_object_type<fs::fileobject::FsFileObjectWithInstance>	undefined file_object_type<fs::fileobject::FsFileObjectWithInstance>(void)	false	false	false
1802f1a40	55	fs::fileobject::AsFsFileObject::related_file_object<fs::fileobject::FsFileObjectWithInstance>	undefined related_file_object<fs::fileobject::FsFileObjectWithInstance>(void)	false	false	false
1802f1a80	62	fs::fileobject::AsFsFileObject::related_file_object<fs::fileobject::FsEventFileObject>	undefined related_file_object<fs::fileobject::FsEventFileObject>(void)	false	false	false
1802f1ac0	110	fs::fileobject::AsFsFileObject::to_file_object_with_instance<fs::fileobject::FsFileObjectWithInstance>	undefined to_file_object_with_instance<fs::fileobject::FsFileObjectWithInstance>(void)	false	false	false
1802f1b30	111	fs::fileobject::AsFsFileObject::to_file_object_with_instance<fs::fileobject::FsEventFileObject>	undefined to_file_object_with_instance<fs::fileobject::FsEventFileObject>(void)	false	false	false
1802f1ba0	26	fs::fileobject::AsFsFileObject::to_owned<fs::fileobject::FsEventFileObject>	undefined to_owned<fs::fileobject::FsEventFileObject>(void)	false	false	false
1802f1bc0	25	fs::fileobject::AsFsFileObject::to_owned<fs::fileobject::FsFileObjectWithInstance>	undefined to_owned<fs::fileobject::FsFileObjectWithInstance>(void)	false	false	false
1802f1be0	130	fs::fileobject::AsFsFileObject::as_handle<fs::fileobject::FsEventFileObject>	undefined as_handle<fs::fileobject::FsEventFileObject>(void)	false	false	false
1802f1c70	129	fs::fileobject::AsFsFileObject::as_handle<fs::fileobject::FsFileObjectWithInstance>	undefined as_handle<fs::fileobject::FsFileObjectWithInstance>(void)	false	false	false
1802f1d00	12	fs::fileobject::AsFsFileObject::is_opened<fs::fileobject::FsFileObjectWithInstance>	undefined is_opened<fs::fileobject::FsFileObjectWithInstance>(void)	false	false	false
1802f1d10	115	fs::fileobject::FsFileObjectApi::file_id_64<fs::fileobject::FsFileObjectWithInstance>	undefined file_id_64<fs::fileobject::FsFileObjectWithInstance>(void)	false	false	false
1802f1d90	116	fs::fileobject::FsFileObjectApi::file_id_64<fs::fileobject::FsEventFileObject>	undefined file_id_64<fs::fileobject::FsEventFileObject>(void)	false	false	false
1802f1e10	180	fs::fileobject::FsFileObjectApi::is_symlink<fs::fileobject::FsEventFileObject>	undefined is_symlink<fs::fileobject::FsEventFileObject>(void)	false	false	false
1802f1ed0	173	fs::fileobject::FsFileObjectApi::is_symlink<fs::fileobject::FsFileObjectWithInstance>	undefined is_symlink<fs::fileobject::FsFileObjectWithInstance>(void)	false	false	false
1802f1f80	159	fs::fileobject::FsFileObjectApi::change_time<fs::fileobject::FsFileObjectWithInstance>	undefined change_time<fs::fileobject::FsFileObjectWithInstance>(void)	false	false	false
1802f2020	166	fs::fileobject::FsFileObjectApi::change_time<fs::fileobject::FsEventFileObject>	undefined change_time<fs::fileobject::FsEventFileObject>(void)	false	false	false
1802f20d0	11	fs::fileobject::FsFileObjectApi::read_access<fs::fileobject::FsFileObjectWithInstance>	undefined read_access<fs::fileobject::FsFileObjectWithInstance>(void)	false	false	false
1802f20e0	12	fs::fileobject::FsFileObjectApi::read_access<fs::fileobject::FsEventFileObject>	undefined read_access<fs::fileobject::FsEventFileObject>(void)	false	false	false
1802f20f0	174	fs::fileobject::FsFileObjectApi::reparse_tag<fs::fileobject::FsEventFileObject>	undefined reparse_tag<fs::fileobject::FsEventFileObject>(void)	false	false	false
1802f21a0	167	fs::fileobject::FsFileObjectApi::reparse_tag<fs::fileobject::FsFileObjectWithInstance>	undefined reparse_tag<fs::fileobject::FsFileObjectWithInstance>(void)	false	false	false
1802f2250	11	fs::fileobject::FsFileObjectApi::shared_read<fs::fileobject::FsFileObjectWithInstance>	undefined shared_read<fs::fileobject::FsFileObjectWithInstance>(void)	false	false	false
1802f2260	12	fs::fileobject::FsFileObjectApi::shared_read<fs::fileobject::FsEventFileObject>	undefined shared_read<fs::fileobject::FsEventFileObject>(void)	false	false	false
1802f2270	242	fs::fileobject::FsFileObjectApi::stream_name<fs::fileobject::FsFileObjectWithInstance>	undefined stream_name<fs::fileobject::FsFileObjectWithInstance>(void)	false	false	false
1802f2370	166	fs::fileobject::FsFileObjectApi::stream_size<fs::fileobject::FsEventFileObject>	undefined stream_size<fs::fileobject::FsEventFileObject>(void)	false	false	false
1802f2420	159	fs::fileobject::FsFileObjectApi::stream_size<fs::fileobject::FsFileObjectWithInstance>	undefined stream_size<fs::fileobject::FsFileObjectWithInstance>(void)	false	false	false
1802f24c0	107	fs::fileobject::FsFileObjectApi::is_directory<fs::fileobject::FsFileObjectWithInstance>	undefined is_directory<fs::fileobject::FsFileObjectWithInstance>(void)	false	false	false
1802f2530	108	fs::fileobject::FsFileObjectApi::is_directory<fs::fileobject::FsEventFileObject>	undefined is_directory<fs::fileobject::FsEventFileObject>(void)	false	false	false
1802f25a0	812	fs::fileobject::FsFileObjectApi::query_ea_raw<fs::fileobject::FsEventFileObject>	undefined query_ea_raw<fs::fileobject::FsEventFileObject>(void)	false	false	false
1802f28d0	780	fs::fileobject::FsFileObjectApi::query_ea_raw<fs::fileobject::FsFileObjectWithInstance>	undefined query_ea_raw<fs::fileobject::FsFileObjectWithInstance>(void)	false	false	false
1802f2be0	11	fs::fileobject::FsFileObjectApi::shared_write<fs::fileobject::FsFileObjectWithInstance>	undefined shared_write<fs::fileobject::FsFileObjectWithInstance>(void)	false	false	false
1802f2bf0	12	fs::fileobject::FsFileObjectApi::shared_write<fs::fileobject::FsEventFileObject>	undefined shared_write<fs::fileobject::FsEventFileObject>(void)	false	false	false
1802f2c00	1086	fs::fileobject::FsFileObjectApi::stream_names<fs::fileobject::FsFileObjectWithInstance>	undefined stream_names<fs::fileobject::FsFileObjectWithInstance>(void)	false	false	false
1802f3050	559	fs::fileobject::FsFileObjectApi::query_information_file<fs::fileobject::FsFileObjectWithInstance>	undefined query_information_file<fs::fileobject::FsFileObjectWithInstance>(void)	false	false	false
1802f3290	1104	fs::fileobject::FsFileObjectApi::stream_names<fs::fileobject::FsEventFileObject>	undefined stream_names<fs::fileobject::FsEventFileObject>(void)	false	false	false
1802f36f0	589	fs::fileobject::FsFileObjectApi::query_information_file<fs::fileobject::FsEventFileObject>	undefined query_information_file<fs::fileobject::FsEventFileObject>(void)	false	false	false
1802f3940	12	fs::fileobject::FsFileObjectApi::write_access<fs::fileobject::FsEventFileObject>	undefined write_access<fs::fileobject::FsEventFileObject>(void)	false	false	false
1802f3950	11	fs::fileobject::FsFileObjectApi::write_access<fs::fileobject::FsFileObjectWithInstance>	undefined write_access<fs::fileobject::FsFileObjectWithInstance>(void)	false	false	false
1802f3960	166	fs::fileobject::FsFileObjectApi::creation_time<fs::fileobject::FsEventFileObject>	undefined creation_time<fs::fileobject::FsEventFileObject>(void)	false	false	false
1802f3a10	159	fs::fileobject::FsFileObjectApi::creation_time<fs::fileobject::FsFileObjectWithInstance>	undefined creation_time<fs::fileobject::FsFileObjectWithInstance>(void)	false	false	false
1802f3ab0	12	fs::fileobject::FsFileObjectApi::delete_access<fs::fileobject::FsEventFileObject>	undefined delete_access<fs::fileobject::FsEventFileObject>(void)	false	false	false
1802f3ac0	11	fs::fileobject::FsFileObjectApi::delete_access<fs::fileobject::FsFileObjectWithInstance>	undefined delete_access<fs::fileobject::FsFileObjectWithInstance>(void)	false	false	false
1802f3ad0	23	fs::fileobject::FsFileObjectApi::is_transacted<fs::fileobject::FsFileObjectWithInstance>	undefined is_transacted<fs::fileobject::FsFileObjectWithInstance>(void)	false	false	false
1802f3af0	4	fs::fileobject::FsFileObjectApi::is_transacted<fs::fileobject::FsEventFileObject>	undefined is_transacted<fs::fileobject::FsEventFileObject>(void)	false	false	false
1802f3b00	25	fs::fileobject::FsFileObjectApi::query_ea_file<fs::fileobject::FsFileObjectWithInstance>	undefined query_ea_file<fs::fileobject::FsFileObjectWithInstance>(void)	false	false	false
1802f3b20	25	fs::fileobject::FsFileObjectApi::query_ea_file<fs::fileobject::FsEventFileObject>	undefined query_ea_file<fs::fileobject::FsEventFileObject>(void)	false	false	false
1802f3b40	207	fs::fileobject::FsFileObjectApi::relative_path<fs::fileobject::FsFileObjectWithInstance>	undefined relative_path<fs::fileobject::FsFileObjectWithInstance>(void)	false	false	false
1802f3c10	12	fs::fileobject::FsFileObjectApi::shared_delete<fs::fileobject::FsEventFileObject>	undefined shared_delete<fs::fileobject::FsEventFileObject>(void)	false	false	false
1802f3c20	11	fs::fileobject::FsFileObjectApi::shared_delete<fs::fileobject::FsFileObjectWithInstance>	undefined shared_delete<fs::fileobject::FsFileObjectWithInstance>(void)	false	false	false
1802f3c30	11	fs::fileobject::FsFileObjectApi::delete_pending<fs::fileobject::FsFileObjectWithInstance>	undefined delete_pending<fs::fileobject::FsFileObjectWithInstance>(void)	false	false	false
1802f3c40	12	fs::fileobject::FsFileObjectApi::delete_pending<fs::fileobject::FsEventFileObject>	undefined delete_pending<fs::fileobject::FsEventFileObject>(void)	false	false	false
1802f3c50	169	fs::fileobject::FsFileObjectApi::granted_access<fs::fileobject::FsEventFileObject>	undefined granted_access<fs::fileobject::FsEventFileObject>(void)	false	false	false
1802f3d00	169	fs::fileobject::FsFileObjectApi::granted_access<fs::fileobject::FsFileObjectWithInstance>	undefined granted_access<fs::fileobject::FsFileObjectWithInstance>(void)	false	false	false
1802f3db0	23	fs::fileobject::FsFileObjectApi::is_copy_source<fs::fileobject::FsEventFileObject>	undefined is_copy_source<fs::fileobject::FsEventFileObject>(void)	false	false	false
1802f3dd0	22	fs::fileobject::FsFileObjectApi::is_copy_source<fs::fileobject::FsFileObjectWithInstance>	undefined is_copy_source<fs::fileobject::FsFileObjectWithInstance>(void)	false	false	false
1802f3df0	22	fs::fileobject::FsFileObjectApi::is_paging_file<fs::fileobject::FsFileObjectWithInstance>	undefined is_paging_file<fs::fileobject::FsFileObjectWithInstance>(void)	false	false	false
1802f3e10	23	fs::fileobject::FsFileObjectApi::is_paging_file<fs::fileobject::FsEventFileObject>	undefined is_paging_file<fs::fileobject::FsEventFileObject>(void)	false	false	false
1802f3e30	12	fs::fileobject::FsFileObjectApi::lock_operation<fs::fileobject::FsEventFileObject>	undefined lock_operation<fs::fileobject::FsEventFileObject>(void)	false	false	false
1802f3e40	11	fs::fileobject::FsFileObjectApi::lock_operation<fs::fileobject::FsFileObjectWithInstance>	undefined lock_operation<fs::fileobject::FsFileObjectWithInstance>(void)	false	false	false
1802f3e50	209	fs::fileobject::FsFileObjectApi::opened_nt_path<fs::fileobject::FsFileObjectWithInstance>	undefined opened_nt_path<fs::fileobject::FsFileObjectWithInstance>(void)	false	false	false
1802f3f30	85	fs::fileobject::FsFileObjectApi::reparse_buffer<fs::fileobject::FsFileObjectWithInstance>	undefined reparse_buffer<fs::fileobject::FsFileObjectWithInstance>(void)	false	false	false
1802f3f90	649	fs::fileobject::FsFileObjectApi::fs_control_file<fs::fileobject::FsFileObjectWithInstance>	undefined fs_control_file<fs::fileobject::FsFileObjectWithInstance>(void)	false	false	false
1802f4230	85	fs::fileobject::FsFileObjectApi::reparse_buffer<fs::fileobject::FsEventFileObject>	undefined reparse_buffer<fs::fileobject::FsEventFileObject>(void)	false	false	false
1802f4290	661	fs::fileobject::FsFileObjectApi::fs_control_file<fs::fileobject::FsEventFileObject>	undefined fs_control_file<fs::fileobject::FsEventFileObject>(void)	false	false	false
1802f4540	158	fs::fileobject::FsFileObjectApi::file_attributes<fs::fileobject::FsEventFileObject>	undefined file_attributes<fs::fileobject::FsEventFileObject>(void)	false	false	false
1802f45e0	151	fs::fileobject::FsFileObjectApi::file_attributes<fs::fileobject::FsFileObjectWithInstance>	undefined file_attributes<fs::fileobject::FsFileObjectWithInstance>(void)	false	false	false
1802f4680	209	fs::fileobject::FsFileObjectApi::final_component<fs::fileobject::FsFileObjectWithInstance>	undefined final_component<fs::fileobject::FsFileObjectWithInstance>(void)	false	false	false
1802f4760	166	fs::fileobject::FsFileObjectApi::last_write_time<fs::fileobject::FsEventFileObject>	undefined last_write_time<fs::fileobject::FsEventFileObject>(void)	false	false	false
1802f4810	159	fs::fileobject::FsFileObjectApi::last_write_time<fs::fileobject::FsFileObjectWithInstance>	undefined last_write_time<fs::fileobject::FsFileObjectWithInstance>(void)	false	false	false
1802f48b0	158	fs::fileobject::FsFileObjectApi::number_of_links<fs::fileobject::FsEventFileObject>	undefined number_of_links<fs::fileobject::FsEventFileObject>(void)	false	false	false
1802f4950	151	fs::fileobject::FsFileObjectApi::number_of_links<fs::fileobject::FsFileObjectWithInstance>	undefined number_of_links<fs::fileobject::FsFileObjectWithInstance>(void)	false	false	false
1802f49f0	163	fs::fileobject::FsFileObjectApi::is_reparse_point<fs::fileobject::FsFileObjectWithInstance>	undefined is_reparse_point<fs::fileobject::FsFileObjectWithInstance>(void)	false	false	false
1802f4aa0	170	fs::fileobject::FsFileObjectApi::is_reparse_point<fs::fileobject::FsEventFileObject>	undefined is_reparse_point<fs::fileobject::FsEventFileObject>(void)	false	false	false
1802f4b50	166	fs::fileobject::FsFileObjectApi::last_access_time<fs::fileobject::FsEventFileObject>	undefined last_access_time<fs::fileobject::FsEventFileObject>(void)	false	false	false
1802f4c00	159	fs::fileobject::FsFileObjectApi::last_access_time<fs::fileobject::FsFileObjectWithInstance>	undefined last_access_time<fs::fileobject::FsFileObjectWithInstance>(void)	false	false	false
1802f4ca0	190	fs::fileobject::FsFileObjectApi::basic_information<fs::fileobject::FsEventFileObject>	undefined basic_information<fs::fileobject::FsEventFileObject>(void)	false	false	false
1802f4d60	183	fs::fileobject::FsFileObjectApi::basic_information<fs::fileobject::FsFileObjectWithInstance>	undefined basic_information<fs::fileobject::FsFileObjectWithInstance>(void)	false	false	false
1802f4e20	493	fs::fileobject::FsFileObjectApi::is_local_loopback<fs::fileobject::FsEventFileObject>	undefined is_local_loopback<fs::fileobject::FsEventFileObject>(void)	false	false	false
1802f5010	493	fs::fileobject::FsFileObjectApi::is_local_loopback<fs::fileobject::FsFileObjectWithInstance>	undefined is_local_loopback<fs::fileobject::FsFileObjectWithInstance>(void)	false	false	false
1802f5200	209	fs::fileobject::FsFileObjectApi::normalized_nt_path<fs::fileobject::FsFileObjectWithInstance>	undefined normalized_nt_path<fs::fileobject::FsFileObjectWithInstance>(void)	false	false	false
1802f52e0	23	fs::fileobject::FsFileObjectApi::is_copy_destination<fs::fileobject::FsEventFileObject>	undefined is_copy_destination<fs::fileobject::FsEventFileObject>(void)	false	false	false
1802f5300	22	fs::fileobject::FsFileObjectApi::is_copy_destination<fs::fileobject::FsFileObjectWithInstance>	undefined is_copy_destination<fs::fileobject::FsFileObjectWithInstance>(void)	false	false	false
1802f5320	22	fs::fileobject::FsFileObjectApi::is_ignoring_sharing<fs::fileobject::FsFileObjectWithInstance>	undefined is_ignoring_sharing<fs::fileobject::FsFileObjectWithInstance>(void)	false	false	false
1802f5340	23	fs::fileobject::FsFileObjectApi::is_ignoring_sharing<fs::fileobject::FsEventFileObject>	undefined is_ignoring_sharing<fs::fileobject::FsEventFileObject>(void)	false	false	false
1802f5360	465	fs::fileobject::FsFileObjectApi::security_descriptor<fs::fileobject::FsEventFileObject>	undefined security_descriptor<fs::fileobject::FsEventFileObject>(void)	false	false	false
1802f5540	443	fs::fileobject::FsFileObjectApi::security_descriptor<fs::fileobject::FsFileObjectWithInstance>	undefined security_descriptor<fs::fileobject::FsFileObjectWithInstance>(void)	false	false	false
1802f5700	102	fs::fileobject::FsFileObjectApi::cached_signing_level<fs::fileobject::FsFileObjectWithInstance>	undefined cached_signing_level<fs::fileobject::FsFileObjectWithInstance>(void)	false	false	false
1802f5770	181	fs::fileobject::FsFileObjectApi::standard_information<fs::fileobject::FsEventFileObject>	undefined standard_information<fs::fileobject::FsEventFileObject>(void)	false	false	false
1802f5830	174	fs::fileobject::FsFileObjectApi::standard_information<fs::fileobject::FsFileObjectWithInstance>	undefined standard_information<fs::fileobject::FsFileObjectWithInstance>(void)	false	false	false
1802f58e0	116	fs::fileobject::FsFileObjectApi::stream_context_flags<fs::fileobject::FsFileObjectWithInstance>	undefined stream_context_flags<fs::fileobject::FsFileObjectWithInstance>(void)	false	false	false
1802f5960	128	fs::fileobject::FsFileObjectApi::stream_context_flags<fs::fileobject::FsEventFileObject>	undefined stream_context_flags<fs::fileobject::FsEventFileObject>(void)	false	false	false
1802f59e0	22	fs::fileobject::FsFileObjectApi::is_system_paging_file<fs::fileobject::FsFileObjectWithInstance>	undefined is_system_paging_file<fs::fileobject::FsFileObjectWithInstance>(void)	false	false	false
1802f5a00	23	fs::fileobject::FsFileObjectApi::is_system_paging_file<fs::fileobject::FsEventFileObject>	undefined is_system_paging_file<fs::fileobject::FsEventFileObject>(void)	false	false	false
1802f5a20	536	fs::fileobject::FsFileObjectApi::local_loopback_nt_path<fs::fileobject::FsFileObjectWithInstance>	undefined local_loopback_nt_path<fs::fileobject::FsFileObjectWithInstance>(void)	false	false	false
1802f5c40	774	fs::fileobject::FsFileObjectApi::query_loopback_ea_via_reopen<fs::fileobject::FsFileObjectWithInstance>	undefined query_loopback_ea_via_reopen<fs::fileobject::FsFileObjectWithInstance>(void)	false	false	false
1802f5f50	157	fs::fileobject::FsFileObjectApi::query_ea<fs::fileobject::FsFileObjectWithInstance>	undefined query_ea<fs::fileobject::FsFileObjectWithInstance>(void)	false	false	false
1802f5ff0	540	fs::fileobject::FsFileObjectApi::local_loopback_nt_path<fs::fileobject::FsEventFileObject>	undefined local_loopback_nt_path<fs::fileobject::FsEventFileObject>(void)	false	false	false
1802f6210	692	fs::fileobject::FsFileObjectApi::query_loopback_ea_via_reopen<fs::fileobject::FsEventFileObject>	undefined query_loopback_ea_via_reopen<fs::fileobject::FsEventFileObject>(void)	false	false	false
1802f64d0	157	fs::fileobject::FsFileObjectApi::query_ea<fs::fileobject::FsEventFileObject>	undefined query_ea<fs::fileobject::FsEventFileObject>(void)	false	false	false
1802f6570	159	fs::fileobject::FsFileObjectApi::stream_allocation_size<fs::fileobject::FsFileObjectWithInstance>	undefined stream_allocation_size<fs::fileobject::FsFileObjectWithInstance>(void)	false	false	false
1802f6610	166	fs::fileobject::FsFileObjectApi::stream_allocation_size<fs::fileobject::FsEventFileObject>	undefined stream_allocation_size<fs::fileobject::FsEventFileObject>(void)	false	false	false
1802f66c0	120	fs::fileobject::FsFileObjectApi::is_alternate_data_stream<fs::fileobject::FsFileObjectWithInstance>	undefined is_alternate_data_stream<fs::fileobject::FsFileObjectWithInstance>(void)	false	false	false
1802f6740	127	fs::fileobject::FsFileObjectApi::is_alternate_data_stream<fs::fileobject::FsEventFileObject>	undefined is_alternate_data_stream<fs::fileobject::FsEventFileObject>(void)	false	false	false
1802f67c0	30	fs::fileobject::FsFileObjectApi::is_attached_to_host_silo<fs::fileobject::FsFileObjectWithInstance>	undefined is_attached_to_host_silo<fs::fileobject::FsFileObjectWithInstance>(void)	false	false	false
1802f67e0	31	fs::fileobject::FsFileObjectApi::is_attached_to_host_silo<fs::fileobject::FsEventFileObject>	undefined is_attached_to_host_silo<fs::fileobject::FsEventFileObject>(void)	false	false	false
1802f6800	165	fs::fileobject::FsFileObjectApi::attribute_tag_information<fs::fileobject::FsFileObjectWithInstance>	undefined attribute_tag_information<fs::fileobject::FsFileObjectWithInstance>(void)	false	false	false
1802f68b0	172	fs::fileobject::FsFileObjectApi::attribute_tag_information<fs::fileobject::FsEventFileObject>	undefined attribute_tag_information<fs::fileobject::FsEventFileObject>(void)	false	false	false
1802f6960	159	fs::fileobject::FsFileObjectApi::case_sensitive_information<fs::fileobject::FsEventFileObject>	undefined case_sensitive_information<fs::fileobject::FsEventFileObject>(void)	false	false	false
1802f6a00	152	fs::fileobject::FsFileObjectApi::case_sensitive_information<fs::fileobject::FsFileObjectWithInstance>	undefined case_sensitive_information<fs::fileobject::FsFileObjectWithInstance>(void)	false	false	false
1802f6aa0	197	fs::fileobject::FsFileObjectApi::is_directory_case_sensitive<fs::fileobject::FsEventFileObject>	undefined is_directory_case_sensitive<fs::fileobject::FsEventFileObject>(void)	false	false	false
1802f6b70	190	fs::fileobject::FsFileObjectApi::is_directory_case_sensitive<fs::fileobject::FsFileObjectWithInstance>	undefined is_directory_case_sensitive<fs::fileobject::FsFileObjectWithInstance>(void)	false	false	false
1802f6c30	38	fs::fileobject::FsFileObjectApi::has_user_writable_references<fs::fileobject::FsFileObjectWithInstance>	undefined has_user_writable_references<fs::fileobject::FsFileObjectWithInstance>(void)	false	false	false
1802f6c60	39	fs::fileobject::FsFileObjectApi::has_user_writable_references<fs::fileobject::FsEventFileObject>	undefined has_user_writable_references<fs::fileobject::FsEventFileObject>(void)	false	false	false
1802f6c90	174	fs::fileobject::FsFileObjectApi::usn<fs::fileobject::FsEventFileObject>	undefined usn<fs::fileobject::FsEventFileObject>(void)	false	false	false
1802f6d40	174	fs::fileobject::FsFileObjectApi::usn<fs::fileobject::FsFileObjectWithInstance>	undefined usn<fs::fileobject::FsFileObjectWithInstance>(void)	false	false	false
1802f6df0	8	fs::fileobject::FsFileObjectApi::flags<fs::fileobject::FsEventFileObject>	undefined flags<fs::fileobject::FsEventFileObject>(void)	false	false	false
1802f6e00	7	fs::fileobject::FsFileObjectApi::flags<fs::fileobject::FsFileObjectWithInstance>	undefined flags<fs::fileobject::FsFileObjectWithInstance>(void)	false	false	false
1802f6e10	220	fs::fileobject::FsFileObjectApi::ea_list<fs::fileobject::FsEventFileObject>	undefined ea_list<fs::fileobject::FsEventFileObject>(void)	false	false	false
1802f6ef0	213	fs::fileobject::FsFileObjectApi::ea_list<fs::fileobject::FsFileObjectWithInstance>	undefined ea_list<fs::fileobject::FsFileObjectWithInstance>(void)	false	false	false
1802f6fd0	140	fs::fileobject::FsFileObjectApi::file_id<fs::fileobject::FsEventFileObject>	undefined file_id<fs::fileobject::FsEventFileObject>(void)	false	false	false
1802f7060	133	fs::fileobject::FsFileObjectApi::file_id<fs::fileobject::FsFileObjectWithInstance>	undefined file_id<fs::fileobject::FsFileObjectWithInstance>(void)	false	false	false
1802f70f0	130	fs::fileobject::FsFileObjectApi::ads_names<fs::fileobject::FsFileObjectWithInstance>	undefined ads_names<fs::fileobject::FsFileObjectWithInstance>(void)	false	false	false
1802f7180	130	fs::fileobject::FsFileObjectApi::ads_names<fs::fileobject::FsEventFileObject>	undefined ads_names<fs::fileobject::FsEventFileObject>(void)	false	false	false
1802f7210	209	fs::fileobject::FsFileObjectApi::extension<fs::fileobject::FsFileObjectWithInstance>	undefined extension<fs::fileobject::FsFileObjectWithInstance>(void)	false	false	false
1802f72f0	228	fs::fileobject::FsFileObjectApi::file_name<fs::fileobject::FsEventFileObject>	undefined file_name<fs::fileobject::FsEventFileObject>(void)	false	false	false
1802f73e0	221	fs::fileobject::FsFileObjectApi::file_name<fs::fileobject::FsFileObjectWithInstance>	undefined file_name<fs::fileobject::FsFileObjectWithInstance>(void)	false	false	false
1802f74c0	90	fs::fileobject::AsFileObjectAndInstance::stream_id<fs::fileobject::FsEventFileObject>	undefined stream_id<fs::fileobject::FsEventFileObject>(void)	false	false	false
1802f7520	89	fs::fileobject::AsFileObjectAndInstance::stream_id<fs::fileobject::FsFileObjectWithInstance>	undefined stream_id<fs::fileobject::FsFileObjectWithInstance>(void)	false	false	false
1802f7580	379	fs::instance::FsFilterInstanceApi::device_type<fs::fileobject::FsFileObjectWithInstance>	undefined device_type<fs::fileobject::FsFileObjectWithInstance>(void)	false	false	false
1802f7700	379	fs::instance::FsFilterInstanceApi::device_type<fs::fileobject::FsEventFileObject>	undefined device_type<fs::fileobject::FsEventFileObject>(void)	false	false	false
1802f7880	95	fs::instance::FsFilterInstanceApi::disk_object<fs::fileobject::FsEventFileObject>	undefined disk_object<fs::fileobject::FsEventFileObject>(void)	false	false	false
1802f78e0	95	fs::instance::FsFilterInstanceApi::disk_object<fs::fileobject::FsFileObjectWithInstance>	undefined disk_object<fs::fileobject::FsFileObjectWithInstance>(void)	false	false	false
1802f7940	380	fs::instance::FsFilterInstanceApi::volume_guid<fs::fileobject::FsFileObjectWithInstance>	undefined volume_guid<fs::fileobject::FsFileObjectWithInstance>(void)	false	false	false
1802f7ac0	380	fs::instance::FsFilterInstanceApi::volume_guid<fs::fileobject::FsEventFileObject>	undefined volume_guid<fs::fileobject::FsEventFileObject>(void)	false	false	false
1802f7c40	379	fs::instance::FsFilterInstanceApi::volume_flags<fs::fileobject::FsEventFileObject>	undefined volume_flags<fs::fileobject::FsEventFileObject>(void)	false	false	false
1802f7dc0	379	fs::instance::FsFilterInstanceApi::volume_flags<fs::fileobject::FsFileObjectWithInstance>	undefined volume_flags<fs::fileobject::FsFileObjectWithInstance>(void)	false	false	false
1802f7f40	362	fs::instance::FsFilterInstanceApi::filesystem_type<fs::fileobject::FsEventFileObject>	undefined filesystem_type<fs::fileobject::FsEventFileObject>(void)	false	false	false
1802f80b0	362	fs::instance::FsFilterInstanceApi::filesystem_type<fs::fileobject::FsFileObjectWithInstance>	undefined filesystem_type<fs::fileobject::FsFileObjectWithInstance>(void)	false	false	false
1802f8220	379	fs::instance::FsFilterInstanceApi::device_object_flags<fs::fileobject::FsFileObjectWithInstance>	undefined device_object_flags<fs::fileobject::FsFileObjectWithInstance>(void)	false	false	false
1802f83a0	379	fs::instance::FsFilterInstanceApi::device_object_flags<fs::fileobject::FsEventFileObject>	undefined device_object_flags<fs::fileobject::FsEventFileObject>(void)	false	false	false
1802f8520	414	fs::instance::FsFilterInstanceApi::query_fs_volume_info<fs::fileobject::FsEventFileObject>	undefined query_fs_volume_info<fs::fileobject::FsEventFileObject>(void)	false	false	false
1802f86c0	414	fs::instance::FsFilterInstanceApi::query_fs_volume_info<fs::fileobject::FsFileObjectWithInstance>	undefined query_fs_volume_info<fs::fileobject::FsFileObjectWithInstance>(void)	false	false	false
1802f8860	30	fs::instance::FsFilterInstanceApi::enlist_in_transaction<fs::fileobject::FsFileObjectWithInstance>	undefined enlist_in_transaction<fs::fileobject::FsFileObjectWithInstance>(void)	false	false	false
1802f8880	30	fs::instance::FsFilterInstanceApi::enlist_in_transaction<fs::fileobject::FsEventFileObject>	undefined enlist_in_transaction<fs::fileobject::FsEventFileObject>(void)	false	false	false
1802f88a0	379	fs::instance::FsFilterInstanceApi::filesystem_attributes<fs::fileobject::FsFileObjectWithInstance>	undefined filesystem_attributes<fs::fileobject::FsFileObjectWithInstance>(void)	false	false	false
1802f8a20	379	fs::instance::FsFilterInstanceApi::filesystem_attributes<fs::fileobject::FsEventFileObject>	undefined filesystem_attributes<fs::fileobject::FsEventFileObject>(void)	false	false	false
1802f8ba0	105	fs::instance::FsFilterInstanceApi::instance_context_info<fs::fileobject::FsFileObjectWithInstance>	undefined instance_context_info<fs::fileobject::FsFileObjectWithInstance>(void)	false	false	false
1802f8c10	105	fs::instance::FsFilterInstanceApi::instance_context_info<fs::fileobject::FsEventFileObject>	undefined instance_context_info<fs::fileobject::FsEventFileObject>(void)	false	false	false
1802f8c80	379	fs::instance::FsFilterInstanceApi::device_characteristics<fs::fileobject::FsFileObjectWithInstance>	undefined device_characteristics<fs::fileobject::FsFileObjectWithInstance>(void)	false	false	false
1802f8e00	379	fs::instance::FsFilterInstanceApi::device_characteristics<fs::fileobject::FsEventFileObject>	undefined device_characteristics<fs::fileobject::FsEventFileObject>(void)	false	false	false
1802f8f80	388	fs::instance::FsFilterInstanceApi::supports_named_streams<fs::fileobject::FsFileObjectWithInstance>	undefined supports_named_streams<fs::fileobject::FsFileObjectWithInstance>(void)	false	false	false
1802f9110	388	fs::instance::FsFilterInstanceApi::supports_named_streams<fs::fileobject::FsEventFileObject>	undefined supports_named_streams<fs::fileobject::FsEventFileObject>(void)	false	false	false
1802f92a0	489	fs::instance::FsFilterInstanceApi::query_fs_attribute_info<fs::fileobject::FsFileObjectWithInstance>	undefined query_fs_attribute_info<fs::fileobject::FsFileObjectWithInstance>(void)	false	false	false
1802f9490	489	fs::instance::FsFilterInstanceApi::query_fs_attribute_info<fs::fileobject::FsEventFileObject>	undefined query_fs_attribute_info<fs::fileobject::FsEventFileObject>(void)	false	false	false
1802f9680	687	fs::instance::FsFilterInstanceApi::volume_name_prefer_guid<fs::fileobject::FsFileObjectWithInstance>	undefined volume_name_prefer_guid<fs::fileobject::FsFileObjectWithInstance>(void)	false	false	false
1802f9930	687	fs::instance::FsFilterInstanceApi::volume_name_prefer_guid<fs::fileobject::FsEventFileObject>	undefined volume_name_prefer_guid<fs::fileobject::FsEventFileObject>(void)	false	false	false
1802f9be0	91	fs::instance::FsFilterInstanceApi::volume_id<fs::fileobject::FsFileObjectWithInstance>	undefined volume_id<fs::fileobject::FsFileObjectWithInstance>(void)	false	false	false
1802f9c40	66	core::fmt::impl$80::fmt<enum2$<wesp_lib::collection::CollectionError>_>	undefined fmt<enum2$<wesp_lib::collection::CollectionError>_>(void)	false	false	false
1802fa330	705	core::slice::cmp::impl$4::equal_same_length<nt_types::arc::Arc<wesp_lib::filter::Filter>,nt_types::arc::Arc<wesp_lib::filter::Filter>_>	undefined equal_same_length<nt_types::arc::Arc<wesp_lib::filter::Filter>,nt_types::arc::Arc<wesp_lib::filter::Filter>_>(void)	false	false	false
1802fc470	213	nt_types::arc::impl$7::drop<wesp_lib::client::manager::ClientCollection>	undefined drop<wesp_lib::client::manager::ClientCollection>(void)	false	false	false
1802fc560	133	core::ptr::drop_in_place<nt_types::arc::ArcData<wesp_lib::client::internal::InternalClient>_>	undefined drop_in_place<nt_types::arc::ArcData<wesp_lib::client::internal::InternalClient>_>(void)	false	false	false
1802fc5f0	1097	core::ptr::drop_in_place<nt_types::arc::ArcData<wesp_lib::client::ClientObject>_>	undefined drop_in_place<nt_types::arc::ArcData<wesp_lib::client::ClientObject>_>(void)	false	false	false
1802fca60	42	nt_types::arc::impl$7::drop<wesp_lib::rule::config::notification::NotificationConfig>	undefined drop<wesp_lib::rule::config::notification::NotificationConfig>(void)	false	false	false
1802fca90	287	core::ptr::drop_in_place<nt_types::arc::ArcData<wesp_lib::rule::config::notification::NotificationConfig>_>	undefined drop_in_place<nt_types::arc::ArcData<wesp_lib::rule::config::notification::NotificationConfig>_>(void)	false	false	false
1802fcbc0	39	nt_types::arc::impl$7::drop<nt_types::look_aside::LookasideList<array$<core::mem::maybe_uninit::MaybeUninit<u8>,4096>_>_>	undefined drop<nt_types::look_aside::LookasideList<array$<core::mem::maybe_uninit::MaybeUninit<u8>,4096>_>_>(void)	false	false	false
1802fcbf0	52	nt_types::arc::impl$7::drop<alloc::vec::Vec<u8,alloc::alloc::Global>_>	undefined drop<alloc::vec::Vec<u8,alloc::alloc::Global>_>(void)	false	false	false
1802fcc30	42	nt_types::arc::impl$7::drop<wesp_lib::client::ClientObject>	undefined drop<wesp_lib::client::ClientObject>(void)	false	false	false
1802fcc60	248	nt_types::arc::impl$7::drop<wesp_lib::event_queue::NotificationEntry>	undefined drop<wesp_lib::event_queue::NotificationEntry>(void)	false	false	false
1802fcd80	42	nt_types::arc::impl$7::drop<wesp_lib::EspCore>	undefined drop<wesp_lib::EspCore>(void)	false	false	false
1802fcdb0	230	core::ptr::drop_in_place<nt_types::arc::ArcData<wesp_lib::EspCore>_>	undefined drop_in_place<nt_types::arc::ArcData<wesp_lib::EspCore>_>(void)	false	false	false
1802fcea0	363	nt_types::arc::impl$19::drop<wesp_lib::client::manager::ClientManager>	undefined drop<wesp_lib::client::manager::ClientManager>(void)	false	false	false
1802fd020	82	nt_types::arc::impl$7::drop<wesp_lib::context_key::ContextKeyInfo>	undefined drop<wesp_lib::context_key::ContextKeyInfo>(void)	false	false	false
1802fd080	485	nt_types::arc::impl$7::drop<wesp_lib::client::rules::ClientRules>	undefined drop<wesp_lib::client::rules::ClientRules>(void)	false	false	false
1802fd280	203	nt_types::arc::impl$19::drop<wesp_lib::event_queue::EventQueue>	undefined drop<wesp_lib::event_queue::EventQueue>(void)	false	false	false
1802fd350	1049	wesp_lib::event_queue::impl$16::drop	undefined drop(void)	false	false	false
1802fd770	316	core::ptr::drop_in_place<enum2$<wesp_lib::event_queue::EventQueueState>_>	undefined drop_in_place<enum2$<wesp_lib::event_queue::EventQueueState>_>(void)	false	false	false
1802fd8c0	319	core::ptr::drop_in_place<nt_types::arc::Arc<wesp_lib::event_queue::EventQueueConnectedState>_>	undefined drop_in_place<nt_types::arc::Arc<wesp_lib::event_queue::EventQueueConnectedState>_>(void)	false	false	false
1802fda10	459	nt_types::arc::impl$19::drop<wesp_lib::client::object_table::ClientObjectTable<wesp_lib::event_queue::EventQueue>_>	undefined drop<wesp_lib::client::object_table::ClientObjectTable<wesp_lib::event_queue::EventQueue>_>(void)	false	false	false
1802fdbe0	454	nt_types::arc::impl$7::drop<wesp_lib::client::rules::ClientRuleCollection>	undefined drop<wesp_lib::client::rules::ClientRuleCollection>(void)	false	false	false
1802fddc0	42	nt_types::arc::impl$7::drop<wesp_lib::rule::Rule>	undefined drop<wesp_lib::rule::Rule>(void)	false	false	false
1802fddf0	352	core::ptr::drop_in_place<nt_types::arc::ArcData<wesp_lib::rule::Rule>_>	undefined drop_in_place<nt_types::arc::ArcData<wesp_lib::rule::Rule>_>(void)	false	false	false
1802fdfe0	185	core::ptr::drop_in_place<wesp_lib::event::args::file::FileArgument>	undefined drop_in_place<wesp_lib::event::args::file::FileArgument>(void)	false	false	false
1802fe0a0	106	core::ptr::drop_in_place<wesp_lib::event::args::volume::VolumeArgument>	undefined drop_in_place<wesp_lib::event::args::volume::VolumeArgument>(void)	false	false	false
1802fe110	208	core::ptr::drop_in_place<wesp_lib::event::args::disk::DiskArgument>	undefined drop_in_place<wesp_lib::event::args::disk::DiskArgument>(void)	false	false	false
1802fe1e0	167	falloc::FallibleBox::try_new<alloc::boxed::Box<wesp_lib::filter::comparison::MemoryAddressBasicComparison,alloc::alloc::Global>,wesp_lib::filter::comparison::MemoryAddressBasicComparison>	undefined try_new<alloc::boxed::Box<wesp_lib::filter::comparison::MemoryAddressBasicComparison,alloc::alloc::Global>,wesp_lib::filter::comparison::MemoryAddressBasicComparison>(void)	false	false	false
1802fe290	154	core::ptr::drop_in_place<enum2$<core::option::Option<wesp_lib::filter::comparison::NumericRhsComparison>_>_>	undefined drop_in_place<enum2$<core::option::Option<wesp_lib::filter::comparison::NumericRhsComparison>_>_>(void)	false	false	false
1802fe330	160	nt_types::arc::impl$19::drop<wesp_lib::collection::Collection>	undefined drop<wesp_lib::collection::Collection>(void)	false	false	false
1802fe3d0	1074	wesp_lib::collection::impl$13::drop	undefined drop(void)	false	false	false
1802fe810	602	core::ptr::drop_in_place<enum2$<wesp_lib::collection::CollectionKind>_>	undefined drop_in_place<enum2$<wesp_lib::collection::CollectionKind>_>(void)	false	false	false
1802fea80	462	nt_types::arc::impl$19::drop<wesp_lib::client::object_table::ClientObjectTable<wesp_lib::collection::Collection>_>	undefined drop<wesp_lib::client::object_table::ClientObjectTable<wesp_lib::collection::Collection>_>(void)	false	false	false
1802fec60	208	core::ptr::drop_in_place<wesp_lib::event::args::process::ProcessArgument>	undefined drop_in_place<wesp_lib::event::args::process::ProcessArgument>(void)	false	false	false
1802fed30	106	core::ptr::drop_in_place<wesp_lib::event::args::filestream::FileStreamArgument>	undefined drop_in_place<wesp_lib::event::args::filestream::FileStreamArgument>(void)	false	false	false
1802feda0	993	falloc::FallibleBox::try_new<alloc::boxed::Box<wesp_api_types::schema::filter::StoredMemoryAddressBasicPredicate,alloc::alloc::Global>,wesp_api_types::schema::filter::StoredMemoryAddressBasicPredicate>	undefined try_new<alloc::boxed::Box<wesp_api_types::schema::filter::StoredMemoryAddressBasicPredicate,alloc::alloc::Global>,wesp_api_types::schema::filter::StoredMemoryAddressBasicPredicate>(void)	false	false	false
1802ff190	43	nt_types::arc::impl$19::drop<wesp_lib::event_object::strong_ref::EventObjectTableEntry>	undefined drop<wesp_lib::event_object::strong_ref::EventObjectTableEntry>(void)	false	false	false
1802ff1c0	165	nt_types::arc::Arc<wesp_lib::rule::Rule>::new<wesp_lib::rule::Rule>	undefined new<wesp_lib::rule::Rule>(void)	false	false	false
1802ff270	165	nt_types::arc::Arc<wesp_lib::rule::config::notification::NotificationConfig>::new<wesp_lib::rule::config::notification::NotificationConfig>	undefined new<wesp_lib::rule::config::notification::NotificationConfig>(void)	false	false	false
1802ff320	123	nt_types::arc::Arc<enum2$<wesp_lib::event_queue::VirtualQueue>_>::new<enum2$<wesp_lib::event_queue::VirtualQueue>_>	undefined new<enum2$<wesp_lib::event_queue::VirtualQueue>_>(void)	false	false	false
1802ff3a0	641	nt_types::arc::Arc<wesp_lib::client::rules::ClientRuleCollection>::new<wesp_lib::client::rules::ClientRuleCollection>	undefined new<wesp_lib::client::rules::ClientRuleCollection>(void)	false	false	false
1802ff630	295	nt_types::arc::Arc<wesp_lib::client::manager::ClientCollection>::new<wesp_lib::client::manager::ClientCollection>	undefined new<wesp_lib::client::manager::ClientCollection>(void)	false	false	false
1802ff770	167	nt_types::arc::Arc<alloc::vec::Vec<wesp_lib::context_key::update::RuleContextKeyUpdateGroup,alloc::alloc::Global>_>::new<alloc::vec::Vec<wesp_lib::context_key::update::RuleContextKeyUpdateGroup,alloc::alloc::Global>_>	undefined new<alloc::vec::Vec<wesp_lib::context_key::update::RuleContextKeyUpdateGroup,alloc::alloc::Global>_>(void)	false	false	false
1802ff820	85	nt_types::stack::KernelStack::callout_closure<wesp_lib::rule::engine::impl$6::process_event::closure_env$0<wesp_lib::event::registry::RegDeleteValueKey>,wesp_lib::rule::engine::RuleEngineOutcome>	undefined callout_closure<wesp_lib::rule::engine::impl$6::process_event::closure_env$0<wesp_lib::event::registry::RegDeleteValueKey>,wesp_lib::rule::engine::RuleEngineOutcome>(void)	false	false	false
1802ff880	85	nt_types::stack::KernelStack::callout_closure<wesp_lib::rule::engine::impl$6::process_event::closure_env$0<wesp_lib::event::fs::file::KtmTransactionCommit>,wesp_lib::rule::engine::RuleEngineOutcome>	undefined callout_closure<wesp_lib::rule::engine::impl$6::process_event::closure_env$0<wesp_lib::event::fs::file::KtmTransactionCommit>,wesp_lib::rule::engine::RuleEngineOutcome>(void)	false	false	false
1802ff8e0	85	nt_types::stack::KernelStack::callout_closure<wesp_lib::rule::engine::impl$6::process_event::closure_env$0<wesp_lib::event::thread::ThreadCreate>,wesp_lib::rule::engine::RuleEngineOutcome>	undefined callout_closure<wesp_lib::rule::engine::impl$6::process_event::closure_env$0<wesp_lib::event::thread::ThreadCreate>,wesp_lib::rule::engine::RuleEngineOutcome>(void)	false	false	false
1802ff940	85	nt_types::stack::KernelStack::callout_closure<wesp_lib::rule::engine::impl$6::process_event::closure_env$0<wesp_lib::event::fs::volume::VolumeDismount>,wesp_lib::rule::engine::RuleEngineOutcome>	undefined callout_closure<wesp_lib::rule::engine::impl$6::process_event::closure_env$0<wesp_lib::event::fs::volume::VolumeDismount>,wesp_lib::rule::engine::RuleEngineOutcome>(void)	false	false	false
1802ff9a0	85	nt_types::stack::KernelStack::callout_closure<wesp_lib::rule::engine::impl$6::process_event::closure_env$0<wesp_lib::event::fs::file::FileCleanup>,wesp_lib::rule::engine::RuleEngineOutcome>	undefined callout_closure<wesp_lib::rule::engine::impl$6::process_event::closure_env$0<wesp_lib::event::fs::file::FileCleanup>,wesp_lib::rule::engine::RuleEngineOutcome>(void)	false	false	false
1802ffa00	85	nt_types::stack::KernelStack::callout_closure<wesp_lib::rule::engine::impl$6::process_event::closure_env$0<wesp_lib::event::fs::file::FileRead>,wesp_lib::rule::engine::RuleEngineOutcome>	undefined callout_closure<wesp_lib::rule::engine::impl$6::process_event::closure_env$0<wesp_lib::event::fs::file::FileRead>,wesp_lib::rule::engine::RuleEngineOutcome>(void)	false	false	false
1802ffa60	85	nt_types::stack::KernelStack::callout_closure<wesp_lib::rule::engine::impl$6::process_event::closure_env$0<wesp_lib::event::process::ProcessLoadImage>,wesp_lib::rule::engine::RuleEngineOutcome>	undefined callout_closure<wesp_lib::rule::engine::impl$6::process_event::closure_env$0<wesp_lib::event::process::ProcessLoadImage>,wesp_lib::rule::engine::RuleEngineOutcome>(void)	false	false	false
1802ffac0	85	nt_types::stack::KernelStack::callout_closure<wesp_lib::rule::engine::impl$6::process_event::closure_env$0<wesp_lib::event::registry::RegEnumKey>,wesp_lib::rule::engine::RuleEngineOutcome>	undefined callout_closure<wesp_lib::rule::engine::impl$6::process_event::closure_env$0<wesp_lib::event::registry::RegEnumKey>,wesp_lib::rule::engine::RuleEngineOutcome>(void)	false	false	false
1802ffb20	85	nt_types::stack::KernelStack::callout_closure<wesp_lib::rule::engine::impl$6::process_event::closure_env$0<wesp_lib::event::fs::file::FileFsctl>,wesp_lib::rule::engine::RuleEngineOutcome>	undefined callout_closure<wesp_lib::rule::engine::impl$6::process_event::closure_env$0<wesp_lib::event::fs::file::FileFsctl>,wesp_lib::rule::engine::RuleEngineOutcome>(void)	false	false	false
1802ffb80	85	nt_types::stack::KernelStack::callout_closure<wesp_lib::rule::engine::impl$6::process_event::closure_env$0<wesp_lib::event::registry::RegOpenKey>,wesp_lib::rule::engine::RuleEngineOutcome>	undefined callout_closure<wesp_lib::rule::engine::impl$6::process_event::closure_env$0<wesp_lib::event::registry::RegOpenKey>,wesp_lib::rule::engine::RuleEngineOutcome>(void)	false	false	false
1802ffbe0	85	nt_types::stack::KernelStack::callout_closure<wesp_lib::rule::engine::impl$6::process_event::closure_env$0<wesp_lib::event::registry::RegSetKeySecurity>,wesp_lib::rule::engine::RuleEngineOutcome>	undefined callout_closure<wesp_lib::rule::engine::impl$6::process_event::closure_env$0<wesp_lib::event::registry::RegSetKeySecurity>,wesp_lib::rule::engine::RuleEngineOutcome>(void)	false	false	false
1802ffc40	85	nt_types::stack::KernelStack::callout_closure<wesp_lib::rule::engine::impl$6::process_event::closure_env$0<wesp_lib::event::fs::volume::VolumeMount>,wesp_lib::rule::engine::RuleEngineOutcome>	undefined callout_closure<wesp_lib::rule::engine::impl$6::process_event::closure_env$0<wesp_lib::event::fs::volume::VolumeMount>,wesp_lib::rule::engine::RuleEngineOutcome>(void)	false	false	false
1802ffca0	85	nt_types::stack::KernelStack::callout_closure<wesp_lib::rule::engine::impl$6::process_event::closure_env$0<wesp_lib::event::fs::volume::VolumeFsctl>,wesp_lib::rule::engine::RuleEngineOutcome>	undefined callout_closure<wesp_lib::rule::engine::impl$6::process_event::closure_env$0<wesp_lib::event::fs::volume::VolumeFsctl>,wesp_lib::rule::engine::RuleEngineOutcome>(void)	false	false	false
1802ffd00	85	nt_types::stack::KernelStack::callout_closure<wesp_lib::rule::engine::impl$6::process_event::closure_env$0<wesp_lib::event::registry::RegCreateKey>,wesp_lib::rule::engine::RuleEngineOutcome>	undefined callout_closure<wesp_lib::rule::engine::impl$6::process_event::closure_env$0<wesp_lib::event::registry::RegCreateKey>,wesp_lib::rule::engine::RuleEngineOutcome>(void)	false	false	false
1802ffd60	85	nt_types::stack::KernelStack::callout_closure<wesp_lib::rule::engine::impl$6::process_event::closure_env$0<wesp_lib::event::registry::save_restore::RegSaveKey>,wesp_lib::rule::engine::RuleEngineOutcome>	undefined callout_closure<wesp_lib::rule::engine::impl$6::process_event::closure_env$0<wesp_lib::event::registry::save_restore::RegSaveKey>,wesp_lib::rule::engine::RuleEngineOutcome>(void)	false	false	false
1802ffdc0	85	nt_types::stack::KernelStack::callout_closure<wesp_lib::rule::engine::impl$6::process_event::closure_env$0<wesp_lib::event::thread::ThreadStart>,wesp_lib::rule::engine::RuleEngineOutcome>	undefined callout_closure<wesp_lib::rule::engine::impl$6::process_event::closure_env$0<wesp_lib::event::thread::ThreadStart>,wesp_lib::rule::engine::RuleEngineOutcome>(void)	false	false	false
1802ffe20	85	nt_types::stack::KernelStack::callout_closure<wesp_lib::rule::engine::impl$6::process_event::closure_env$0<wesp_lib::event::fs::file::FileSetSecurity>,wesp_lib::rule::engine::RuleEngineOutcome>	undefined callout_closure<wesp_lib::rule::engine::impl$6::process_event::closure_env$0<wesp_lib::event::fs::file::FileSetSecurity>,wesp_lib::rule::engine::RuleEngineOutcome>(void)	false	false	false
1802ffe80	85	nt_types::stack::KernelStack::callout_closure<wesp_lib::rule::engine::impl$6::process_event::closure_env$0<wesp_lib::event::fs::file::FileUnlock>,wesp_lib::rule::engine::RuleEngineOutcome>	undefined callout_closure<wesp_lib::rule::engine::impl$6::process_event::closure_env$0<wesp_lib::event::fs::file::FileUnlock>,wesp_lib::rule::engine::RuleEngineOutcome>(void)	false	false	false
1802ffee0	85	nt_types::stack::KernelStack::callout_closure<wesp_lib::rule::engine::impl$6::process_event::closure_env$0<wesp_lib::event::fs::mailslot::MailslotCreate>,wesp_lib::rule::engine::RuleEngineOutcome>	undefined callout_closure<wesp_lib::rule::engine::impl$6::process_event::closure_env$0<wesp_lib::event::fs::mailslot::MailslotCreate>,wesp_lib::rule::engine::RuleEngineOutcome>(void)	false	false	false
1802fff40	85	nt_types::stack::KernelStack::callout_closure<wesp_lib::rule::engine::impl$6::process_event::closure_env$0<wesp_lib::event::fs::file::FileCreateSection>,wesp_lib::rule::engine::RuleEngineOutcome>	undefined callout_closure<wesp_lib::rule::engine::impl$6::process_event::closure_env$0<wesp_lib::event::fs::file::FileCreateSection>,wesp_lib::rule::engine::RuleEngineOutcome>(void)	false	false	false
1802fffa0	85	nt_types::stack::KernelStack::callout_closure<wesp_lib::rule::engine::impl$6::process_event::closure_env$0<wesp_lib::event::registry::save_restore::RegRestoreKey>,wesp_lib::rule::engine::RuleEngineOutcome>	undefined callout_closure<wesp_lib::rule::engine::impl$6::process_event::closure_env$0<wesp_lib::event::registry::save_restore::RegRestoreKey>,wesp_lib::rule::engine::RuleEngineOutcome>(void)	false	false	false
180300000	85	nt_types::stack::KernelStack::callout_closure<wesp_lib::rule::engine::impl$6::process_event::closure_env$0<wesp_lib::event::process::ProcessCreate>,wesp_lib::rule::engine::RuleEngineOutcome>	undefined callout_closure<wesp_lib::rule::engine::impl$6::process_event::closure_env$0<wesp_lib::event::process::ProcessCreate>,wesp_lib::rule::engine::RuleEngineOutcome>(void)	false	false	false
180300060	85	nt_types::stack::KernelStack::callout_closure<wesp_lib::rule::engine::impl$6::process_event::closure_env$0<wesp_lib::event::process::ProcessTerminate>,wesp_lib::rule::engine::RuleEngineOutcome>	undefined callout_closure<wesp_lib::rule::engine::impl$6::process_event::closure_env$0<wesp_lib::event::process::ProcessTerminate>,wesp_lib::rule::engine::RuleEngineOutcome>(void)	false	false	false
1803000c0	85	nt_types::stack::KernelStack::callout_closure<wesp_lib::rule::engine::impl$6::process_event::closure_env$0<wesp_lib::event::fs::file::FileCreate>,wesp_lib::rule::engine::RuleEngineOutcome>	undefined callout_closure<wesp_lib::rule::engine::impl$6::process_event::closure_env$0<wesp_lib::event::fs::file::FileCreate>,wesp_lib::rule::engine::RuleEngineOutcome>(void)	false	false	false
180300120	85	nt_types::stack::KernelStack::callout_closure<wesp_lib::rule::engine::impl$6::process_event::closure_env$0<wesp_lib::event::registry::RegLoadKey>,wesp_lib::rule::engine::RuleEngineOutcome>	undefined callout_closure<wesp_lib::rule::engine::impl$6::process_event::closure_env$0<wesp_lib::event::registry::RegLoadKey>,wesp_lib::rule::engine::RuleEngineOutcome>(void)	false	false	false
180300180	85	nt_types::stack::KernelStack::callout_closure<wesp_lib::rule::engine::impl$6::process_event::closure_env$0<wesp_lib::event::registry::RegQueryValueKey>,wesp_lib::rule::engine::RuleEngineOutcome>	undefined callout_closure<wesp_lib::rule::engine::impl$6::process_event::closure_env$0<wesp_lib::event::registry::RegQueryValueKey>,wesp_lib::rule::engine::RuleEngineOutcome>(void)	false	false	false
1803001e0	85	nt_types::stack::KernelStack::callout_closure<wesp_lib::rule::engine::impl$6::process_event::closure_env$0<wesp_lib::event::fs::file::SetEa>,wesp_lib::rule::engine::RuleEngineOutcome>	undefined callout_closure<wesp_lib::rule::engine::impl$6::process_event::closure_env$0<wesp_lib::event::fs::file::SetEa>,wesp_lib::rule::engine::RuleEngineOutcome>(void)	false	false	false
180300240	85	nt_types::stack::KernelStack::callout_closure<wesp_lib::rule::engine::impl$6::process_event::closure_env$0<wesp_lib::event::registry::RegReplaceKey>,wesp_lib::rule::engine::RuleEngineOutcome>	undefined callout_closure<wesp_lib::rule::engine::impl$6::process_event::closure_env$0<wesp_lib::event::registry::RegReplaceKey>,wesp_lib::rule::engine::RuleEngineOutcome>(void)	false	false	false
1803002a0	85	nt_types::stack::KernelStack::callout_closure<wesp_lib::rule::engine::impl$6::process_event::closure_env$0<wesp_lib::event::fs::file::FileLock>,wesp_lib::rule::engine::RuleEngineOutcome>	undefined callout_closure<wesp_lib::rule::engine::impl$6::process_event::closure_env$0<wesp_lib::event::fs::file::FileLock>,wesp_lib::rule::engine::RuleEngineOutcome>(void)	false	false	false
180300300	85	nt_types::stack::KernelStack::callout_closure<wesp_lib::rule::engine::impl$6::process_event::closure_env$0<wesp_lib::event::registry::RegRenameKey>,wesp_lib::rule::engine::RuleEngineOutcome>	undefined callout_closure<wesp_lib::rule::engine::impl$6::process_event::closure_env$0<wesp_lib::event::registry::RegRenameKey>,wesp_lib::rule::engine::RuleEngineOutcome>(void)	false	false	false
180300360	85	nt_types::stack::KernelStack::callout_closure<wesp_lib::rule::engine::impl$6::process_event::closure_env$0<wesp_lib::event::fs::file::KtmTransactionRollback>,wesp_lib::rule::engine::RuleEngineOutcome>	undefined callout_closure<wesp_lib::rule::engine::impl$6::process_event::closure_env$0<wesp_lib::event::fs::file::KtmTransactionRollback>,wesp_lib::rule::engine::RuleEngineOutcome>(void)	false	false	false
1803003c0	85	nt_types::stack::KernelStack::callout_closure<wesp_lib::rule::engine::impl$6::process_event::closure_env$0<wesp_lib::event::fs::file::FileOpen>,wesp_lib::rule::engine::RuleEngineOutcome>	undefined callout_closure<wesp_lib::rule::engine::impl$6::process_event::closure_env$0<wesp_lib::event::fs::file::FileOpen>,wesp_lib::rule::engine::RuleEngineOutcome>(void)	false	false	false
180300420	85	nt_types::stack::KernelStack::callout_closure<wesp_lib::rule::engine::impl$6::process_event::closure_env$0<wesp_lib::event::registry::RegQueryKey>,wesp_lib::rule::engine::RuleEngineOutcome>	undefined callout_closure<wesp_lib::rule::engine::impl$6::process_event::closure_env$0<wesp_lib::event::registry::RegQueryKey>,wesp_lib::rule::engine::RuleEngineOutcome>(void)	false	false	false
180300480	85	nt_types::stack::KernelStack::callout_closure<wesp_lib::rule::engine::impl$6::process_event::closure_env$0<wesp_lib::event::fs::file::FileQueryOpen>,wesp_lib::rule::engine::RuleEngineOutcome>	undefined callout_closure<wesp_lib::rule::engine::impl$6::process_event::closure_env$0<wesp_lib::event::fs::file::FileQueryOpen>,wesp_lib::rule::engine::RuleEngineOutcome>(void)	false	false	false
1803004e0	85	nt_types::stack::KernelStack::callout_closure<wesp_lib::rule::engine::impl$6::process_event::closure_env$0<wesp_lib::event::registry::RegSetValueKey>,wesp_lib::rule::engine::RuleEngineOutcome>	undefined callout_closure<wesp_lib::rule::engine::impl$6::process_event::closure_env$0<wesp_lib::event::registry::RegSetValueKey>,wesp_lib::rule::engine::RuleEngineOutcome>(void)	false	false	false
180300540	85	nt_types::stack::KernelStack::callout_closure<wesp_lib::rule::engine::impl$6::process_event::closure_env$0<wesp_lib::event::fs::file::FileQueryInformation>,wesp_lib::rule::engine::RuleEngineOutcome>	undefined callout_closure<wesp_lib::rule::engine::impl$6::process_event::closure_env$0<wesp_lib::event::fs::file::FileQueryInformation>,wesp_lib::rule::engine::RuleEngineOutcome>(void)	false	false	false
1803005a0	85	nt_types::stack::KernelStack::callout_closure<wesp_lib::rule::engine::impl$6::process_event::closure_env$0<wesp_lib::event::registry::RegDeleteKey>,wesp_lib::rule::engine::RuleEngineOutcome>	undefined callout_closure<wesp_lib::rule::engine::impl$6::process_event::closure_env$0<wesp_lib::event::registry::RegDeleteKey>,wesp_lib::rule::engine::RuleEngineOutcome>(void)	false	false	false
180300600	85	nt_types::stack::KernelStack::callout_closure<wesp_lib::rule::engine::impl$6::process_event::closure_env$0<wesp_lib::event::object_manager::ObHandleCreate>,wesp_lib::rule::engine::RuleEngineOutcome>	undefined callout_closure<wesp_lib::rule::engine::impl$6::process_event::closure_env$0<wesp_lib::event::object_manager::ObHandleCreate>,wesp_lib::rule::engine::RuleEngineOutcome>(void)	false	false	false
180300660	85	nt_types::stack::KernelStack::callout_closure<wesp_lib::rule::engine::impl$6::process_event::closure_env$0<wesp_lib::event::registry::RegEnumValueKey>,wesp_lib::rule::engine::RuleEngineOutcome>	undefined callout_closure<wesp_lib::rule::engine::impl$6::process_event::closure_env$0<wesp_lib::event::registry::RegEnumValueKey>,wesp_lib::rule::engine::RuleEngineOutcome>(void)	false	false	false
1803006c0	85	nt_types::stack::KernelStack::callout_closure<wesp_lib::rule::engine::impl$6::process_event::closure_env$0<wesp_lib::event::fs::pipe::PipeCreate>,wesp_lib::rule::engine::RuleEngineOutcome>	undefined callout_closure<wesp_lib::rule::engine::impl$6::process_event::closure_env$0<wesp_lib::event::fs::pipe::PipeCreate>,wesp_lib::rule::engine::RuleEngineOutcome>(void)	false	false	false
180300720	85	nt_types::stack::KernelStack::callout_closure<wesp_lib::rule::engine::impl$6::process_event::closure_env$0<wesp_lib::event::fs::file::FileQueryDirectoryInformation>,wesp_lib::rule::engine::RuleEngineOutcome>	undefined callout_closure<wesp_lib::rule::engine::impl$6::process_event::closure_env$0<wesp_lib::event::fs::file::FileQueryDirectoryInformation>,wesp_lib::rule::engine::RuleEngineOutcome>(void)	false	false	false
180300780	85	nt_types::stack::KernelStack::callout_closure<wesp_lib::rule::engine::impl$6::process_event::closure_env$0<wesp_lib::event::fs::file::FileSetInformation>,wesp_lib::rule::engine::RuleEngineOutcome>	undefined callout_closure<wesp_lib::rule::engine::impl$6::process_event::closure_env$0<wesp_lib::event::fs::file::FileSetInformation>,wesp_lib::rule::engine::RuleEngineOutcome>(void)	false	false	false
1803007e0	85	nt_types::stack::KernelStack::callout_closure<wesp_lib::rule::engine::impl$6::process_event::closure_env$0<wesp_lib::event::fs::file::FileWrite>,wesp_lib::rule::engine::RuleEngineOutcome>	undefined callout_closure<wesp_lib::rule::engine::impl$6::process_event::closure_env$0<wesp_lib::event::fs::file::FileWrite>,wesp_lib::rule::engine::RuleEngineOutcome>(void)	false	false	false
180300840	85	nt_types::stack::KernelStack::callout_closure<wesp_lib::rule::engine::impl$6::process_event::closure_env$0<wesp_lib::event::object_manager::ObHandleDuplicate>,wesp_lib::rule::engine::RuleEngineOutcome>	undefined callout_closure<wesp_lib::rule::engine::impl$6::process_event::closure_env$0<wesp_lib::event::object_manager::ObHandleDuplicate>,wesp_lib::rule::engine::RuleEngineOutcome>(void)	false	false	false
1803008a0	85	nt_types::stack::KernelStack::callout_closure<wesp_lib::rule::engine::impl$6::process_event::closure_env$0<wesp_lib::event::thread::ThreadTerminate>,wesp_lib::rule::engine::RuleEngineOutcome>	undefined callout_closure<wesp_lib::rule::engine::impl$6::process_event::closure_env$0<wesp_lib::event::thread::ThreadTerminate>,wesp_lib::rule::engine::RuleEngineOutcome>(void)	false	false	false
180300900	2164	wesp_lib::collection::Collection::contains	undefined contains(void)	false	false	false
180301180	1080	wesp_lib::collection::Collection::enumerate	undefined enumerate(void)	false	false	false
1803015c0	150	wesp_lib::collection::BinaryCollectionRef::new	undefined new(void)	false	false	false
180301660	150	wesp_lib::collection::NumericCollectionRef::new	undefined new(void)	false	false	false
180301700	1280	wesp_lib::client::object_table::ClientObjectTable<wesp_lib::collection::Collection>::insert<wesp_lib::collection::Collection>	undefined insert<wesp_lib::collection::Collection>(void)	false	false	false
180301c00	46	wesp_lib::collection::impl$4::from	undefined from(void)	false	false	false
180301cb0	1288	wesp_lib::dispatcher::thread_tracker::ThreadTracker::register_current	undefined register_current(void)	false	false	false
1803021c0	424	wesp_lib::event_queue::EventQueue::queue_async_notification_internal	undefined queue_async_notification_internal(void)	false	false	false
180302370	2044	wesp_lib::event_queue::AsyncStateInner::enqueue	undefined enqueue(void)	false	false	false
180302ba0	315	wesp_lib::event_queue::EventQueue::report_memory_usage	undefined report_memory_usage(void)	false	false	false
180302ce0	216	nt_types::system_thread::thread_entry<wesp_lib::event_queue::impl$20::with_client_port::closure_env$0>	undefined thread_entry<wesp_lib::event_queue::impl$20::with_client_port::closure_env$0>(void)	false	false	false
180303000	156	core::ptr::drop_in_place<wesp_lib::event_queue::impl$20::with_client_port::closure_env$0>	undefined drop_in_place<wesp_lib::event_queue::impl$20::with_client_port::closure_env$0>(void)	false	false	false
1803030a0	289	wesp_lib::event_queue::EventQueue::clear	undefined clear(void)	false	false	false
1803031d0	200	nt_types::system_thread::thread_entry<wesp_lib::event_queue::impl$14::connect::closure_env$0>	undefined thread_entry<wesp_lib::event_queue::impl$14::connect::closure_env$0>(void)	false	false	false
180303700	29	wesp_lib::event_queue::impl$2::from	undefined from(void)	false	false	false
1803037b0	6	core::ops::function::FnOnce::call_once<wesp_lib::event_object::impl$4::query_properties::closure_env$0,tuple$<>_>	undefined call_once<wesp_lib::event_object::impl$4::query_properties::closure_env$0,tuple$<>_>(void)	false	false	false
1803037c0	199	wesp_lib::event_object::EventObject::reconcile_pin	undefined reconcile_pin(void)	false	false	false
180303890	749	wesp_lib::event_object::EventObject::get_context_key_info	undefined get_context_key_info(void)	false	false	false
180303b80	544	wesp_lib::event_object::EventObject::enumerate_context_keys	undefined enumerate_context_keys(void)	false	false	false
180303da0	1573	wesp_lib::event_object::EventObjectManagerInner::ensure_disk	undefined ensure_disk(void)	false	false	false
1803043d0	1265	wesp_lib::event_object::EventObjectManager::ensure_file	undefined ensure_file(void)	false	false	false
1803048d0	205	wesp_lib::event_object::file::is_valid_id_128	undefined is_valid_id_128(void)	false	false	false
1803049a0	349	enum2$<wesp_lib::event_object::file::FileIdentity>::classify	undefined classify(void)	false	false	false
180304b00	2358	wesp_lib::event_object::EventObjectManagerInner::ensure_file	undefined ensure_file(void)	false	false	false
180305450	694	wesp_lib::event_object::EventObjectManager::ensure_pipe	undefined ensure_pipe(void)	false	false	false
180305710	1727	wesp_lib::event_object::EventObjectManagerInner::ensure_object<wesp_lib::event_object::strong_ref::PipeEventObjectRef>	undefined ensure_object<wesp_lib::event_object::strong_ref::PipeEventObjectRef>(void)	false	false	false
180305dd0	1820	wesp_lib::event_object::EventObjectManager::ensure_token<ps::token::AccessToken>	undefined ensure_token<ps::token::AccessToken>(void)	false	false	false
1803064f0	222	wesp_lib::event_object::EventObjectManager::ensure_thread<ps::thread::PsThreadBorrow>	undefined ensure_thread<ps::thread::PsThreadBorrow>(void)	false	false	false
1803065d0	1940	wesp_lib::event_object::EventObjectManagerInner::ensure_object<wesp_lib::event_object::strong_ref::ThreadEventObjectRef>	undefined ensure_object<wesp_lib::event_object::strong_ref::ThreadEventObjectRef>(void)	false	false	false
180306d70	576	wesp_lib::event_object::EventObjectManager::ensure_volume	undefined ensure_volume(void)	false	false	false
180306fb0	1628	wesp_lib::event_object::EventObjectManagerInner::ensure_volume	undefined ensure_volume(void)	false	false	false
180307610	1635	wesp_lib::event_object::EventObjectManagerInner::ensure_object<wesp_lib::event_object::strong_ref::DesktopEventObjectRef>	undefined ensure_object<wesp_lib::event_object::strong_ref::DesktopEventObjectRef>(void)	false	false	false
180307c80	212	wesp_lib::event_object::EventObjectManager::ensure_process<ps::process::PsProcessBorrow>	undefined ensure_process<ps::process::PsProcessBorrow>(void)	false	false	false
180307d60	1653	wesp_lib::event_object::EventObjectManagerInner::ensure_object<wesp_lib::event_object::strong_ref::ProcessEventObjectRef>	undefined ensure_object<wesp_lib::event_object::strong_ref::ProcessEventObjectRef>(void)	false	false	false
1803083e0	1746	wesp_lib::event_object::EventObjectManager::ensure_mailslot	undefined ensure_mailslot(void)	false	false	false
180308ac0	1801	wesp_lib::event_object::EventObjectManager::ensure_file_object	undefined ensure_file_object(void)	false	false	false
1803091d0	2763	wesp_lib::event_object::EventObjectManager::ensure_file_stream	undefined ensure_file_stream(void)	false	false	false
180309ca0	329	wesp_lib::event_object::EventObjectManager::remove_file_object	undefined remove_file_object(void)	false	false	false
180309df0	3104	wesp_lib::event_object::EventObjectManager::ensure_registry_key<nt_types::unicode::UnicodeStringOwned>	undefined ensure_registry_key<nt_types::unicode::UnicodeStringOwned>(void)	false	false	false
18030aa10	437	wesp_lib::event_object::EventObjectManager::get_event_object_by_id	undefined get_event_object_by_id(void)	false	false	false
18030abd0	97	wesp_lib::event_object::EventObjectManager::get_event_object_by_key	undefined get_event_object_by_key(void)	false	false	false
18030be20	1443	wesp_lib::event_object::EventObjectManager::ensure_registry_key_object	undefined ensure_registry_key_object(void)	false	false	false
18030c3d0	397	wesp_lib::event_object::EventObjectManagerInner::find_object<wesp_lib::event_object::strong_ref::RegistryKeyObjectEventObjectRef>	undefined find_object<wesp_lib::event_object::strong_ref::RegistryKeyObjectEventObjectRef>(void)	false	false	false
18030c560	482	wesp_lib::event::args::transaction::KtmTransactionArgument::query_properties	undefined query_properties(void)	false	false	false
18030c750	2441	wesp_lib::event::args::transaction::KtmTransactionArgument::ensure_event_object	undefined ensure_event_object(void)	false	false	false
18030d0e0	184	wesp_lib::event::args::token::TokenArgument::ensure_handle	undefined ensure_handle(void)	false	false	false
18030d1a0	642	wesp_lib::event::args::token::TokenArgument::query_properties	undefined query_properties(void)	false	false	false
18030d430	303	wesp_lib::event::args::token::TokenArgument::read_sid_property	undefined read_sid_property(void)	false	false	false
18030d560	184	wesp_lib::event::args::token::TokenArgument::ensure_event_object	undefined ensure_event_object(void)	false	false	false
18030d620	284	wesp_lib::event::args::token::TokenArgument::read_boolean_property	undefined read_boolean_property(void)	false	false	false
18030d740	234	wesp_lib::event::args::token::TokenArgument::read_numeric_property	undefined read_numeric_property(void)	false	false	false
18030d950	365	wesp_lib::event::args::process::ProcessArgument::image_file	undefined image_file(void)	false	false	false
18030dac0	393	wesp_lib::event::args::process::ProcessArgument::parent_process	undefined parent_process(void)	false	false	false
18030dc50	404	wesp_lib::event::args::process::ProcessArgument::query_properties	undefined query_properties(void)	false	false	false
18030df50	338	wesp_lib::event::args::process::ProcessArgument::ensure_event_object	undefined ensure_event_object(void)	false	false	false
18030e0b0	50	wesp_lib::event::args::process::ProcessArgument::read_string_property	undefined read_string_property(void)	false	false	false
18030e440	60	wesp_lib::event::args::process::ProcessArgument::read_boolean_property	undefined read_boolean_property(void)	false	false	false
18030e610	56	wesp_lib::event::args::process::ProcessArgument::read_numeric_property	undefined read_numeric_property(void)	false	false	false
18030ea20	584	wesp_lib::dispatcher::thread_tracker::impl$4::drop	undefined drop(void)	false	false	false
18030ec70	13713	wesp_lib::persistence::loader::load_client	undefined load_client(void)	false	false	false
180312210	254	wesp_lib::incoming::rule::Rule::from_stored	undefined from_stored(void)	false	false	false
180314f20	309	core::ptr::drop_in_place<enum2$<wesp_api_types::schema::notification::NotificationConfig>_>	undefined drop_in_place<enum2$<wesp_api_types::schema::notification::NotificationConfig>_>(void)	false	false	false
180315070	917	wesp_lib::rule::config::thread::impl$1::try_from	undefined try_from(void)	false	false	false
180315510	435	hashbrown::map::HashMap<bdd::apply::ComputedTableKey,bdd::NodeIndex,fnv_hash::FnvHasher,hashbrown::raw::alloc::inner::Global>::get<bdd::apply::ComputedTableKey,bdd::NodeIndex,fnv_hash::FnvHasher,hashbrown::raw::alloc::inner::Global,bdd::apply::ComputedTableKey>	undefined get<bdd::apply::ComputedTableKey,bdd::NodeIndex,fnv_hash::FnvHasher,hashbrown::raw::alloc::inner::Global,bdd::apply::ComputedTableKey>(void)	false	false	false
1803156d0	386	hashbrown::map::make_hash<bdd::apply::UniqueTableKey<usize>,fnv_hash::FnvHasher>	undefined make_hash<bdd::apply::UniqueTableKey<usize>,fnv_hash::FnvHasher>(void)	false	false	false
180315860	462	hashbrown::map::HashMap<bdd::apply::UniqueTableKey<usize>,bdd::NodeIndex,fnv_hash::FnvHasher,hashbrown::raw::alloc::inner::Global>::insert<bdd::apply::UniqueTableKey<usize>,bdd::NodeIndex,fnv_hash::FnvHasher,hashbrown::raw::alloc::inner::Global>	undefined insert<bdd::apply::UniqueTableKey<usize>,bdd::NodeIndex,fnv_hash::FnvHasher,hashbrown::raw::alloc::inner::Global>(void)	false	false	false
180315a30	66	wesp_lib::context_key::impl$15::fmt	undefined fmt(void)	false	false	false
180315ec0	52	core::fmt::impl$80::fmt<wesp_lib::rule::BlockReason>	undefined fmt<wesp_lib::rule::BlockReason>(void)	false	false	false
180315f00	762	core::fmt::impl$80::fmt<nt_types::Guid>	undefined fmt<nt_types::Guid>(void)	false	false	false
180316200	71	core::ptr::drop_in_place<enum2$<wesp_lib::rule::RuleAction>_>	undefined drop_in_place<enum2$<wesp_lib::rule::RuleAction>_>(void)	false	false	false
1803162e0	299	wesp_lib::rule::impl$14::eq	undefined eq(void)	false	false	false
180316410	83	wesp_lib::rule::impl$5::eq	undefined eq(void)	false	false	false
180316a40	839	wesp_lib::rule::config::notification::impl$3::eq	undefined eq(void)	false	false	false
180316da0	32	wesp_lib::rule::modify::impl$18::eq	undefined eq(void)	false	false	false
180316ef0	714	wesp_lib::collection::generic::GenericCollection<u8>::enumerate<u8>	undefined enumerate<u8>(void)	false	false	false
1803171c0	805	hashbrown::map::HashMap<wesp_lib::collection::generic::CollectionKey<u8>,tuple$<>,fnv_hash::FnvHasher,hashbrown::raw::alloc::inner::Global>::insert<wesp_lib::collection::generic::CollectionKey<u8>,tuple$<>,fnv_hash::FnvHasher,hashbrown::raw::alloc::inner::Global>	undefined insert<wesp_lib::collection::generic::CollectionKey<u8>,tuple$<>,fnv_hash::FnvHasher,hashbrown::raw::alloc::inner::Global>(void)	false	false	false
1803174f0	829	wesp_lib::collection::binary::BinaryCollection::new	undefined new(void)	false	false	false
180317830	968	wesp_lib::collection::string::StringCollection::compile_patterns	undefined compile_patterns(void)	false	false	false
180317c20	819	hashbrown::map::HashMap<wesp_lib::collection::generic::CollectionKey<u16>,tuple$<>,fnv_hash::FnvHasher,hashbrown::raw::alloc::inner::Global>::insert<wesp_lib::collection::generic::CollectionKey<u16>,tuple$<>,fnv_hash::FnvHasher,hashbrown::raw::alloc::inner::Global>	undefined insert<wesp_lib::collection::generic::CollectionKey<u16>,tuple$<>,fnv_hash::FnvHasher,hashbrown::raw::alloc::inner::Global>(void)	false	false	false
180317f60	1308	wesp_lib::collection::string::StringCollection::new	undefined new(void)	false	false	false
180318490	376	wesp_lib::collection::integer::IntegerCollection::enumerate	undefined enumerate(void)	false	false	false
180318610	492	hashbrown::map::HashMap<u64,tuple$<>,fnv_hash::FnvHasher,hashbrown::raw::alloc::inner::Global>::insert<u64,tuple$<>,fnv_hash::FnvHasher,hashbrown::raw::alloc::inner::Global>	undefined insert<u64,tuple$<>,fnv_hash::FnvHasher,hashbrown::raw::alloc::inner::Global>(void)	false	false	false
180318800	423	wesp_lib::collection::integer::IntegerCollection::new	undefined new(void)	false	false	false
1803189b0	391	wesp_lib::context_key::ContextKeyInfo::apply_update	undefined apply_update(void)	false	false	false
180318c00	441	hashbrown::map::HashMap<wesp_lib::types::ContextKey,nt_types::arc::Arc<wesp_lib::context_key::ContextKeyInfo>,fnv_hash::FnvHasher,hashbrown::raw::alloc::inner::Global>::insert<wesp_lib::types::ContextKey,nt_types::arc::Arc<wesp_lib::context_key::ContextKeyInfo>,fnv_hash::FnvHasher,hashbrown::raw::alloc::inner::Global>	undefined insert<wesp_lib::types::ContextKey,nt_types::arc::Arc<wesp_lib::context_key::ContextKeyInfo>,fnv_hash::FnvHasher,hashbrown::raw::alloc::inner::Global>(void)	false	false	false
180318dc0	392	wesp_lib::context_key::ContextKeyTable::enumerate_context_keys	undefined enumerate_context_keys(void)	false	false	false
180318f60	2162	wesp_lib::context_key::ContextKeyTransaction::add_updates	undefined add_updates(void)	false	false	false
180319800	1003	wesp_lib::context_key::ContextKeyTransaction::commit	undefined commit(void)	false	false	false
180319c10	935	wesp_lib::context_key::impl$14::commit::closure$0	undefined closure$0(void)	false	false	false
180319fc0	104	wesp_lib::context_key::stored::impl$5::try_from	undefined try_from(void)	false	false	false
18031a230	18	core::ptr::drop_in_place<enum2$<wesp_api_types::schema::context_key::StoredContextKeyUpdateData>_>	undefined drop_in_place<enum2$<wesp_api_types::schema::context_key::StoredContextKeyUpdateData>_>(void)	false	false	false
18031a320	42	wesp_lib::context_key::impl$3::from	undefined from(void)	false	false	false
18031a400	324	wesp_lib::event_queue::in_flight::InFlightNotifications::get	undefined get(void)	false	false	false
18031a550	62	wesp_lib::event_queue::impl$28::fmt	undefined fmt(void)	false	false	false
18031aca0	510	wesp_lib::event_queue::in_flight::InFlightNotifications::remove	int __cdecl remove(char * _Filename)	false	false	false
18031aea0	65	wesp_lib::persistence::transaction::StoreTransaction::commit	undefined commit(void)	false	false	false
18031aef0	230	wesp_lib::persistence::transaction::StoreTransaction::delete	undefined delete(void)	false	false	false
18031afe0	75	wesp_lib::persistence::transaction::StoreTransaction::persist	undefined persist(void)	false	false	false
18031ce70	497	wesp_lib::persistence::transaction::StoreTransaction::ensure_category_key<nt_types::unicode::UnicodeStringBorrow>	undefined ensure_category_key<nt_types::unicode::UnicodeStringBorrow>(void)	false	false	false
18031d070	165	core::ptr::drop_in_place<wesp_api_types::schema::context_key::StoredContextKeyUpdates>	undefined drop_in_place<wesp_api_types::schema::context_key::StoredContextKeyUpdates>(void)	false	false	false
18031d120	2543	wesp_lib::persistence::loader::PersistedStateLoader::read_clients	undefined read_clients(void)	false	false	false
18031db20	40	enum2$<wesp_lib::rule::RuleAction>::from_incoming	undefined from_incoming(void)	false	false	false
18031e5f0	123	wesp_lib::rule::impl$4::from_incoming::closure$0	undefined closure$0(void)	false	false	false
18031e670	46	enum2$<wesp_lib::rule::RuleUpdateCommand>::try_from_message	undefined try_from_message(void)	false	false	false
18031e830	833	wesp_lib::rule::impl$17::try_from_message::closure$0	undefined closure$0(void)	false	false	false
18031eb80	190	wesp_lib::incoming::rule::Rule::from_message	undefined from_message(void)	false	false	false
180321fb0	352	core::ptr::drop_in_place<wesp_lib::incoming::rule::Rule>	undefined drop_in_place<wesp_lib::incoming::rule::Rule>(void)	false	false	false
180322120	2062	wesp_lib::rule::Rule::build	undefined build(void)	false	false	false
18032a7d0	63	wesp_lib::rule::impl$13::build::closure$3	undefined closure$3(void)	false	false	false
18032aba0	276	core::ptr::drop_in_place<wesp_lib::incoming::notification::NotificationConfig>	undefined drop_in_place<wesp_lib::incoming::notification::NotificationConfig>(void)	false	false	false
18032acd0	428	wesp_lib::rule::Rule::clone_unsynchronized	undefined clone_unsynchronized(void)	false	false	false
18032b960	315	wesp_lib::rule::Rule::from_incoming_internal	undefined from_incoming_internal(void)	false	false	false
18032baa0	451	wesp_lib::rule::Rule::to_schema	undefined to_schema(void)	false	false	false
1803363e0	24	wesp_lib::rule::impl$19::from	undefined from(void)	false	false	false
1803364d0	433	wesp_lib::rule::table::RuleTable::is_subrule	undefined is_subrule(void)	false	false	false
180336690	432	hashbrown::map::HashMap<nt_types::Guid,wesp_lib::rule::table::RuleEntry,fnv_hash::FnvHasher,hashbrown::raw::alloc::inner::Global>::get<nt_types::Guid,wesp_lib::rule::table::RuleEntry,fnv_hash::FnvHasher,hashbrown::raw::alloc::inner::Global,nt_types::Guid>	undefined get<nt_types::Guid,wesp_lib::rule::table::RuleEntry,fnv_hash::FnvHasher,hashbrown::raw::alloc::inner::Global,nt_types::Guid>(void)	false	false	false
180336840	476	hashbrown::map::HashMap<nt_types::Guid,hashbrown::set::HashSet<nt_types::Guid,fnv_hash::FnvHasher,hashbrown::raw::alloc::inner::Global>,fnv_hash::FnvHasher,hashbrown::raw::alloc::inner::Global>::entry<nt_types::Guid,hashbrown::set::HashSet<nt_types::Guid,fnv_hash::FnvHasher,hashbrown::raw::alloc::inner::Global>,fnv_hash::FnvHasher,hashbrown::raw::alloc::inner::Global>	undefined entry<nt_types::Guid,hashbrown::set::HashSet<nt_types::Guid,fnv_hash::FnvHasher,hashbrown::raw::alloc::inner::Global>,fnv_hash::FnvHasher,hashbrown::raw::alloc::inner::Global>(void)	false	false	false
180336a20	302	wesp_lib::rule::table::RuleTable::insert	undefined insert(void)	false	false	false
180336b50	676	hashbrown::map::HashMap<nt_types::Guid,hashbrown::set::HashSet<nt_types::Guid,fnv_hash::FnvHasher,hashbrown::raw::alloc::inner::Global>,fnv_hash::FnvHasher,hashbrown::raw::alloc::inner::Global>::remove<nt_types::Guid,hashbrown::set::HashSet<nt_types::Guid,fnv_hash::FnvHasher,hashbrown::raw::alloc::inner::Global>,fnv_hash::FnvHasher,hashbrown::raw::alloc::inner::Global,nt_types::Guid>	undefined remove<nt_types::Guid,hashbrown::set::HashSet<nt_types::Guid,fnv_hash::FnvHasher,hashbrown::raw::alloc::inner::Global>,fnv_hash::FnvHasher,hashbrown::raw::alloc::inner::Global,nt_types::Guid>(void)	false	false	false
180336e00	705	hashbrown::map::HashMap<nt_types::Guid,wesp_lib::rule::table::RuleEntry,fnv_hash::FnvHasher,hashbrown::raw::alloc::inner::Global>::insert<nt_types::Guid,wesp_lib::rule::table::RuleEntry,fnv_hash::FnvHasher,hashbrown::raw::alloc::inner::Global>	undefined insert<nt_types::Guid,wesp_lib::rule::table::RuleEntry,fnv_hash::FnvHasher,hashbrown::raw::alloc::inner::Global>(void)	false	false	false
1803370d0	433	hashbrown::map::HashMap<nt_types::Guid,tuple$<>,fnv_hash::FnvHasher,hashbrown::raw::alloc::inner::Global>::contains_key<nt_types::Guid,tuple$<>,fnv_hash::FnvHasher,hashbrown::raw::alloc::inner::Global,nt_types::Guid>	undefined contains_key<nt_types::Guid,tuple$<>,fnv_hash::FnvHasher,hashbrown::raw::alloc::inner::Global,nt_types::Guid>(void)	false	false	false
180337290	653	hashbrown::map::HashMap<nt_types::Guid,tuple$<>,fnv_hash::FnvHasher,hashbrown::raw::alloc::inner::Global>::insert<nt_types::Guid,tuple$<>,fnv_hash::FnvHasher,hashbrown::raw::alloc::inner::Global>	undefined insert<nt_types::Guid,tuple$<>,fnv_hash::FnvHasher,hashbrown::raw::alloc::inner::Global>(void)	false	false	false
180337520	838	hashbrown::map::HashMap<nt_types::Guid,hashbrown::set::HashSet<nt_types::Guid,fnv_hash::FnvHasher,hashbrown::raw::alloc::inner::Global>,fnv_hash::FnvHasher,hashbrown::raw::alloc::inner::Global>::insert<nt_types::Guid,hashbrown::set::HashSet<nt_types::Guid,fnv_hash::FnvHasher,hashbrown::raw::alloc::inner::Global>,fnv_hash::FnvHasher,hashbrown::raw::alloc::inner::Global>	undefined insert<nt_types::Guid,hashbrown::set::HashSet<nt_types::Guid,fnv_hash::FnvHasher,hashbrown::raw::alloc::inner::Global>,fnv_hash::FnvHasher,hashbrown::raw::alloc::inner::Global>(void)	false	false	false
180337870	700	wesp_lib::rule::table::RuleTable::remove	int __cdecl remove(char * _Filename)	false	false	false
180337b30	1423	wesp_lib::rule::client::OrderGroupedRules::insert_or_replace	undefined insert_or_replace(void)	false	false	false
1803380e0	401	wesp_lib::rule::client::OrderGroupedRules::remove	int __cdecl remove(char * _Filename)	false	false	false
180338290	729	wesp_lib::rule::config::thread::ThreadNotificationConfig::to_stored	undefined to_stored(void)	false	false	false
1803386c0	1539	wesp_lib::event::context_keys::EventContextKeys::apply_updates	undefined apply_updates(void)	false	false	false
180338cd0	571	wesp_lib::event::context_keys::EventContextKeys::disconnect_client	undefined disconnect_client(void)	false	false	false
180338f10	432	wesp_lib::event::context_keys::EventContextKeys::get	undefined get(void)	false	false	false
1803390c0	398	wesp_lib::client::connected_processes::ConnectedClientProcesses::contains_client	undefined contains_client(void)	false	false	false
180339250	356	wesp_lib::client::connected_processes::ConnectedClientProcesses::contains_process	undefined contains_process(void)	false	false	false
1803393c0	327	hashbrown::map::HashMap<wesp_lib::client::connected_processes::ConnectedProcess,hashbrown::set::HashSet<nt_types::Guid,fnv_hash::FnvHasher,hashbrown::raw::alloc::inner::Global>,fnv_hash::FnvHasher,hashbrown::raw::alloc::inner::Global>::get_mut<wesp_lib::client::connected_processes::ConnectedProcess,hashbrown::set::HashSet<nt_types::Guid,fnv_hash::FnvHasher,hashbrown::raw::alloc::inner::Global>,fnv_hash::FnvHasher,hashbrown::raw::alloc::inner::Global,ptr_mut$<wdk_sys::types::bindings::_KPROCESS>_>	undefined get_mut<wesp_lib::client::connected_processes::ConnectedProcess,hashbrown::set::HashSet<nt_types::Guid,fnv_hash::FnvHasher,hashbrown::raw::alloc::inner::Global>,fnv_hash::FnvHasher,hashbrown::raw::alloc::inner::Global,ptr_mut$<wdk_sys::types::bindings::_KPROCESS>_>(void)	false	false	false
180339510	1121	wesp_lib::client::connected_processes::ConnectedClientProcesses::remove	int __cdecl remove(char * _Filename)	false	false	false
180339980	27	wesp_lib::incoming::event_object::stored_event_object_source_from_msg	undefined stored_event_object_source_from_msg(void)	false	false	false
18033a200	282	wesp_lib::incoming::predicate::read_numeric_transforms	undefined read_numeric_transforms(void)	false	false	false
18033a320	67	wesp_lib::incoming::predicate::stored_predicate_from_msg	undefined stored_predicate_from_msg(void)	false	false	false
180340510	48	wesp_lib::incoming::predicate::stored_numeric_comparand_from_msg	undefined stored_numeric_comparand_from_msg(void)	false	false	false
180340f70	48	wesp_lib::incoming::predicate::stored_string_comparand_from_msg	undefined stored_string_comparand_from_msg(void)	false	false	false
1803418e0	48	wesp_lib::incoming::predicate::stored_boolean_comparand_from_msg	undefined stored_boolean_comparand_from_msg(void)	false	false	false
180342260	47	wesp_lib::incoming::predicate::stored_binary_comparand_from_msg	undefined stored_binary_comparand_from_msg(void)	false	false	false
180342b50	53	wesp_lib::incoming::predicate::stored_sid_source_from_msg	undefined stored_sid_source_from_msg(void)	false	false	false
180342ea0	116	core::ptr::drop_in_place<enum2$<core::option::Option<wesp_api_types::schema::filter::StoredNumericRhsPredicate>_>_>	undefined drop_in_place<enum2$<core::option::Option<wesp_api_types::schema::filter::StoredNumericRhsPredicate>_>_>(void)	false	false	false
180342f20	52	core::ptr::drop_in_place<enum2$<core::option::Option<wesp_api_types::schema::filter::StoredBinaryRhsPredicate>_>_>	undefined drop_in_place<enum2$<core::option::Option<wesp_api_types::schema::filter::StoredBinaryRhsPredicate>_>_>(void)	false	false	false
180342f60	630	nt_types::rundown::impl$8::drop<wesp_lib::client::state::ClientPersistableObjects>	undefined drop<wesp_lib::client::state::ClientPersistableObjects>(void)	false	false	false
1803431f0	58	wesp_lib::persistence::transaction::impl$1::drop	undefined drop(void)	false	false	false
180343230	505	hashbrown::map::make_hash<wesp_lib::event_object::file::FileKey,fnv_hash::FnvHasher>	undefined make_hash<wesp_lib::event_object::file::FileKey,fnv_hash::FnvHasher>(void)	false	false	false
180343430	511	hashbrown::map::HashMap<wesp_lib::types::EventObjectId,nt_types::arc::Weak<wesp_lib::event_object::strong_ref::EventObjectTableEntry>,fnv_hash::FnvHasher,hashbrown::raw::alloc::inner::Global>::insert<wesp_lib::types::EventObjectId,nt_types::arc::Weak<wesp_lib::event_object::strong_ref::EventObjectTableEntry>,fnv_hash::FnvHasher,hashbrown::raw::alloc::inner::Global>	undefined insert<wesp_lib::types::EventObjectId,nt_types::arc::Weak<wesp_lib::event_object::strong_ref::EventObjectTableEntry>,fnv_hash::FnvHasher,hashbrown::raw::alloc::inner::Global>(void)	false	false	false
180343630	540	hashbrown::map::HashMap<wesp_lib::event::field_cache::CachedFieldId,enum2$<wesp_lib::event::field_cache::CachedField>,fnv_hash::FnvHasher,hashbrown::raw::alloc::inner::Global>::insert<wesp_lib::event::field_cache::CachedFieldId,enum2$<wesp_lib::event::field_cache::CachedField>,fnv_hash::FnvHasher,hashbrown::raw::alloc::inner::Global>	undefined insert<wesp_lib::event::field_cache::CachedFieldId,enum2$<wesp_lib::event::field_cache::CachedField>,fnv_hash::FnvHasher,hashbrown::raw::alloc::inner::Global>(void)	false	false	false
180343850	389	hashbrown::map::HashMap<wesp_lib::event_object::registry::RegistryKeyObjectKey,nt_types::arc::Weak<wesp_lib::event_object::strong_ref::EventObjectTableEntry>,fnv_hash::FnvHasher,hashbrown::raw::alloc::inner::Global>::remove<wesp_lib::event_object::registry::RegistryKeyObjectKey,nt_types::arc::Weak<wesp_lib::event_object::strong_ref::EventObjectTableEntry>,fnv_hash::FnvHasher,hashbrown::raw::alloc::inner::Global,wesp_lib::event_object::registry::RegistryKeyObjectKey>	undefined remove<wesp_lib::event_object::registry::RegistryKeyObjectKey,nt_types::arc::Weak<wesp_lib::event_object::strong_ref::EventObjectTableEntry>,fnv_hash::FnvHasher,hashbrown::raw::alloc::inner::Global,wesp_lib::event_object::registry::RegistryKeyObjectKey>(void)	false	false	false
1803439e0	577	hashbrown::map::HashMap<nt_types::Guid,enum2$<core::option::Option<nt_types::arc::Weak<wesp_lib::event_queue::EventQueue>_>_>,fnv_hash::FnvHasher,hashbrown::raw::alloc::inner::Global>::remove<nt_types::Guid,enum2$<core::option::Option<nt_types::arc::Weak<wesp_lib::event_queue::EventQueue>_>_>,fnv_hash::FnvHasher,hashbrown::raw::alloc::inner::Global,nt_types::Guid>	undefined remove<nt_types::Guid,enum2$<core::option::Option<nt_types::arc::Weak<wesp_lib::event_queue::EventQueue>_>_>,fnv_hash::FnvHasher,hashbrown::raw::alloc::inner::Global,nt_types::Guid>(void)	false	false	false
180343c30	570	hashbrown::map::HashMap<wesp_lib::event_object::transaction::KtmTransactionKey,nt_types::arc::Weak<wesp_lib::event_object::strong_ref::EventObjectTableEntry>,fnv_hash::FnvHasher,hashbrown::raw::alloc::inner::Global>::remove<wesp_lib::event_object::transaction::KtmTransactionKey,nt_types::arc::Weak<wesp_lib::event_object::strong_ref::EventObjectTableEntry>,fnv_hash::FnvHasher,hashbrown::raw::alloc::inner::Global,wesp_lib::event_object::transaction::KtmTransactionKey>	undefined remove<wesp_lib::event_object::transaction::KtmTransactionKey,nt_types::arc::Weak<wesp_lib::event_object::strong_ref::EventObjectTableEntry>,fnv_hash::FnvHasher,hashbrown::raw::alloc::inner::Global,wesp_lib::event_object::transaction::KtmTransactionKey>(void)	false	false	false
180343e70	445	hashbrown::map::HashMap<wesp_lib::event_object::file::FileKey,nt_types::arc::Weak<wesp_lib::event_object::strong_ref::EventObjectTableEntry>,fnv_hash::FnvHasher,hashbrown::raw::alloc::inner::Global>::remove<wesp_lib::event_object::file::FileKey,nt_types::arc::Weak<wesp_lib::event_object::strong_ref::EventObjectTableEntry>,fnv_hash::FnvHasher,hashbrown::raw::alloc::inner::Global,wesp_lib::event_object::file::FileKey>	undefined remove<wesp_lib::event_object::file::FileKey,nt_types::arc::Weak<wesp_lib::event_object::strong_ref::EventObjectTableEntry>,fnv_hash::FnvHasher,hashbrown::raw::alloc::inner::Global,wesp_lib::event_object::file::FileKey>(void)	false	false	false
180344040	579	hashbrown::map::HashMap<wesp_lib::types::EventId,wesp_lib::dispatcher::correlation::CorrelationData,fnv_hash::FnvHasher,hashbrown::raw::alloc::inner::Global>::remove<wesp_lib::types::EventId,wesp_lib::dispatcher::correlation::CorrelationData,fnv_hash::FnvHasher,hashbrown::raw::alloc::inner::Global,wesp_lib::types::EventId>	undefined remove<wesp_lib::types::EventId,wesp_lib::dispatcher::correlation::CorrelationData,fnv_hash::FnvHasher,hashbrown::raw::alloc::inner::Global,wesp_lib::types::EventId>(void)	false	false	false
180344290	707	hashbrown::map::HashMap<wesp_lib::event_object::registry::RegistryKeyKey,nt_types::arc::Weak<wesp_lib::event_object::strong_ref::EventObjectTableEntry>,fnv_hash::FnvHasher,hashbrown::raw::alloc::inner::Global>::remove<wesp_lib::event_object::registry::RegistryKeyKey,nt_types::arc::Weak<wesp_lib::event_object::strong_ref::EventObjectTableEntry>,fnv_hash::FnvHasher,hashbrown::raw::alloc::inner::Global,wesp_lib::event_object::registry::RegistryKeyKey>	undefined remove<wesp_lib::event_object::registry::RegistryKeyKey,nt_types::arc::Weak<wesp_lib::event_object::strong_ref::EventObjectTableEntry>,fnv_hash::FnvHasher,hashbrown::raw::alloc::inner::Global,wesp_lib::event_object::registry::RegistryKeyKey>(void)	false	false	false
180344560	678	hashbrown::map::HashMap<nt_types::Guid,wesp_lib::event_object::ClientContextKeysEntry,fnv_hash::FnvHasher,hashbrown::raw::alloc::inner::Global>::remove<nt_types::Guid,wesp_lib::event_object::ClientContextKeysEntry,fnv_hash::FnvHasher,hashbrown::raw::alloc::inner::Global,nt_types::Guid>	undefined remove<nt_types::Guid,wesp_lib::event_object::ClientContextKeysEntry,fnv_hash::FnvHasher,hashbrown::raw::alloc::inner::Global,nt_types::Guid>(void)	false	false	false
180344810	431	hashbrown::map::HashMap<wesp_lib::types::EventObjectId,wesp_lib::client::context_keys::PinTableEntry,fnv_hash::FnvHasher,hashbrown::raw::alloc::inner::Global>::remove<wesp_lib::types::EventObjectId,wesp_lib::client::context_keys::PinTableEntry,fnv_hash::FnvHasher,hashbrown::raw::alloc::inner::Global,wesp_lib::types::EventObjectId>	undefined remove<wesp_lib::types::EventObjectId,wesp_lib::client::context_keys::PinTableEntry,fnv_hash::FnvHasher,hashbrown::raw::alloc::inner::Global,wesp_lib::types::EventObjectId>(void)	false	false	false
1803449c0	552	hashbrown::map::HashMap<wesp_lib::event_object::thread::ThreadKey,nt_types::arc::Weak<wesp_lib::event_object::strong_ref::EventObjectTableEntry>,fnv_hash::FnvHasher,hashbrown::raw::alloc::inner::Global>::remove<wesp_lib::event_object::thread::ThreadKey,nt_types::arc::Weak<wesp_lib::event_object::strong_ref::EventObjectTableEntry>,fnv_hash::FnvHasher,hashbrown::raw::alloc::inner::Global,wesp_lib::event_object::thread::ThreadKey>	undefined remove<wesp_lib::event_object::thread::ThreadKey,nt_types::arc::Weak<wesp_lib::event_object::strong_ref::EventObjectTableEntry>,fnv_hash::FnvHasher,hashbrown::raw::alloc::inner::Global,wesp_lib::event_object::thread::ThreadKey>(void)	false	false	false
180344bf0	872	hashbrown::map::HashMap<wesp_lib::types::EventObjectId,wesp_lib::client::context_keys::PinTableEntry,fnv_hash::FnvHasher,hashbrown::raw::alloc::inner::Global>::retain<wesp_lib::types::EventObjectId,wesp_lib::client::context_keys::PinTableEntry,fnv_hash::FnvHasher,hashbrown::raw::alloc::inner::Global,wesp_lib::client::context_keys::impl$5::disconnect_event_objects::closure_env$0>	undefined retain<wesp_lib::types::EventObjectId,wesp_lib::client::context_keys::PinTableEntry,fnv_hash::FnvHasher,hashbrown::raw::alloc::inner::Global,wesp_lib::client::context_keys::impl$5::disconnect_event_objects::closure_env$0>(void)	false	false	false
180344f70	555	hashbrown::map::HashMap<wesp_lib::types::NotificationId,nt_types::arc::Arc<wesp_lib::event_queue::NotificationEntry>,fnv_hash::FnvHasher,hashbrown::raw::alloc::inner::Global>::retain<wesp_lib::types::NotificationId,nt_types::arc::Arc<wesp_lib::event_queue::NotificationEntry>,fnv_hash::FnvHasher,hashbrown::raw::alloc::inner::Global,wesp_lib::event_queue::in_flight::impl$1::retain::closure_env$0<wesp_lib::event_queue::impl$8::clear::closure_env$0>_>	undefined retain<wesp_lib::types::NotificationId,nt_types::arc::Arc<wesp_lib::event_queue::NotificationEntry>,fnv_hash::FnvHasher,hashbrown::raw::alloc::inner::Global,wesp_lib::event_queue::in_flight::impl$1::retain::closure_env$0<wesp_lib::event_queue::impl$8::clear::closure_env$0>_>(void)	false	false	false
1803451b0	317	hashbrown::map::HashMap<wesp_lib::types::EventObjectId,wesp_lib::client::context_keys::PinTableEntry,fnv_hash::FnvHasher,hashbrown::raw::alloc::inner::Global>::retain<wesp_lib::types::EventObjectId,wesp_lib::client::context_keys::PinTableEntry,fnv_hash::FnvHasher,hashbrown::raw::alloc::inner::Global,wesp_lib::client::context_keys::impl$5::disconnect_event_objects::closure_env$1>	undefined retain<wesp_lib::types::EventObjectId,wesp_lib::client::context_keys::PinTableEntry,fnv_hash::FnvHasher,hashbrown::raw::alloc::inner::Global,wesp_lib::client::context_keys::impl$5::disconnect_event_objects::closure_env$1>(void)	false	false	false
180345300	432	hashbrown::map::HashMap<nt_types::Guid,wesp_lib::event_object::ClientContextKeysEntry,fnv_hash::FnvHasher,hashbrown::raw::alloc::inner::Global>::get_mut<nt_types::Guid,wesp_lib::event_object::ClientContextKeysEntry,fnv_hash::FnvHasher,hashbrown::raw::alloc::inner::Global,nt_types::Guid>	undefined get_mut<nt_types::Guid,wesp_lib::event_object::ClientContextKeysEntry,fnv_hash::FnvHasher,hashbrown::raw::alloc::inner::Global,nt_types::Guid>(void)	false	false	false
1803454b0	432	hashbrown::map::HashMap<nt_types::Guid,wesp_lib::event::EventClientState,fnv_hash::FnvHasher,hashbrown::raw::alloc::inner::Global>::get_mut<nt_types::Guid,wesp_lib::event::EventClientState,fnv_hash::FnvHasher,hashbrown::raw::alloc::inner::Global,nt_types::Guid>	undefined get_mut<nt_types::Guid,wesp_lib::event::EventClientState,fnv_hash::FnvHasher,hashbrown::raw::alloc::inner::Global,nt_types::Guid>(void)	false	false	false
180345660	323	hashbrown::map::HashMap<wesp_lib::types::EventObjectId,wesp_lib::client::context_keys::PinTableEntry,fnv_hash::FnvHasher,hashbrown::raw::alloc::inner::Global>::get_mut<wesp_lib::types::EventObjectId,wesp_lib::client::context_keys::PinTableEntry,fnv_hash::FnvHasher,hashbrown::raw::alloc::inner::Global,wesp_lib::types::EventObjectId>	undefined get_mut<wesp_lib::types::EventObjectId,wesp_lib::client::context_keys::PinTableEntry,fnv_hash::FnvHasher,hashbrown::raw::alloc::inner::Global,wesp_lib::types::EventObjectId>(void)	false	false	false
1803457b0	145	hashbrown::map::make_hash<wesp_lib::event_object::filestream::FileStreamKey,fnv_hash::FnvHasher>	undefined make_hash<wesp_lib::event_object::filestream::FileStreamKey,fnv_hash::FnvHasher>(void)	false	false	false
180345850	245	core::ptr::drop_in_place<enum2$<core::result::Result<enum2$<wesp_lib::event::field::EventFieldValue>,enum2$<wesp_lib::rule::field::FieldError>_>_>_>	undefined drop_in_place<enum2$<core::result::Result<enum2$<wesp_lib::event::field::EventFieldValue>,enum2$<wesp_lib::rule::field::FieldError>_>_>_>(void)	false	false	false
180345a80	291	wesp_lib::validation::field::impl$0::visit_event_field	undefined visit_event_field(void)	false	false	false
180345bb0	850	wesp_lib::validation::field::field_value_kind	undefined field_value_kind(void)	false	false	false
180346540	181	fs::TypedFileObject<enum2$<fs::StreamKind>_>::from_file_object<enum2$<fs::StreamKind>_>	undefined from_file_object<enum2$<fs::StreamKind>_>(void)	false	false	false
180346600	77	core::ptr::drop_in_place<wesp_lib::recovery::impl$4::new::closure_env$0>	undefined drop_in_place<wesp_lib::recovery::impl$4::new::closure_env$0>(void)	false	false	false
180346650	230	core::ops::function::FnOnce::call_once<wesp_lib::recovery::impl$4::new::closure_env$0,tuple$<ref$<slice2$<u8>_>_>_>	undefined call_once<wesp_lib::recovery::impl$4::new::closure_env$0,tuple$<ref$<slice2$<u8>_>_>_>(void)	false	false	false
180346740	175	wesp_lib::recovery::impl$4::new::closure$0	undefined closure$0(void)	false	false	false
1803467f0	234	wesp_lib::event::fs::file::impl$23::read_field	undefined read_field(void)	false	false	false
180346970	127	wesp_lib::event::fs::file::impl$27::read_field	undefined read_field(void)	false	false	false
180346af0	282	wesp_lib::event::fs::file::impl$5::read_field	undefined read_field(void)	false	false	false
180346d70	286	wesp_lib::event::fs::file::impl$1::read_field	undefined read_field(void)	false	false	false
180347010	127	wesp_lib::event::fs::file::impl$29::read_field	undefined read_field(void)	false	false	false
180347180	24	wesp_lib::event::fs::pipe::impl$1::read_field	undefined read_field(void)	false	false	false
180347390	2054	wesp_lib::dispatcher::EventDispatcher::process_rules_with_current_thread_process<wesp_lib::event::fs::file::FileRead>	undefined process_rules_with_current_thread_process<wesp_lib::event::fs::file::FileRead>(void)	false	false	false
180347ba0	276	core::ptr::drop_in_place<wesp_lib::event::args::process::ProcessArgument>	undefined drop_in_place<wesp_lib::event::args::process::ProcessArgument>(void)	false	false	false
180347cc0	1195	wesp_lib::dispatcher::correlation::CorrelationTable::insert	undefined insert(void)	false	false	false
180348170	199	core::ptr::drop_in_place<wesp_lib::event::args::thread::ThreadArgument>	undefined drop_in_place<wesp_lib::event::args::thread::ThreadArgument>(void)	false	false	false
180348240	177	core::ptr::drop_in_place<wesp_lib::event::args::fileobject::FileObjectArgument>	undefined drop_in_place<wesp_lib::event::args::fileobject::FileObjectArgument>(void)	false	false	false
1803483a0	184	core::ptr::drop_in_place<alloc::boxed::Box<wesp_lib::event::args::file::FileArgument,alloc::alloc::Global>_>	undefined drop_in_place<alloc::boxed::Box<wesp_lib::event::args::file::FileArgument,alloc::alloc::Global>_>(void)	false	false	false
180348460	283	core::ptr::drop_in_place<wesp_lib::event::args::volume::VolumeArgument>	undefined drop_in_place<wesp_lib::event::args::volume::VolumeArgument>(void)	false	false	false
180348580	288	core::fmt::num::impl$54::fmt	undefined fmt(void)	false	false	false
1803486a0	467	wesp_lib::dispatcher::EventDispatcher::get_post_correlation	undefined get_post_correlation(void)	false	false	false
180348880	2054	wesp_lib::dispatcher::EventDispatcher::process_rules_with_current_thread_process<wesp_lib::event::fs::file::FileFsctl>	undefined process_rules_with_current_thread_process<wesp_lib::event::fs::file::FileFsctl>(void)	false	false	false
180349090	2054	wesp_lib::dispatcher::EventDispatcher::process_rules_with_current_thread_process<wesp_lib::event::fs::volume::VolumeFsctl>	undefined process_rules_with_current_thread_process<wesp_lib::event::fs::volume::VolumeFsctl>(void)	false	false	false
1803498a0	2054	wesp_lib::dispatcher::EventDispatcher::process_rules_with_current_thread_process<wesp_lib::event::fs::file::FileWrite>	undefined process_rules_with_current_thread_process<wesp_lib::event::fs::file::FileWrite>(void)	false	false	false
18034a0b0	2054	wesp_lib::dispatcher::EventDispatcher::process_rules_with_current_thread_process<wesp_lib::event::fs::file::FileCreate>	undefined process_rules_with_current_thread_process<wesp_lib::event::fs::file::FileCreate>(void)	false	false	false
18034a8c0	159	core::ptr::drop_in_place<wesp_lib::event::fs::file::FileCreate>	undefined drop_in_place<wesp_lib::event::fs::file::FileCreate>(void)	false	false	false
18034a960	2054	wesp_lib::dispatcher::EventDispatcher::process_rules_with_current_thread_process<wesp_lib::event::fs::file::FileCleanup>	undefined process_rules_with_current_thread_process<wesp_lib::event::fs::file::FileCleanup>(void)	false	false	false
18034b170	2054	wesp_lib::dispatcher::EventDispatcher::process_rules_with_current_thread_process<wesp_lib::event::fs::pipe::PipeCreate>	undefined process_rules_with_current_thread_process<wesp_lib::event::fs::pipe::PipeCreate>(void)	false	false	false
18034b980	220	core::ptr::drop_in_place<wesp_lib::dispatcher::EventDispatchResult<wesp_lib::event::fs::pipe::PipeCreate>_>	undefined drop_in_place<wesp_lib::dispatcher::EventDispatchResult<wesp_lib::event::fs::pipe::PipeCreate>_>(void)	false	false	false
18034ba60	2054	wesp_lib::dispatcher::EventDispatcher::process_rules_with_current_thread_process<wesp_lib::event::fs::volume::VolumeMount>	undefined process_rules_with_current_thread_process<wesp_lib::event::fs::volume::VolumeMount>(void)	false	false	false
18034c270	2054	wesp_lib::dispatcher::EventDispatcher::process_rules_with_current_thread_process<wesp_lib::event::fs::file::FileCreateSection>	undefined process_rules_with_current_thread_process<wesp_lib::event::fs::file::FileCreateSection>(void)	false	false	false
18034ca80	2054	wesp_lib::dispatcher::EventDispatcher::process_rules_with_current_thread_process<wesp_lib::event::fs::file::FileQueryOpen>	undefined process_rules_with_current_thread_process<wesp_lib::event::fs::file::FileQueryOpen>(void)	false	false	false
18034d290	2054	wesp_lib::dispatcher::EventDispatcher::process_rules_with_current_thread_process<wesp_lib::event::fs::mailslot::MailslotCreate>	undefined process_rules_with_current_thread_process<wesp_lib::event::fs::mailslot::MailslotCreate>(void)	false	false	false
18034daa0	220	core::ptr::drop_in_place<wesp_lib::dispatcher::EventDispatchResult<wesp_lib::event::fs::mailslot::MailslotCreate>_>	undefined drop_in_place<wesp_lib::dispatcher::EventDispatchResult<wesp_lib::event::fs::mailslot::MailslotCreate>_>(void)	false	false	false
18034db80	2054	wesp_lib::dispatcher::EventDispatcher::process_rules_with_current_thread_process<wesp_lib::event::fs::file::FileUnlock>	undefined process_rules_with_current_thread_process<wesp_lib::event::fs::file::FileUnlock>(void)	false	false	false
18034e390	2054	wesp_lib::dispatcher::EventDispatcher::process_rules_with_current_thread_process<wesp_lib::event::fs::file::FileLock>	undefined process_rules_with_current_thread_process<wesp_lib::event::fs::file::FileLock>(void)	false	false	false
18034eba0	2054	wesp_lib::dispatcher::EventDispatcher::process_rules_with_current_thread_process<wesp_lib::event::fs::file::FileSetSecurity>	undefined process_rules_with_current_thread_process<wesp_lib::event::fs::file::FileSetSecurity>(void)	false	false	false
18034f3b0	2054	wesp_lib::dispatcher::EventDispatcher::process_rules_with_current_thread_process<wesp_lib::event::fs::file::FileSetInformation>	undefined process_rules_with_current_thread_process<wesp_lib::event::fs::file::FileSetInformation>(void)	false	false	false
18034fbc0	2054	wesp_lib::dispatcher::EventDispatcher::process_rules_with_current_thread_process<wesp_lib::event::fs::file::FileQueryInformation>	undefined process_rules_with_current_thread_process<wesp_lib::event::fs::file::FileQueryInformation>(void)	false	false	false
1803503d0	2054	wesp_lib::dispatcher::EventDispatcher::process_rules_with_current_thread_process<wesp_lib::event::fs::file::SetEa>	undefined process_rules_with_current_thread_process<wesp_lib::event::fs::file::SetEa>(void)	false	false	false
180350be0	195	core::ptr::drop_in_place<wesp_lib::dispatcher::EventDispatchResult<wesp_lib::event::fs::file::SetEa>_>	undefined drop_in_place<wesp_lib::dispatcher::EventDispatchResult<wesp_lib::event::fs::file::SetEa>_>(void)	false	false	false
180350cb0	599	wesp_lib::event::fs::file::FileQueryDirectoryInformation::from_callback_data	undefined from_callback_data(void)	false	false	false
180350f10	2054	wesp_lib::dispatcher::EventDispatcher::process_rules_with_current_thread_process<wesp_lib::event::fs::file::FileQueryDirectoryInformation>	undefined process_rules_with_current_thread_process<wesp_lib::event::fs::file::FileQueryDirectoryInformation>(void)	false	false	false
180351720	366	wesp_lib::rule::impl$55::fmt	undefined fmt(void)	false	false	false
180351890	66	core::fmt::impl$80::fmt<enum2$<wesp_lib::dispatcher::EventDispatcherError>_>	undefined fmt<enum2$<wesp_lib::dispatcher::EventDispatcherError>_>(void)	false	false	false
180351d70	1984	wesp_lib::dispatcher::EventDispatcher::process_rules_with_current_thread_process<wesp_lib::event::registry::RegLoadKey>	undefined process_rules_with_current_thread_process<wesp_lib::event::registry::RegLoadKey>(void)	false	false	false
180352530	194	core::ptr::drop_in_place<wesp_lib::dispatcher::EventDispatchResult<wesp_lib::event::registry::RegLoadKey>_>	undefined drop_in_place<wesp_lib::dispatcher::EventDispatchResult<wesp_lib::event::registry::RegLoadKey>_>(void)	false	false	false
180352600	202	core::ptr::drop_in_place<wesp_lib::event::args::registry::RegistryKeyObjectArgument>	undefined drop_in_place<wesp_lib::event::args::registry::RegistryKeyObjectArgument>(void)	false	false	false
1803526d0	2054	wesp_lib::dispatcher::EventDispatcher::process_rules_with_current_thread_process<wesp_lib::event::registry::RegOpenKey>	undefined process_rules_with_current_thread_process<wesp_lib::event::registry::RegOpenKey>(void)	false	false	false
180352ee0	189	core::ptr::drop_in_place<wesp_lib::dispatcher::EventDispatchResult<wesp_lib::event::registry::RegOpenKey>_>	undefined drop_in_place<wesp_lib::dispatcher::EventDispatchResult<wesp_lib::event::registry::RegOpenKey>_>(void)	false	false	false
180352fa0	2310	wesp_lib::dispatcher::EventDispatcher::process_rules_with_current_thread_process<wesp_lib::event::registry::save_restore::RegSaveKey>	undefined process_rules_with_current_thread_process<wesp_lib::event::registry::save_restore::RegSaveKey>(void)	false	false	false
1803538b0	2628	wesp_lib::dispatcher::EventDispatcher::process_rules_with_current_thread_process<wesp_lib::event::registry::RegQueryKey>	undefined process_rules_with_current_thread_process<wesp_lib::event::registry::RegQueryKey>(void)	false	false	false
180354300	2783	wesp_lib::dispatcher::EventDispatcher::process_rules_with_current_thread_process<wesp_lib::event::registry::RegCreateKey>	undefined process_rules_with_current_thread_process<wesp_lib::event::registry::RegCreateKey>(void)	false	false	false
180354de0	125	core::ptr::drop_in_place<wesp_lib::event::registry::RegCreateKey>	undefined drop_in_place<wesp_lib::event::registry::RegCreateKey>(void)	false	false	false
180354e60	2541	wesp_lib::dispatcher::EventDispatcher::process_rules_with_current_thread_process<wesp_lib::event::registry::RegDeleteKey>	undefined process_rules_with_current_thread_process<wesp_lib::event::registry::RegDeleteKey>(void)	false	false	false
180355850	2630	wesp_lib::dispatcher::EventDispatcher::process_rules_with_current_thread_process<wesp_lib::event::registry::RegRenameKey>	undefined process_rules_with_current_thread_process<wesp_lib::event::registry::RegRenameKey>(void)	false	false	false
1803562a0	2717	wesp_lib::dispatcher::EventDispatcher::process_rules_with_current_thread_process<wesp_lib::event::registry::RegQueryValueKey>	undefined process_rules_with_current_thread_process<wesp_lib::event::registry::RegQueryValueKey>(void)	false	false	false
180356d40	2719	wesp_lib::dispatcher::EventDispatcher::process_rules_with_current_thread_process<wesp_lib::event::registry::RegReplaceKey>	undefined process_rules_with_current_thread_process<wesp_lib::event::registry::RegReplaceKey>(void)	false	false	false
1803577e0	2310	wesp_lib::dispatcher::EventDispatcher::process_rules_with_current_thread_process<wesp_lib::event::registry::save_restore::RegRestoreKey>	undefined process_rules_with_current_thread_process<wesp_lib::event::registry::save_restore::RegRestoreKey>(void)	false	false	false
1803580f0	2805	wesp_lib::dispatcher::EventDispatcher::process_rules_with_current_thread_process<wesp_lib::event::object_manager::ObHandleCreate>	undefined process_rules_with_current_thread_process<wesp_lib::event::object_manager::ObHandleCreate>(void)	false	false	false
180358bf0	200	core::ptr::drop_in_place<wesp_lib::dispatcher::EventDispatchResult<wesp_lib::event::object_manager::ObHandleCreate>_>	undefined drop_in_place<wesp_lib::dispatcher::EventDispatchResult<wesp_lib::event::object_manager::ObHandleCreate>_>(void)	false	false	false
180358cc0	2717	wesp_lib::dispatcher::EventDispatcher::process_rules_with_current_thread_process<wesp_lib::event::registry::RegSetKeySecurity>	undefined process_rules_with_current_thread_process<wesp_lib::event::registry::RegSetKeySecurity>(void)	false	false	false
180359760	2628	wesp_lib::dispatcher::EventDispatcher::process_rules_with_current_thread_process<wesp_lib::event::registry::RegEnumKey>	undefined process_rules_with_current_thread_process<wesp_lib::event::registry::RegEnumKey>(void)	false	false	false
18035a1b0	2307	wesp_lib::dispatcher::EventDispatcher::process_rules_with_current_thread_process<wesp_lib::event::registry::RegSetValueKey>	undefined process_rules_with_current_thread_process<wesp_lib::event::registry::RegSetValueKey>(void)	false	false	false
18035aac0	3356	wesp_lib::dispatcher::EventDispatcher::process_rules_with_current_thread_process<wesp_lib::event::object_manager::ObHandleDuplicate>	undefined process_rules_with_current_thread_process<wesp_lib::event::object_manager::ObHandleDuplicate>(void)	false	false	false
18035b7e0	179	core::ptr::drop_in_place<wesp_lib::event::object_manager::ObHandleDuplicate>	undefined drop_in_place<wesp_lib::event::object_manager::ObHandleDuplicate>(void)	false	false	false
18035b8a0	2628	wesp_lib::dispatcher::EventDispatcher::process_rules_with_current_thread_process<wesp_lib::event::registry::RegEnumValueKey>	undefined process_rules_with_current_thread_process<wesp_lib::event::registry::RegEnumValueKey>(void)	false	false	false
18035c2f0	2247	wesp_lib::dispatcher::EventDispatcher::process_rules_with_current_thread_process<wesp_lib::event::registry::RegDeleteValueKey>	undefined process_rules_with_current_thread_process<wesp_lib::event::registry::RegDeleteValueKey>(void)	false	false	false
18035cbc0	63	wesp_lib::validation::filesystem::context_key_update_filesystem_object	undefined context_key_update_filesystem_object(void)	false	false	false
18035cc70	5378	wesp_lib::persistence::collection::persist_collection_data_regions	undefined persist_collection_data_regions(void)	false	false	false
18035e1c0	50	wesp_lib::property_query::filestream::FileStreamPropertyQuery::query	undefined query(void)	false	false	false
18035e3f0	484	wesp_lib::event::args::filestream::FileStreamArgument::query_properties	undefined query_properties(void)	false	false	false
18035e5e0	265	wesp_lib::event::args::filestream::FileStreamArgument::ensure_event_object	undefined ensure_event_object(void)	false	false	false
18035e6f0	394	wesp_lib::event::args::filestream::FileStreamArgument::file	undefined file(void)	false	false	false
18035e880	484	wesp_lib::event::args::file::FileArgument::query_properties	undefined query_properties(void)	false	false	false
18035ea70	265	wesp_lib::event::args::file::FileArgument::ensure_event_object	undefined ensure_event_object(void)	false	false	false
18035eb80	591	wesp_lib::event::args::file::FileArgument::read_binary_property	undefined read_binary_property(void)	false	false	false
18035edd0	43	wesp_lib::event::args::file::FileArgument::read_boolean_property	undefined read_boolean_property(void)	false	false	false
18035eeb0	43	wesp_lib::event::args::file::FileArgument::read_numeric_property	undefined read_numeric_property(void)	false	false	false
18035f050	272	wesp_lib::event::args::file::FileArgument::read_string_list_property	undefined read_string_list_property(void)	false	false	false
18035f170	309	wesp_lib::event::args::file::FileArgument::volume	undefined volume(void)	false	false	false
18035f2b0	476	wesp_lib::event::args::pipe::PipeArgument::query_properties	undefined query_properties(void)	false	false	false
18035f4a0	45	core::ptr::drop_in_place<fs::TypedFileObject<enum2$<fs::PipeKind>_>_>	undefined drop_in_place<fs::TypedFileObject<enum2$<fs::PipeKind>_>_>(void)	false	false	false
18035f4d0	265	wesp_lib::event::args::pipe::PipeArgument::ensure_event_object	undefined ensure_event_object(void)	false	false	false
18035f5e0	479	wesp_lib::event::args::pipe::PipeArgument::read_string_property	undefined read_string_property(void)	false	false	false
18035f7c0	321	wesp_lib::event::args::thread::ThreadArgument::owning_process	undefined owning_process(void)	false	false	false
18035f910	368	wesp_lib::event::args::thread::ThreadArgument::query_properties	undefined query_properties(void)	false	false	false
18035fb20	349	wesp_lib::event::args::thread::ThreadArgument::ensure_event_object	undefined ensure_event_object(void)	false	false	false
18035fc80	49	wesp_lib::event::args::thread::ThreadArgument::read_string_property	undefined read_string_property(void)	false	false	false
18035ff20	329	wesp_lib::event::args::thread::ThreadArgument::start_address_mapped_nt_path	undefined start_address_mapped_nt_path(void)	false	false	false
180360070	470	wesp_lib::event::args::thread::ThreadArgument::win32_start_address_mapped_nt_path	undefined win32_start_address_mapped_nt_path(void)	false	false	false
180360250	246	wesp_lib::event::args::thread::ThreadArgument::read_numeric_property	undefined read_numeric_property(void)	false	false	false
180360350	520	wesp_lib::event::args::thread::ThreadArgument::read_memory_address_basic_property	undefined read_memory_address_basic_property(void)	false	false	false
180360560	191	wesp_lib::event::args::thread::ThreadArgument::token	undefined token(void)	false	false	false
180360620	476	wesp_lib::event::args::mailslot::MailslotArgument::query_properties	undefined query_properties(void)	false	false	false
180360810	265	wesp_lib::event::args::mailslot::MailslotArgument::ensure_event_object	undefined ensure_event_object(void)	false	false	false
180360920	479	wesp_lib::event::args::mailslot::MailslotArgument::read_string_property	undefined read_string_property(void)	false	false	false
180360b00	138	wesp_lib::event::process::impl$4::read_field	undefined read_field(void)	false	false	false
180360df0	294	wesp_lib::event::process::ProcessMemoryAddress::query_mapped_filename	undefined query_mapped_filename(void)	false	false	false
180360f20	127	wesp_lib::event::fs::file::impl$15::read_field	undefined read_field(void)	false	false	false
1803610a0	24	wesp_lib::event::fs::mailslot::impl$1::read_field	undefined read_field(void)	false	false	false
180361290	1002	sorted_map::SortedMap<wesp_lib::client::altitude::Altitude,nt_types::arc::Arc<wesp_lib::client::ClientObject>_>::insert<wesp_lib::client::altitude::Altitude,nt_types::arc::Arc<wesp_lib::client::ClientObject>_>	undefined insert<wesp_lib::client::altitude::Altitude,nt_types::arc::Arc<wesp_lib::client::ClientObject>_>(void)	false	false	false
180361690	285	sorted_map::SortedMap<wesp_lib::rule::OrderGroup,alloc::vec::Vec<nt_types::arc::Arc<wesp_lib::rule::Rule>,alloc::alloc::Global>_>::remove<wesp_lib::rule::OrderGroup,alloc::vec::Vec<nt_types::arc::Arc<wesp_lib::rule::Rule>,alloc::alloc::Global>_>	undefined remove<wesp_lib::rule::OrderGroup,alloc::vec::Vec<nt_types::arc::Arc<wesp_lib::rule::Rule>,alloc::alloc::Global>_>(void)	false	false	false
1803617b0	857	wesp_lib::rule::config::file::impl$7::try_from	undefined try_from(void)	false	false	false
180361c50	667	wesp_lib::rule::config::file::impl$9::try_from	undefined try_from(void)	false	false	false
180362000	231	core::ptr::drop_in_place<enum2$<core::option::Option<enum2$<wesp_lib::incoming::notification::FoTargetObjectNotificationConfig>_>_>_>	undefined drop_in_place<enum2$<core::option::Option<enum2$<wesp_lib::incoming::notification::FoTargetObjectNotificationConfig>_>_>_>(void)	false	false	false
1803620f0	966	wesp_lib::rule::config::file::impl$5::try_from	undefined try_from(void)	false	false	false
180362580	48	core::fmt::impl$80::fmt<enum2$<wesp_lib::path::PathError>_>	undefined fmt<enum2$<wesp_lib::path::PathError>_>(void)	false	false	false
1803628b0	66	core::fmt::impl$80::fmt<enum2$<wesp_lib::event::args::EventArgumentError>_>	undefined fmt<enum2$<wesp_lib::event::args::EventArgumentError>_>(void)	false	false	false
180362d60	44	core::fmt::impl$80::fmt<enum2$<wesp_lib::common::ReadIntoTypeError>_>	undefined fmt<enum2$<wesp_lib::common::ReadIntoTypeError>_>(void)	false	false	false
180362f90	174	wesp_lib::validation::context_key::context_updates_filesystem_object	undefined context_updates_filesystem_object(void)	false	false	false
1803630a0	501	wesp_lib::event_queue::elam_boot::patch_event_object_ids	undefined patch_event_object_ids(void)	false	false	false
1803632a0	426	enum2$<wesp_lib::path::Path>::into_unicode_string_owned	undefined into_unicode_string_owned(void)	false	false	false
180363450	530	enum2$<wesp_lib::path::Path>::format	undefined format(void)	false	false	false
180365710	102	enum2$<wesp_lib::path::Path>::as_slice	undefined as_slice(void)	false	false	false
180365910	232	wesp_lib::path::registry::RegistryMapping::starts_with_dos_prefix	undefined starts_with_dos_prefix(void)	false	false	false
180365a10	77	wesp_lib::path::filesystem::FileSystemDosPath::new	undefined new(void)	false	false	false
180365ce0	44	wesp_lib::path::registry::RegistryKeyNtPath::new	undefined new(void)	false	false	false
180365fd0	75	wesp_lib::path::registry::RegistryKeyNtPath::as_dos_path	undefined as_dos_path(void)	false	false	false
1803665c0	52	wesp_lib::path::filesystem::FileSystemNtPath::new	undefined new(void)	false	false	false
1803668e0	85	wesp_lib::path::filesystem::FileSystemNtPath::as_dos_path	undefined as_dos_path(void)	false	false	false
180366ec0	75	wesp_lib::path::pipe::PipeNtPath::as_dos_path	undefined as_dos_path(void)	false	false	false
180367080	75	wesp_lib::path::mailslot::MailslotNtPath::as_dos_path	undefined as_dos_path(void)	false	false	false
180367240	78	wesp_lib::path::registry::RegistryKeyDosPath::as_nt_path	undefined as_nt_path(void)	false	false	false
1803674f0	75	wesp_lib::path::filesystem::FileSystemDosPath::as_nt_path	undefined as_nt_path(void)	false	false	false
180367930	75	wesp_lib::path::pipe::PipeDosPath::as_nt_path	undefined as_nt_path(void)	false	false	false
180367b00	75	wesp_lib::path::mailslot::MailslotDosPath::as_nt_path	undefined as_nt_path(void)	false	false	false
180367cd0	436	wesp_lib::path::filesystem::query_symbolic_link	undefined query_symbolic_link(void)	false	false	false
180367e90	77	enum2$<wesp_lib::path::Path>::new_nt	undefined new_nt(void)	false	false	false
180368200	3418	wesp_lib::rule::config::notification::convert_process_chain	undefined convert_process_chain(void)	false	false	false
180368f70	670	wesp_lib::rule::config::file::FileNotificationConfig::to_stored	undefined to_stored(void)	false	false	false
180369410	593	wesp_lib::rule::config::file::VolumeNotificationConfig::to_stored	undefined to_stored(void)	false	false	false
180369730	811	wesp_lib::rule::config::file::FileStreamNotificationConfig::to_stored	undefined to_stored(void)	false	false	false
180369b10	39	enum2$<wesp_lib::event::args::EventObjectArgument>::as_event_object_ref	undefined as_event_object_ref(void)	false	false	false
180369e40	56	enum2$<wesp_lib::event::args::EventObjectArgument>::as_event_object_internal	undefined as_event_object_internal(void)	false	false	false
18036ac50	444	wesp_lib::common::ReadIntoType::read_vec_of_type_with<buffer::User,enum2$<wesp_api_types::message::property::FileStreamPropertyKind>,enum2$<wesp_lib::property_query::filestream::FileStreamPropertyKind>,enum2$<wesp_lib::property_query::PropertyQueryReadError>,wesp_lib::property_query::read_properties::closure_env$1<enum2$<wesp_api_types::message::property::FileStreamPropertyKind>,enum2$<wesp_lib::property_query::filestream::FileStreamPropertyKind>_>_>	undefined read_vec_of_type_with<buffer::User,enum2$<wesp_api_types::message::property::FileStreamPropertyKind>,enum2$<wesp_lib::property_query::filestream::FileStreamPropertyKind>,enum2$<wesp_lib::property_query::PropertyQueryReadError>,wesp_lib::property_query::read_properties::closure_env$1<enum2$<wesp_api_types::message::property::FileStreamPropertyKind>,enum2$<wesp_lib::property_query::filestream::FileStreamPropertyKind>_>_>(void)	false	false	false
18036aec0	595	wesp_lib::common::ReadIntoType::read_vec_of_type_with<buffer::User,enum2$<wesp_api_types::message::property::FileObjectPropertyKind>,enum2$<wesp_lib::property_query::fileobject::FileObjectPropertyKind>,enum2$<wesp_lib::property_query::PropertyQueryReadError>,wesp_lib::property_query::read_properties::closure_env$1<enum2$<wesp_api_types::message::property::FileObjectPropertyKind>,enum2$<wesp_lib::property_query::fileobject::FileObjectPropertyKind>_>_>	undefined read_vec_of_type_with<buffer::User,enum2$<wesp_api_types::message::property::FileObjectPropertyKind>,enum2$<wesp_lib::property_query::fileobject::FileObjectPropertyKind>,enum2$<wesp_lib::property_query::PropertyQueryReadError>,wesp_lib::property_query::read_properties::closure_env$1<enum2$<wesp_api_types::message::property::FileObjectPropertyKind>,enum2$<wesp_lib::property_query::fileobject::FileObjectPropertyKind>_>_>(void)	false	false	false
18036b170	629	wesp_lib::common::ReadIntoType::read_vec_of_type_with<buffer::User,enum2$<wesp_api_types::message::property::MailslotPropertyKind>,enum2$<wesp_lib::property_query::mailslot::MailslotPropertyKind>,enum2$<wesp_lib::property_query::PropertyQueryReadError>,wesp_lib::property_query::read_properties::closure_env$1<enum2$<wesp_api_types::message::property::MailslotPropertyKind>,enum2$<wesp_lib::property_query::mailslot::MailslotPropertyKind>_>_>	undefined read_vec_of_type_with<buffer::User,enum2$<wesp_api_types::message::property::MailslotPropertyKind>,enum2$<wesp_lib::property_query::mailslot::MailslotPropertyKind>,enum2$<wesp_lib::property_query::PropertyQueryReadError>,wesp_lib::property_query::read_properties::closure_env$1<enum2$<wesp_api_types::message::property::MailslotPropertyKind>,enum2$<wesp_lib::property_query::mailslot::MailslotPropertyKind>_>_>(void)	false	false	false
18036b3f0	635	wesp_lib::common::ReadIntoType::read_vec_of_type_with<buffer::User,enum2$<wesp_api_types::message::property::DiskPropertyKind>,enum2$<wesp_lib::property_query::disk::DiskPropertyKind>,enum2$<wesp_lib::property_query::PropertyQueryReadError>,wesp_lib::property_query::read_properties::closure_env$1<enum2$<wesp_api_types::message::property::DiskPropertyKind>,enum2$<wesp_lib::property_query::disk::DiskPropertyKind>_>_>	undefined read_vec_of_type_with<buffer::User,enum2$<wesp_api_types::message::property::DiskPropertyKind>,enum2$<wesp_lib::property_query::disk::DiskPropertyKind>,enum2$<wesp_lib::property_query::PropertyQueryReadError>,wesp_lib::property_query::read_properties::closure_env$1<enum2$<wesp_api_types::message::property::DiskPropertyKind>,enum2$<wesp_lib::property_query::disk::DiskPropertyKind>_>_>(void)	false	false	false
18036b670	580	wesp_lib::common::ReadIntoType::read_vec_of_type_with<buffer::User,enum2$<wesp_api_types::message::property::RegistryKeyPropertyKind>,enum2$<wesp_lib::property_query::registry::RegistryKeyPropertyKind>,enum2$<wesp_lib::property_query::PropertyQueryReadError>,wesp_lib::property_query::read_properties::closure_env$1<enum2$<wesp_api_types::message::property::RegistryKeyPropertyKind>,enum2$<wesp_lib::property_query::registry::RegistryKeyPropertyKind>_>_>	undefined read_vec_of_type_with<buffer::User,enum2$<wesp_api_types::message::property::RegistryKeyPropertyKind>,enum2$<wesp_lib::property_query::registry::RegistryKeyPropertyKind>,enum2$<wesp_lib::property_query::PropertyQueryReadError>,wesp_lib::property_query::read_properties::closure_env$1<enum2$<wesp_api_types::message::property::RegistryKeyPropertyKind>,enum2$<wesp_lib::property_query::registry::RegistryKeyPropertyKind>_>_>(void)	false	false	false
18036b8f0	598	wesp_lib::common::ReadIntoType::read_vec_of_type_with<buffer::User,enum2$<wesp_api_types::message::property::ProcessPropertyKind>,enum2$<wesp_lib::property_query::process::ProcessPropertyKind>,enum2$<wesp_lib::property_query::PropertyQueryReadError>,wesp_lib::property_query::read_properties::closure_env$1<enum2$<wesp_api_types::message::property::ProcessPropertyKind>,enum2$<wesp_lib::property_query::process::ProcessPropertyKind>_>_>	undefined read_vec_of_type_with<buffer::User,enum2$<wesp_api_types::message::property::ProcessPropertyKind>,enum2$<wesp_lib::property_query::process::ProcessPropertyKind>,enum2$<wesp_lib::property_query::PropertyQueryReadError>,wesp_lib::property_query::read_properties::closure_env$1<enum2$<wesp_api_types::message::property::ProcessPropertyKind>,enum2$<wesp_lib::property_query::process::ProcessPropertyKind>_>_>(void)	false	false	false
18036bb90	756	wesp_lib::incoming::notification::ThreadNotificationConfig::from_message	undefined from_message(void)	false	false	false
18036bf40	326	wesp_lib::incoming::notification::FileStreamNotificationConfig::from_message	undefined from_message(void)	false	false	false
18036c090	272	wesp_lib::incoming::notification::VolumeNotificationConfig::from_message	undefined from_message(void)	false	false	false
18036c1a0	153	wesp_lib::incoming::notification::PipeNotificationConfig::from_message	undefined from_message(void)	false	false	false
18036c240	603	wesp_lib::common::ReadIntoType::read_vec_of_type_with<buffer::User,enum2$<wesp_api_types::message::property::VolumePropertyKind>,enum2$<wesp_lib::property_query::volume::VolumePropertyKind>,enum2$<wesp_lib::property_query::PropertyQueryReadError>,wesp_lib::property_query::read_properties::closure_env$1<enum2$<wesp_api_types::message::property::VolumePropertyKind>,enum2$<wesp_lib::property_query::volume::VolumePropertyKind>_>_>	undefined read_vec_of_type_with<buffer::User,enum2$<wesp_api_types::message::property::VolumePropertyKind>,enum2$<wesp_lib::property_query::volume::VolumePropertyKind>,enum2$<wesp_lib::property_query::PropertyQueryReadError>,wesp_lib::property_query::read_properties::closure_env$1<enum2$<wesp_api_types::message::property::VolumePropertyKind>,enum2$<wesp_lib::property_query::volume::VolumePropertyKind>_>_>(void)	false	false	false
18036c530	444	wesp_lib::common::ReadIntoType::read_vec_of_type_with<buffer::User,enum2$<wesp_api_types::message::property::ThreadPropertyKind>,enum2$<wesp_lib::property_query::thread::ThreadPropertyKind>,enum2$<wesp_lib::property_query::PropertyQueryReadError>,wesp_lib::property_query::read_properties::closure_env$1<enum2$<wesp_api_types::message::property::ThreadPropertyKind>,enum2$<wesp_lib::property_query::thread::ThreadPropertyKind>_>_>	undefined read_vec_of_type_with<buffer::User,enum2$<wesp_api_types::message::property::ThreadPropertyKind>,enum2$<wesp_lib::property_query::thread::ThreadPropertyKind>,enum2$<wesp_lib::property_query::PropertyQueryReadError>,wesp_lib::property_query::read_properties::closure_env$1<enum2$<wesp_api_types::message::property::ThreadPropertyKind>,enum2$<wesp_lib::property_query::thread::ThreadPropertyKind>_>_>(void)	false	false	false
18036c7e0	444	wesp_lib::common::ReadIntoType::read_vec_of_type_with<buffer::User,enum2$<wesp_api_types::message::property::TokenPropertyKind>,enum2$<wesp_lib::property_query::token::TokenPropertyKind>,enum2$<wesp_lib::property_query::PropertyQueryReadError>,wesp_lib::property_query::read_properties::closure_env$1<enum2$<wesp_api_types::message::property::TokenPropertyKind>,enum2$<wesp_lib::property_query::token::TokenPropertyKind>_>_>	undefined read_vec_of_type_with<buffer::User,enum2$<wesp_api_types::message::property::TokenPropertyKind>,enum2$<wesp_lib::property_query::token::TokenPropertyKind>,enum2$<wesp_lib::property_query::PropertyQueryReadError>,wesp_lib::property_query::read_properties::closure_env$1<enum2$<wesp_api_types::message::property::TokenPropertyKind>,enum2$<wesp_lib::property_query::token::TokenPropertyKind>_>_>(void)	false	false	false
18036caa0	602	wesp_lib::common::ReadIntoType::read_vec_of_type_with<buffer::User,enum2$<wesp_api_types::message::property::RegistryKeyObjectPropertyKind>,enum2$<wesp_lib::property_query::registry::RegistryKeyObjectPropertyKind>,enum2$<wesp_lib::property_query::PropertyQueryReadError>,wesp_lib::property_query::read_properties::closure_env$1<enum2$<wesp_api_types::message::property::RegistryKeyObjectPropertyKind>,enum2$<wesp_lib::property_query::registry::RegistryKeyObjectPropertyKind>_>_>	undefined read_vec_of_type_with<buffer::User,enum2$<wesp_api_types::message::property::RegistryKeyObjectPropertyKind>,enum2$<wesp_lib::property_query::registry::RegistryKeyObjectPropertyKind>,enum2$<wesp_lib::property_query::PropertyQueryReadError>,wesp_lib::property_query::read_properties::closure_env$1<enum2$<wesp_api_types::message::property::RegistryKeyObjectPropertyKind>,enum2$<wesp_lib::property_query::registry::RegistryKeyObjectPropertyKind>_>_>(void)	false	false	false
18036cd00	574	wesp_lib::common::ReadIntoType::read_vec_of_type_with<buffer::User,enum2$<wesp_api_types::message::property::DesktopPropertyKind>,enum2$<wesp_lib::property_query::desktop::DesktopPropertyKind>,enum2$<wesp_lib::property_query::PropertyQueryReadError>,wesp_lib::property_query::read_properties::closure_env$1<enum2$<wesp_api_types::message::property::DesktopPropertyKind>,enum2$<wesp_lib::property_query::desktop::DesktopPropertyKind>_>_>	undefined read_vec_of_type_with<buffer::User,enum2$<wesp_api_types::message::property::DesktopPropertyKind>,enum2$<wesp_lib::property_query::desktop::DesktopPropertyKind>,enum2$<wesp_lib::property_query::PropertyQueryReadError>,wesp_lib::property_query::read_properties::closure_env$1<enum2$<wesp_api_types::message::property::DesktopPropertyKind>,enum2$<wesp_lib::property_query::desktop::DesktopPropertyKind>_>_>(void)	false	false	false
18036cf40	444	wesp_lib::common::ReadIntoType::read_vec_of_type_with<buffer::User,enum2$<wesp_api_types::message::property::FilePropertyKind>,enum2$<wesp_lib::property_query::file::FilePropertyKind>,enum2$<wesp_lib::property_query::PropertyQueryReadError>,wesp_lib::property_query::read_properties::closure_env$1<enum2$<wesp_api_types::message::property::FilePropertyKind>,enum2$<wesp_lib::property_query::file::FilePropertyKind>_>_>	undefined read_vec_of_type_with<buffer::User,enum2$<wesp_api_types::message::property::FilePropertyKind>,enum2$<wesp_lib::property_query::file::FilePropertyKind>,enum2$<wesp_lib::property_query::PropertyQueryReadError>,wesp_lib::property_query::read_properties::closure_env$1<enum2$<wesp_api_types::message::property::FilePropertyKind>,enum2$<wesp_lib::property_query::file::FilePropertyKind>_>_>(void)	false	false	false
18036d230	444	wesp_lib::common::ReadIntoType::read_vec_of_type_with<buffer::User,enum2$<wesp_api_types::message::property::KtmTransactionPropertyKind>,enum2$<wesp_lib::property_query::transaction::KtmTransactionPropertyKind>,enum2$<wesp_lib::property_query::PropertyQueryReadError>,wesp_lib::property_query::read_properties::closure_env$1<enum2$<wesp_api_types::message::property::KtmTransactionPropertyKind>,enum2$<wesp_lib::property_query::transaction::KtmTransactionPropertyKind>_>_>	undefined read_vec_of_type_with<buffer::User,enum2$<wesp_api_types::message::property::KtmTransactionPropertyKind>,enum2$<wesp_lib::property_query::transaction::KtmTransactionPropertyKind>,enum2$<wesp_lib::property_query::PropertyQueryReadError>,wesp_lib::property_query::read_properties::closure_env$1<enum2$<wesp_api_types::message::property::KtmTransactionPropertyKind>,enum2$<wesp_lib::property_query::transaction::KtmTransactionPropertyKind>_>_>(void)	false	false	false
18036d4a0	329	wesp_lib::common::ReadIntoType::read_type<buffer::User,wesp_api_types::message::comparison::SidComparisonRhs>	undefined read_type<buffer::User,wesp_api_types::message::comparison::SidComparisonRhs>(void)	false	false	false
18036d6b0	650	wesp_lib::incoming::notification::ThreadNotificationConfig::from_stored	undefined from_stored(void)	false	false	false
18036d940	4147	wesp_lib::incoming::notification::NotificationConfig::from_message	undefined from_message(void)	false	false	false
180371390	268	wesp_lib::common::network::impl$14::try_from	undefined try_from(void)	false	false	false
1803714a0	432	wesp_lib::rule::config::token::impl$1::try_from	undefined try_from(void)	false	false	false
180371740	264	ps::process::PsProcessApi::image_path<ps::process::PsProcess>	undefined image_path<ps::process::PsProcess>(void)	false	false	false
180371850	264	ps::process::PsProcessApi::command_line<ps::process::PsProcess>	undefined command_line<ps::process::PsProcess>(void)	false	false	false
180371960	313	ps::process::PsProcessApi::debugger_attached<ps::process::PsProcess>	undefined debugger_attached<ps::process::PsProcess>(void)	false	false	false
180371aa0	237	ps::process::PsProcessApi::subsystem<ps::process::PsProcess>	undefined subsystem<ps::process::PsProcess>(void)	false	false	false
180371b90	352	core::fmt::impl$80::fmt<wesp_lib::types::ContextKey>	undefined fmt<wesp_lib::types::ContextKey>(void)	false	false	false
180371cf0	352	core::fmt::impl$80::fmt<wesp_lib::types::EventObjectId>	undefined fmt<wesp_lib::types::EventObjectId>(void)	false	false	false
180371e50	481	core::fmt::impl$80::fmt<core::num::nonzero::NonZero<u64>_>	undefined fmt<core::num::nonzero::NonZero<u64>_>(void)	false	false	false
180372040	396	core::fmt::impl$80::fmt<u8>	undefined fmt<u8>(void)	false	false	false
1803721d0	272	core::fmt::impl$80::fmt<i32>	undefined fmt<i32>(void)	false	false	false
1803722e0	508	core::fmt::impl$80::fmt<u64>	undefined fmt<u64>(void)	false	false	false
1803724e0	495	core::fmt::impl$80::fmt<usize>	undefined fmt<usize>(void)	false	false	false
1803726d0	533	core::fmt::impl$80::fmt<array$<u8,8>_>	undefined fmt<array$<u8,8>_>(void)	false	false	false
1803728f0	519	core::fmt::num::impl$59::fmt	undefined fmt(void)	false	false	false
180372b00	18	core::fmt::impl$82::fmt<str$>	undefined fmt<str$>(void)	false	false	false
180372b20	70	core::slice::cmp::impl$4::equal_same_length<enum2$<wesp_lib::property_query::disk::DiskPropertyKind>,enum2$<wesp_lib::property_query::disk::DiskPropertyKind>_>	undefined equal_same_length<enum2$<wesp_lib::property_query::disk::DiskPropertyKind>,enum2$<wesp_lib::property_query::disk::DiskPropertyKind>_>(void)	false	false	false
180372b70	246	core::slice::cmp::impl$4::equal_same_length<wesp_lib::context_key::update::RuleContextKeyUpdateGroup,wesp_lib::context_key::update::RuleContextKeyUpdateGroup>	undefined equal_same_length<wesp_lib::context_key::update::RuleContextKeyUpdateGroup,wesp_lib::context_key::update::RuleContextKeyUpdateGroup>(void)	false	false	false
180372d30	31	wesp_lib::event::property_source::impl$19::eq	undefined eq(void)	false	false	false
180372f60	77	wesp_lib::context_key::update::impl$18::eq	undefined eq(void)	false	false	false
180373130	44	wesp_lib::context_key::update::impl$6::eq	undefined eq(void)	false	false	false
180373260	44	wesp_lib::filter::property::impl$14::eq	undefined eq(void)	false	false	false
180373590	44	wesp_lib::filter::property::impl$28::eq	undefined eq(void)	false	false	false
1803738b0	48	wesp_lib::context_key::update::impl$15::eq	undefined eq(void)	false	false	false
180373a10	56	wesp_lib::filter::property::impl$35::eq	undefined eq(void)	false	false	false
180373b70	415	wesp_lib::event::property_source::impl$124::eq	undefined eq(void)	false	false	false
180373d10	236	wesp_lib::filter::property::impl$63::eq	undefined eq(void)	false	false	false
180373e00	297	wesp_lib::event::property_source::impl$61::eq	undefined eq(void)	false	false	false
180373f30	259	wesp_lib::event::property_source::impl$82::eq	undefined eq(void)	false	false	false
180374040	44	wesp_lib::filter::property::impl$21::eq	undefined eq(void)	false	false	false
1803742f0	211	wesp_lib::event::property_source::impl$33::eq	undefined eq(void)	false	false	false
1803743d0	68	wesp_lib::filter::comparand::impl$50::eq	undefined eq(void)	false	false	false
180374630	85	wesp_lib::filter::comparand::impl$53::eq	undefined eq(void)	false	false	false
1803747f0	43	wesp_lib::filter::comparand::impl$59::eq	undefined eq(void)	false	false	false
180374ac0	75	wesp_lib::filter::comparand::impl$68::eq	undefined eq(void)	false	false	false
180374bf0	32	wesp_lib::filter::comparand::impl$88::eq	undefined eq(void)	false	false	false
180374d90	19	core::ptr::drop_in_place<wesp_api_types::schema::context_key::StoredContextKeyUpdateInfo>	undefined drop_in_place<wesp_api_types::schema::context_key::StoredContextKeyUpdateInfo>(void)	false	false	false
180374e80	41	wesp_lib::context_key::stored::impl$12::try_from	undefined try_from(void)	false	false	false
180375180	65	wesp_lib::context_key::stored::impl$10::try_from	undefined try_from(void)	false	false	false
180375640	70	wesp_lib::context_key::stored::impl$17::try_from	undefined try_from(void)	false	false	false
180375e30	608	wesp_lib::context_key::update::RuleContextKeyUpdateGroup::from_stored	undefined from_stored(void)	false	false	false
180377600	85	core::ptr::drop_in_place<enum2$<wesp_lib::context_key::update::RuleContextKeyUpdateOp>_>	undefined drop_in_place<enum2$<wesp_lib::context_key::update::RuleContextKeyUpdateOp>_>(void)	false	false	false
180377660	52	wesp_lib::property_query::disk::DiskPropertyQuery::query	undefined query(void)	false	false	false
180377da0	59	wesp_lib::property_query::file::FilePropertyQuery::query	undefined query(void)	false	false	false
180378710	50	core::ptr::drop_in_place<fs::ealist::FsEaList>	undefined drop_in_place<fs::ealist::FsEaList>(void)	false	false	false
180378750	55	wesp_lib::property_query::thread::ThreadPropertyQuery::query	undefined query(void)	false	false	false
180378c40	482	wesp_lib::property_query::thread::ThreadPropertyQuery::query_memory_address_mapped_filename	undefined query_memory_address_mapped_filename(void)	false	false	false
180378e30	54	wesp_lib::property_query::volume::VolumePropertyQuery::query	undefined query(void)	false	false	false
1803792d0	366	wesp_lib::rule::config::token::TokenNotificationConfig::to_stored	undefined to_stored(void)	false	false	false
180379560	380	wesp_lib::event::field_cache::FieldCache::fetch_process	undefined fetch_process(void)	false	false	false
1803796e0	64	core::ptr::drop_in_place<enum2$<wesp_lib::event::field_cache::CachedField>_>	undefined drop_in_place<enum2$<wesp_lib::event::field_cache::CachedField>_>(void)	false	false	false
180379720	389	wesp_lib::event::field_cache::cached_access_mask	undefined cached_access_mask(void)	false	false	false
1803798b0	240	wesp_lib::event::fs::AccessStateInfo::from_security_context	undefined from_security_context(void)	false	false	false
1803799b0	331	wesp_lib::event::fs::IoOperationInfo::from_callback_data	undefined from_callback_data(void)	false	false	false
180379b00	39	wesp_lib::event::fs::RemoteClientInfo::read_field	undefined read_field(void)	false	false	false
180379cd0	235	wesp_lib::event::fs::RemoteClientInfo::from_raw	undefined from_raw(void)	false	false	false
180379dc0	391	wesp_lib::types::numeric_transforms_from_stored	undefined numeric_transforms_from_stored(void)	false	false	false
180379f50	86	wesp_lib::filter::predicate::Predicate::evaluate	undefined evaluate(void)	false	false	false
18037e220	52	wesp_lib::filter::comparison::NumericComparison::evaluate	undefined evaluate(void)	false	false	false
18037e260	59	core::ptr::drop_in_place<enum2$<wesp_lib::filter::comparand::StringComparandData>_>	undefined drop_in_place<enum2$<wesp_lib::filter::comparand::StringComparandData>_>(void)	false	false	false
18037e430	1070	wesp_lib::filter::comparison::evaluate_string_op	undefined evaluate_string_op(void)	false	false	false
18037e860	70	wesp_lib::filter::comparison::BinaryComparison::evaluate	undefined evaluate(void)	false	false	false
18037e8b0	229	wesp_lib::filter::comparison::PathComparison::evaluate	undefined evaluate(void)	false	false	false
18037e9a0	121	wesp_lib::filter::comparison::ByteRangeComparison::evaluate	undefined evaluate(void)	false	false	false
18037ea20	398	wesp_lib::filter::comparison::evaluate_numeric_op	undefined evaluate_numeric_op(void)	false	false	false
18037ed10	250	wesp_lib::filter::comparison::impl$8::evaluate::eval_cmp	undefined eval_cmp(void)	false	false	false
18037ee10	476	wesp_lib::filter::comparison::StringListComparison::evaluate	undefined evaluate(void)	false	false	false
18037eff0	691	wesp_lib::filter::comparison::IpAddressComparison::evaluate	undefined evaluate(void)	false	false	false
18037f2b0	486	wesp_lib::filter::comparison::BinaryComparison::evaluate_op	undefined evaluate_op(void)	false	false	false
18037f4a0	62	wesp_lib::incoming::context_key::rule_context_key_info_from_msg	undefined rule_context_key_info_from_msg(void)	false	false	false
18037f800	130	core::ptr::drop_in_place<slice2$<wesp_api_types::schema::context_key::StoredContextKeyUpdate>_>	undefined drop_in_place<slice2$<wesp_api_types::schema::context_key::StoredContextKeyUpdate>_>(void)	false	false	false
18037f920	19	core::ptr::drop_in_place<wesp_api_types::schema::context_key::StoredContextKeyUpdateInfo>	undefined drop_in_place<wesp_api_types::schema::context_key::StoredContextKeyUpdateInfo>(void)	false	false	false
18037fa10	1061	alloc::vec::Vec<wesp_lib::incoming::notification::ProcessNotificationConfig,alloc::alloc::Global>::extend_trusted<wesp_lib::incoming::notification::ProcessNotificationConfig,alloc::alloc::Global,core::iter::adapters::map::Map<alloc::vec::into_iter::IntoIter<enum2$<wesp_api_types::schema::notification::process::ProcessNotificationConfig>,alloc::alloc::Global>,wesp_lib::incoming::notification::ProcessNotificationConfig_(*)(enum2$<wesp_api_types::schema::notification::process::ProcessNotificationConfig>)>_>	undefined extend_trusted<wesp_lib::incoming::notification::ProcessNotificationConfig,alloc::alloc::Global,core::iter::adapters::map::Map<alloc::vec::into_iter::IntoIter<enum2$<wesp_api_types::schema::notification::process::ProcessNotificationConfig>,alloc::alloc::Global>,wesp_lib::incoming::notification::ProcessNotificationConfig_(*)(enum2$<wesp_api_types::schema::notification::process::ProcessNotificationConfig>)>_>(void)	false	false	false
18037fe40	161	alloc::vec::impl$26::drop<wesp_lib::rule::config::process::ProcessNotificationConfig,alloc::alloc::Global>	undefined drop<wesp_lib::rule::config::process::ProcessNotificationConfig,alloc::alloc::Global>(void)	false	false	false
18037fef0	277	core::ptr::drop_in_place<slice2$<enum2$<wesp_api_types::schema::filter::StoredPredicate>_>_>	undefined drop_in_place<slice2$<enum2$<wesp_api_types::schema::filter::StoredPredicate>_>_>(void)	false	false	false
180380990	289	alloc::vec::impl$26::drop<wesp_lib::rule::client::OrderGroupedRules,alloc::alloc::Global>	undefined drop<wesp_lib::rule::client::OrderGroupedRules,alloc::alloc::Global>(void)	false	false	false
180380ad0	99	alloc::vec::impl$26::drop<wesp_lib::property_query::PropertyQueryResult,alloc::alloc::Global>	undefined drop<wesp_lib::property_query::PropertyQueryResult,alloc::alloc::Global>(void)	false	false	false
180380c20	56	alloc::vec::impl$26::drop<wesp_lib::collection::generic::CollectionKey<u16>,alloc::alloc::Global>	undefined drop<wesp_lib::collection::generic::CollectionKey<u16>,alloc::alloc::Global>(void)	false	false	false
180380c70	445	core::ptr::drop_in_place<wesp_lib::incoming::rule::Rule>	undefined drop_in_place<wesp_lib::incoming::rule::Rule>(void)	false	false	false
180380e40	140	core::ptr::drop_in_place<slice2$<enum2$<wesp_lib::incoming::notification::FieldObjectNotificationConfig>_>_>	undefined drop_in_place<slice2$<enum2$<wesp_lib::incoming::notification::FieldObjectNotificationConfig>_>_>(void)	false	false	false
180381100	307	alloc::vec::impl$26::drop<wesp_lib::filter::predicate::Predicate,alloc::alloc::Global>	undefined drop<wesp_lib::filter::predicate::Predicate,alloc::alloc::Global>(void)	false	false	false
180381680	204	core::ptr::drop_in_place<enum2$<wesp_lib::filter::comparand::StringComparandSource>_>	undefined drop_in_place<enum2$<wesp_lib::filter::comparand::StringComparandSource>_>(void)	false	false	false
1803817c0	105	alloc::vec::impl$26::drop<nt_types::arc::Arc<wesp_lib::filter::Filter>,alloc::alloc::Global>	undefined drop<nt_types::arc::Arc<wesp_lib::filter::Filter>,alloc::alloc::Global>(void)	false	false	false
180381830	75	alloc::vec::impl$26::drop<nt_types::arc::Arc<wesp_lib::rule::Rule>,alloc::alloc::Global>	undefined drop<nt_types::arc::Arc<wesp_lib::rule::Rule>,alloc::alloc::Global>(void)	false	false	false
180381890	85	alloc::vec::impl$26::drop<wesp_api_types::schema::filter::StoredFilter,alloc::alloc::Global>	undefined drop<wesp_api_types::schema::filter::StoredFilter,alloc::alloc::Global>(void)	false	false	false
1803818f0	69	alloc::vec::impl$26::drop<wesp_lib::context_key::update::RuleContextKeyUpdateGroup,alloc::alloc::Global>	undefined drop<wesp_lib::context_key::update::RuleContextKeyUpdateGroup,alloc::alloc::Global>(void)	false	false	false
180381940	112	alloc::vec::impl$26::drop<wesp_lib::context_key::update::RuleContextKeyUpdate,alloc::alloc::Global>	undefined drop<wesp_lib::context_key::update::RuleContextKeyUpdate,alloc::alloc::Global>(void)	false	false	false
1803819b0	523	core::ptr::drop_in_place<wesp_api_types::schema::rule::RuleSchema>	undefined drop_in_place<wesp_api_types::schema::rule::RuleSchema>(void)	false	false	false
180381bd0	111	core::ptr::drop_in_place<slice2$<enum2$<wesp_api_types::schema::notification::field::FieldObjectNotificationConfig>_>_>	undefined drop_in_place<slice2$<enum2$<wesp_api_types::schema::notification::field::FieldObjectNotificationConfig>_>_>(void)	false	false	false
180381ec0	72	alloc::vec::impl$26::drop<wesp_lib::property_query::OwnedEa,alloc::alloc::Global>	undefined drop<wesp_lib::property_query::OwnedEa,alloc::alloc::Global>(void)	false	false	false
180381f20	73	alloc::vec::impl$26::drop<enum2$<wesp_lib::notification::RelatedObject>,alloc::alloc::Global>	undefined drop<enum2$<wesp_lib::notification::RelatedObject>,alloc::alloc::Global>(void)	false	false	false
180381f80	83	alloc::vec::impl$26::drop<enum2$<wesp_lib::rule::RuleUpdateCommand>,alloc::alloc::Global>	undefined drop<enum2$<wesp_lib::rule::RuleUpdateCommand>,alloc::alloc::Global>(void)	false	false	false
180381fe0	171	alloc::vec::impl$26::drop<enum2$<wesp_lib::rule::config::field::FieldObjectNotificationConfig>,alloc::alloc::Global>	undefined drop<enum2$<wesp_lib::rule::config::field::FieldObjectNotificationConfig>,alloc::alloc::Global>(void)	false	false	false
1803822d0	261	core::ptr::drop_in_place<slice2$<wesp_lib::incoming::collection::Collection>_>	undefined drop_in_place<slice2$<wesp_lib::incoming::collection::Collection>_>(void)	false	false	false
180382400	69	alloc::vec::impl$26::drop<wesp_api_types::schema::context_key::StoredEventObjectContextKeyUpdate,alloc::alloc::Global>	undefined drop<wesp_api_types::schema::context_key::StoredEventObjectContextKeyUpdate,alloc::alloc::Global>(void)	false	false	false
180382450	81	alloc::vec::impl$26::drop<wesp_lib::notification::builder::PayloadEntry,alloc::alloc::Global>	undefined drop<wesp_lib::notification::builder::PayloadEntry,alloc::alloc::Global>(void)	false	false	false
1803824b0	81	alloc::vec::impl$26::drop<wesp_lib::notification::PayloadNotification,alloc::alloc::Global>	undefined drop<wesp_lib::notification::PayloadNotification,alloc::alloc::Global>(void)	false	false	false
180382510	108	alloc::vec::impl$26::drop<wesp_lib::context_key::update::ContextKeyUpdate,alloc::alloc::Global>	undefined drop<wesp_lib::context_key::update::ContextKeyUpdate,alloc::alloc::Global>(void)	false	false	false
180382590	111	alloc::vec::into_iter::impl$16::drop<wesp_api_types::schema::collection::CollectionSchema,alloc::alloc::Global>	undefined drop<wesp_api_types::schema::collection::CollectionSchema,alloc::alloc::Global>(void)	false	false	false
180382600	114	alloc::vec::into_iter::impl$16::drop<wesp_api_types::schema::rule::RuleSchema,alloc::alloc::Global>	undefined drop<wesp_api_types::schema::rule::RuleSchema,alloc::alloc::Global>(void)	false	false	false
180382680	111	alloc::vec::into_iter::impl$16::drop<wesp_api_types::schema::collection::StoredCollectionRegion<u8>,alloc::alloc::Global>	undefined drop<wesp_api_types::schema::collection::StoredCollectionRegion<u8>,alloc::alloc::Global>(void)	false	false	false
180382700	114	alloc::vec::into_iter::impl$16::drop<nt_types::arc::Arc<wesp_lib::rule::Rule>,alloc::alloc::Global>	undefined drop<nt_types::arc::Arc<wesp_lib::rule::Rule>,alloc::alloc::Global>(void)	false	false	false
180382780	140	alloc::vec::into_iter::impl$16::drop<wesp_lib::notification::builder::PayloadEntry,alloc::alloc::Global>	undefined drop<wesp_lib::notification::builder::PayloadEntry,alloc::alloc::Global>(void)	false	false	false
180382820	140	alloc::vec::into_iter::impl$16::drop<wesp_api_types::schema::filter::StoredFilter,alloc::alloc::Global>	undefined drop<wesp_api_types::schema::filter::StoredFilter,alloc::alloc::Global>(void)	false	false	false
1803828c0	201	nt_types::condvar::Condvar::wait_exclusive<wesp_lib::client::state::ClientStateInner>	undefined wait_exclusive<wesp_lib::client::state::ClientStateInner>(void)	false	false	false
180382990	462	wesp_lib::capability::CapabilityTier::thread_has_restricted_property	undefined thread_has_restricted_property(void)	false	false	false
180382b60	38	wesp_lib::capability::CapabilityTier::verify_property_query	undefined verify_property_query(void)	false	false	false
180382e10	68	wesp_lib::validation::source_walk::walk_sid_comparand<wesp_lib::validation::field::FieldVisitor>	undefined walk_sid_comparand<wesp_lib::validation::field::FieldVisitor>(void)	false	false	false
180382fe0	60	wesp_lib::validation::source_walk::walk_event_object_source<wesp_lib::validation::field::FieldVisitor>	undefined walk_event_object_source<wesp_lib::validation::field::FieldVisitor>(void)	false	false	false
1803836d0	939	wesp_lib::validation::source_walk::walk_token_source<wesp_lib::validation::field::FieldVisitor>	undefined walk_token_source<wesp_lib::validation::field::FieldVisitor>(void)	false	false	false
180383a80	754	wesp_lib::validation::source_walk::walk_file_stream_source<wesp_lib::validation::field::FieldVisitor>	undefined walk_file_stream_source<wesp_lib::validation::field::FieldVisitor>(void)	false	false	false
180383d80	647	wesp_lib::validation::source_walk::walk_disk_source<wesp_lib::validation::field::FieldVisitor>	undefined walk_disk_source<wesp_lib::validation::field::FieldVisitor>(void)	false	false	false
180384010	20	wesp_lib::validation::source_walk::walk_binary_comparand<wesp_lib::validation::filesystem::FileSystemVisitor>	undefined walk_binary_comparand<wesp_lib::validation::filesystem::FileSystemVisitor>(void)	false	false	false
180384080	52	wesp_lib::validation::source_walk::walk_binary_comparand<wesp_lib::validation::field::FieldVisitor>	undefined walk_binary_comparand<wesp_lib::validation::field::FieldVisitor>(void)	false	false	false
180384560	628	wesp_lib::validation::source_walk::walk_security_descriptor_comparand<wesp_lib::validation::field::FieldVisitor>	undefined walk_security_descriptor_comparand<wesp_lib::validation::field::FieldVisitor>(void)	false	false	false
1803847e0	60	wesp_lib::validation::source_walk::walk_string_comparand<wesp_lib::validation::field::FieldVisitor>	undefined walk_string_comparand<wesp_lib::validation::field::FieldVisitor>(void)	false	false	false
180384ba0	65	wesp_lib::validation::source_walk::walk_boolean_comparand<wesp_lib::validation::field::FieldVisitor>	undefined walk_boolean_comparand<wesp_lib::validation::field::FieldVisitor>(void)	false	false	false
180384ef0	31	wesp_lib::validation::source_walk::walk_numeric_comparand<wesp_lib::validation::filesystem::FileSystemVisitor>	undefined walk_numeric_comparand<wesp_lib::validation::filesystem::FileSystemVisitor>(void)	false	false	false
180384f90	65	wesp_lib::validation::source_walk::walk_numeric_comparand<wesp_lib::validation::field::FieldVisitor>	undefined walk_numeric_comparand<wesp_lib::validation::field::FieldVisitor>(void)	false	false	false
1803853f0	34	wesp_lib::rule::config::impl$2::from	undefined from(void)	false	false	false
180385440	306	wesp_lib::rule::config::try_map_vec<enum2$<wesp_api_types::schema::notification::file::KtmTransactionPropertyKind>,enum2$<wesp_lib::property_query::transaction::KtmTransactionPropertyKind>,alloc::vec::Vec<enum2$<wesp_api_types::schema::notification::file::KtmTransactionPropertyKind>,alloc::alloc::Global>,wesp_lib::rule::config::file::impl$17::try_from::closure_env$0>	undefined try_map_vec<enum2$<wesp_api_types::schema::notification::file::KtmTransactionPropertyKind>,enum2$<wesp_lib::property_query::transaction::KtmTransactionPropertyKind>,alloc::vec::Vec<enum2$<wesp_api_types::schema::notification::file::KtmTransactionPropertyKind>,alloc::alloc::Global>,wesp_lib::rule::config::file::impl$17::try_from::closure_env$0>(void)	false	false	false
180385610	381	wesp_lib::rule::config::try_map_vec<ref$<enum2$<wesp_lib::property_query::registry::RegistryKeyPropertyKind>_>,enum2$<wesp_api_types::schema::notification::registry::RegistryKeyPropertyKind>,ref$<alloc::vec::Vec<enum2$<wesp_lib::property_query::registry::RegistryKeyPropertyKind>,alloc::alloc::Global>_>,wesp_lib::rule::config::registry::impl$0::to_stored::closure_env$0>	undefined try_map_vec<ref$<enum2$<wesp_lib::property_query::registry::RegistryKeyPropertyKind>_>,enum2$<wesp_api_types::schema::notification::registry::RegistryKeyPropertyKind>,ref$<alloc::vec::Vec<enum2$<wesp_lib::property_query::registry::RegistryKeyPropertyKind>,alloc::alloc::Global>_>,wesp_lib::rule::config::registry::impl$0::to_stored::closure_env$0>(void)	false	false	false
1803857a0	2729	wesp_lib::rule::config::try_map_vec<ref$<wesp_lib::rule::config::process::ProcessNotificationConfig>,enum2$<wesp_api_types::schema::notification::process::ProcessNotificationConfig>,ref$<wesp_lib::rule::config::SortedProcessChain>,enum2$<core::result::Result<enum2$<wesp_api_types::schema::notification::process::ProcessNotificationConfig>,enum2$<wesp_lib::rule::config::RuleConfigError>_>_>_(*)(ref$<wesp_lib::rule::config::process::ProcessNotificationConfig>)>	undefined try_map_vec<ref$<wesp_lib::rule::config::process::ProcessNotificationConfig>,enum2$<wesp_api_types::schema::notification::process::ProcessNotificationConfig>,ref$<wesp_lib::rule::config::SortedProcessChain>,enum2$<core::result::Result<enum2$<wesp_api_types::schema::notification::process::ProcessNotificationConfig>,enum2$<wesp_lib::rule::config::RuleConfigError>_>_>_(*)(ref$<wesp_lib::rule::config::process::ProcessNotificationConfig>)>(void)	false	false	false
180386260	474	wesp_lib::rule::config::try_map_vec<enum2$<wesp_api_types::schema::notification::registry::RegistryKeyPropertyKind>,enum2$<wesp_lib::property_query::registry::RegistryKeyPropertyKind>,alloc::vec::Vec<enum2$<wesp_api_types::schema::notification::registry::RegistryKeyPropertyKind>,alloc::alloc::Global>,wesp_lib::rule::config::registry::impl$2::try_from::closure_env$0>	undefined try_map_vec<enum2$<wesp_api_types::schema::notification::registry::RegistryKeyPropertyKind>,enum2$<wesp_lib::property_query::registry::RegistryKeyPropertyKind>,alloc::vec::Vec<enum2$<wesp_api_types::schema::notification::registry::RegistryKeyPropertyKind>,alloc::alloc::Global>,wesp_lib::rule::config::registry::impl$2::try_from::closure_env$0>(void)	false	false	false
180386440	350	wesp_lib::rule::config::try_map_vec<ref$<enum2$<wesp_lib::property_query::mailslot::MailslotPropertyKind>_>,enum2$<wesp_api_types::schema::notification::file::MailslotPropertyKind>,ref$<alloc::vec::Vec<enum2$<wesp_lib::property_query::mailslot::MailslotPropertyKind>,alloc::alloc::Global>_>,wesp_lib::rule::config::file::impl$14::to_stored::closure_env$0>	undefined try_map_vec<ref$<enum2$<wesp_lib::property_query::mailslot::MailslotPropertyKind>_>,enum2$<wesp_api_types::schema::notification::file::MailslotPropertyKind>,ref$<alloc::vec::Vec<enum2$<wesp_lib::property_query::mailslot::MailslotPropertyKind>,alloc::alloc::Global>_>,wesp_lib::rule::config::file::impl$14::to_stored::closure_env$0>(void)	false	false	false
1803865b0	469	wesp_lib::rule::config::try_map_vec<enum2$<wesp_api_types::schema::notification::file::MailslotPropertyKind>,enum2$<wesp_lib::property_query::mailslot::MailslotPropertyKind>,alloc::vec::Vec<enum2$<wesp_api_types::schema::notification::file::MailslotPropertyKind>,alloc::alloc::Global>,wesp_lib::rule::config::file::impl$15::try_from::closure_env$0>	undefined try_map_vec<enum2$<wesp_api_types::schema::notification::file::MailslotPropertyKind>,enum2$<wesp_lib::property_query::mailslot::MailslotPropertyKind>,alloc::vec::Vec<enum2$<wesp_api_types::schema::notification::file::MailslotPropertyKind>,alloc::alloc::Global>,wesp_lib::rule::config::file::impl$15::try_from::closure_env$0>(void)	false	false	false
180386790	347	wesp_lib::rule::config::try_map_vec<ref$<enum2$<wesp_lib::property_query::disk::DiskPropertyKind>_>,enum2$<wesp_api_types::schema::notification::file::DiskPropertyKind>,ref$<alloc::vec::Vec<enum2$<wesp_lib::property_query::disk::DiskPropertyKind>,alloc::alloc::Global>_>,wesp_lib::rule::config::file::impl$10::to_stored::closure_env$0>	undefined try_map_vec<ref$<enum2$<wesp_lib::property_query::disk::DiskPropertyKind>_>,enum2$<wesp_api_types::schema::notification::file::DiskPropertyKind>,ref$<alloc::vec::Vec<enum2$<wesp_lib::property_query::disk::DiskPropertyKind>,alloc::alloc::Global>_>,wesp_lib::rule::config::file::impl$10::to_stored::closure_env$0>(void)	false	false	false
180386900	265	wesp_lib::rule::config::try_map_vec<ref$<enum2$<wesp_lib::property_query::transaction::KtmTransactionPropertyKind>_>,enum2$<wesp_api_types::schema::notification::file::KtmTransactionPropertyKind>,ref$<alloc::vec::Vec<enum2$<wesp_lib::property_query::transaction::KtmTransactionPropertyKind>,alloc::alloc::Global>_>,wesp_lib::rule::config::file::impl$16::to_stored::closure_env$0>	undefined try_map_vec<ref$<enum2$<wesp_lib::property_query::transaction::KtmTransactionPropertyKind>_>,enum2$<wesp_api_types::schema::notification::file::KtmTransactionPropertyKind>,ref$<alloc::vec::Vec<enum2$<wesp_lib::property_query::transaction::KtmTransactionPropertyKind>,alloc::alloc::Global>_>,wesp_lib::rule::config::file::impl$16::to_stored::closure_env$0>(void)	false	false	false
180386a90	413	wesp_lib::rule::config::try_map_vec<enum2$<wesp_api_types::schema::notification::client::ClientPropertyKind>,enum2$<wesp_lib::property_query::client::ClientPropertyKind>,alloc::vec::Vec<enum2$<wesp_api_types::schema::notification::client::ClientPropertyKind>,alloc::alloc::Global>,wesp_lib::rule::config::notification::impl$1::from_incoming::closure_env$3>	undefined try_map_vec<enum2$<wesp_api_types::schema::notification::client::ClientPropertyKind>,enum2$<wesp_lib::property_query::client::ClientPropertyKind>,alloc::vec::Vec<enum2$<wesp_api_types::schema::notification::client::ClientPropertyKind>,alloc::alloc::Global>,wesp_lib::rule::config::notification::impl$1::from_incoming::closure_env$3>(void)	false	false	false
180386c40	476	wesp_lib::rule::config::try_map_vec<enum2$<wesp_api_types::schema::notification::file::DiskPropertyKind>,enum2$<wesp_lib::property_query::disk::DiskPropertyKind>,alloc::vec::Vec<enum2$<wesp_api_types::schema::notification::file::DiskPropertyKind>,alloc::alloc::Global>,wesp_lib::rule::config::file::impl$11::try_from::closure_env$0>	undefined try_map_vec<enum2$<wesp_api_types::schema::notification::file::DiskPropertyKind>,enum2$<wesp_lib::property_query::disk::DiskPropertyKind>,alloc::vec::Vec<enum2$<wesp_api_types::schema::notification::file::DiskPropertyKind>,alloc::alloc::Global>,wesp_lib::rule::config::file::impl$11::try_from::closure_env$0>(void)	false	false	false
180386e20	155	wesp_lib::client::ClientObject::update_rules	undefined update_rules(void)	false	false	false
180386ec0	68	wesp_lib::client::ClientObject::capability_tier	undefined capability_tier(void)	false	false	false
180386f10	233	wesp_lib::client::ClientObject::enumerate_rules	undefined enumerate_rules(void)	false	false	false
180387000	2122	wesp_lib::client::ClientObject::open_collection	undefined open_collection(void)	false	false	false
180387850	2136	wesp_lib::client::ClientObject::open_event_queue	undefined open_event_queue(void)	false	false	false
1803880b0	4397	wesp_lib::client::ClientObject::create_collection	undefined create_collection(void)	false	false	false
1803891e0	934	wesp_lib::client::ClientObject::stash_event_queue	undefined stash_event_queue(void)	false	false	false
180389590	12196	wesp_lib::client::ClientObject::update_collection	undefined update_collection(void)	false	false	false
18038c5b0	4212	wesp_lib::client::ClientObject::create_event_queue	undefined create_event_queue(void)	false	false	false
18038d630	1079	wesp_lib::client::ClientObject::enumerate_collection_ids	undefined enumerate_collection_ids(void)	false	false	false
18038da70	1083	wesp_lib::client::ClientObject::enumerate_event_queue_ids	undefined enumerate_event_queue_ids(void)	false	false	false
18038deb0	851	wesp_lib::client::ClientObject::add_event_object_reference	undefined add_event_object_reference(void)	false	false	false
18038e210	2512	wesp_lib::client::ClientObject::close_collection_reference	undefined close_collection_reference(void)	false	false	false
18038ebf0	2512	wesp_lib::client::ClientObject::close_event_queue_reference	undefined close_event_queue_reference(void)	false	false	false
18038f5d0	531	wesp_lib::client::ClientObject::remove_event_object_reference	undefined remove_event_object_reference(void)	false	false	false
18038f7f0	3423	wesp_lib::client::ClientObject::new	undefined new(void)	false	false	false
180390550	306	wesp_lib::client::ClientObject::to_schema	undefined to_schema(void)	false	false	false
180390690	1008	wesp_lib::client::manager::ClientCollection::try_clone	undefined try_clone(void)	false	false	false
180390aa0	673	core::ptr::drop_in_place<wesp_lib::client::state::ClientStateRollbackGuard>	undefined drop_in_place<wesp_lib::client::state::ClientStateRollbackGuard>(void)	false	false	false
180390d50	250	wesp_lib::client::manager::RegisteredClients::find_by_id	undefined find_by_id(void)	false	false	false
180390e60	4578	wesp_lib::client::manager::ClientManager::remove_rules_for	undefined remove_rules_for(void)	false	false	false
180392080	1743	wesp_lib::client::manager::ClientManager::update_rules_for	undefined update_rules_for(void)	false	false	false
180392780	717	wesp_lib::client::manager::RegisteredClients::update_rules_for	undefined update_rules_for(void)	false	false	false
180392a70	1492	wesp_lib::client::manager::ClientManager::connect_event_queue	undefined connect_event_queue(void)	false	false	false
180393050	4268	wesp_lib::client::manager::ClientManager::register	undefined register(void)	false	false	false
180394170	114	core::ptr::drop_in_place<enum2$<wesp_api_types::schema::SchemaObject>_>	undefined drop_in_place<enum2$<wesp_api_types::schema::SchemaObject>_>(void)	false	false	false
1803941f0	113	core::ptr::drop_in_place<wesp_lib::client::store::ClientStoreTransaction>	undefined drop_in_place<wesp_lib::client::store::ClientStoreTransaction>(void)	false	false	false
180394270	69	core::fmt::impl$80::fmt<enum2$<wesp_lib::client::manager::RegisterError>_>	undefined fmt<enum2$<wesp_lib::client::manager::RegisterError>_>(void)	false	false	false
1803945d0	4518	wesp_lib::client::manager::ClientManager::load_persisted_clients	undefined load_persisted_clients(void)	false	false	false
1803957b0	445	cm::value::ValuePartialInformation::query_key<nt_types::unicode::UnicodeStringBorrow>	undefined query_key<nt_types::unicode::UnicodeStringBorrow>(void)	false	false	false
180395970	849	enum2$<cm::callback::KeyCreateOpenTargetPath>::to_full_path<tuple$<>_>	undefined to_full_path<tuple$<>_>(void)	false	false	false
180395cd0	409	fs::instance::FsFilterInstanceApi::query_fs_volume_info<fs::instance::FsFilterInstanceBorrow>	undefined query_fs_volume_info<fs::instance::FsFilterInstanceBorrow>(void)	false	false	false
180395e70	484	fs::instance::FsFilterInstanceApi::query_fs_attribute_info<fs::instance::FsFilterInstance>	undefined query_fs_attribute_info<fs::instance::FsFilterInstance>(void)	false	false	false
180396060	284	core::fmt::Write::write_char<wesp_tracing::TracedString<128>_>	undefined write_char<wesp_tracing::TracedString<128>_>(void)	false	false	false
180396180	18	core::fmt::Write::write_fmt<wesp_tracing::TracedString<128>_>	undefined write_fmt<wesp_tracing::TracedString<128>_>(void)	false	false	false
1803961a0	111	wesp_tracing::impl$5::write_str<128>	undefined write_str<128>(void)	false	false	false
180396210	286	wesp_lib::common::fallible::impl$2::try_to_vec<u8>	undefined try_to_vec<u8>(void)	false	false	false
180396340	294	wesp_lib::common::fallible::impl$2::try_to_vec<u16>	undefined try_to_vec<u16>(void)	false	false	false
180396470	125	nt_types::security_descriptor::SecurityDescriptorOps::primary_group<enum2$<wesp_lib::filter::comparand::SecurityDescriptorComparandData>_>	undefined primary_group<enum2$<wesp_lib::filter::comparand::SecurityDescriptorComparandData>_>(void)	false	false	false
1803964f0	125	nt_types::security_descriptor::SecurityDescriptorOps::owner<enum2$<wesp_lib::filter::comparand::SecurityDescriptorComparandData>_>	undefined owner<enum2$<wesp_lib::filter::comparand::SecurityDescriptorComparandData>_>(void)	false	false	false
180396570	283	nt_types::unicode::UnicodeStringOps::to_lowercase<nt_types::unicode::UnicodeStringBorrow>	undefined to_lowercase<nt_types::unicode::UnicodeStringBorrow>(void)	false	false	false
180396690	24	wesp_lib::context_key::stored::impl$15::from	undefined from(void)	false	false	false
180396870	40	wesp_lib::filter::stored::impl$20::from	undefined from(void)	false	false	false
1803969c0	34	wesp_lib::filter::stored::impl$18::from	undefined from(void)	false	false	false
180396bc0	51	wesp_lib::context_key::stored::impl$13::try_from	undefined try_from(void)	false	false	false
180396ea0	34	wesp_lib::filter::stored::impl$17::from	undefined from(void)	false	false	false
180397060	34	wesp_lib::filter::stored::impl$19::from	undefined from(void)	false	false	false
180397280	30	wesp_lib::filter::stored::impl$15::from	undefined from(void)	false	false	false
1803973f0	58	wesp_lib::context_key::stored::single_context_key_update_from_msg	undefined single_context_key_update_from_msg(void)	false	false	false
180397a10	63	wesp_lib::context_key::stored::impl$16::to_stored::stored_info	undefined stored_info(void)	false	false	false
180397d40	288	wesp_lib::context_key::stored::impl$23::from_incoming::verify_updates	undefined verify_updates(void)	false	false	false
180397eb0	232	wesp_lib::persistence::registry::create_key<nt_types::unicode::UnicodeStringOwned>	undefined create_key<nt_types::unicode::UnicodeStringOwned>(void)	false	false	false
180397fa0	1817	wesp_lib::persistence::registry::guid_to_string	undefined guid_to_string(void)	false	false	false
1803986c0	689	wesp_lib::persistence::registry::safe_join_path<nt_types::unicode::UnicodeStringOwned,nt_types::unicode::UnicodeStringOwned>	undefined safe_join_path<nt_types::unicode::UnicodeStringOwned,nt_types::unicode::UnicodeStringOwned>(void)	false	false	false
180398980	750	wesp_lib::persistence::registry::string_to_guid	undefined string_to_guid(void)	false	false	false
180398c70	244	wesp_lib::persistence::registry::string_to_guid::closure$1	undefined closure$1(void)	false	false	false
180398d70	114	wesp_lib::persistence::registry::set_dword_value	undefined set_dword_value(void)	false	false	false
180398df0	114	wesp_lib::persistence::registry::set_qword_value	undefined set_qword_value(void)	false	false	false
180398e70	417	wesp_lib::persistence::registry::enumerate_subkey	undefined enumerate_subkey(void)	false	false	false
180399020	109	wesp_lib::persistence::registry::set_string_value<nt_types::unicode::UnicodeStringOwned>	undefined set_string_value<nt_types::unicode::UnicodeStringOwned>(void)	false	false	false
180399090	335	wesp_lib::persistence::registry::read_binary_value	undefined read_binary_value(void)	false	false	false
1803991e0	438	wesp_lib::persistence::registry::read_string_value	undefined read_string_value(void)	false	false	false
1803993a0	762	wesp_lib::persistence::registry::delete_key_recursive<nt_types::unicode::UnicodeStringOwned>	undefined delete_key_recursive<nt_types::unicode::UnicodeStringOwned>(void)	false	false	false
1803996a0	520	wesp_lib::notification::builder::NotificationBufferBuilder::try_reserve<wesp_api_types::internal::_ESP_EVENT_OBJECT_INTERNAL>	undefined try_reserve<wesp_api_types::internal::_ESP_EVENT_OBJECT_INTERNAL>(void)	false	false	false
1803998b0	520	wesp_lib::notification::builder::NotificationBufferBuilder::try_reserve<wesp_api_types::external::_ESP_FILE_OBJECT_INFO>	undefined try_reserve<wesp_api_types::external::_ESP_FILE_OBJECT_INFO>(void)	false	false	false
180399ac0	520	wesp_lib::notification::builder::NotificationBufferBuilder::try_reserve<wesp_api_types::internal::_ESP_EVENT_NOTIFICATION_HEADER>	undefined try_reserve<wesp_api_types::internal::_ESP_EVENT_NOTIFICATION_HEADER>(void)	false	false	false
180399cd0	520	wesp_lib::notification::builder::NotificationBufferBuilder::try_reserve<wesp_api_types::external::_ESP_FILE_STREAM_INFO>	undefined try_reserve<wesp_api_types::external::_ESP_FILE_STREAM_INFO>(void)	false	false	false
180399ee0	529	wesp_lib::notification::builder::NotificationBufferBuilder::try_reserve<wesp_api_types::external::_ESP_EVENT_NOTIFICATION_DATA_V1>	undefined try_reserve<wesp_api_types::external::_ESP_EVENT_NOTIFICATION_DATA_V1>(void)	false	false	false
18039a100	520	wesp_lib::notification::builder::NotificationBufferBuilder::try_reserve<wesp_api_types::external::_ESP_THREAD_INFO>	undefined try_reserve<wesp_api_types::external::_ESP_THREAD_INFO>(void)	false	false	false
18039a310	57	wesp_lib::notification::builder::NotificationBufferBuilder::into_payloads	undefined into_payloads(void)	false	false	false
18039a350	80	wesp_lib::notification::builder::NotificationBufferBuilder::reserved_bytes	undefined reserved_bytes(void)	false	false	false
18039a3b0	1798	wesp_lib::notification::builder::NotificationBufferBuilder::try_copy_slice<u16>	undefined try_copy_slice<u16>(void)	false	false	false
18039aad0	417	wesp_lib::notification::builder::NotificationBufferBuilder::try_copy_slice<u8>	undefined try_copy_slice<u8>(void)	false	false	false
18039ac80	1325	wesp_lib::notification::builder::NotificationBufferBuilder::try_reserve_slice<u8>	undefined try_reserve_slice<u8>(void)	false	false	false
18039b1c0	1411	wesp_lib::notification::builder::NotificationBufferBuilder::try_reserve_slice<wesp_api_types::external::_ESP_ECP_DESCRIPTOR>	undefined try_reserve_slice<wesp_api_types::external::_ESP_ECP_DESCRIPTOR>(void)	false	false	false
18039b770	1514	wesp_lib::notification::builder::NotificationBufferBuilder::try_reserve_slice<wesp_api_types::internal::_ESP_POINTER_FIXUP>	undefined try_reserve_slice<wesp_api_types::internal::_ESP_POINTER_FIXUP>(void)	false	false	false
18039bd70	81	wesp_lib::notification::builder::NotificationBufferBuilder::pad_payloads_to_alignment	undefined pad_payloads_to_alignment(void)	false	false	false
18039bdd0	1627	wesp_lib::notification::builder::NotificationBufferBuilder::try_reserve_slice_aligned	undefined try_reserve_slice_aligned(void)	false	false	false
18039c450	259	wesp_lib::notification::builder::NotificationRegionMaybeUninitSlice<wesp_api_types::internal::_ESP_POINTER_FIXUP>::write<wesp_api_types::internal::_ESP_POINTER_FIXUP>	undefined write<wesp_api_types::internal::_ESP_POINTER_FIXUP>(void)	false	false	false
18039c560	18	core::fmt::Write::write_fmt<nt_types::unicode::FixedUnicodeStringWriter>	undefined write_fmt<nt_types::unicode::FixedUnicodeStringWriter>(void)	false	false	false
18039c580	57	wesp_lib::filter::stored::impl$56::try_from	undefined try_from(void)	false	false	false
18039c760	57	wesp_lib::filter::stored::impl$23::from	undefined from(void)	false	false	false
18039c880	59	wesp_lib::filter::stored::numeric_comparand_to_stored	undefined numeric_comparand_to_stored(void)	false	false	false
18039cb10	77	wesp_lib::filter::stored::string_comparand_to_stored	undefined string_comparand_to_stored(void)	false	false	false
18039cd20	43	wesp_lib::filter::stored::binary_comparand_to_stored	undefined binary_comparand_to_stored(void)	false	false	false
18039cf90	64	wesp_lib::filter::stored::sid_comparand_to_stored	undefined sid_comparand_to_stored(void)	false	false	false
18039d160	355	wesp_lib::filter::stored::numeric_transforms_to_stored	undefined numeric_transforms_to_stored(void)	false	false	false
18039d2d0	1059	wesp_lib::filter::stored::numeric_rhs_comparand_to_stored	undefined numeric_rhs_comparand_to_stored(void)	false	false	false
18039d710	96	wesp_lib::filter::stored::predicate_from_stored	undefined predicate_from_stored(void)	false	false	false
1803a4160	68	enum2$<wesp_lib::filter::comparand::NumericComparandSource>::from_stored	undefined from_stored(void)	false	false	false
1803a4660	90	enum2$<wesp_lib::filter::comparand::StringComparandSource>::from_stored	undefined from_stored(void)	false	false	false
1803a4f00	46	enum2$<wesp_lib::filter::comparand::BinaryComparandSource>::from_stored	undefined from_stored(void)	false	false	false
1803a53c0	57	enum2$<wesp_lib::filter::comparand::SidComparandSource>::from_stored	undefined from_stored(void)	false	false	false
1803a5590	90	core::ptr::drop_in_place<enum2$<wesp_lib::filter::comparand::NumericComparandSource>_>	undefined drop_in_place<enum2$<wesp_lib::filter::comparand::NumericComparandSource>_>(void)	false	false	false
1803a55f0	64	core::ptr::drop_in_place<enum2$<wesp_lib::filter::comparand::BinaryComparandSource>_>	undefined drop_in_place<enum2$<wesp_lib::filter::comparand::BinaryComparandSource>_>(void)	false	false	false
1803a5630	776	wesp_lib::filter::stored::numeric_rhs_comparand_from_stored	undefined numeric_rhs_comparand_from_stored(void)	false	false	false
1803a5940	133	wesp_lib::filter::stored::sid_rhs_comparison_from_stored	undefined sid_rhs_comparison_from_stored(void)	false	false	false
1803a59d0	233	wesp_lib::filter::stored::predicate_from_stored::closure$6	undefined closure$6(void)	false	false	false
1803a5ac0	105	wesp_lib::filter::comparand::StringBinaryData::new	undefined new(void)	false	false	false
1803a5bb0	23	enum2$<wesp_lib::filter::comparand::BinaryComparandData>::get	undefined get(void)	false	false	false
1803a5c90	39	enum2$<wesp_lib::filter::comparand::StringComparandData>::get	undefined get(void)	false	false	false
1803a5d40	86	wesp_lib::filter::comparand::BinaryContextKeyData::new	undefined new(void)	false	false	false
1803a5da0	86	wesp_lib::filter::comparand::StringContextKeyData::new	undefined new(void)	false	false	false
1803a5e00	122	wesp_lib::event::object_manager::impl$7::read_field	undefined read_field(void)	false	false	false
1803a6280	256	hashbrown::raw::impl$17::drop<tuple$<wesp_lib::event::field_cache::CachedFieldId,enum2$<wesp_lib::event::field_cache::CachedField>_>,hashbrown::raw::alloc::inner::Global>	undefined drop<tuple$<wesp_lib::event::field_cache::CachedFieldId,enum2$<wesp_lib::event::field_cache::CachedField>_>,hashbrown::raw::alloc::inner::Global>(void)	false	false	false
1803a6380	239	static_cleanup::StaticCleanup<nt_types::arc::Arc<wesp_lib::EspCore>_>::with_rundown<nt_types::arc::Arc<wesp_lib::EspCore>_>	undefined with_rundown<nt_types::arc::Arc<wesp_lib::EspCore>_>(void)	false	false	false
1803a6470	48	core::fmt::impl$80::fmt<string_match::StringPatternError>	undefined fmt<string_match::StringPatternError>(void)	false	false	false
1803a64a0	484	core::slice::sort::shared::smallsort::insertion_sort_shift_left<wesp_lib::rule::config::field::FieldParameterConfig,core::slice::impl$0::sort_unstable_by_key::closure_env$0<wesp_lib::rule::config::field::FieldParameterConfig,enum2$<wesp_lib::event::field::EventField>,wesp_lib::rule::config::notification::impl$1::from_incoming::closure_env$1>_>	undefined insertion_sort_shift_left<wesp_lib::rule::config::field::FieldParameterConfig,core::slice::impl$0::sort_unstable_by_key::closure_env$0<wesp_lib::rule::config::field::FieldParameterConfig,enum2$<wesp_lib::event::field::EventField>,wesp_lib::rule::config::notification::impl$1::from_incoming::closure_env$1>_>(void)	false	false	false
1803a66a0	279	core::slice::sort::shared::smallsort::insertion_sort_shift_left<wesp_lib::rule::config::process::ProcessNotificationConfig,core::slice::impl$0::sort_unstable_by_key::closure_env$0<wesp_lib::rule::config::process::ProcessNotificationConfig,u32,wesp_lib::rule::config::impl$3::new::closure_env$0>_>	undefined insertion_sort_shift_left<wesp_lib::rule::config::process::ProcessNotificationConfig,core::slice::impl$0::sort_unstable_by_key::closure_env$0<wesp_lib::rule::config::process::ProcessNotificationConfig,u32,wesp_lib::rule::config::impl$3::new::closure_env$0>_>(void)	false	false	false
1803a67c0	122	core::slice::sort::shared::smallsort::insertion_sort_shift_left<enum2$<wesp_lib::rule::config::field::FieldObjectNotificationConfig>,core::slice::impl$0::sort_unstable_by_key::closure_env$0<enum2$<wesp_lib::rule::config::field::FieldObjectNotificationConfig>,enum2$<wesp_lib::event::field::EventField>,enum2$<wesp_lib::event::field::EventField>_(*)(ref$<enum2$<wesp_lib::rule::config::field::FieldObjectNotificationConfig>_>)>_>	undefined insertion_sort_shift_left<enum2$<wesp_lib::rule::config::field::FieldObjectNotificationConfig>,core::slice::impl$0::sort_unstable_by_key::closure_env$0<enum2$<wesp_lib::rule::config::field::FieldObjectNotificationConfig>,enum2$<wesp_lib::event::field::EventField>,enum2$<wesp_lib::event::field::EventField>_(*)(ref$<enum2$<wesp_lib::rule::config::field::FieldObjectNotificationConfig>_>)>_>(void)	false	false	false
1803a6cc0	309	core::slice::sort::shared::smallsort::insertion_sort_shift_left<usize,core::slice::impl$0::sort_unstable_by_key::closure_env$0<usize,ref$<usize>,bdd::impl$0::to_sorted::closure_env$1<usize>_>_>	undefined insertion_sort_shift_left<usize,core::slice::impl$0::sort_unstable_by_key::closure_env$0<usize,ref$<usize>,bdd::impl$0::to_sorted::closure_env$1<usize>_>_>(void)	false	false	false
1803a6e00	603	core::slice::sort::unstable::ipnsort<usize,core::slice::impl$0::sort_unstable_by_key::closure_env$0<usize,ref$<usize>,bdd::impl$0::to_sorted::closure_env$1<usize>_>_>	undefined ipnsort<usize,core::slice::impl$0::sort_unstable_by_key::closure_env$0<usize,ref$<usize>,bdd::impl$0::to_sorted::closure_env$1<usize>_>_>(void)	false	false	false
1803a7070	1466	core::slice::sort::unstable::quicksort::quicksort<usize,core::slice::impl$0::sort_unstable_by_key::closure_env$0<usize,ref$<usize>,bdd::impl$0::to_sorted::closure_env$1<usize>_>_>	undefined quicksort<usize,core::slice::impl$0::sort_unstable_by_key::closure_env$0<usize,ref$<usize>,bdd::impl$0::to_sorted::closure_env$1<usize>_>_>(void)	false	false	false
1803a7650	7904	core::slice::sort::shared::smallsort::small_sort_network<usize,core::slice::impl$0::sort_unstable_by_key::closure_env$0<usize,ref$<usize>,bdd::impl$0::to_sorted::closure_env$1<usize>_>_>	undefined small_sort_network<usize,core::slice::impl$0::sort_unstable_by_key::closure_env$0<usize,ref$<usize>,bdd::impl$0::to_sorted::closure_env$1<usize>_>_>(void)	false	false	false
1803a9670	392	core::slice::sort::unstable::heapsort::heapsort<usize,core::slice::impl$0::sort_unstable_by_key::closure_env$0<usize,ref$<usize>,bdd::impl$0::to_sorted::closure_env$1<usize>_>_>	undefined heapsort<usize,core::slice::impl$0::sort_unstable_by_key::closure_env$0<usize,ref$<usize>,bdd::impl$0::to_sorted::closure_env$1<usize>_>_>(void)	false	false	false
1803a9810	363	core::slice::sort::shared::pivot::median3_rec<usize,core::slice::impl$0::sort_unstable_by_key::closure_env$0<usize,ref$<usize>,bdd::impl$0::to_sorted::closure_env$1<usize>_>_>	undefined median3_rec<usize,core::slice::impl$0::sort_unstable_by_key::closure_env$0<usize,ref$<usize>,bdd::impl$0::to_sorted::closure_env$1<usize>_>_>(void)	false	false	false
1803a9980	56	core::slice::sort::unstable::ipnsort<enum2$<wesp_lib::rule::config::field::FieldObjectNotificationConfig>,core::slice::impl$0::sort_unstable_by_key::closure_env$0<enum2$<wesp_lib::rule::config::field::FieldObjectNotificationConfig>,enum2$<wesp_lib::event::field::EventField>,enum2$<wesp_lib::event::field::EventField>_(*)(ref$<enum2$<wesp_lib::rule::config::field::FieldObjectNotificationConfig>_>)>_>	undefined ipnsort<enum2$<wesp_lib::rule::config::field::FieldObjectNotificationConfig>,core::slice::impl$0::sort_unstable_by_key::closure_env$0<enum2$<wesp_lib::rule::config::field::FieldObjectNotificationConfig>,enum2$<wesp_lib::event::field::EventField>,enum2$<wesp_lib::event::field::EventField>_(*)(ref$<enum2$<wesp_lib::rule::config::field::FieldObjectNotificationConfig>_>)>_>(void)	false	false	false
1803aa510	762	core::slice::sort::unstable::quicksort::quicksort<enum2$<wesp_lib::rule::config::field::FieldObjectNotificationConfig>,core::slice::impl$0::sort_unstable_by_key::closure_env$0<enum2$<wesp_lib::rule::config::field::FieldObjectNotificationConfig>,enum2$<wesp_lib::event::field::EventField>,enum2$<wesp_lib::event::field::EventField>_(*)(ref$<enum2$<wesp_lib::rule::config::field::FieldObjectNotificationConfig>_>)>_>	undefined quicksort<enum2$<wesp_lib::rule::config::field::FieldObjectNotificationConfig>,core::slice::impl$0::sort_unstable_by_key::closure_env$0<enum2$<wesp_lib::rule::config::field::FieldObjectNotificationConfig>,enum2$<wesp_lib::event::field::EventField>,enum2$<wesp_lib::event::field::EventField>_(*)(ref$<enum2$<wesp_lib::rule::config::field::FieldObjectNotificationConfig>_>)>_>(void)	false	false	false
1803abb40	355	core::slice::sort::unstable::heapsort::heapsort<enum2$<wesp_lib::rule::config::field::FieldObjectNotificationConfig>,core::slice::impl$0::sort_unstable_by_key::closure_env$0<enum2$<wesp_lib::rule::config::field::FieldObjectNotificationConfig>,enum2$<wesp_lib::event::field::EventField>,enum2$<wesp_lib::event::field::EventField>_(*)(ref$<enum2$<wesp_lib::rule::config::field::FieldObjectNotificationConfig>_>)>_>	undefined heapsort<enum2$<wesp_lib::rule::config::field::FieldObjectNotificationConfig>,core::slice::impl$0::sort_unstable_by_key::closure_env$0<enum2$<wesp_lib::rule::config::field::FieldObjectNotificationConfig>,enum2$<wesp_lib::event::field::EventField>,enum2$<wesp_lib::event::field::EventField>_(*)(ref$<enum2$<wesp_lib::rule::config::field::FieldObjectNotificationConfig>_>)>_>(void)	false	false	false
1803ac270	149	core::slice::sort::shared::pivot::median3_rec<enum2$<wesp_lib::rule::config::field::FieldObjectNotificationConfig>,core::slice::impl$0::sort_unstable_by_key::closure_env$0<enum2$<wesp_lib::rule::config::field::FieldObjectNotificationConfig>,enum2$<wesp_lib::event::field::EventField>,enum2$<wesp_lib::event::field::EventField>_(*)(ref$<enum2$<wesp_lib::rule::config::field::FieldObjectNotificationConfig>_>)>_>	undefined median3_rec<enum2$<wesp_lib::rule::config::field::FieldObjectNotificationConfig>,core::slice::impl$0::sort_unstable_by_key::closure_env$0<enum2$<wesp_lib::rule::config::field::FieldObjectNotificationConfig>,enum2$<wesp_lib::event::field::EventField>,enum2$<wesp_lib::event::field::EventField>_(*)(ref$<enum2$<wesp_lib::rule::config::field::FieldObjectNotificationConfig>_>)>_>(void)	false	false	false
1803ac9c0	519	core::slice::sort::unstable::ipnsort<wesp_lib::rule::config::process::ProcessNotificationConfig,core::slice::impl$0::sort_unstable_by_key::closure_env$0<wesp_lib::rule::config::process::ProcessNotificationConfig,u32,wesp_lib::rule::config::impl$3::new::closure_env$0>_>	undefined ipnsort<wesp_lib::rule::config::process::ProcessNotificationConfig,core::slice::impl$0::sort_unstable_by_key::closure_env$0<wesp_lib::rule::config::process::ProcessNotificationConfig,u32,wesp_lib::rule::config::impl$3::new::closure_env$0>_>(void)	false	false	false
1803acbd0	1282	core::slice::sort::unstable::quicksort::quicksort<wesp_lib::rule::config::process::ProcessNotificationConfig,core::slice::impl$0::sort_unstable_by_key::closure_env$0<wesp_lib::rule::config::process::ProcessNotificationConfig,u32,wesp_lib::rule::config::impl$3::new::closure_env$0>_>	undefined quicksort<wesp_lib::rule::config::process::ProcessNotificationConfig,core::slice::impl$0::sort_unstable_by_key::closure_env$0<wesp_lib::rule::config::process::ProcessNotificationConfig,u32,wesp_lib::rule::config::impl$3::new::closure_env$0>_>(void)	false	false	false
1803ad130	578	core::slice::sort::unstable::heapsort::heapsort<wesp_lib::rule::config::process::ProcessNotificationConfig,core::slice::impl$0::sort_unstable_by_key::closure_env$0<wesp_lib::rule::config::process::ProcessNotificationConfig,u32,wesp_lib::rule::config::impl$3::new::closure_env$0>_>	undefined heapsort<wesp_lib::rule::config::process::ProcessNotificationConfig,core::slice::impl$0::sort_unstable_by_key::closure_env$0<wesp_lib::rule::config::process::ProcessNotificationConfig,u32,wesp_lib::rule::config::impl$3::new::closure_env$0>_>(void)	false	false	false
1803ad380	187	core::slice::sort::shared::pivot::median3_rec<wesp_lib::rule::config::process::ProcessNotificationConfig,core::slice::impl$0::sort_unstable_by_key::closure_env$0<wesp_lib::rule::config::process::ProcessNotificationConfig,u32,wesp_lib::rule::config::impl$3::new::closure_env$0>_>	undefined median3_rec<wesp_lib::rule::config::process::ProcessNotificationConfig,core::slice::impl$0::sort_unstable_by_key::closure_env$0<wesp_lib::rule::config::process::ProcessNotificationConfig,u32,wesp_lib::rule::config::impl$3::new::closure_env$0>_>(void)	false	false	false
1803ad440	504	core::slice::sort::unstable::ipnsort<wesp_lib::rule::config::field::FieldParameterConfig,core::slice::impl$0::sort_unstable_by_key::closure_env$0<wesp_lib::rule::config::field::FieldParameterConfig,enum2$<wesp_lib::event::field::EventField>,wesp_lib::rule::config::notification::impl$1::from_incoming::closure_env$1>_>	undefined ipnsort<wesp_lib::rule::config::field::FieldParameterConfig,core::slice::impl$0::sort_unstable_by_key::closure_env$0<wesp_lib::rule::config::field::FieldParameterConfig,enum2$<wesp_lib::event::field::EventField>,wesp_lib::rule::config::notification::impl$1::from_incoming::closure_env$1>_>(void)	false	false	false
1803ad660	2534	core::slice::sort::unstable::quicksort::quicksort<wesp_lib::rule::config::field::FieldParameterConfig,core::slice::impl$0::sort_unstable_by_key::closure_env$0<wesp_lib::rule::config::field::FieldParameterConfig,enum2$<wesp_lib::event::field::EventField>,wesp_lib::rule::config::notification::impl$1::from_incoming::closure_env$1>_>	undefined quicksort<wesp_lib::rule::config::field::FieldParameterConfig,core::slice::impl$0::sort_unstable_by_key::closure_env$0<wesp_lib::rule::config::field::FieldParameterConfig,enum2$<wesp_lib::event::field::EventField>,wesp_lib::rule::config::notification::impl$1::from_incoming::closure_env$1>_>(void)	false	false	false
1803ae0b0	1761	core::slice::sort::shared::smallsort::small_sort_general<wesp_lib::rule::config::field::FieldParameterConfig,core::slice::impl$0::sort_unstable_by_key::closure_env$0<wesp_lib::rule::config::field::FieldParameterConfig,enum2$<wesp_lib::event::field::EventField>,wesp_lib::rule::config::notification::impl$1::from_incoming::closure_env$1>_>	undefined small_sort_general<wesp_lib::rule::config::field::FieldParameterConfig,core::slice::impl$0::sort_unstable_by_key::closure_env$0<wesp_lib::rule::config::field::FieldParameterConfig,enum2$<wesp_lib::event::field::EventField>,wesp_lib::rule::config::notification::impl$1::from_incoming::closure_env$1>_>(void)	false	false	false
1803ae7f0	529	core::slice::sort::unstable::heapsort::heapsort<wesp_lib::rule::config::field::FieldParameterConfig,core::slice::impl$0::sort_unstable_by_key::closure_env$0<wesp_lib::rule::config::field::FieldParameterConfig,enum2$<wesp_lib::event::field::EventField>,wesp_lib::rule::config::notification::impl$1::from_incoming::closure_env$1>_>	undefined heapsort<wesp_lib::rule::config::field::FieldParameterConfig,core::slice::impl$0::sort_unstable_by_key::closure_env$0<wesp_lib::rule::config::field::FieldParameterConfig,enum2$<wesp_lib::event::field::EventField>,wesp_lib::rule::config::notification::impl$1::from_incoming::closure_env$1>_>(void)	false	false	false
1803aea20	474	core::slice::sort::shared::pivot::median3_rec<wesp_lib::rule::config::field::FieldParameterConfig,core::slice::impl$0::sort_unstable_by_key::closure_env$0<wesp_lib::rule::config::field::FieldParameterConfig,enum2$<wesp_lib::event::field::EventField>,wesp_lib::rule::config::notification::impl$1::from_incoming::closure_env$1>_>	undefined median3_rec<wesp_lib::rule::config::field::FieldParameterConfig,core::slice::impl$0::sort_unstable_by_key::closure_env$0<wesp_lib::rule::config::field::FieldParameterConfig,enum2$<wesp_lib::event::field::EventField>,wesp_lib::rule::config::notification::impl$1::from_incoming::closure_env$1>_>(void)	false	false	false
1803aec00	658	core::slice::sort::shared::smallsort::sort4_stable<wesp_lib::rule::config::field::FieldParameterConfig,core::slice::impl$0::sort_unstable_by_key::closure_env$0<wesp_lib::rule::config::field::FieldParameterConfig,enum2$<wesp_lib::event::field::EventField>,wesp_lib::rule::config::notification::impl$1::from_incoming::closure_env$1>_>	undefined sort4_stable<wesp_lib::rule::config::field::FieldParameterConfig,core::slice::impl$0::sort_unstable_by_key::closure_env$0<wesp_lib::rule::config::field::FieldParameterConfig,enum2$<wesp_lib::event::field::EventField>,wesp_lib::rule::config::notification::impl$1::from_incoming::closure_env$1>_>(void)	false	false	false
1803aeea0	136	core::slice::cmp::impl$4::equal_same_length<enum2$<wesp_lib::rule::config::field::FieldObjectNotificationConfig>,enum2$<wesp_lib::rule::config::field::FieldObjectNotificationConfig>_>	undefined equal_same_length<enum2$<wesp_lib::rule::config::field::FieldObjectNotificationConfig>,enum2$<wesp_lib::rule::config::field::FieldObjectNotificationConfig>_>(void)	false	false	false
1803b01b0	619	core::slice::cmp::impl$4::equal_same_length<wesp_lib::rule::config::process::ProcessNotificationConfig,wesp_lib::rule::config::process::ProcessNotificationConfig>	undefined equal_same_length<wesp_lib::rule::config::process::ProcessNotificationConfig,wesp_lib::rule::config::process::ProcessNotificationConfig>(void)	false	false	false
1803b0450	296	wesp_lib::rule::config::file::impl$28::eq	undefined eq(void)	false	false	false
1803b0580	220	core::slice::cmp::impl$4::equal_same_length<wesp_lib::rule::config::field::FieldParameterConfig,wesp_lib::rule::config::field::FieldParameterConfig>	undefined equal_same_length<wesp_lib::rule::config::field::FieldParameterConfig,wesp_lib::rule::config::field::FieldParameterConfig>(void)	false	false	false
1803b0710	268	hashbrown::raw::impl$17::drop<tuple$<wesp_lib::types::ContextKey,nt_types::arc::Arc<wesp_lib::context_key::ContextKeyInfo>_>,hashbrown::raw::alloc::inner::Global>	undefined drop<tuple$<wesp_lib::types::ContextKey,nt_types::arc::Arc<wesp_lib::context_key::ContextKeyInfo>_>,hashbrown::raw::alloc::inner::Global>(void)	false	false	false
1803b0820	468	hashbrown::raw::impl$17::drop<tuple$<nt_types::Guid,wesp_lib::context_key::ContextKeyTable>,hashbrown::raw::alloc::inner::Global>	undefined drop<tuple$<nt_types::Guid,wesp_lib::context_key::ContextKeyTable>,hashbrown::raw::alloc::inner::Global>(void)	false	false	false
1803b0a00	210	hashbrown::raw::impl$17::drop<tuple$<wesp_lib::collection::generic::CollectionKey<u8>,tuple$<>_>,hashbrown::raw::alloc::inner::Global>	undefined drop<tuple$<wesp_lib::collection::generic::CollectionKey<u8>,tuple$<>_>,hashbrown::raw::alloc::inner::Global>(void)	false	false	false
1803b0ae0	223	hashbrown::raw::impl$17::drop<tuple$<nt_types::Guid,wesp_lib::rule::table::RuleEntry>,hashbrown::raw::alloc::inner::Global>	undefined drop<tuple$<nt_types::Guid,wesp_lib::rule::table::RuleEntry>,hashbrown::raw::alloc::inner::Global>(void)	false	false	false
1803b0bd0	286	hashbrown::raw::impl$17::drop<tuple$<wesp_lib::types::ContextKey,enum2$<wesp_lib::context_key::ContextKeyTransactionUpdate>_>,hashbrown::raw::alloc::inner::Global>	undefined drop<tuple$<wesp_lib::types::ContextKey,enum2$<wesp_lib::context_key::ContextKeyTransactionUpdate>_>,hashbrown::raw::alloc::inner::Global>(void)	false	false	false
1803b0cf0	225	hashbrown::raw::impl$17::drop<tuple$<nt_types::Guid,hashbrown::set::HashSet<nt_types::Guid,fnv_hash::FnvHasher,hashbrown::raw::alloc::inner::Global>_>,hashbrown::raw::alloc::inner::Global>	undefined drop<tuple$<nt_types::Guid,hashbrown::set::HashSet<nt_types::Guid,fnv_hash::FnvHasher,hashbrown::raw::alloc::inner::Global>_>,hashbrown::raw::alloc::inner::Global>(void)	false	false	false
1803b0de0	263	hashbrown::raw::impl$17::drop<tuple$<wesp_lib::types::EventId,wesp_lib::dispatcher::correlation::CorrelationData>,hashbrown::raw::alloc::inner::Global>	undefined drop<tuple$<wesp_lib::types::EventId,wesp_lib::dispatcher::correlation::CorrelationData>,hashbrown::raw::alloc::inner::Global>(void)	false	false	false
1803b0ef0	334	wesp_lib::event::registry::cache_key_object	undefined cache_key_object(void)	false	false	false
1803b1040	204	wesp_lib::validation::notification::notification_filesystem_object	undefined notification_filesystem_object(void)	false	false	false
1803b11b0	46	wesp_lib::property_query::transaction::KtmTransactionPropertyQuery::query	undefined query(void)	false	false	false
1803b1340	955	wesp_lib::property_query::pipe::PipePropertyQuery::query	undefined query(void)	false	false	false
1803b1700	73	wesp_lib::property_query::process::ProcessPropertyQuery::query	undefined query(void)	false	false	false
1803b20b0	955	wesp_lib::property_query::mailslot::MailslotPropertyQuery::query	undefined query(void)	false	false	false
1803b2470	357	enum2$<wesp_lib::event::registry::ResolvedKeyObject>::resolve	undefined resolve(void)	false	false	false
1803b25e0	1386	wesp_lib::recovery::RecoveryMonitor::recover_persisted_store	undefined recover_persisted_store(void)	false	false	false
1803b2b50	43	wesp_lib::recovery::impl$2::from	undefined from(void)	false	false	false
1803b2b90	117	wesp_lib::event::registry::impl$36::read_field	undefined read_field(void)	false	false	false
1803b2e30	351	wesp_lib::event::registry::RegSetValueKey::get_old_data	undefined get_old_data(void)	false	false	false
1803b2f90	122	wesp_lib::event::registry::impl$38::read_field	undefined read_field(void)	false	false	false
1803b31c0	330	wesp_lib::event::registry::RegDeleteValueKey::get_data	undefined get_data(void)	false	false	false
1803b3310	117	wesp_lib::event::object_manager::impl$5::read_field	undefined read_field(void)	false	false	false
1803b34a0	613	hashbrown::raw::RawTableInner::rehash_in_place	undefined rehash_in_place(void)	false	false	false
1803b3720	349	core::ptr::swap_nonoverlapping_bytes	undefined swap_nonoverlapping_bytes(void)	false	false	false
1803b3880	334	hashbrown::raw::impl$8::reserve_rehash::closure$0<tuple$<wesp_lib::event_object::registry::RegistryKeyKey,nt_types::arc::Weak<wesp_lib::event_object::strong_ref::EventObjectTableEntry>_>,hashbrown::raw::alloc::inner::Global,hashbrown::map::make_hasher::closure_env$0<wesp_lib::event_object::registry::RegistryKeyKey,nt_types::arc::Weak<wesp_lib::event_object::strong_ref::EventObjectTableEntry>,fnv_hash::FnvHasher>_>	undefined closure$0<tuple$<wesp_lib::event_object::registry::RegistryKeyKey,nt_types::arc::Weak<wesp_lib::event_object::strong_ref::EventObjectTableEntry>_>,hashbrown::raw::alloc::inner::Global,hashbrown::map::make_hasher::closure_env$0<wesp_lib::event_object::registry::RegistryKeyKey,nt_types::arc::Weak<wesp_lib::event_object::strong_ref::EventObjectTableEntry>,fnv_hash::FnvHasher>_>(void)	false	false	false
1803b39d0	337	hashbrown::raw::impl$8::reserve_rehash::closure$0<tuple$<wesp_lib::collection::generic::CollectionKey<u16>,tuple$<>_>,hashbrown::raw::alloc::inner::Global,hashbrown::map::make_hasher::closure_env$0<wesp_lib::collection::generic::CollectionKey<u16>,tuple$<>,fnv_hash::FnvHasher>_>	undefined closure$0<tuple$<wesp_lib::collection::generic::CollectionKey<u16>,tuple$<>_>,hashbrown::raw::alloc::inner::Global,hashbrown::map::make_hasher::closure_env$0<wesp_lib::collection::generic::CollectionKey<u16>,tuple$<>,fnv_hash::FnvHasher>_>(void)	false	false	false
1803b3b30	337	hashbrown::raw::impl$8::reserve_rehash::closure$0<tuple$<wesp_lib::collection::generic::CollectionKey<u8>,tuple$<>_>,hashbrown::raw::alloc::inner::Global,hashbrown::map::make_hasher::closure_env$0<wesp_lib::collection::generic::CollectionKey<u8>,tuple$<>,fnv_hash::FnvHasher>_>	undefined closure$0<tuple$<wesp_lib::collection::generic::CollectionKey<u8>,tuple$<>_>,hashbrown::raw::alloc::inner::Global,hashbrown::map::make_hasher::closure_env$0<wesp_lib::collection::generic::CollectionKey<u8>,tuple$<>,fnv_hash::FnvHasher>_>(void)	false	false	false
1803b3c90	198	hashbrown::raw::RawTable<tuple$<wesp_lib::types::ContextKey,nt_types::arc::Arc<wesp_lib::context_key::ContextKeyInfo>_>,hashbrown::raw::alloc::inner::Global>::erase<tuple$<wesp_lib::types::ContextKey,nt_types::arc::Arc<wesp_lib::context_key::ContextKeyInfo>_>,hashbrown::raw::alloc::inner::Global>	undefined erase<tuple$<wesp_lib::types::ContextKey,nt_types::arc::Arc<wesp_lib::context_key::ContextKeyInfo>_>,hashbrown::raw::alloc::inner::Global>(void)	false	false	false
1803b3d60	79	hashbrown::raw::RawTableInner::find_insert_index	undefined find_insert_index(void)	false	false	false
1803b3db0	317	hashbrown::raw::RawTable<tuple$<nt_types::Guid,hashbrown::set::HashSet<nt_types::Guid,fnv_hash::FnvHasher,hashbrown::raw::alloc::inner::Global>_>,hashbrown::raw::alloc::inner::Global>::insert<tuple$<nt_types::Guid,hashbrown::set::HashSet<nt_types::Guid,fnv_hash::FnvHasher,hashbrown::raw::alloc::inner::Global>_>,hashbrown::raw::alloc::inner::Global,hashbrown::map::make_hasher::closure_env$0<nt_types::Guid,hashbrown::set::HashSet<nt_types::Guid,fnv_hash::FnvHasher,hashbrown::raw::alloc::inner::Global>,fnv_hash::FnvHasher>_>	undefined insert<tuple$<nt_types::Guid,hashbrown::set::HashSet<nt_types::Guid,fnv_hash::FnvHasher,hashbrown::raw::alloc::inner::Global>_>,hashbrown::raw::alloc::inner::Global,hashbrown::map::make_hasher::closure_env$0<nt_types::Guid,hashbrown::set::HashSet<nt_types::Guid,fnv_hash::FnvHasher,hashbrown::raw::alloc::inner::Global>,fnv_hash::FnvHasher>_>(void)	false	false	false
1803b3ef0	302	hashbrown::raw::RawTable<tuple$<nt_types::Guid,alloc::vec::Vec<nt_types::Guid,alloc::alloc::Global>_>,hashbrown::raw::alloc::inner::Global>::insert<tuple$<nt_types::Guid,alloc::vec::Vec<nt_types::Guid,alloc::alloc::Global>_>,hashbrown::raw::alloc::inner::Global,hashbrown::map::make_hasher::closure_env$0<nt_types::Guid,alloc::vec::Vec<nt_types::Guid,alloc::alloc::Global>,fnv_hash::FnvHasher>_>	undefined insert<tuple$<nt_types::Guid,alloc::vec::Vec<nt_types::Guid,alloc::alloc::Global>_>,hashbrown::raw::alloc::inner::Global,hashbrown::map::make_hasher::closure_env$0<nt_types::Guid,alloc::vec::Vec<nt_types::Guid,alloc::alloc::Global>,fnv_hash::FnvHasher>_>(void)	false	false	false
1803b4020	162	wnf::closure_trampoline	undefined closure_trampoline(void)	false	false	false
1803b40d0	6	FltCloseCommunicationPort	undefined FltCloseCommunicationPort(void)	true	false	false
1803b40d6	6	FltUnregisterFilter	undefined FltUnregisterFilter(void)	true	false	false
1803b40dc	6	FltStartFiltering	undefined FltStartFiltering(void)	true	false	false
1803b40e2	6	FltQueryInformationFile	undefined FltQueryInformationFile(void)	true	false	false
1803b40e8	6	FltFsControlFile	undefined FltFsControlFile(void)	true	false	false
1803b40ee	6	FltGetFileNameInformationUnsafe	undefined FltGetFileNameInformationUnsafe(void)	true	false	false
1803b40f4	6	FltParseFileNameInformation	undefined FltParseFileNameInformation(void)	true	false	false
1803b40fa	6	FltReferenceFileNameInformation	undefined FltReferenceFileNameInformation(void)	true	false	false
1803b4100	6	FltReleaseFileNameInformation	undefined FltReleaseFileNameInformation(void)	true	false	false
1803b4106	6	FltGetFileSystemType	undefined FltGetFileSystemType(void)	true	false	false
1803b410c	6	FltGetFileNameInformation	undefined FltGetFileNameInformation(void)	true	false	false
1803b4112	6	FltGetVolumeFromInstance	undefined FltGetVolumeFromInstance(void)	true	false	false
1803b4118	6	FltClose	undefined FltClose(void)	true	false	false
1803b411e	6	FltIsDirectory	undefined FltIsDirectory(void)	true	false	false
1803b4124	6	FltQuerySecurityObject	undefined FltQuerySecurityObject(void)	true	false	false
1803b412a	6	FltQueryEaFile	undefined FltQueryEaFile(void)	true	false	false
1803b4130	6	FltGetRequestorProcess	undefined FltGetRequestorProcess(void)	true	false	false
1803b4136	6	FltGetIoPriorityHint	undefined FltGetIoPriorityHint(void)	true	false	false
1803b413c	6	FltGetEcpListFromCallbackData	undefined FltGetEcpListFromCallbackData(void)	true	false	false
1803b4142	6	FltSetCallbackDataDirty	undefined FltSetCallbackDataDirty(void)	true	false	false
1803b4148	6	FltCloseClientPort	undefined FltCloseClientPort(void)	true	false	false
1803b414e	6	FltObjectDereference	undefined FltObjectDereference(void)	true	false	false
1803b4154	6	FltBuildDefaultSecurityDescriptor	undefined FltBuildDefaultSecurityDescriptor(void)	true	false	false
1803b415a	6	FltCreateCommunicationPort	undefined FltCreateCommunicationPort(void)	true	false	false
1803b4160	6	FltFreeSecurityDescriptor	undefined FltFreeSecurityDescriptor(void)	true	false	false
1803b4166	6	FltRegisterFilter	undefined FltRegisterFilter(void)	true	false	false
1803b416c	6	FltFindExtraCreateParameter	undefined FltFindExtraCreateParameter(void)	true	false	false
1803b4172	6	FltIsEcpFromUserMode	undefined FltIsEcpFromUserMode(void)	true	false	false
1803b4178	6	FltGetVolumeGuidName	undefined FltGetVolumeGuidName(void)	true	false	false
1803b417e	6	FltGetVolumeName	undefined FltGetVolumeName(void)	true	false	false
1803b4184	6	FltGetVolumeProperties	undefined FltGetVolumeProperties(void)	true	false	false
1803b418a	6	FltQueryVolumeInformation	undefined FltQueryVolumeInformation(void)	true	false	false
1803b4190	6	FltIsVolumeSnapshot	undefined FltIsVolumeSnapshot(void)	true	false	false
1803b4196	6	FltObjectReference	undefined FltObjectReference(void)	true	false	false
1803b419c	6	FltGetDiskDeviceObject	undefined FltGetDiskDeviceObject(void)	true	false	false
1803b41a2	6	FltIsVolumeWritable	undefined FltIsVolumeWritable(void)	true	false	false
1803b41ae	6	FltGetNextExtraCreateParameter	undefined FltGetNextExtraCreateParameter(void)	true	false	false
1803b41c0	3	_guard_check_icall	undefined _guard_check_icall(void)	false	false	false
1803b41d0	7	__report_gsfailure	noreturn void __cdecl __report_gsfailure(uintptr_t _StackCookie)	false	false	true
1803b41d7	6	EtwWriteTransfer	undefined EtwWriteTransfer(void)	true	false	false
1803b41dd	6	PsRemoveLoadImageNotifyRoutine	undefined PsRemoveLoadImageNotifyRoutine(void)	true	false	false
1803b41e3	6	PsRemoveCreateThreadNotifyRoutine	undefined PsRemoveCreateThreadNotifyRoutine(void)	true	false	false
1803b41e9	6	PsSetCreateProcessNotifyRoutineEx2	undefined PsSetCreateProcessNotifyRoutineEx2(void)	true	false	false
1803b41ef	6	ObUnRegisterCallbacks	undefined ObUnRegisterCallbacks(void)	true	false	false
1803b41f5	6	ZwClose	undefined ZwClose(void)	true	false	false
1803b41fb	6	CmUnRegisterCallback	undefined CmUnRegisterCallback(void)	true	false	false
1803b4201	6	ExFreePool	undefined ExFreePool(void)	true	false	false
1803b4207	6	EtwUnregister	undefined EtwUnregister(void)	true	false	false
1803b420d	6	ExWaitForRundownProtectionRelease	undefined ExWaitForRundownProtectionRelease(void)	true	false	false
1803b4213	6	ExRundownCompleted	undefined ExRundownCompleted(void)	true	false	false
1803b4219	6	ExUnsubscribeWnfStateChange	undefined ExUnsubscribeWnfStateChange(void)	true	false	false
1803b4220	29	__GSHandlerCheck	undefined __GSHandlerCheck(void)	false	false	false
1803b4240	95	__GSHandlerCheckCommon	undefined __GSHandlerCheckCommon(void)	false	false	false
1803b42a0	6	KeBugCheckEx	noreturn undefined KeBugCheckEx(void)	true	false	true
1803b42a6	6	RtlQueryFeatureConfiguration	undefined RtlQueryFeatureConfiguration(void)	true	false	false
1803b42ac	6	ExInitializeRundownProtection	undefined ExInitializeRundownProtection(void)	true	false	false
1803b42b2	6	ExUnblockOnAddressPushLockEx	undefined ExUnblockOnAddressPushLockEx(void)	true	false	false
1803b42b8	6	ExBlockOnAddressPushLock	undefined ExBlockOnAddressPushLock(void)	true	false	false
1803b42be	6	EtwRegister	undefined EtwRegister(void)	true	false	false
1803b42c4	6	EtwSetInformation	undefined EtwSetInformation(void)	true	false	false
1803b42ca	6	EtwActivityIdControl	undefined EtwActivityIdControl(void)	true	false	false
1803b42d0	6	ZwOpenKey	undefined ZwOpenKey(void)	true	false	false
1803b42d6	6	ExInitializePushLock	undefined ExInitializePushLock(void)	true	false	false
1803b42dc	6	ExAllocatePool2	undefined ExAllocatePool2(void)	true	false	false
1803b42e2	6	ZwCreateKey	undefined ZwCreateKey(void)	true	false	false
1803b42f0	6	ExInitializeLookasideListEx	undefined ExInitializeLookasideListEx(void)	true	false	false
1803b42f6	6	ExDeleteLookasideListEx	undefined ExDeleteLookasideListEx(void)	true	false	false
1803b42fc	6	ObfDereferenceObject	undefined ObfDereferenceObject(void)	true	false	false
1803b4302	6	ExReleaseRundownProtection	undefined ExReleaseRundownProtection(void)	true	false	false
1803b4308	6	ExSubscribeWnfStateChange	undefined ExSubscribeWnfStateChange(void)	true	false	false
1803b430e	6	ExQueryWnfStateData	undefined ExQueryWnfStateData(void)	true	false	false
1803b4314	6	ZwQueryValueKey	undefined ZwQueryValueKey(void)	true	false	false
1803b431a	6	KeEnterCriticalRegion	undefined KeEnterCriticalRegion(void)	true	false	false
1803b4320	6	ExAcquirePushLockSharedEx	undefined ExAcquirePushLockSharedEx(void)	true	false	false
1803b4326	6	ExReleasePushLockSharedEx	undefined ExReleasePushLockSharedEx(void)	true	false	false
1803b432c	6	KeLeaveCriticalRegion	undefined KeLeaveCriticalRegion(void)	true	false	false
1803b4332	6	ExAcquirePushLockExclusiveEx	undefined ExAcquirePushLockExclusiveEx(void)	true	false	false
1803b4338	6	ExReleasePushLockExclusiveEx	undefined ExReleasePushLockExclusiveEx(void)	true	false	false
1803b433e	6	KeWaitForSingleObject	undefined KeWaitForSingleObject(void)	true	false	false
1803b4344	6	KeInitializeEvent	undefined KeInitializeEvent(void)	true	false	false
1803b434a	6	ZwQuerySecurityObject	undefined ZwQuerySecurityObject(void)	true	false	false
1803b4350	6	KeGetCurrentIrql	undefined KeGetCurrentIrql(void)	true	false	false
1803b4356	6	IoGetTopLevelIrp	undefined IoGetTopLevelIrp(void)	true	false	false
1803b435c	6	KeAreAllApcsDisabled	undefined KeAreAllApcsDisabled(void)	true	false	false
1803b4362	6	ObfReferenceObject	undefined ObfReferenceObject(void)	true	false	false
1803b4368	6	PsCreateSystemThread	undefined PsCreateSystemThread(void)	true	false	false
1803b436e	6	ZwWaitForSingleObject	undefined ZwWaitForSingleObject(void)	true	false	false
1803b4374	6	IoCheckEaBufferValidity	undefined IoCheckEaBufferValidity(void)	true	false	false
1803b437a	6	IoGetCurrentProcess	undefined IoGetCurrentProcess(void)	true	false	false
1803b4380	6	RtlLengthSecurityDescriptor	undefined RtlLengthSecurityDescriptor(void)	true	false	false
1803b4386	6	PsTerminateSystemThread	undefined PsTerminateSystemThread(void)	true	false	false
1803b438c	6	ObOpenObjectByPointer	undefined ObOpenObjectByPointer(void)	true	false	false
1803b4392	6	ZwOpenTransaction	undefined ZwOpenTransaction(void)	true	false	false
1803b4398	6	ZwQueryInformationTransaction	undefined ZwQueryInformationTransaction(void)	true	false	false
1803b439e	6	RtlValidSid	undefined RtlValidSid(void)	true	false	false
1803b43a4	6	RtlLengthSid	undefined RtlLengthSid(void)	true	false	false
1803b43aa	6	KeSetEvent	undefined KeSetEvent(void)	true	false	false
1803b43b0	6	ObQueryNameString	undefined ObQueryNameString(void)	true	false	false
1803b43b6	6	ZwQueryInformationToken	undefined ZwQueryInformationToken(void)	true	false	false
1803b43bc	6	RtlSubAuthorityCountSid	undefined RtlSubAuthorityCountSid(void)	true	false	false
1803b43c2	6	RtlSubAuthoritySid	undefined RtlSubAuthoritySid(void)	true	false	false
1803b43c8	6	PsGetCurrentThreadId	undefined PsGetCurrentThreadId(void)	true	false	false
1803b43ce	6	PsLookupThreadByThreadId	undefined PsLookupThreadByThreadId(void)	true	false	false
1803b43d4	6	ZwQueryVirtualMemory	undefined ZwQueryVirtualMemory(void)	true	false	false
1803b43da	6	ZwQueryInformationProcess	undefined ZwQueryInformationProcess(void)	true	false	false
1803b43e0	6	ExAcquireRundownProtection	undefined ExAcquireRundownProtection(void)	true	false	false
1803b43e6	6	PsReferencePrimaryToken	undefined PsReferencePrimaryToken(void)	true	false	false
1803b43f2	6	RtlCompareAltitudes	undefined RtlCompareAltitudes(void)	true	false	false
1803b43fe	6	ExGetPreviousMode	undefined ExGetPreviousMode(void)	true	false	false
1803b4404	6	IoGetStackLimits	undefined IoGetStackLimits(void)	true	false	false
1803b440a	6	KeExpandKernelStackAndCalloutEx	undefined KeExpandKernelStackAndCalloutEx(void)	true	false	false
1803b4410	6	RtlValidRelativeSecurityDescriptor	undefined RtlValidRelativeSecurityDescriptor(void)	true	false	false
1803b4416	6	RtlRandomEx	undefined RtlRandomEx(void)	true	false	false
1803b441c	6	MmUnmapViewInSystemSpace	undefined MmUnmapViewInSystemSpace(void)	true	false	false
1803b4422	6	ExFreeToLookasideListEx	undefined ExFreeToLookasideListEx(void)	true	false	false
1803b4428	6	ZwOpenEvent	undefined ZwOpenEvent(void)	true	false	false
1803b442e	6	ZwSetEvent	undefined ZwSetEvent(void)	true	false	false
1803b4434	6	ZwOpenSection	undefined ZwOpenSection(void)	true	false	false
1803b443a	6	ObReferenceObjectByHandle	undefined ObReferenceObjectByHandle(void)	true	false	false
1803b4440	6	MmMapViewInSystemSpace	undefined MmMapViewInSystemSpace(void)	true	false	false
1803b4446	6	ExAllocateFromLookasideListEx	undefined ExAllocateFromLookasideListEx(void)	true	false	false
1803b444c	6	CmRegisterCallbackEx	undefined CmRegisterCallbackEx(void)	true	false	false
1803b4452	6	ObRegisterCallbacks	undefined ObRegisterCallbacks(void)	true	false	false
1803b4458	6	PsGetProcessStartKey	undefined PsGetProcessStartKey(void)	true	false	false
1803b445e	6	PsSetCreateThreadNotifyRoutineEx	undefined PsSetCreateThreadNotifyRoutineEx(void)	true	false	false
1803b4464	6	PsSetLoadImageNotifyRoutineEx	undefined PsSetLoadImageNotifyRoutineEx(void)	true	false	false
1803b446a	6	PsLookupProcessByProcessId	undefined PsLookupProcessByProcessId(void)	true	false	false
1803b4470	6	PsGetProcessId	undefined PsGetProcessId(void)	true	false	false
1803b4476	6	PsGetCurrentProcessId	undefined PsGetCurrentProcessId(void)	true	false	false
1803b447c	6	PsGetThreadCreateTime	undefined PsGetThreadCreateTime(void)	true	false	false
1803b4488	6	PsIsHostSilo	undefined PsIsHostSilo(void)	true	false	false
1803b448e	6	CmGetBoundTransaction	undefined CmGetBoundTransaction(void)	true	false	false
1803b449a	6	CmCallbackGetKeyObjectIDEx	undefined CmCallbackGetKeyObjectIDEx(void)	true	false	false
1803b44a0	6	PsGetThreadId	undefined PsGetThreadId(void)	true	false	false
1803b44a6	6	ZwRollbackRegistryTransaction	undefined ZwRollbackRegistryTransaction(void)	true	false	false
1803b44ac	6	ZwCreateRegistryTransaction	undefined ZwCreateRegistryTransaction(void)	true	false	false
1803b44b2	6	PsGetThreadExitStatus	undefined PsGetThreadExitStatus(void)	true	false	false
1803b44b8	6	ZwCommitRegistryTransaction	undefined ZwCommitRegistryTransaction(void)	true	false	false
1803b44be	6	ZwSetValueKey	undefined ZwSetValueKey(void)	true	false	false
1803b44c4	6	RtlGUIDFromString	undefined RtlGUIDFromString(void)	true	false	false
1803b44ca	6	ZwQueryKey	undefined ZwQueryKey(void)	true	false	false
1803b44d0	6	CmCallbackReleaseKeyObjectIDEx	undefined CmCallbackReleaseKeyObjectIDEx(void)	true	false	false
1803b44d6	6	ObDereferenceObjectDeferDelete	undefined ObDereferenceObjectDeferDelete(void)	true	false	false
1803b44dc	6	IoGetTransactionParameterBlock	undefined IoGetTransactionParameterBlock(void)	true	false	false
1803b44e2	6	IoCheckFileObjectOpenedAsCopySource	undefined IoCheckFileObjectOpenedAsCopySource(void)	true	false	false
1803b44e8	6	FsRtlIsPagingFile	undefined FsRtlIsPagingFile(void)	true	false	false
1803b44ee	6	IoCheckFileObjectOpenedAsCopyDestination	undefined IoCheckFileObjectOpenedAsCopyDestination(void)	true	false	false
1803b44f4	6	IoIsFileObjectIgnoringSharing	undefined IoIsFileObjectIgnoringSharing(void)	true	false	false
1803b44fa	6	FsRtlIsSystemPagingFile	undefined FsRtlIsSystemPagingFile(void)	true	false	false
1803b4500	6	IoGetSilo	undefined IoGetSilo(void)	true	false	false
1803b4506	6	MmDoesFileHaveUserWritableReferences	undefined MmDoesFileHaveUserWritableReferences(void)	true	false	false
1803b450c	6	PsGetProcessExitStatus	undefined PsGetProcessExitStatus(void)	true	false	false
1803b4512	6	RtlDowncaseUnicodeString	undefined RtlDowncaseUnicodeString(void)	true	false	false
1803b4518	6	PsReferenceImpersonationToken	undefined PsReferenceImpersonationToken(void)	true	false	false
1803b451e	6	CmSetCallbackObjectContext	undefined CmSetCallbackObjectContext(void)	true	false	false
1803b4524	6	PsReferenceProcessFilePointer	undefined PsReferenceProcessFilePointer(void)	true	false	false
1803b452a	6	PsGetProcessInheritedFromUniqueProcessId	undefined PsGetProcessInheritedFromUniqueProcessId(void)	true	false	false
1803b4548	6	RtlIntegerToUnicodeString	undefined RtlIntegerToUnicodeString(void)	true	false	false
1803b454e	6	ZwCreateKeyTransacted	undefined ZwCreateKeyTransacted(void)	true	false	false
1803b4554	6	ZwDeleteValueKey	undefined ZwDeleteValueKey(void)	true	false	false
1803b455a	6	__chkstk	undefined __chkstk(void)	true	false	false
1803b4560	6	IoThreadToProcess	undefined IoThreadToProcess(void)	true	false	false
1803b4566	6	ZwQueryInformationThread	undefined ZwQueryInformationThread(void)	true	false	false
1803b456c	6	ZwOpenSymbolicLinkObject	undefined ZwOpenSymbolicLinkObject(void)	true	false	false
1803b4572	6	ZwQuerySymbolicLinkObject	undefined ZwQuerySymbolicLinkObject(void)	true	false	false
1803b4578	6	RtlQueryPackageIdentity	undefined RtlQueryPackageIdentity(void)	true	false	false
1803b4584	6	RtlCompareUnicodeString	undefined RtlCompareUnicodeString(void)	true	false	false
1803b458a	6	RtlGetGroupSecurityDescriptor	undefined RtlGetGroupSecurityDescriptor(void)	true	false	false
1803b4590	6	RtlGetOwnerSecurityDescriptor	undefined RtlGetOwnerSecurityDescriptor(void)	true	false	false
1803b4596	6	ZwEnumerateKey	undefined ZwEnumerateKey(void)	true	false	false
1803b459c	6	ZwOpenKeyTransacted	undefined ZwOpenKeyTransacted(void)	true	false	false
1803b45a2	6	ZwDeleteKey	undefined ZwDeleteKey(void)	true	false	false
1803b45b0	180	__cpu_features_init	undefined __cpu_features_init(void)	false	false	false
1803b4665	6	KeQueryPerformanceCounter	undefined KeQueryPerformanceCounter(void)	true	false	false
1803b466c	63	EspFltGetContextSize	undefined EspFltGetContextSize(void)	false	false	false
1803b46b0	139	EspFltAllocatePoolWithTag	undefined EspFltAllocatePoolWithTag(void)	false	false	false
1803b4744	58	EspFltMapMdlSafe	undefined EspFltMapMdlSafe(void)	false	false	false
1803b4780	104	EspFltFreeStorageDescriptorInfo	undefined EspFltFreeStorageDescriptorInfo(void)	false	false	false
1803b47ec	44	EspFltFreeUnicodeString	undefined EspFltFreeUnicodeString(void)	false	false	false
1803b481c	43	EspFltReleaseInstanceContextInfo	undefined EspFltReleaseInstanceContextInfo(void)	false	false	false
1803b4848	93	EspFltPostDismountVolume	undefined EspFltPostDismountVolume(void)	false	false	false
1803b48a8	95	EspFltPostMountVolume	undefined EspFltPostMountVolume(void)	false	false	false
1803b4908	33	EspFltPreDismountVolume	undefined EspFltPreDismountVolume(void)	false	false	false
1803b492c	158	EspFltPreMountVolume	undefined EspFltPreMountVolume(void)	false	false	false
1803b49cc	353	EspFltUpdateStreamContext	undefined EspFltUpdateStreamContext(void)	false	false	false
1803b4b30	39	EspFltPostAcquireSectionSync	undefined EspFltPostAcquireSectionSync(void)	false	false	false
1803b4b58	327	EspFltPostRead	undefined EspFltPostRead(void)	false	false	false
1803b4ca0	238	EspFltPostWrite	undefined EspFltPostWrite(void)	false	false	false
1803b4d90	276	EspFltPreRead	undefined EspFltPreRead(void)	false	false	false
1803b4ea8	598	EspFltPreWrite	undefined EspFltPreWrite(void)	false	false	false
1803b5100	94	EspFltQueueWriteContextForRelease	undefined EspFltQueueWriteContextForRelease(void)	false	false	false
1803b5160	133	EspFltReportPostRead	undefined EspFltReportPostRead(void)	false	false	false
1803b51e8	103	EspFltReportPostWrite	undefined EspFltReportPostWrite(void)	false	false	false
1803b5250	16	EspFltSafePostRead	undefined EspFltSafePostRead(void)	false	false	false
1803b5270	16	EspFltSafePostWrite	undefined EspFltSafePostWrite(void)	false	false	false
1803b5284	39	EspFltPostQueryInfo	undefined EspFltPostQueryInfo(void)	false	false	false
1803b52ac	6	EspFltPostQueryEa	undefined EspFltPostQueryEa(void)	false	false	false
1803b52b4	39	EspFltPostSetEa	undefined EspFltPostSetEa(void)	false	false	false
1803b52dc	39	EspFltPostDirectoryControl	undefined EspFltPostDirectoryControl(void)	false	false	false
1803b5304	39	EspFltPostLockControl	undefined EspFltPostLockControl(void)	false	false	false
1803b532c	39	EspFltPostSetSecurity	undefined EspFltPostSetSecurity(void)	false	false	false
1803b5354	14	EspFltGetRequestorProcess	undefined EspFltGetRequestorProcess(void)	false	false	false
1803b5364	53	EspFltReferenceObjectByHandle	undefined EspFltReferenceObjectByHandle(void)	false	false	false
1803b53a0	17	copy_user_memory	undefined copy_user_memory(void)	false	false	false
1803b53c0	24	probe_for_read	undefined probe_for_read(void)	false	false	false
1803b53e0	24	probe_for_write	undefined probe_for_write(void)	false	false	false
1803b53fd	6	FltGetRoutineAddress	undefined FltGetRoutineAddress(void)	true	false	false
1803b5403	6	FltInitExtraCreateParameterLookasideList	undefined FltInitExtraCreateParameterLookasideList(void)	true	false	false
1803b5409	6	FltDeleteExtraCreateParameterLookasideList	undefined FltDeleteExtraCreateParameterLookasideList(void)	true	false	false
1803b540f	6	FltCreateFileEx2	undefined FltCreateFileEx2(void)	true	false	false
1803b5415	6	FltOpenVolume	undefined FltOpenVolume(void)	true	false	false
1803b541b	6	FltAllocateExtraCreateParameterList	undefined FltAllocateExtraCreateParameterList(void)	true	false	false
1803b5421	6	FltAllocateExtraCreateParameterFromLookasideList	undefined FltAllocateExtraCreateParameterFromLookasideList(void)	true	false	false
1803b5427	6	FltInsertExtraCreateParameter	undefined FltInsertExtraCreateParameter(void)	true	false	false
1803b542d	6	FltFreeExtraCreateParameterList	undefined FltFreeExtraCreateParameterList(void)	true	false	false
1803b5433	6	FltFreeExtraCreateParameter	undefined FltFreeExtraCreateParameter(void)	true	false	false
1803b5439	6	FltAllocateContext	undefined FltAllocateContext(void)	true	false	false
1803b543f	6	FltSetInstanceContext	undefined FltSetInstanceContext(void)	true	false	false
1803b5445	6	FltSetStreamContext	undefined FltSetStreamContext(void)	true	false	false
1803b544b	6	FltSetStreamHandleContext	undefined FltSetStreamHandleContext(void)	true	false	false
1803b5451	6	FltGetInstanceContext	undefined FltGetInstanceContext(void)	true	false	false
1803b5457	6	FltGetStreamContext	undefined FltGetStreamContext(void)	true	false	false
1803b545d	6	FltReferenceContext	undefined FltReferenceContext(void)	true	false	false
1803b5463	6	FltReleaseContext	undefined FltReleaseContext(void)	true	false	false
1803b5469	6	FltAllocateGenericWorkItem	undefined FltAllocateGenericWorkItem(void)	true	false	false
1803b546f	6	FltFreeGenericWorkItem	undefined FltFreeGenericWorkItem(void)	true	false	false
1803b5475	6	FltInitializePushLock	undefined FltInitializePushLock(void)	true	false	false
1803b547b	6	FltDeletePushLock	undefined FltDeletePushLock(void)	true	false	false
1803b5481	6	FltCancelFileOpen	undefined FltCancelFileOpen(void)	true	false	false
1803b5487	6	FltSupportsStreamContexts	undefined FltSupportsStreamContexts(void)	true	false	false
1803b548d	6	FltSupportsStreamHandleContexts	undefined FltSupportsStreamHandleContexts(void)	true	false	false
1803b5493	6	FltGetStreamHandleContext	undefined FltGetStreamHandleContext(void)	true	false	false
1803b5499	6	FltAcquirePushLockShared	undefined FltAcquirePushLockShared(void)	true	false	false
1803b549f	6	FltReleasePushLock	undefined FltReleasePushLock(void)	true	false	false
1803b54a5	6	FltAcknowledgeEcp	undefined FltAcknowledgeEcp(void)	true	false	false
1803b54ab	6	FltDoCompletionProcessingWhenSafe	undefined FltDoCompletionProcessingWhenSafe(void)	true	false	false
1803b54b1	6	FltQueueGenericWorkItem	undefined FltQueueGenericWorkItem(void)	true	false	false
1803b54b7	6	FltIsOperationSynchronous	undefined FltIsOperationSynchronous(void)	true	false	false
1803b54bd	6	FltParseFileName	undefined FltParseFileName(void)	true	false	false
1803b54c3	6	FltDeleteStreamHandleContext	undefined FltDeleteStreamHandleContext(void)	true	false	false
1803b54c9	6	FltSetTransactionContext	undefined FltSetTransactionContext(void)	true	false	false
1803b54cf	6	FltDeleteContext	undefined FltDeleteContext(void)	true	false	false
1803b54d5	6	FltGetTransactionContext	undefined FltGetTransactionContext(void)	true	false	false
1803b54db	6	FltGetFilterFromInstance	undefined FltGetFilterFromInstance(void)	true	false	false
1803b54e1	6	FltAcquirePushLockExclusive	undefined FltAcquirePushLockExclusive(void)	true	false	false
1803b54e7	6	FltIs32bitProcess	undefined FltIs32bitProcess(void)	true	false	false
1803b54ed	6	FltEnlistInTransaction	undefined FltEnlistInTransaction(void)	true	false	false
1803b54f3	6	FltGetVolumeFromName	undefined FltGetVolumeFromName(void)	true	false	false
1803b54f9	6	FltGetVolumeInstanceFromName	undefined FltGetVolumeInstanceFromName(void)	true	false	false
1803b54ff	6	FltGetVolumeFromFileObject	undefined FltGetVolumeFromFileObject(void)	true	false	false
1803b5508	133	__GSHandlerCheck_SEH	undefined __GSHandlerCheck_SEH(void)	false	false	false
1803b558e	6	__C_specific_handler	EXCEPTION_DISPOSITION __C_specific_handler(_EXCEPTION_RECORD * ExceptionRecord, void * EstablisherFrame, _CONTEXT * ContextRecord, _DISPATCHER_CONTEXT * DispatcherContext)	true	false	false
1803b55b0	30	__security_check_cookie	void __cdecl __security_check_cookie(uintptr_t _StackCookie)	false	false	false
1803b55e0	2	_guard_dispatch_icall	undefined _guard_dispatch_icall(void)	false	false	false
1803b5600	6	_guard_xfg_dispatch_icall_nop	undefined _guard_xfg_dispatch_icall_nop(void)	true	false	false
1803b5640	537	memmove	void * __cdecl memmove(void * _Dst, void * _Src, size_t _Size)	false	false	false
1803b5900	236	memset	void * __cdecl memset(void * _Dst, int _Val, size_t _Size)	false	false	false
1803b5a40	67	__memset_repmovs	undefined __memset_repmovs(void)	false	false	false
1803b5ac0	38	__memset_query	undefined __memset_query(void)	false	false	false
1803b5b00	198	memcmp	int __cdecl memcmp(void * _Buf1, void * _Buf2, size_t _Size)	false	false	false
1803b5bd0	57	FUN_1803b5bd0	undefined FUN_1803b5bd0(void)	false	false	false
1803b5c09	29	FUN_1803b5c09	noreturn undefined FUN_1803b5c09(void)	false	false	true
1803b5c30	183	FUN_1803b5c30	undefined FUN_1803b5c30(void)	false	false	false
1803b5ce7	16	FUN_1803b5ce7	undefined FUN_1803b5ce7(void)	false	false	false
1803b5d00	34	FUN_1803b5d00	undefined FUN_1803b5d00(void)	false	false	false
1803b5d30	116	FUN_1803b5d30	undefined FUN_1803b5d30(void)	false	false	false
1803b5da5	62	FUN_1803b5da5	undefined FUN_1803b5da5(void)	false	false	false
1803b5de4	62	FUN_1803b5de4	undefined FUN_1803b5de4(void)	false	false	false
1803b5e30	10	FUN_1803b5e30	undefined FUN_1803b5e30(void)	false	false	false
1803b5e3a	243	FUN_1803b5e3a	noreturn undefined FUN_1803b5e3a(void)	false	false	true
1803b5f30	46	FUN_1803b5f30	noreturn undefined FUN_1803b5f30(void)	false	false	true
1803b5f60	199	FUN_1803b5f60	noreturn undefined FUN_1803b5f60(void)	false	false	true
1803b6030	30	FUN_1803b6030	noreturn undefined FUN_1803b6030(void)	false	false	true
1803b6050	23	FUN_1803b6050	noreturn undefined FUN_1803b6050(void)	false	false	true
1803b6068	62	FUN_1803b6068	noreturn undefined FUN_1803b6068(void)	false	false	true
1803b60b0	53	FUN_1803b60b0	noreturn undefined FUN_1803b60b0(void)	false	false	true
1803b60f0	87	FUN_1803b60f0	noreturn undefined FUN_1803b60f0(void)	false	false	true
1803b6150	46	FUN_1803b6150	undefined FUN_1803b6150(void)	false	false	false
1803b6180	34	FUN_1803b6180	undefined FUN_1803b6180(void)	false	false	false
1803b61a3	64	core::panicking::assert_failed<i32,i32>	undefined assert_failed<i32,i32>(void)	false	false	false
1803b61f0	617	fs::volume::volume_guid_to_name	undefined volume_guid_to_name(void)	false	false	false
1803b6460	171	core::cell::once::OnceCell<enum2$<core::result::Result<fs::espflt_types::EspFltString,i32>_>_>::try_init<enum2$<core::result::Result<fs::espflt_types::EspFltString,i32>_>,core::cell::once::impl$0::get_or_init::closure_env$0<enum2$<core::result::Result<fs::espflt_types::EspFltString,i32>_>,fs::disk::impl$6::nt_path::closure_env$0>,never$>	undefined try_init<enum2$<core::result::Result<fs::espflt_types::EspFltString,i32>_>,core::cell::once::impl$0::get_or_init::closure_env$0<enum2$<core::result::Result<fs::espflt_types::EspFltString,i32>_>,fs::disk::impl$6::nt_path::closure_env$0>,never$>(void)	false	false	false
1803b6510	609	core::cell::once::OnceCell<enum2$<core::result::Result<fs::espflt_types::EspFltString,i32>_>_>::try_init<enum2$<core::result::Result<fs::espflt_types::EspFltString,i32>_>,core::cell::once::impl$0::get_or_init::closure_env$0<enum2$<core::result::Result<fs::espflt_types::EspFltString,i32>_>,fs::disk::impl$6::instance_id::closure_env$0>,never$>	undefined try_init<enum2$<core::result::Result<fs::espflt_types::EspFltString,i32>_>,core::cell::once::impl$0::get_or_init::closure_env$0<enum2$<core::result::Result<fs::espflt_types::EspFltString,i32>_>,fs::disk::impl$6::instance_id::closure_env$0>,never$>(void)	false	false	false
1803b6780	211	core::cell::once::OnceCell<enum2$<core::result::Result<fs::disk::HotplugInfo,i32>_>_>::try_init<enum2$<core::result::Result<fs::disk::HotplugInfo,i32>_>,core::cell::once::impl$0::get_or_init::closure_env$0<enum2$<core::result::Result<fs::disk::HotplugInfo,i32>_>,fs::disk::impl$6::ensure_hotplug::closure_env$0>,never$>	undefined try_init<enum2$<core::result::Result<fs::disk::HotplugInfo,i32>_>,core::cell::once::impl$0::get_or_init::closure_env$0<enum2$<core::result::Result<fs::disk::HotplugInfo,i32>_>,fs::disk::impl$6::ensure_hotplug::closure_env$0>,never$>(void)	false	false	false
1803b6860	142	core::cell::once::OnceCell<enum2$<core::result::Result<u32,i32>_>_>::try_init<enum2$<core::result::Result<u32,i32>_>,core::cell::once::impl$0::get_or_init::closure_env$0<enum2$<core::result::Result<u32,i32>_>,fs::disk::impl$6::disk_number::closure_env$0>,never$>	undefined try_init<enum2$<core::result::Result<u32,i32>_>,core::cell::once::impl$0::get_or_init::closure_env$0<enum2$<core::result::Result<u32,i32>_>,fs::disk::impl$6::disk_number::closure_env$0>,never$>(void)	false	false	false
1803b68f0	341	core::cell::once::OnceCell<enum2$<core::result::Result<fs::disk::StorageDescriptor,i32>_>_>::try_init<enum2$<core::result::Result<fs::disk::StorageDescriptor,i32>_>,core::cell::once::impl$0::get_or_init::closure_env$0<enum2$<core::result::Result<fs::disk::StorageDescriptor,i32>_>,fs::disk::impl$6::ensure_storage_desc::closure_env$0>,never$>	undefined try_init<enum2$<core::result::Result<fs::disk::StorageDescriptor,i32>_>,core::cell::once::impl$0::get_or_init::closure_env$0<enum2$<core::result::Result<fs::disk::StorageDescriptor,i32>_>,fs::disk::impl$6::ensure_storage_desc::closure_env$0>,never$>(void)	false	false	false
1803b6a50	134	alloc::raw_vec::RawVec<nt_types::unicode::UnicodeStringOwned,alloc::alloc::Global>::grow_one<nt_types::unicode::UnicodeStringOwned,alloc::alloc::Global>	undefined grow_one<nt_types::unicode::UnicodeStringOwned,alloc::alloc::Global>(void)	false	false	false
1803b6ae0	233	alloc::raw_vec::RawVecInner<alloc::alloc::Global>::finish_grow<alloc::alloc::Global>	undefined finish_grow<alloc::alloc::Global>(void)	false	false	false
1803b6bd0	134	alloc::raw_vec::RawVec<fs::ealist::FsEaEntry,alloc::alloc::Global>::grow_one<fs::ealist::FsEaEntry,alloc::alloc::Global>	undefined grow_one<fs::ealist::FsEaEntry,alloc::alloc::Global>(void)	false	false	false
1803b6c57	54	core::panicking::assert_failed<u32,u32>	noreturn undefined assert_failed<u32,u32>(void)	false	false	true
1803b6c90	134	alloc::raw_vec::RawVec<u16,alloc::alloc::Global>::grow_one<u16,alloc::alloc::Global>	undefined grow_one<u16,alloc::alloc::Global>(void)	false	false	false
1803b6d20	147	alloc::raw_vec::impl$4::reserve::do_reserve_and_handle<alloc::alloc::Global>	undefined do_reserve_and_handle<alloc::alloc::Global>(void)	false	false	false
1803b6dc0	124	alloc::raw_vec::RawVecInner<alloc::alloc::Global>::grow_exact<alloc::alloc::Global>	undefined grow_exact<alloc::alloc::Global>(void)	false	false	false
1803b6e40	164	ps::token::AccessTokenHandle::default_dacl	undefined default_dacl(void)	false	false	false
1803b6ef0	320	ps::token::AccessTokenHandle::query_variable_size_information	undefined query_variable_size_information(void)	false	false	false
1803b7030	128	ps::token::AccessTokenHandle::token_groups	undefined token_groups(void)	false	false	false
1803b70b0	169	ps::token::AccessTokenHandle::integrity_level	undefined integrity_level(void)	false	false	false
1803b7160	119	ps::token::AccessTokenHandle::token_privileges	undefined token_privileges(void)	false	false	false
1803b71e0	327	ps::token::AccessTokenHandle::primary_group_sid	undefined primary_group_sid(void)	false	false	false
1803b7330	119	ps::token::AccessTokenHandle::query_security_attributes	undefined query_security_attributes(void)	false	false	false
1803b73b0	327	ps::token::AccessTokenHandle::user_sid	undefined user_sid(void)	false	false	false
1803b7500	327	ps::token::AccessTokenHandle::owner_sid	undefined owner_sid(void)	false	false	false
1803b7650	405	ps::process::PsProcessHandle::query_information_process	undefined query_information_process(void)	false	false	false
1803b7800	121	string_match::trie::Trie::new	undefined new(void)	false	false	false
1803b7880	134	alloc::raw_vec::RawVec<enum2$<string_match::StringPatternToken>,alloc::alloc::Global>::grow_one<enum2$<string_match::StringPatternToken>,alloc::alloc::Global>	undefined grow_one<enum2$<string_match::StringPatternToken>,alloc::alloc::Global>(void)	false	false	false
1803b7910	134	alloc::raw_vec::RawVec<string_match::nfa::NfaState,alloc::alloc::Global>::grow_one<string_match::nfa::NfaState,alloc::alloc::Global>	undefined grow_one<string_match::nfa::NfaState,alloc::alloc::Global>(void)	false	false	false
1803b79a0	134	alloc::raw_vec::RawVec<string_match::nfa::NfaStateIndex,alloc::alloc::Global>::grow_one<string_match::nfa::NfaStateIndex,alloc::alloc::Global>	undefined grow_one<string_match::nfa::NfaStateIndex,alloc::alloc::Global>(void)	false	false	false
1803b7a30	134	alloc::raw_vec::RawVec<tuple$<enum2$<string_match::nfa::NfaEdgePredicate>,string_match::nfa::NfaStateIndex>,alloc::alloc::Global>::grow_one<tuple$<enum2$<string_match::nfa::NfaEdgePredicate>,string_match::nfa::NfaStateIndex>,alloc::alloc::Global>	undefined grow_one<tuple$<enum2$<string_match::nfa::NfaEdgePredicate>,string_match::nfa::NfaStateIndex>,alloc::alloc::Global>(void)	false	false	false
1803b7ac0	7156	string_match::StringPatternBuilder::compile	undefined compile(void)	false	false	false
1803b9760	134	alloc::raw_vec::RawVec<fltmgr::bindings::_FLT_OPERATION_REGISTRATION,alloc::alloc::Global>::grow_one<fltmgr::bindings::_FLT_OPERATION_REGISTRATION,alloc::alloc::Global>	undefined grow_one<fltmgr::bindings::_FLT_OPERATION_REGISTRATION,alloc::alloc::Global>(void)	false	false	false
1803b97f0	1199	fltmgr::Filter::with_callbacks_and_contexts<wesp::EspState>	undefined with_callbacks_and_contexts<wesp::EspState>(void)	false	false	false
1803ba030	747	enum2$<wesp_api_types::schema::modify::StoredEventModify>::as_stored_bytes	undefined as_stored_bytes(void)	false	false	false
1803ba320	134	alloc::raw_vec::RawVec<enum2$<wesp_api_types::schema::notification::file::KtmTransactionPropertyKind>,alloc::alloc::Global>::grow_one<enum2$<wesp_api_types::schema::notification::file::KtmTransactionPropertyKind>,alloc::alloc::Global>	undefined grow_one<enum2$<wesp_api_types::schema::notification::file::KtmTransactionPropertyKind>,alloc::alloc::Global>(void)	false	false	false
1803ba3b0	134	alloc::raw_vec::RawVec<wesp_api_types::schema::filter::StoredFilter,alloc::alloc::Global>::grow_one<wesp_api_types::schema::filter::StoredFilter,alloc::alloc::Global>	undefined grow_one<wesp_api_types::schema::filter::StoredFilter,alloc::alloc::Global>(void)	false	false	false
1803ba440	134	alloc::raw_vec::RawVec<enum2$<wesp_api_types::schema::notification::field::FieldDataConfig>,alloc::alloc::Global>::grow_one<enum2$<wesp_api_types::schema::notification::field::FieldDataConfig>,alloc::alloc::Global>	undefined grow_one<enum2$<wesp_api_types::schema::notification::field::FieldDataConfig>,alloc::alloc::Global>(void)	false	false	false
1803ba4d0	134	alloc::raw_vec::RawVec<wesp_api_types::schema::context_key::StoredContextKeyUpdate,alloc::alloc::Global>::grow_one<wesp_api_types::schema::context_key::StoredContextKeyUpdate,alloc::alloc::Global>	undefined grow_one<wesp_api_types::schema::context_key::StoredContextKeyUpdate,alloc::alloc::Global>(void)	false	false	false
1803ba560	134	alloc::raw_vec::RawVec<wesp_api_types::typedefs::_GUID,alloc::alloc::Global>::grow_one<wesp_api_types::typedefs::_GUID,alloc::alloc::Global>	undefined grow_one<wesp_api_types::typedefs::_GUID,alloc::alloc::Global>(void)	false	false	false
1803ba5f0	134	alloc::raw_vec::RawVec<enum2$<wesp_api_types::schema::filter::StoredPredicate>,alloc::alloc::Global>::grow_one<enum2$<wesp_api_types::schema::filter::StoredPredicate>,alloc::alloc::Global>	undefined grow_one<enum2$<wesp_api_types::schema::filter::StoredPredicate>,alloc::alloc::Global>(void)	false	false	false
1803ba680	134	alloc::raw_vec::RawVec<enum2$<wesp_api_types::schema::notification::process::ProcessNotificationConfig>,alloc::alloc::Global>::grow_one<enum2$<wesp_api_types::schema::notification::process::ProcessNotificationConfig>,alloc::alloc::Global>	undefined grow_one<enum2$<wesp_api_types::schema::notification::process::ProcessNotificationConfig>,alloc::alloc::Global>(void)	false	false	false
1803ba710	134	alloc::raw_vec::RawVec<wesp_api_types::schema::notification::field::EcpDescriptorConfig,alloc::alloc::Global>::grow_one<wesp_api_types::schema::notification::field::EcpDescriptorConfig,alloc::alloc::Global>	undefined grow_one<wesp_api_types::schema::notification::field::EcpDescriptorConfig,alloc::alloc::Global>(void)	false	false	false
1803ba7a0	134	alloc::raw_vec::RawVec<enum2$<wesp_api_types::schema::notification::field::FieldObjectNotificationConfig>,alloc::alloc::Global>::grow_one<enum2$<wesp_api_types::schema::notification::field::FieldObjectNotificationConfig>,alloc::alloc::Global>	undefined grow_one<enum2$<wesp_api_types::schema::notification::field::FieldObjectNotificationConfig>,alloc::alloc::Global>(void)	false	false	false
1803ba830	167	alloc::raw_vec::impl$4::reserve::do_reserve_and_handle<alloc::alloc::Global>	undefined do_reserve_and_handle<alloc::alloc::Global>(void)	false	false	false
1803ba8e0	230	alloc::raw_vec::RawVecInner<alloc::alloc::Global>::finish_grow<alloc::alloc::Global>	undefined finish_grow<alloc::alloc::Global>(void)	false	false	false
1803ba9d0	125	alloc::raw_vec::RawVec<wesp_elam_interop::notification::ElamNotification,alloc::alloc::Global>::grow_one<wesp_elam_interop::notification::ElamNotification,alloc::alloc::Global>	undefined grow_one<wesp_elam_interop::notification::ElamNotification,alloc::alloc::Global>(void)	false	false	false
1803baa50	147	alloc::raw_vec::impl$4::reserve::do_reserve_and_handle<alloc::alloc::Global>	undefined do_reserve_and_handle<alloc::alloc::Global>(void)	false	false	false
1803baaf0	287	wesp_lib::event::Event<wesp_lib::event::registry::RegReplaceKey>::query_properties<wesp_lib::event::registry::RegReplaceKey>	undefined query_properties<wesp_lib::event::registry::RegReplaceKey>(void)	false	false	false
1803baeb0	287	wesp_lib::event::Event<wesp_lib::event::registry::save_restore::RegSaveKey>::query_properties<wesp_lib::event::registry::save_restore::RegSaveKey>	undefined query_properties<wesp_lib::event::registry::save_restore::RegSaveKey>(void)	false	false	false
1803bb280	287	wesp_lib::event::Event<wesp_lib::event::fs::file::FileRead>::query_properties<wesp_lib::event::fs::file::FileRead>	undefined query_properties<wesp_lib::event::fs::file::FileRead>(void)	false	false	false
1803bb650	287	wesp_lib::event::Event<wesp_lib::event::fs::pipe::PipeCreate>::query_properties<wesp_lib::event::fs::pipe::PipeCreate>	undefined query_properties<wesp_lib::event::fs::pipe::PipeCreate>(void)	false	false	false
1803bba20	287	wesp_lib::event::Event<wesp_lib::event::registry::RegEnumValueKey>::query_properties<wesp_lib::event::registry::RegEnumValueKey>	undefined query_properties<wesp_lib::event::registry::RegEnumValueKey>(void)	false	false	false
1803bbde0	287	wesp_lib::event::Event<wesp_lib::event::process::ProcessTerminate>::query_properties<wesp_lib::event::process::ProcessTerminate>	undefined query_properties<wesp_lib::event::process::ProcessTerminate>(void)	false	false	false
1803bc1a0	287	wesp_lib::event::Event<wesp_lib::event::fs::file::FileUnlock>::query_properties<wesp_lib::event::fs::file::FileUnlock>	undefined query_properties<wesp_lib::event::fs::file::FileUnlock>(void)	false	false	false
1803bc570	287	wesp_lib::event::Event<wesp_lib::event::fs::volume::VolumeDismount>::query_properties<wesp_lib::event::fs::volume::VolumeDismount>	undefined query_properties<wesp_lib::event::fs::volume::VolumeDismount>(void)	false	false	false
1803bc930	287	wesp_lib::event::Event<wesp_lib::event::fs::file::FileOpen>::query_properties<wesp_lib::event::fs::file::FileOpen>	undefined query_properties<wesp_lib::event::fs::file::FileOpen>(void)	false	false	false
1803bcd00	287	wesp_lib::event::Event<wesp_lib::event::object_manager::ObHandleDuplicate>::query_properties<wesp_lib::event::object_manager::ObHandleDuplicate>	undefined query_properties<wesp_lib::event::object_manager::ObHandleDuplicate>(void)	false	false	false
1803bd0d0	287	wesp_lib::event::Event<wesp_lib::event::registry::RegQueryValueKey>::query_properties<wesp_lib::event::registry::RegQueryValueKey>	undefined query_properties<wesp_lib::event::registry::RegQueryValueKey>(void)	false	false	false
1803bd490	287	wesp_lib::event::Event<wesp_lib::event::fs::file::FileQueryInformation>::query_properties<wesp_lib::event::fs::file::FileQueryInformation>	undefined query_properties<wesp_lib::event::fs::file::FileQueryInformation>(void)	false	false	false
1803bd860	287	wesp_lib::event::Event<wesp_lib::event::registry::RegDeleteKey>::query_properties<wesp_lib::event::registry::RegDeleteKey>	undefined query_properties<wesp_lib::event::registry::RegDeleteKey>(void)	false	false	false
1803bdc20	287	wesp_lib::event::Event<wesp_lib::event::fs::file::FileWrite>::query_properties<wesp_lib::event::fs::file::FileWrite>	undefined query_properties<wesp_lib::event::fs::file::FileWrite>(void)	false	false	false
1803bdff0	287	wesp_lib::event::Event<wesp_lib::event::fs::file::FileCleanup>::query_properties<wesp_lib::event::fs::file::FileCleanup>	undefined query_properties<wesp_lib::event::fs::file::FileCleanup>(void)	false	false	false
1803be3c0	287	wesp_lib::event::Event<wesp_lib::event::process::ProcessCreate>::query_properties<wesp_lib::event::process::ProcessCreate>	undefined query_properties<wesp_lib::event::process::ProcessCreate>(void)	false	false	false
1803be790	287	wesp_lib::event::Event<wesp_lib::event::fs::file::SetEa>::query_properties<wesp_lib::event::fs::file::SetEa>	undefined query_properties<wesp_lib::event::fs::file::SetEa>(void)	false	false	false
1803beb60	287	wesp_lib::event::Event<wesp_lib::event::registry::RegCreateKey>::query_properties<wesp_lib::event::registry::RegCreateKey>	undefined query_properties<wesp_lib::event::registry::RegCreateKey>(void)	false	false	false
1803bef30	287	wesp_lib::event::Event<wesp_lib::event::thread::ThreadCreate>::query_properties<wesp_lib::event::thread::ThreadCreate>	undefined query_properties<wesp_lib::event::thread::ThreadCreate>(void)	false	false	false
1803bf2f0	287	wesp_lib::event::Event<wesp_lib::event::registry::RegSetValueKey>::query_properties<wesp_lib::event::registry::RegSetValueKey>	undefined query_properties<wesp_lib::event::registry::RegSetValueKey>(void)	false	false	false
1803bf6c0	287	wesp_lib::event::Event<wesp_lib::event::object_manager::ObHandleCreate>::query_properties<wesp_lib::event::object_manager::ObHandleCreate>	undefined query_properties<wesp_lib::event::object_manager::ObHandleCreate>(void)	false	false	false
1803bfa90	287	wesp_lib::event::Event<wesp_lib::event::fs::file::FileCreate>::query_properties<wesp_lib::event::fs::file::FileCreate>	undefined query_properties<wesp_lib::event::fs::file::FileCreate>(void)	false	false	false
1803bfe60	287	wesp_lib::event::Event<wesp_lib::event::registry::RegDeleteValueKey>::query_properties<wesp_lib::event::registry::RegDeleteValueKey>	undefined query_properties<wesp_lib::event::registry::RegDeleteValueKey>(void)	false	false	false
1803c0220	287	wesp_lib::event::Event<wesp_lib::event::registry::RegLoadKey>::query_properties<wesp_lib::event::registry::RegLoadKey>	undefined query_properties<wesp_lib::event::registry::RegLoadKey>(void)	false	false	false
1803c05e0	287	wesp_lib::event::Event<wesp_lib::event::fs::file::FileCreateSection>::query_properties<wesp_lib::event::fs::file::FileCreateSection>	undefined query_properties<wesp_lib::event::fs::file::FileCreateSection>(void)	false	false	false
1803c09b0	287	wesp_lib::event::Event<wesp_lib::event::fs::file::FileFsctl>::query_properties<wesp_lib::event::fs::file::FileFsctl>	undefined query_properties<wesp_lib::event::fs::file::FileFsctl>(void)	false	false	false
1803c0d80	287	wesp_lib::event::Event<wesp_lib::event::process::ProcessLoadImage>::query_properties<wesp_lib::event::process::ProcessLoadImage>	undefined query_properties<wesp_lib::event::process::ProcessLoadImage>(void)	false	false	false
1803c1150	287	wesp_lib::event::Event<wesp_lib::event::fs::mailslot::MailslotCreate>::query_properties<wesp_lib::event::fs::mailslot::MailslotCreate>	undefined query_properties<wesp_lib::event::fs::mailslot::MailslotCreate>(void)	false	false	false
1803c1520	15351	wesp_lib::persistence::store::PersistedStore::enum_rules	undefined enum_rules(void)	false	false	false
1803c5320	277	wesp_lib::persistence::store::PersistedStore::rules_path_for_client	undefined rules_path_for_client(void)	false	false	false
1803c5440	277	wesp_lib::persistence::store::PersistedStore::client_path	undefined client_path(void)	false	false	false
1803c5560	257	wesp_lib::persistence::store::PersistedStore::collection_path	undefined collection_path(void)	false	false	false
1803c5670	277	wesp_lib::persistence::store::PersistedStore::collections_path_for_client	undefined collections_path_for_client(void)	false	false	false
1803c5790	257	wesp_lib::persistence::store::PersistedStore::event_queue_path	undefined event_queue_path(void)	false	false	false
1803c58a0	277	wesp_lib::persistence::store::PersistedStore::event_queues_path_for_client	undefined event_queues_path_for_client(void)	false	false	false
1803c59c0	257	wesp_lib::persistence::store::PersistedStore::rule_path	undefined rule_path(void)	false	false	false
1803c5ad0	458	wesp_lib::client::rules::ClientRuleCollection::new	undefined new(void)	false	false	false
1803c5cb0	556	wesp_lib::client::store::ClientStoreTransaction::delete_client_and_objects	undefined delete_client_and_objects(void)	false	false	false
1803c5ee0	538	core::cell::once::OnceCell<enum2$<core::option::Option<fs::ealist::FsEaList>_>_>::try_init<enum2$<core::option::Option<fs::ealist::FsEaList>_>,core::cell::once::impl$0::get_or_init::closure_env$0<enum2$<core::option::Option<fs::ealist::FsEaList>_>,wesp_lib::event::fs::file::impl$22::ea_list::closure_env$0>,never$>	undefined try_init<enum2$<core::option::Option<fs::ealist::FsEaList>_>,core::cell::once::impl$0::get_or_init::closure_env$0<enum2$<core::option::Option<fs::ealist::FsEaList>_>,wesp_lib::event::fs::file::impl$22::ea_list::closure_env$0>,never$>(void)	false	false	false
1803c6100	50	core::cell::once::OnceCell<wesp_lib::event_object::strong_ref::KtmTransactionEventObjectRef>::try_init<wesp_lib::event_object::strong_ref::KtmTransactionEventObjectRef,core::cell::once::impl$0::get_or_init::closure_env$0<wesp_lib::event_object::strong_ref::KtmTransactionEventObjectRef,wesp_lib::event::args::transaction::impl$0::ensure_event_object::closure_env$0>,never$>	undefined try_init<wesp_lib::event_object::strong_ref::KtmTransactionEventObjectRef,core::cell::once::impl$0::get_or_init::closure_env$0<wesp_lib::event_object::strong_ref::KtmTransactionEventObjectRef,wesp_lib::event::args::transaction::impl$0::ensure_event_object::closure_env$0>,never$>(void)	false	false	false
1803c6140	129	core::cell::once::OnceCell<fs::FileQueryBuffer>::try_init<fs::FileQueryBuffer,core::cell::once::impl$0::get_or_init::closure_env$0<fs::FileQueryBuffer,fs::volume::try_cached::closure_env$0<fs::FileQueryBuffer,fs::volume::impl$6::ensure_fs_attr::closure_env$0<fs::volume::FsFilterVolume,fs::instance::FsFilterInstance>_>_>,never$>	undefined try_init<fs::FileQueryBuffer,core::cell::once::impl$0::get_or_init::closure_env$0<fs::FileQueryBuffer,fs::volume::try_cached::closure_env$0<fs::FileQueryBuffer,fs::volume::impl$6::ensure_fs_attr::closure_env$0<fs::volume::FsFilterVolume,fs::instance::FsFilterInstance>_>_>,never$>(void)	false	false	false
1803c61d0	175	core::cell::once::OnceCell<espfilter::bindings::EspFltInstanceContextInfo>::try_init<espfilter::bindings::EspFltInstanceContextInfo,core::cell::once::impl$0::get_or_init::closure_env$0<espfilter::bindings::EspFltInstanceContextInfo,fs::volume::try_cached::closure_env$0<espfilter::bindings::EspFltInstanceContextInfo,fs::volume::impl$6::ensure_info::closure_env$0<fs::volume::FsFilterVolume,fs::instance::FsFilterInstanceBorrow>_>_>,never$>	undefined try_init<espfilter::bindings::EspFltInstanceContextInfo,core::cell::once::impl$0::get_or_init::closure_env$0<espfilter::bindings::EspFltInstanceContextInfo,fs::volume::try_cached::closure_env$0<espfilter::bindings::EspFltInstanceContextInfo,fs::volume::impl$6::ensure_info::closure_env$0<fs::volume::FsFilterVolume,fs::instance::FsFilterInstanceBorrow>_>_>,never$>(void)	false	false	false
1803c6280	230	core::cell::once::OnceCell<enum2$<core::option::Option<wesp_lib::event::args::transaction::KtmTransactionArgument>_>_>::try_init<enum2$<core::option::Option<wesp_lib::event::args::transaction::KtmTransactionArgument>_>,core::cell::once::impl$0::get_or_init::closure_env$0<enum2$<core::option::Option<wesp_lib::event::args::transaction::KtmTransactionArgument>_>,wesp_lib::event::args::fileobject::impl$0::ktm_transaction::closure_env$0>,never$>	undefined try_init<enum2$<core::option::Option<wesp_lib::event::args::transaction::KtmTransactionArgument>_>,core::cell::once::impl$0::get_or_init::closure_env$0<enum2$<core::option::Option<wesp_lib::event::args::transaction::KtmTransactionArgument>_>,wesp_lib::event::args::fileobject::impl$0::ktm_transaction::closure_env$0>,never$>(void)	false	false	false
1803c6370	88	core::cell::once::OnceCell<nt_types::unicode::UnicodeStringOwned>::try_init<nt_types::unicode::UnicodeStringOwned,core::cell::once::impl$0::get_or_init::closure_env$0<nt_types::unicode::UnicodeStringOwned,fs::volume::try_cached::closure_env$0<nt_types::unicode::UnicodeStringOwned,fs::volume::impl$7::volume_label::closure_env$0<fs::volume::FsFilterVolumeBorrow,fs::instance::FsFilterInstanceBorrow>_>_>,never$>	undefined try_init<nt_types::unicode::UnicodeStringOwned,core::cell::once::impl$0::get_or_init::closure_env$0<nt_types::unicode::UnicodeStringOwned,fs::volume::try_cached::closure_env$0<nt_types::unicode::UnicodeStringOwned,fs::volume::impl$7::volume_label::closure_env$0<fs::volume::FsFilterVolumeBorrow,fs::instance::FsFilterInstanceBorrow>_>_>,never$>(void)	false	false	false
1803c63d0	225	wesp_lib::dispatcher::thread_tracker::ThreadTracker::new	undefined new(void)	false	false	false
1803c64c0	263	bdd::Bdd<usize>::new<usize>	undefined new<usize>(void)	false	false	false
1803c65d0	4223	bdd::Bdd<usize>::apply<usize,wesp_lib::client::internal::impl$3::persisted_store_rule::closure_env$3>	undefined apply<usize,wesp_lib::client::internal::impl$3::persisted_store_rule::closure_env$3>(void)	false	false	false
1803c7660	254	wesp_lib::dispatcher::correlation::CorrelationTable::swap_active	undefined swap_active(void)	false	false	false
1803c7760	358	wesp_lib::common::ReadIntoType::read_vec_of_type<buffer::User,enum2$<wesp_api_types::message::primitives::NumericTransform>_>	undefined read_vec_of_type<buffer::User,enum2$<wesp_api_types::message::primitives::NumericTransform>_>(void)	false	false	false
1803c78d0	247	ps::token::AccessTokenApi::package_family_name<ps::token::AccessToken>	undefined package_family_name<ps::token::AccessToken>(void)	false	false	false
1803c79c7	66	core::panicking::assert_failed<wesp_lib::types::EventObjectId,wesp_lib::types::EventObjectId>	undefined assert_failed<wesp_lib::types::EventObjectId,wesp_lib::types::EventObjectId>(void)	false	false	false
1803c7a10	318	wesp_lib::persistence::registry::safe_join_path<nt_types::unicode::UnicodeStringBorrow,nt_types::unicode::UnicodeStringBorrow>	undefined safe_join_path<nt_types::unicode::UnicodeStringBorrow,nt_types::unicode::UnicodeStringBorrow>(void)	false	false	false
1803c7b50	134	alloc::raw_vec::RawVec<wesp_api_types::schema::event_queue::EventQueueSchema,alloc::alloc::Global>::grow_one<wesp_api_types::schema::event_queue::EventQueueSchema,alloc::alloc::Global>	undefined grow_one<wesp_api_types::schema::event_queue::EventQueueSchema,alloc::alloc::Global>(void)	false	false	false
1803c7be0	134	alloc::raw_vec::RawVec<wesp_lib::incoming::notification::FieldParameterConfig,alloc::alloc::Global>::grow_one<wesp_lib::incoming::notification::FieldParameterConfig,alloc::alloc::Global>	undefined grow_one<wesp_lib::incoming::notification::FieldParameterConfig,alloc::alloc::Global>(void)	false	false	false
1803c7c70	134	alloc::raw_vec::RawVec<wesp_lib::incoming::rule::Rule,alloc::alloc::Global>::grow_one<wesp_lib::incoming::rule::Rule,alloc::alloc::Global>	undefined grow_one<wesp_lib::incoming::rule::Rule,alloc::alloc::Global>(void)	false	false	false
1803c7d00	134	alloc::raw_vec::RawVec<wesp_api_types::schema::rule::RuleSchema,alloc::alloc::Global>::grow_one<wesp_api_types::schema::rule::RuleSchema,alloc::alloc::Global>	undefined grow_one<wesp_api_types::schema::rule::RuleSchema,alloc::alloc::Global>(void)	false	false	false
1803c7d90	134	alloc::raw_vec::RawVec<wesp_lib::incoming::event_queue::EventQueue,alloc::alloc::Global>::grow_one<wesp_lib::incoming::event_queue::EventQueue,alloc::alloc::Global>	undefined grow_one<wesp_lib::incoming::event_queue::EventQueue,alloc::alloc::Global>(void)	false	false	false
1803c7e20	134	alloc::raw_vec::RawVec<enum2$<wesp_lib::incoming::notification::FieldObjectNotificationConfig>,alloc::alloc::Global>::grow_one<enum2$<wesp_lib::incoming::notification::FieldObjectNotificationConfig>,alloc::alloc::Global>	undefined grow_one<enum2$<wesp_lib::incoming::notification::FieldObjectNotificationConfig>,alloc::alloc::Global>(void)	false	false	false
1803c7eb0	134	alloc::raw_vec::RawVec<wesp_lib::incoming::notification::ProcessNotificationConfig,alloc::alloc::Global>::grow_one<wesp_lib::incoming::notification::ProcessNotificationConfig,alloc::alloc::Global>	undefined grow_one<wesp_lib::incoming::notification::ProcessNotificationConfig,alloc::alloc::Global>(void)	false	false	false
1803c7f40	134	alloc::raw_vec::RawVec<wesp_lib::rule::config::field::FieldParameterConfig,alloc::alloc::Global>::grow_one<wesp_lib::rule::config::field::FieldParameterConfig,alloc::alloc::Global>	undefined grow_one<wesp_lib::rule::config::field::FieldParameterConfig,alloc::alloc::Global>(void)	false	false	false
1803c7fd0	134	alloc::raw_vec::RawVec<wesp_lib::context_key::update::RuleContextKeyUpdate,alloc::alloc::Global>::grow_one<wesp_lib::context_key::update::RuleContextKeyUpdate,alloc::alloc::Global>	undefined grow_one<wesp_lib::context_key::update::RuleContextKeyUpdate,alloc::alloc::Global>(void)	false	false	false
1803c8060	134	alloc::raw_vec::RawVec<enum2$<wesp_lib::rule::config::field::FieldObjectNotificationConfig>,alloc::alloc::Global>::grow_one<enum2$<wesp_lib::rule::config::field::FieldObjectNotificationConfig>,alloc::alloc::Global>	undefined grow_one<enum2$<wesp_lib::rule::config::field::FieldObjectNotificationConfig>,alloc::alloc::Global>(void)	false	false	false
1803c80f0	1453	hashbrown::raw::RawTable<tuple$<bdd::apply::UniqueTableKey<usize>,bdd::NodeIndex>,hashbrown::raw::alloc::inner::Global>::reserve_rehash<tuple$<bdd::apply::UniqueTableKey<usize>,bdd::NodeIndex>,hashbrown::raw::alloc::inner::Global,hashbrown::map::make_hasher::closure_env$0<bdd::apply::UniqueTableKey<usize>,bdd::NodeIndex,fnv_hash::FnvHasher>_>	undefined reserve_rehash<tuple$<bdd::apply::UniqueTableKey<usize>,bdd::NodeIndex>,hashbrown::raw::alloc::inner::Global,hashbrown::map::make_hasher::closure_env$0<bdd::apply::UniqueTableKey<usize>,bdd::NodeIndex,fnv_hash::FnvHasher>_>(void)	false	false	false
1803c86b0	1614	hashbrown::raw::RawTable<tuple$<u64,tuple$<>_>,hashbrown::raw::alloc::inner::Global>::reserve_rehash<tuple$<u64,tuple$<>_>,hashbrown::raw::alloc::inner::Global,hashbrown::map::make_hasher::closure_env$0<u64,tuple$<>,fnv_hash::FnvHasher>_>	undefined reserve_rehash<tuple$<u64,tuple$<>_>,hashbrown::raw::alloc::inner::Global,hashbrown::map::make_hasher::closure_env$0<u64,tuple$<>,fnv_hash::FnvHasher>_>(void)	false	false	false
1803c8d20	1619	hashbrown::raw::RawTable<tuple$<wesp_lib::types::EventObjectId,nt_types::arc::Weak<wesp_lib::event_object::strong_ref::EventObjectTableEntry>_>,hashbrown::raw::alloc::inner::Global>::reserve_rehash<tuple$<wesp_lib::types::EventObjectId,nt_types::arc::Weak<wesp_lib::event_object::strong_ref::EventObjectTableEntry>_>,hashbrown::raw::alloc::inner::Global,hashbrown::map::make_hasher::closure_env$0<wesp_lib::types::EventObjectId,nt_types::arc::Weak<wesp_lib::event_object::strong_ref::EventObjectTableEntry>,fnv_hash::FnvHasher>_>	undefined reserve_rehash<tuple$<wesp_lib::types::EventObjectId,nt_types::arc::Weak<wesp_lib::event_object::strong_ref::EventObjectTableEntry>_>,hashbrown::raw::alloc::inner::Global,hashbrown::map::make_hasher::closure_env$0<wesp_lib::types::EventObjectId,nt_types::arc::Weak<wesp_lib::event_object::strong_ref::EventObjectTableEntry>,fnv_hash::FnvHasher>_>(void)	false	false	false
1803c9390	1989	hashbrown::raw::RawTable<tuple$<wesp_lib::types::EventId,wesp_lib::dispatcher::correlation::CorrelationData>,hashbrown::raw::alloc::inner::Global>::reserve_rehash<tuple$<wesp_lib::types::EventId,wesp_lib::dispatcher::correlation::CorrelationData>,hashbrown::raw::alloc::inner::Global,hashbrown::map::make_hasher::closure_env$0<wesp_lib::types::EventId,wesp_lib::dispatcher::correlation::CorrelationData,fnv_hash::FnvHasher>_>	undefined reserve_rehash<tuple$<wesp_lib::types::EventId,wesp_lib::dispatcher::correlation::CorrelationData>,hashbrown::raw::alloc::inner::Global,hashbrown::map::make_hasher::closure_env$0<wesp_lib::types::EventId,wesp_lib::dispatcher::correlation::CorrelationData,fnv_hash::FnvHasher>_>(void)	false	false	false
1803c9b70	1523	hashbrown::raw::RawTable<tuple$<wesp_lib::types::ContextKey,enum2$<wesp_lib::context_key::ContextKeyTransactionUpdate>_>,hashbrown::raw::alloc::inner::Global>::reserve_rehash<tuple$<wesp_lib::types::ContextKey,enum2$<wesp_lib::context_key::ContextKeyTransactionUpdate>_>,hashbrown::raw::alloc::inner::Global,hashbrown::map::make_hasher::closure_env$0<wesp_lib::types::ContextKey,enum2$<wesp_lib::context_key::ContextKeyTransactionUpdate>,fnv_hash::FnvHasher>_>	undefined reserve_rehash<tuple$<wesp_lib::types::ContextKey,enum2$<wesp_lib::context_key::ContextKeyTransactionUpdate>_>,hashbrown::raw::alloc::inner::Global,hashbrown::map::make_hasher::closure_env$0<wesp_lib::types::ContextKey,enum2$<wesp_lib::context_key::ContextKeyTransactionUpdate>,fnv_hash::FnvHasher>_>(void)	false	false	false
1803ca180	1882	hashbrown::raw::RawTable<tuple$<nt_types::Guid,usize>,hashbrown::raw::alloc::inner::Global>::reserve_rehash<tuple$<nt_types::Guid,usize>,hashbrown::raw::alloc::inner::Global,hashbrown::map::make_hasher::closure_env$0<nt_types::Guid,usize,fnv_hash::FnvHasher>_>	undefined reserve_rehash<tuple$<nt_types::Guid,usize>,hashbrown::raw::alloc::inner::Global,hashbrown::map::make_hasher::closure_env$0<nt_types::Guid,usize,fnv_hash::FnvHasher>_>(void)	false	false	false
1803ca900	1966	hashbrown::raw::RawTable<tuple$<nt_types::Guid,alloc::vec::Vec<nt_types::Guid,alloc::alloc::Global>_>,hashbrown::raw::alloc::inner::Global>::reserve_rehash<tuple$<nt_types::Guid,alloc::vec::Vec<nt_types::Guid,alloc::alloc::Global>_>,hashbrown::raw::alloc::inner::Global,hashbrown::map::make_hasher::closure_env$0<nt_types::Guid,alloc::vec::Vec<nt_types::Guid,alloc::alloc::Global>,fnv_hash::FnvHasher>_>	undefined reserve_rehash<tuple$<nt_types::Guid,alloc::vec::Vec<nt_types::Guid,alloc::alloc::Global>_>,hashbrown::raw::alloc::inner::Global,hashbrown::map::make_hasher::closure_env$0<nt_types::Guid,alloc::vec::Vec<nt_types::Guid,alloc::alloc::Global>,fnv_hash::FnvHasher>_>(void)	false	false	false
1803cb0c0	1224	hashbrown::raw::RawTable<tuple$<wesp_lib::event_object::registry::RegistryKeyKey,nt_types::arc::Weak<wesp_lib::event_object::strong_ref::EventObjectTableEntry>_>,hashbrown::raw::alloc::inner::Global>::reserve_rehash<tuple$<wesp_lib::event_object::registry::RegistryKeyKey,nt_types::arc::Weak<wesp_lib::event_object::strong_ref::EventObjectTableEntry>_>,hashbrown::raw::alloc::inner::Global,hashbrown::map::make_hasher::closure_env$0<wesp_lib::event_object::registry::RegistryKeyKey,nt_types::arc::Weak<wesp_lib::event_object::strong_ref::EventObjectTableEntry>,fnv_hash::FnvHasher>_>	undefined reserve_rehash<tuple$<wesp_lib::event_object::registry::RegistryKeyKey,nt_types::arc::Weak<wesp_lib::event_object::strong_ref::EventObjectTableEntry>_>,hashbrown::raw::alloc::inner::Global,hashbrown::map::make_hasher::closure_env$0<wesp_lib::event_object::registry::RegistryKeyKey,nt_types::arc::Weak<wesp_lib::event_object::strong_ref::EventObjectTableEntry>,fnv_hash::FnvHasher>_>(void)	false	false	false
1803cb5a0	2004	hashbrown::raw::RawTable<tuple$<nt_types::Guid,hashbrown::set::HashSet<nt_types::Guid,fnv_hash::FnvHasher,hashbrown::raw::alloc::inner::Global>_>,hashbrown::raw::alloc::inner::Global>::reserve_rehash<tuple$<nt_types::Guid,hashbrown::set::HashSet<nt_types::Guid,fnv_hash::FnvHasher,hashbrown::raw::alloc::inner::Global>_>,hashbrown::raw::alloc::inner::Global,hashbrown::map::make_hasher::closure_env$0<nt_types::Guid,hashbrown::set::HashSet<nt_types::Guid,fnv_hash::FnvHasher,hashbrown::raw::alloc::inner::Global>,fnv_hash::FnvHasher>_>	undefined reserve_rehash<tuple$<nt_types::Guid,hashbrown::set::HashSet<nt_types::Guid,fnv_hash::FnvHasher,hashbrown::raw::alloc::inner::Global>_>,hashbrown::raw::alloc::inner::Global,hashbrown::map::make_hasher::closure_env$0<nt_types::Guid,hashbrown::set::HashSet<nt_types::Guid,fnv_hash::FnvHasher,hashbrown::raw::alloc::inner::Global>,fnv_hash::FnvHasher>_>(void)	false	false	false
1803cbd90	1899	hashbrown::raw::RawTable<tuple$<nt_types::Guid,wesp_lib::rule::table::RuleEntry>,hashbrown::raw::alloc::inner::Global>::reserve_rehash<tuple$<nt_types::Guid,wesp_lib::rule::table::RuleEntry>,hashbrown::raw::alloc::inner::Global,hashbrown::map::make_hasher::closure_env$0<nt_types::Guid,wesp_lib::rule::table::RuleEntry,fnv_hash::FnvHasher>_>	undefined reserve_rehash<tuple$<nt_types::Guid,wesp_lib::rule::table::RuleEntry>,hashbrown::raw::alloc::inner::Global,hashbrown::map::make_hasher::closure_env$0<nt_types::Guid,wesp_lib::rule::table::RuleEntry,fnv_hash::FnvHasher>_>(void)	false	false	false
1803cc520	1923	hashbrown::raw::RawTable<tuple$<wesp_lib::event_object::thread::ThreadKey,nt_types::arc::Weak<wesp_lib::event_object::strong_ref::EventObjectTableEntry>_>,hashbrown::raw::alloc::inner::Global>::reserve_rehash<tuple$<wesp_lib::event_object::thread::ThreadKey,nt_types::arc::Weak<wesp_lib::event_object::strong_ref::EventObjectTableEntry>_>,hashbrown::raw::alloc::inner::Global,hashbrown::map::make_hasher::closure_env$0<wesp_lib::event_object::thread::ThreadKey,nt_types::arc::Weak<wesp_lib::event_object::strong_ref::EventObjectTableEntry>,fnv_hash::FnvHasher>_>	undefined reserve_rehash<tuple$<wesp_lib::event_object::thread::ThreadKey,nt_types::arc::Weak<wesp_lib::event_object::strong_ref::EventObjectTableEntry>_>,hashbrown::raw::alloc::inner::Global,hashbrown::map::make_hasher::closure_env$0<wesp_lib::event_object::thread::ThreadKey,nt_types::arc::Weak<wesp_lib::event_object::strong_ref::EventObjectTableEntry>,fnv_hash::FnvHasher>_>(void)	false	false	false
1803cccb0	1885	hashbrown::raw::RawTable<tuple$<nt_types::Guid,wesp_lib::event::EventClientState>,hashbrown::raw::alloc::inner::Global>::reserve_rehash<tuple$<nt_types::Guid,wesp_lib::event::EventClientState>,hashbrown::raw::alloc::inner::Global,hashbrown::map::make_hasher::closure_env$0<nt_types::Guid,wesp_lib::event::EventClientState,fnv_hash::FnvHasher>_>	undefined reserve_rehash<tuple$<nt_types::Guid,wesp_lib::event::EventClientState>,hashbrown::raw::alloc::inner::Global,hashbrown::map::make_hasher::closure_env$0<nt_types::Guid,wesp_lib::event::EventClientState,fnv_hash::FnvHasher>_>(void)	false	false	false
1803cd430	1228	hashbrown::raw::RawTable<tuple$<wesp_lib::collection::generic::CollectionKey<u16>,tuple$<>_>,hashbrown::raw::alloc::inner::Global>::reserve_rehash<tuple$<wesp_lib::collection::generic::CollectionKey<u16>,tuple$<>_>,hashbrown::raw::alloc::inner::Global,hashbrown::map::make_hasher::closure_env$0<wesp_lib::collection::generic::CollectionKey<u16>,tuple$<>,fnv_hash::FnvHasher>_>	undefined reserve_rehash<tuple$<wesp_lib::collection::generic::CollectionKey<u16>,tuple$<>_>,hashbrown::raw::alloc::inner::Global,hashbrown::map::make_hasher::closure_env$0<wesp_lib::collection::generic::CollectionKey<u16>,tuple$<>,fnv_hash::FnvHasher>_>(void)	false	false	false
1803cd910	1477	hashbrown::raw::RawTable<tuple$<wesp_lib::types::ContextKey,nt_types::arc::Arc<wesp_lib::context_key::ContextKeyInfo>_>,hashbrown::raw::alloc::inner::Global>::reserve_rehash<tuple$<wesp_lib::types::ContextKey,nt_types::arc::Arc<wesp_lib::context_key::ContextKeyInfo>_>,hashbrown::raw::alloc::inner::Global,hashbrown::map::make_hasher::closure_env$0<wesp_lib::types::ContextKey,nt_types::arc::Arc<wesp_lib::context_key::ContextKeyInfo>,fnv_hash::FnvHasher>_>	undefined reserve_rehash<tuple$<wesp_lib::types::ContextKey,nt_types::arc::Arc<wesp_lib::context_key::ContextKeyInfo>_>,hashbrown::raw::alloc::inner::Global,hashbrown::map::make_hasher::closure_env$0<wesp_lib::types::ContextKey,nt_types::arc::Arc<wesp_lib::context_key::ContextKeyInfo>,fnv_hash::FnvHasher>_>(void)	false	false	false
1803cdef0	1834	hashbrown::raw::RawTable<tuple$<nt_types::Guid,tuple$<>_>,hashbrown::raw::alloc::inner::Global>::reserve_rehash<tuple$<nt_types::Guid,tuple$<>_>,hashbrown::raw::alloc::inner::Global,hashbrown::map::make_hasher::closure_env$0<nt_types::Guid,tuple$<>,fnv_hash::FnvHasher>_>	undefined reserve_rehash<tuple$<nt_types::Guid,tuple$<>_>,hashbrown::raw::alloc::inner::Global,hashbrown::map::make_hasher::closure_env$0<nt_types::Guid,tuple$<>,fnv_hash::FnvHasher>_>(void)	false	false	false
1803ce630	1901	hashbrown::raw::RawTable<tuple$<wesp_lib::event_object::transaction::KtmTransactionKey,nt_types::arc::Weak<wesp_lib::event_object::strong_ref::EventObjectTableEntry>_>,hashbrown::raw::alloc::inner::Global>::reserve_rehash<tuple$<wesp_lib::event_object::transaction::KtmTransactionKey,nt_types::arc::Weak<wesp_lib::event_object::strong_ref::EventObjectTableEntry>_>,hashbrown::raw::alloc::inner::Global,hashbrown::map::make_hasher::closure_env$0<wesp_lib::event_object::transaction::KtmTransactionKey,nt_types::arc::Weak<wesp_lib::event_object::strong_ref::EventObjectTableEntry>,fnv_hash::FnvHasher>_>	undefined reserve_rehash<tuple$<wesp_lib::event_object::transaction::KtmTransactionKey,nt_types::arc::Weak<wesp_lib::event_object::strong_ref::EventObjectTableEntry>_>,hashbrown::raw::alloc::inner::Global,hashbrown::map::make_hasher::closure_env$0<wesp_lib::event_object::transaction::KtmTransactionKey,nt_types::arc::Weak<wesp_lib::event_object::strong_ref::EventObjectTableEntry>,fnv_hash::FnvHasher>_>(void)	false	false	false
1803cedc0	1176	hashbrown::raw::RawTable<tuple$<wesp_lib::collection::generic::CollectionKey<u8>,tuple$<>_>,hashbrown::raw::alloc::inner::Global>::reserve_rehash<tuple$<wesp_lib::collection::generic::CollectionKey<u8>,tuple$<>_>,hashbrown::raw::alloc::inner::Global,hashbrown::map::make_hasher::closure_env$0<wesp_lib::collection::generic::CollectionKey<u8>,tuple$<>,fnv_hash::FnvHasher>_>	undefined reserve_rehash<tuple$<wesp_lib::collection::generic::CollectionKey<u8>,tuple$<>_>,hashbrown::raw::alloc::inner::Global,hashbrown::map::make_hasher::closure_env$0<wesp_lib::collection::generic::CollectionKey<u8>,tuple$<>,fnv_hash::FnvHasher>_>(void)	false	false	false
1803cf270	1469	hashbrown::raw::RawTable<tuple$<wesp_lib::event_object::file::FileKey,nt_types::arc::Weak<wesp_lib::event_object::strong_ref::EventObjectTableEntry>_>,hashbrown::raw::alloc::inner::Global>::reserve_rehash<tuple$<wesp_lib::event_object::file::FileKey,nt_types::arc::Weak<wesp_lib::event_object::strong_ref::EventObjectTableEntry>_>,hashbrown::raw::alloc::inner::Global,hashbrown::map::make_hasher::closure_env$0<wesp_lib::event_object::file::FileKey,nt_types::arc::Weak<wesp_lib::event_object::strong_ref::EventObjectTableEntry>,fnv_hash::FnvHasher>_>	undefined reserve_rehash<tuple$<wesp_lib::event_object::file::FileKey,nt_types::arc::Weak<wesp_lib::event_object::strong_ref::EventObjectTableEntry>_>,hashbrown::raw::alloc::inner::Global,hashbrown::map::make_hasher::closure_env$0<wesp_lib::event_object::file::FileKey,nt_types::arc::Weak<wesp_lib::event_object::strong_ref::EventObjectTableEntry>,fnv_hash::FnvHasher>_>(void)	false	false	false
1803cf840	1769	hashbrown::raw::RawTable<tuple$<wesp_lib::client::connected_processes::ConnectedProcess,hashbrown::set::HashSet<nt_types::Guid,fnv_hash::FnvHasher,hashbrown::raw::alloc::inner::Global>_>,hashbrown::raw::alloc::inner::Global>::reserve_rehash<tuple$<wesp_lib::client::connected_processes::ConnectedProcess,hashbrown::set::HashSet<nt_types::Guid,fnv_hash::FnvHasher,hashbrown::raw::alloc::inner::Global>_>,hashbrown::raw::alloc::inner::Global,hashbrown::map::make_hasher::closure_env$0<wesp_lib::client::connected_processes::ConnectedProcess,hashbrown::set::HashSet<nt_types::Guid,fnv_hash::FnvHasher,hashbrown::raw::alloc::inner::Global>,fnv_hash::FnvHasher>_>	undefined reserve_rehash<tuple$<wesp_lib::client::connected_processes::ConnectedProcess,hashbrown::set::HashSet<nt_types::Guid,fnv_hash::FnvHasher,hashbrown::raw::alloc::inner::Global>_>,hashbrown::raw::alloc::inner::Global,hashbrown::map::make_hasher::closure_env$0<wesp_lib::client::connected_processes::ConnectedProcess,hashbrown::set::HashSet<nt_types::Guid,fnv_hash::FnvHasher,hashbrown::raw::alloc::inner::Global>,fnv_hash::FnvHasher>_>(void)	false	false	false
1803cff40	1550	hashbrown::raw::RawTable<tuple$<wesp_lib::event::field_cache::CachedFieldId,enum2$<wesp_lib::event::field_cache::CachedField>_>,hashbrown::raw::alloc::inner::Global>::reserve_rehash<tuple$<wesp_lib::event::field_cache::CachedFieldId,enum2$<wesp_lib::event::field_cache::CachedField>_>,hashbrown::raw::alloc::inner::Global,hashbrown::map::make_hasher::closure_env$0<wesp_lib::event::field_cache::CachedFieldId,enum2$<wesp_lib::event::field_cache::CachedField>,fnv_hash::FnvHasher>_>	undefined reserve_rehash<tuple$<wesp_lib::event::field_cache::CachedFieldId,enum2$<wesp_lib::event::field_cache::CachedField>_>,hashbrown::raw::alloc::inner::Global,hashbrown::map::make_hasher::closure_env$0<wesp_lib::event::field_cache::CachedFieldId,enum2$<wesp_lib::event::field_cache::CachedField>,fnv_hash::FnvHasher>_>(void)	false	false	false
1803d0570	1690	hashbrown::raw::RawTable<tuple$<wesp_lib::types::EventObjectId,wesp_lib::client::context_keys::PinTableEntry>,hashbrown::raw::alloc::inner::Global>::reserve_rehash<tuple$<wesp_lib::types::EventObjectId,wesp_lib::client::context_keys::PinTableEntry>,hashbrown::raw::alloc::inner::Global,hashbrown::map::make_hasher::closure_env$0<wesp_lib::types::EventObjectId,wesp_lib::client::context_keys::PinTableEntry,fnv_hash::FnvHasher>_>	undefined reserve_rehash<tuple$<wesp_lib::types::EventObjectId,wesp_lib::client::context_keys::PinTableEntry>,hashbrown::raw::alloc::inner::Global,hashbrown::map::make_hasher::closure_env$0<wesp_lib::types::EventObjectId,wesp_lib::client::context_keys::PinTableEntry,fnv_hash::FnvHasher>_>(void)	false	false	false
1803d0c20	2027	hashbrown::raw::RawTable<tuple$<nt_types::Guid,wesp_lib::event_object::ClientContextKeysEntry>,hashbrown::raw::alloc::inner::Global>::reserve_rehash<tuple$<nt_types::Guid,wesp_lib::event_object::ClientContextKeysEntry>,hashbrown::raw::alloc::inner::Global,hashbrown::map::make_hasher::closure_env$0<nt_types::Guid,wesp_lib::event_object::ClientContextKeysEntry,fnv_hash::FnvHasher>_>	undefined reserve_rehash<tuple$<nt_types::Guid,wesp_lib::event_object::ClientContextKeysEntry>,hashbrown::raw::alloc::inner::Global,hashbrown::map::make_hasher::closure_env$0<nt_types::Guid,wesp_lib::event_object::ClientContextKeysEntry,fnv_hash::FnvHasher>_>(void)	false	false	false
1803d1420	2023	hashbrown::raw::RawTable<tuple$<nt_types::Guid,wesp_lib::context_key::ContextKeyTable>,hashbrown::raw::alloc::inner::Global>::reserve_rehash<tuple$<nt_types::Guid,wesp_lib::context_key::ContextKeyTable>,hashbrown::raw::alloc::inner::Global,hashbrown::map::make_hasher::closure_env$0<nt_types::Guid,wesp_lib::context_key::ContextKeyTable,fnv_hash::FnvHasher>_>	undefined reserve_rehash<tuple$<nt_types::Guid,wesp_lib::context_key::ContextKeyTable>,hashbrown::raw::alloc::inner::Global,hashbrown::map::make_hasher::closure_env$0<nt_types::Guid,wesp_lib::context_key::ContextKeyTable,fnv_hash::FnvHasher>_>(void)	false	false	false
1803d1c20	1870	hashbrown::raw::RawTable<tuple$<wesp_lib::dispatcher::thread_tracker::ThreadKey,tuple$<>_>,hashbrown::raw::alloc::inner::Global>::reserve_rehash<tuple$<wesp_lib::dispatcher::thread_tracker::ThreadKey,tuple$<>_>,hashbrown::raw::alloc::inner::Global,hashbrown::map::make_hasher::closure_env$0<wesp_lib::dispatcher::thread_tracker::ThreadKey,tuple$<>,fnv_hash::FnvHasher>_>	undefined reserve_rehash<tuple$<wesp_lib::dispatcher::thread_tracker::ThreadKey,tuple$<>_>,hashbrown::raw::alloc::inner::Global,hashbrown::map::make_hasher::closure_env$0<wesp_lib::dispatcher::thread_tracker::ThreadKey,tuple$<>,fnv_hash::FnvHasher>_>(void)	false	false	false
180417000	165	EspFltDeleteLookasideLists	undefined EspFltDeleteLookasideLists(void)	false	false	false
1804170a8	61	EspFltFreeGlobals	undefined EspFltFreeGlobals(void)	false	false	false
1804170e8	308	EspFltInstanceSetup	undefined EspFltInstanceSetup(void)	false	false	false
180417220	14	EspFltInstanceTeardownComplete	undefined EspFltInstanceTeardownComplete(void)	false	false	false
180417230	48	EspFltTearDownFltMgr	undefined EspFltTearDownFltMgr(void)	false	false	false
180417264	105	EspFltUninitialize	undefined EspFltUninitialize(void)	false	false	false
1804172d0	179	EspFltAppendUnicodeStringToUnicodeString	undefined EspFltAppendUnicodeStringToUnicodeString(void)	false	false	false
180417384	671	EspFltCreateFileInternal	undefined EspFltCreateFileInternal(void)	false	false	false
180417624	40	EspFltFreeString	undefined EspFltFreeString(void)	false	false	false
180417650	26	EspFltFreeWithTag	undefined EspFltFreeWithTag(void)	false	false	false
18041766c	95	EspFltGetCachedSigningLevel	undefined EspFltGetCachedSigningLevel(void)	false	false	false
1804176cc	104	EspFltIsPotentialRemoteOpen	undefined EspFltIsPotentialRemoteOpen(void)	false	false	false
180417738	132	EspFltIsSrvClientLocalhost	undefined EspFltIsSrvClientLocalhost(void)	false	false	false
1804177c0	188	EspFltIsSystemVolume	undefined EspFltIsSystemVolume(void)	false	false	false
180417880	113	EspFltIsThreadImpersonating	undefined EspFltIsThreadImpersonating(void)	false	false	false
1804178f4	225	EspFltMjCreateGetUserSid	undefined EspFltMjCreateGetUserSid(void)	false	false	false
1804179d8	329	EspFltOpenFileById	undefined EspFltOpenFileById(void)	false	false	false
180417b24	571	EspFltOpenFileByPath	undefined EspFltOpenFileByPath(void)	false	false	false
180417d60	306	EspFltOpenStreamById	undefined EspFltOpenStreamById(void)	false	false	false
180417e94	233	EspFltQueryTransactionId	undefined EspFltQueryTransactionId(void)	false	false	false
180417f80	304	EspFltCreateHandleContext	undefined EspFltCreateHandleContext(void)	false	false	false
1804180b4	2161	EspFltCreateInstanceContext	undefined EspFltCreateInstanceContext(void)	false	false	false
180418928	1880	EspFltCreateStreamContext	undefined EspFltCreateStreamContext(void)	false	false	false
180419084	505	EspFltDeleteInstanceContext	undefined EspFltDeleteInstanceContext(void)	false	false	false
180419280	54	EspFltDeleteSectionContext	undefined EspFltDeleteSectionContext(void)	false	false	false
1804192b8	339	EspFltDeleteStreamContext	undefined EspFltDeleteStreamContext(void)	false	false	false
18041940c	145	EspFltGetDiskDeviceObjectFromInstance	undefined EspFltGetDiskDeviceObjectFromInstance(void)	false	false	false
1804194a0	222	EspFltGetInstanceContextInfo	undefined EspFltGetInstanceContextInfo(void)	false	false	false
180419580	439	EspFltGetStorageDeviceAttributes	undefined EspFltGetStorageDeviceAttributes(void)	false	false	false
180419738	108	EspFltGetStreamFlagsForFileObject	undefined EspFltGetStreamFlagsForFileObject(void)	false	false	false
1804197a8	110	EspFltGetStreamIdForFileObject	undefined EspFltGetStreamIdForFileObject(void)	false	false	false
180419818	290	EspFltGetVolumeProperties	undefined EspFltGetVolumeProperties(void)	false	false	false
18041993c	369	EspFltLookupPipeStreamId	undefined EspFltLookupPipeStreamId(void)	false	false	false
180419ab0	275	EspFltQueryDiskDeviceNumber	undefined EspFltQueryDiskDeviceNumber(void)	false	false	false
180419bc4	284	EspFltQueryDiskHotplugInfo	undefined EspFltQueryDiskHotplugInfo(void)	false	false	false
180419ce4	654	EspFltQueryDiskInstanceId	undefined EspFltQueryDiskInstanceId(void)	false	false	false
180419f74	293	EspFltQueryDiskNtPath	undefined EspFltQueryDiskNtPath(void)	false	false	false
18041a09c	614	EspFltQueryDiskStorageDescriptor	undefined EspFltQueryDiskStorageDescriptor(void)	false	false	false
18041a304	658	EspFltCreateOrUpdateStreamContext	undefined EspFltCreateOrUpdateStreamContext(void)	false	false	false
18041a598	298	EspFltGetRemoteClientInfo	undefined EspFltGetRemoteClientInfo(void)	false	false	false
18041a6c4	219	EspFltIsNamedDataOpen	undefined EspFltIsNamedDataOpen(void)	false	false	false
18041a7a0	191	EspFltIsThisPrefetchOperation	undefined EspFltIsThisPrefetchOperation(void)	false	false	false
18041a860	247	EspFltIsUnNamedDataAttribute	undefined EspFltIsUnNamedDataAttribute(void)	false	false	false
18041a958	232	EspFltMailslotPostCreate	undefined EspFltMailslotPostCreate(void)	false	false	false
18041aa44	369	EspFltMailslotPreCreate	undefined EspFltMailslotPreCreate(void)	false	false	false
18041abb8	232	EspFltPipePostCreate	undefined EspFltPipePostCreate(void)	false	false	false
18041aca4	369	EspFltPipePreCreate	undefined EspFltPipePreCreate(void)	false	false	false
18041ae18	632	EspFltPostCreate	undefined EspFltPostCreate(void)	false	false	false
18041b094	179	EspFltPostQueryOpen	undefined EspFltPostQueryOpen(void)	false	false	false
18041b148	868	EspFltPreCreate	undefined EspFltPreCreate(void)	false	false	false
18041b4b0	241	EspFltPreQueryOpen	undefined EspFltPreQueryOpen(void)	false	false	false
18041b5a4	265	EspFltUpdateHandleContext	undefined EspFltUpdateHandleContext(void)	false	false	false
18041b6b0	339	EspFltPreAcquireSectionSync	undefined EspFltPreAcquireSectionSync(void)	false	false	false
18041b804	119	EspFltCreateWriteContext	undefined EspFltCreateWriteContext(void)	false	false	false
18041b87c	148	EspFltDasdWrite	undefined EspFltDasdWrite(void)	false	false	false
18041b914	76	EspFltDeleteWriteContext	undefined EspFltDeleteWriteContext(void)	false	false	false
18041b970	67	EspFltReleaseWriteContextWorker	undefined EspFltReleaseWriteContextWorker(void)	false	false	false
18041b9b4	334	EspFltUpdateFileSize	undefined EspFltUpdateFileSize(void)	false	false	false
18041bb04	1282	EspFltPostSetInfo	undefined EspFltPostSetInfo(void)	false	false	false
18041c008	185	EspFltPreQueryInfo	undefined EspFltPreQueryInfo(void)	false	false	false
18041c0c4	321	EspFltPreSetInfo	undefined EspFltPreSetInfo(void)	false	false	false
18041c208	177	EspFltMarkStreamDataChanged	undefined EspFltMarkStreamDataChanged(void)	false	false	false
18041c2bc	286	EspFltPostFsControl	undefined EspFltPostFsControl(void)	false	false	false
18041c3dc	465	EspFltPreFsControl	undefined EspFltPreFsControl(void)	false	false	false
18041c5b0	155	EspFltPreQueryEa	undefined EspFltPreQueryEa(void)	false	false	false
18041c64c	204	EspFltPreSetEa	undefined EspFltPreSetEa(void)	false	false	false
18041c71c	111	EspFltPreDirectoryControl	undefined EspFltPreDirectoryControl(void)	false	false	false
18041c78c	218	EspFltPreLockControl	undefined EspFltPreLockControl(void)	false	false	false
18041c868	68	EspFltPostCleanup	undefined EspFltPostCleanup(void)	false	false	false
18041c8b0	543	EspFltPreCleanup	undefined EspFltPreCleanup(void)	false	false	false
18041cad0	172	EspFltPreCleanupCheckHandleContext	undefined EspFltPreCleanupCheckHandleContext(void)	false	false	false
18041cb80	218	EspFltPreSetSecurity	undefined EspFltPreSetSecurity(void)	false	false	false
18041cc5c	164	EspFltEnlistInTransaction	undefined EspFltEnlistInTransaction(void)	false	false	false
18041cd04	708	EspFltTxfAddStream	undefined EspFltTxfAddStream(void)	false	false	false
18041cfcc	813	EspFltTxfCallback	undefined EspFltTxfCallback(void)	false	false	false
18041d2fc	87	EspFltTxfCleanup	undefined EspFltTxfCleanup(void)	false	false	false
18041d354	859	EspFltTxfDeleteContext	undefined EspFltTxfDeleteContext(void)	false	false	false
18041d6b0	33	EspFltTxfGetContext	undefined EspFltTxfGetContext(void)	false	false	false
18041d6d4	888	EspFltTxfGetContextWithFilter	undefined EspFltTxfGetContextWithFilter(void)	false	false	false
18041da50	274	EspFltTxfIsFileLockByTransaction	undefined EspFltTxfIsFileLockByTransaction(void)	false	false	false
18041db64	226	EspFltTxfPostSavepointNotification	undefined EspFltTxfPostSavepointNotification(void)	false	false	false
18041dc48	113	EspFltTxfPreSavepointNotification	undefined EspFltTxfPreSavepointNotification(void)	false	false	false
18041dcbc	357	EspFltTxfResolveTransaction	undefined EspFltTxfResolveTransaction(void)	false	false	false
18041de28	437	EspFltTxfUpdateStreamData	undefined EspFltTxfUpdateStreamData(void)	false	false	false
18041dfe0	115	EspFltTxfpValidateSavepointInfo	undefined EspFltTxfpValidateSavepointInfo(void)	false	false	false
18041e054	174	EspFltGetInstanceFromFileObject	undefined EspFltGetInstanceFromFileObject(void)	false	false	false
18041e104	144	EspFltGetInstanceFromVolumeName	undefined EspFltGetInstanceFromVolumeName(void)	false	false	false
18041e198	38	EspFltGetVolumeFromName	undefined EspFltGetVolumeFromName(void)	false	false	false
18041e1c0	213	EspFltIsKernelModeEcpPresent	undefined EspFltIsKernelModeEcpPresent(void)	false	false	false
18041e298	554	EspFltIsVolumeOnCsvDisk	undefined EspFltIsVolumeOnCsvDisk(void)	false	false	false
18041e4c3	30	EspFltCreateHandleContext$fin$0	undefined EspFltCreateHandleContext$fin$0(void)	false	false	false
18041e4e2	102	EspFltCreateInstanceContext$fin$0	undefined EspFltCreateInstanceContext$fin$0(void)	false	false	false
18041e549	75	EspFltCreateStreamContext$fin$0	undefined EspFltCreateStreamContext$fin$0(void)	false	false	false
18041e595	56	EspFltCreateOrUpdateStreamContext$fin$0	undefined EspFltCreateOrUpdateStreamContext$fin$0(void)	false	false	false
18041e5ce	36	EspFltUpdateHandleContext$fin$0	undefined EspFltUpdateHandleContext$fin$0(void)	false	false	false
18041e5f3	45	EspFltPreCleanup$fin$0	undefined EspFltPreCleanup$fin$0(void)	false	false	false
18041e621	30	EspFltGetInstanceFromFileObject$fin$0	undefined EspFltGetInstanceFromFileObject$fin$0(void)	false	false	false
180420000	46	__security_init_cookie	void __cdecl __security_init_cookie(void)	false	false	false
180420030	421	EspFltGetSystemRoutines	undefined EspFltGetSystemRoutines(void)	false	false	false
1804201d8	296	EspFltInitialize	undefined EspFltInitialize(void)	false	false	false
180420304	109	EspFltInitializeFltMgr	undefined EspFltInitializeFltMgr(void)	false	false	false
180420374	1199	EspFltInitializeGlobals	undefined EspFltInitializeGlobals(void)	false	false	false
180420824	363	EspFltInitializeLookasideLists	undefined EspFltInitializeLookasideLists(void)	false	false	false
180420990	456	EspFltIsDriverVerified	undefined EspFltIsDriverVerified(void)	false	false	false
180420b5c	326	EspFltVerifyWindowsVersion	undefined EspFltVerifyWindowsVersion(void)	false	false	false
180420ca4	179	EspFltTxfInitialize	undefined EspFltTxfInitialize(void)	false	false	false
180420d58	12	EspFltObRundownInitialize	undefined EspFltObRundownInitialize(void)	false	false	false
180420d65	71	EspFltInitialize$fin$0	undefined EspFltInitialize$fin$0(void)	false	false	false
180420dad	64	EspFltIsDriverVerified$fin$0	undefined EspFltIsDriverVerified$fin$0(void)	false	false	false
